2026-01-21 21:01:58,333 [INFO] Activator:176 - 


2026-01-21 21:01:58,335 [INFO] Activator:177 - !SESSION log4j initialized
2026-01-21 21:02:02,464 [INFO] LogOutputStream:77 - [STDOUT_REDIRECT] 
2026-01-21 21:02:09,166 [INFO] ApplicationProperties:184 - Using Application install path: C:\ST\STM32CubeIDE_1.15.1\STM32CubeIDE\plugins\com.st.stm32cube.common.mx_6.11.1.202404110753
2026-01-21 21:02:09,215 [INFO] DbMcusXml:78 - Set database path to: C:\ST\STM32CubeIDE_1.15.1\STM32CubeIDE\plugins\com.st.stm32cube.common.mx_6.11.1.202404110753\\db\/mcu/
2026-01-21 21:02:09,215 [INFO] ApiDb:274 - Set plugin database path to: C:\ST\STM32CubeIDE_1.15.1\STM32CubeIDE\plugins\com.st.stm32cube.common.mx_6.11.1.202404110753\\db\/plugins/boardmanager/
2026-01-21 21:02:09,215 [WARN] ApiDb:259 - Overriding images path with different value:  => C:\ST\STM32CubeIDE_1.15.1\STM32CubeIDE\plugins\com.st.stm32cube.common.mx_6.11.1.202404110753\\db\/plugins/mcufinder/images/
2026-01-21 21:02:09,232 [INFO] ApiDb:250 - Set database path to: C:\Users\dbank\.stmcufinder\plugins\mcufinder//mcu/
2026-01-21 21:02:09,232 [INFO] DbMcusAds:125 - Set database path to: C:\Users\dbank\.stmcufinder\plugins\mcufinder//mcu/
2026-01-21 21:02:09,232 [INFO] CrossReferenceDbSqlite:203 - Set database path to: C:\Users\dbank\.stmcufinder\plugins\mcufinder//mcu/cs/
2026-01-21 21:02:09,550 [INFO] RulesReader:64 - Compatibility file has been processed (297 Rules)
2026-01-21 21:02:09,715 [INFO] DbMcusXml:78 - Set database path to: C:\ST\STM32CubeIDE_1.15.1\STM32CubeIDE\plugins\com.st.stm32cube.common.mx_6.11.1.202404110753\\db\/mcu/
2026-01-21 21:02:09,715 [INFO] ApiDb:274 - Set plugin database path to: C:\ST\STM32CubeIDE_1.15.1\STM32CubeIDE\plugins\com.st.stm32cube.common.mx_6.11.1.202404110753\\db\/plugins/boardmanager/
2026-01-21 21:02:09,715 [INFO] ApiDb:261 - Set plugin images path to: C:\ST\STM32CubeIDE_1.15.1\STM32CubeIDE\plugins\com.st.stm32cube.common.mx_6.11.1.202404110753\\db\/plugins/mcufinder/images/
2026-01-21 21:02:09,715 [WARN] DbFile:41 - Overriding database path with different value: C:\Users\dbank\.stmcufinder\plugins\mcufinder/ => C:\Users\dbank\.stmcufinder\plugins\mcufinder
2026-01-21 21:02:09,715 [INFO] ApiDb:250 - Set database path to: C:\Users\dbank\.stmcufinder\plugins\mcufinder//mcu/
2026-01-21 21:02:09,715 [WARN] DbFile:41 - Overriding database path with different value: C:\Users\dbank\.stmcufinder\plugins\mcufinder/ => C:\Users\dbank\.stmcufinder\plugins\mcufinder
2026-01-21 21:02:09,715 [INFO] DbMcusAds:125 - Set database path to: C:\Users\dbank\.stmcufinder\plugins\mcufinder//mcu/
2026-01-21 21:02:09,715 [WARN] DbFile:41 - Overriding database path with different value: C:\Users\dbank\.stmcufinder\plugins\mcufinder/ => C:\Users\dbank\.stmcufinder\plugins\mcufinder
2026-01-21 21:02:09,715 [WARN] DbFile:41 - Overriding database path with different value: C:\Users\dbank\.stmcufinder\plugins\mcufinder/ => C:\Users\dbank\.stmcufinder\plugins\mcufinder
2026-01-21 21:02:09,715 [INFO] CrossReferenceDbSqlite:203 - Set database path to: C:\Users\dbank\.stmcufinder\plugins\mcufinder//mcu/cs/
2026-01-21 21:02:09,866 [INFO] MainPanel:264 - HeapMemory: 268435456
2026-01-21 21:02:10,019 [INFO] DbMcusXml:78 - Set database path to: C:\ST\STM32CubeIDE_1.15.1\STM32CubeIDE\plugins\com.st.stm32cube.common.mx_6.11.1.202404110753\\db\/mcu/
2026-01-21 21:02:10,019 [INFO] ApiDb:274 - Set plugin database path to: C:\ST\STM32CubeIDE_1.15.1\STM32CubeIDE\plugins\com.st.stm32cube.common.mx_6.11.1.202404110753\\db\/plugins/boardmanager/
2026-01-21 21:02:10,019 [INFO] ApiDb:261 - Set plugin images path to: C:\ST\STM32CubeIDE_1.15.1\STM32CubeIDE\plugins\com.st.stm32cube.common.mx_6.11.1.202404110753\\db\/plugins/mcufinder/images/
2026-01-21 21:02:10,019 [WARN] DbFile:41 - Overriding database path with different value: C:\Users\dbank\.stmcufinder\plugins\mcufinder/ => C:\Users\dbank\.stmcufinder\plugins\mcufinder
2026-01-21 21:02:10,019 [INFO] ApiDb:250 - Set database path to: C:\Users\dbank\.stmcufinder\plugins\mcufinder//mcu/
2026-01-21 21:02:10,019 [WARN] DbFile:41 - Overriding database path with different value: C:\Users\dbank\.stmcufinder\plugins\mcufinder/ => C:\Users\dbank\.stmcufinder\plugins\mcufinder
2026-01-21 21:02:10,019 [INFO] DbMcusAds:125 - Set database path to: C:\Users\dbank\.stmcufinder\plugins\mcufinder//mcu/
2026-01-21 21:02:10,019 [WARN] DbFile:41 - Overriding database path with different value: C:\Users\dbank\.stmcufinder\plugins\mcufinder/ => C:\Users\dbank\.stmcufinder\plugins\mcufinder
2026-01-21 21:02:10,019 [WARN] DbFile:41 - Overriding database path with different value: C:\Users\dbank\.stmcufinder\plugins\mcufinder/ => C:\Users\dbank\.stmcufinder\plugins\mcufinder
2026-01-21 21:02:10,026 [INFO] CrossReferenceDbSqlite:203 - Set database path to: C:\Users\dbank\.stmcufinder\plugins\mcufinder//mcu/cs/
2026-01-21 21:02:10,052 [INFO] ApplicationProperties:184 - Using Application install path: C:\ST\STM32CubeIDE_1.15.1\STM32CubeIDE\plugins\com.st.stm32cube.common.mx_6.11.1.202404110753
2026-01-21 21:02:10,056 [INFO] PluginManage:196 - Search for loadable plugins [exclusion list=, ]
2026-01-21 21:02:10,059 [INFO] PluginManage:310 - Check plugin analytics
2026-01-21 21:02:15,432 [INFO] AnalyticsPlugin:253 - Accepted Software Licenses: STM32CubeMX.6.16.1
2026-01-21 21:02:15,432 [INFO] AnalyticsPlugin:255 - Accepted CMSIS Pack Licenses: 
2026-01-21 21:02:15,432 [INFO] AnalyticsPlugin:257 - Accepted Firmware Licenses: FW.H7.1.12.0
2026-01-21 21:02:15,435 [INFO] PluginManage:359 - Loaded plugin analytics (category:tool,tabindex:-1)
2026-01-21 21:02:15,435 [INFO] PluginManage:310 - Check plugin cadmodel
2026-01-21 21:02:15,465 [INFO] CADModel:105 - Init CAD model plugin
2026-01-21 21:02:15,465 [INFO] PluginManage:359 - Loaded plugin cadmodel (category:power,tabindex:5)
2026-01-21 21:02:15,465 [INFO] PluginManage:310 - Check plugin clock
2026-01-21 21:02:15,515 [INFO] PluginManage:359 - Loaded plugin clock (category:base,tabindex:2)
2026-01-21 21:02:15,515 [INFO] PluginManage:310 - Check plugin ddr
2026-01-21 21:02:15,532 [INFO] PluginManage:359 - Loaded plugin ddr (category:tool,tabindex:6)
2026-01-21 21:02:15,532 [INFO] PluginManage:310 - Check plugin filemanager
2026-01-21 21:02:15,815 [INFO] PluginManage:359 - Loaded plugin filemanager (category:base,tabindex:10)
2026-01-21 21:02:15,815 [INFO] PluginManage:310 - Check plugin ipmanager
2026-01-21 21:02:15,832 [INFO] PluginManage:359 - Loaded plugin ipmanager (category:base,tabindex:5)
2026-01-21 21:02:15,832 [INFO] PluginManage:310 - Check plugin lpbam
2026-01-21 21:02:15,849 [INFO] PluginManage:359 - Loaded plugin lpbam (category:base,tabindex:0)
2026-01-21 21:02:15,849 [INFO] PluginManage:310 - Check plugin memorymap
2026-01-21 21:02:15,898 [INFO] PluginManage:359 - Loaded plugin memorymap (category:base,tabindex:4)
2026-01-21 21:02:15,899 [INFO] PluginManage:310 - Check plugin pinoutandconfiguration
2026-01-21 21:02:15,932 [INFO] PluginManage:359 - Loaded plugin pinoutandconfiguration (category:base,tabindex:1)
2026-01-21 21:02:15,932 [INFO] PluginManage:310 - Check plugin pinoutconfig
2026-01-21 21:02:16,082 [WARN] SupportedApi:132 - Cannot load RTOS API schema: s4s-elt-must-match.1: The content of 'definitions' must match (annotation?, (simpleType | complexType)?, (unique | key | keyref)*)). A problem was found starting at: attribute.
2026-01-21 21:02:16,421 [INFO] PluginManage:359 - Loaded plugin pinoutconfig (category:base,tabindex:0)
2026-01-21 21:02:16,421 [INFO] PluginManage:310 - Check plugin power
2026-01-21 21:02:16,453 [INFO] PluginManage:359 - Loaded plugin power (category:power,tabindex:4)
2026-01-21 21:02:16,453 [INFO] PluginManage:310 - Check plugin projectmanager
2026-01-21 21:02:16,472 [INFO] PluginManage:359 - Loaded plugin projectmanager (category:projectmanager,tabindex:3)
2026-01-21 21:02:16,472 [INFO] PluginManage:310 - Check plugin thirdparty
2026-01-21 21:02:16,767 [WARN] IntegrityCheckThread:84 - waiting for thirdparty lock release [integrity check]
2026-01-21 21:02:16,767 [INFO] IntegrityCheckThread:86 - entering critical section [integrity check]
2026-01-21 21:02:16,767 [INFO] PluginManage:359 - Loaded plugin thirdparty (category:base,tabindex:-1)
2026-01-21 21:02:16,767 [INFO] PluginManage:310 - Check plugin tools
2026-01-21 21:02:16,779 [INFO] ThirdPartyUpdaterWithRetryManager:70 - Updater plugin not ready yet. [1/15]
2026-01-21 21:02:16,782 [INFO] PluginManage:359 - Loaded plugin tools (category:base,tabindex:7)
2026-01-21 21:02:16,782 [INFO] PluginManage:310 - Check plugin tutovideos
2026-01-21 21:02:17,127 [INFO] PluginManage:359 - Loaded plugin tutovideos (category:base,tabindex:-1)
2026-01-21 21:02:17,127 [INFO] PluginManage:310 - Check plugin updater
2026-01-21 21:02:17,142 [INFO] PluginManage:359 - Loaded plugin updater (category:base,tabindex:12)
2026-01-21 21:02:17,142 [INFO] PluginManage:310 - Check plugin userauth
2026-01-21 21:02:17,142 [INFO] UserAuth:114 - Init User Auth plugin
2026-01-21 21:02:17,142 [INFO] PluginManage:359 - Loaded plugin userauth (category:base,tabindex:14)
2026-01-21 21:02:17,142 [INFO] PluginManage:283 - PluginManage : Loaded plugins [17]
2026-01-21 21:02:17,520 [INFO] PinOutPanel:1561 - setPackage(No Configuration,No Configuration)
2026-01-21 21:02:17,615 [INFO] CADModel:165 - CPN selected for project level
2026-01-21 21:02:17,631 [INFO] CADModel:114 - Register for checkConnection events
2026-01-21 21:02:17,659 [INFO] IPUIPlugin:80 - create IPUIPlugin
2026-01-21 21:02:17,659 [INFO] PluginManager:220 - loadIPPluginJar : add adc
2026-01-21 21:02:17,663 [INFO] IPUIPlugin:80 - create IPUIPlugin
2026-01-21 21:02:17,663 [INFO] PluginManager:220 - loadIPPluginJar : add aes
2026-01-21 21:02:17,670 [INFO] IPUIPlugin:80 - create IPUIPlugin
2026-01-21 21:02:17,670 [INFO] PluginManager:220 - loadIPPluginJar : add can
2026-01-21 21:02:17,679 [INFO] IPUIPlugin:80 - create IPUIPlugin
2026-01-21 21:02:17,679 [INFO] PluginManager:220 - loadIPPluginJar : add comp
2026-01-21 21:02:17,681 [INFO] IPUIPlugin:80 - create IPUIPlugin
2026-01-21 21:02:17,681 [INFO] PluginManager:220 - loadIPPluginJar : add cryp
2026-01-21 21:02:17,681 [INFO] IPUIPlugin:80 - create IPUIPlugin
2026-01-21 21:02:17,681 [INFO] PluginManager:220 - loadIPPluginJar : add dfsdm
2026-01-21 21:02:17,694 [INFO] IPUIPlugin:80 - create IPUIPlugin
2026-01-21 21:02:17,694 [INFO] PluginManager:220 - loadIPPluginJar : add dma
2026-01-21 21:02:17,710 [INFO] IPUIPlugin:80 - create IPUIPlugin
2026-01-21 21:02:17,710 [INFO] PluginManager:220 - loadIPPluginJar : add dma3
2026-01-21 21:02:17,713 [INFO] IPUIPlugin:80 - create IPUIPlugin
2026-01-21 21:02:17,713 [INFO] PluginManager:220 - loadIPPluginJar : add extmemmanager
2026-01-21 21:02:17,713 [INFO] IPUIPlugin:80 - create IPUIPlugin
2026-01-21 21:02:17,713 [INFO] PluginManager:220 - loadIPPluginJar : add fatfs
2026-01-21 21:02:17,725 [INFO] IPUIPlugin:80 - create IPUIPlugin
2026-01-21 21:02:17,725 [INFO] PluginManager:220 - loadIPPluginJar : add fmc
2026-01-21 21:02:17,757 [INFO] IPUIPlugin:80 - create IPUIPlugin
2026-01-21 21:02:17,757 [INFO] PluginManager:220 - loadIPPluginJar : add freertos
2026-01-21 21:02:17,772 [INFO] IPUIPlugin:80 - create IPUIPlugin
2026-01-21 21:02:17,772 [INFO] PluginManager:220 - loadIPPluginJar : add genericplugin
2026-01-21 21:02:17,780 [INFO] IPUIPlugin:80 - create IPUIPlugin
2026-01-21 21:02:17,780 [INFO] PluginManager:220 - loadIPPluginJar : add gfxmmu
2026-01-21 21:02:17,794 [INFO] IPUIPlugin:80 - create IPUIPlugin
2026-01-21 21:02:17,794 [INFO] PluginManager:220 - loadIPPluginJar : add gic
2026-01-21 21:02:17,833 [INFO] IPUIPlugin:80 - create IPUIPlugin
2026-01-21 21:02:17,833 [INFO] PluginManager:220 - loadIPPluginJar : add gpio
2026-01-21 21:02:17,845 [INFO] IPUIPlugin:80 - create IPUIPlugin
2026-01-21 21:02:17,850 [INFO] PluginManager:220 - loadIPPluginJar : add gtzc
2026-01-21 21:02:17,856 [INFO] IPUIPlugin:80 - create IPUIPlugin
2026-01-21 21:02:17,856 [INFO] PluginManager:220 - loadIPPluginJar : add hash
2026-01-21 21:02:17,861 [INFO] IPUIPlugin:80 - create IPUIPlugin
2026-01-21 21:02:17,861 [INFO] PluginManager:220 - loadIPPluginJar : add i2c
2026-01-21 21:02:17,874 [INFO] IPUIPlugin:80 - create IPUIPlugin
2026-01-21 21:02:17,874 [INFO] PluginManager:220 - loadIPPluginJar : add i2s
2026-01-21 21:02:17,886 [INFO] IPUIPlugin:80 - create IPUIPlugin
2026-01-21 21:02:17,886 [INFO] PluginManager:220 - loadIPPluginJar : add i3c
2026-01-21 21:02:17,909 [INFO] IPUIPlugin:80 - create IPUIPlugin
2026-01-21 21:02:17,909 [INFO] PluginManager:220 - loadIPPluginJar : add ipddr
2026-01-21 21:02:17,958 [INFO] IPUIPlugin:80 - create IPUIPlugin
2026-01-21 21:02:17,958 [INFO] PluginManager:220 - loadIPPluginJar : add linkedlist
2026-01-21 21:02:17,980 [INFO] IPUIPlugin:80 - create IPUIPlugin
2026-01-21 21:02:17,980 [INFO] PluginManager:220 - loadIPPluginJar : add lorawan
2026-01-21 21:02:17,994 [INFO] IPUIPlugin:80 - create IPUIPlugin
2026-01-21 21:02:17,994 [INFO] PluginManager:220 - loadIPPluginJar : add ltdc
2026-01-21 21:02:18,079 [INFO] IPUIPlugin:80 - create IPUIPlugin
2026-01-21 21:02:18,079 [INFO] PluginManager:220 - loadIPPluginJar : add mdma
2026-01-21 21:02:18,121 [INFO] IPUIPlugin:80 - create IPUIPlugin
2026-01-21 21:02:18,121 [INFO] PluginManager:220 - loadIPPluginJar : add nvic
2026-01-21 21:02:18,130 [INFO] IPUIPlugin:80 - create IPUIPlugin
2026-01-21 21:02:18,130 [INFO] PluginManager:220 - loadIPPluginJar : add opamp
2026-01-21 21:02:18,144 [INFO] IPUIPlugin:80 - create IPUIPlugin
2026-01-21 21:02:18,144 [INFO] PluginManager:220 - loadIPPluginJar : add openamp
2026-01-21 21:02:18,156 [INFO] IPUIPlugin:80 - create IPUIPlugin
2026-01-21 21:02:18,156 [INFO] PluginManager:220 - loadIPPluginJar : add pdm2pcm
2026-01-21 21:02:18,185 [INFO] IPUIPlugin:80 - create IPUIPlugin
2026-01-21 21:02:18,191 [INFO] PluginManager:220 - loadIPPluginJar : add plateformsettings
2026-01-21 21:02:18,197 [INFO] IPUIPlugin:80 - create IPUIPlugin
2026-01-21 21:02:18,197 [INFO] PluginManager:220 - loadIPPluginJar : add quadspi
2026-01-21 21:02:18,247 [INFO] IPUIPlugin:80 - create IPUIPlugin
2026-01-21 21:02:18,247 [INFO] PluginManager:220 - loadIPPluginJar : add resmgrutility
2026-01-21 21:02:18,260 [INFO] IPUIPlugin:80 - create IPUIPlugin
2026-01-21 21:02:18,260 [INFO] PluginManager:220 - loadIPPluginJar : add sai
2026-01-21 21:02:18,270 [INFO] IPUIPlugin:80 - create IPUIPlugin
2026-01-21 21:02:18,270 [INFO] PluginManager:220 - loadIPPluginJar : add spi
2026-01-21 21:02:18,282 [INFO] IPUIPlugin:80 - create IPUIPlugin
2026-01-21 21:02:18,282 [INFO] PluginManager:220 - loadIPPluginJar : add stm32_wpan
2026-01-21 21:02:18,291 [INFO] IPUIPlugin:80 - create IPUIPlugin
2026-01-21 21:02:18,291 [INFO] PluginManager:220 - loadIPPluginJar : add tim
2026-01-21 21:02:18,305 [INFO] IPUIPlugin:80 - create IPUIPlugin
2026-01-21 21:02:18,306 [INFO] PluginManager:220 - loadIPPluginJar : add touchsensing
2026-01-21 21:02:18,314 [INFO] IPUIPlugin:80 - create IPUIPlugin
2026-01-21 21:02:18,314 [INFO] PluginManager:220 - loadIPPluginJar : add tracer_emb
2026-01-21 21:02:18,319 [INFO] IPUIPlugin:80 - create IPUIPlugin
2026-01-21 21:02:18,319 [INFO] PluginManager:220 - loadIPPluginJar : add ts
2026-01-21 21:02:18,325 [INFO] IPUIPlugin:80 - create IPUIPlugin
2026-01-21 21:02:18,325 [INFO] PluginManager:220 - loadIPPluginJar : add tsc
2026-01-21 21:02:18,331 [INFO] IPUIPlugin:80 - create IPUIPlugin
2026-01-21 21:02:18,331 [INFO] PluginManager:220 - loadIPPluginJar : add ucpd
2026-01-21 21:02:18,333 [INFO] IPUIPlugin:80 - create IPUIPlugin
2026-01-21 21:02:18,333 [INFO] PluginManager:220 - loadIPPluginJar : add usart
2026-01-21 21:02:18,333 [INFO] IPUIPlugin:80 - create IPUIPlugin
2026-01-21 21:02:18,333 [INFO] PluginManager:220 - loadIPPluginJar : add usbx
2026-01-21 21:02:18,506 [INFO] CADModel:165 - CPN selected for project level
2026-01-21 21:02:18,506 [INFO] CADModel:114 - Register for checkConnection events
2026-01-21 21:02:18,507 [FATAL] Updater:308 - Updater called before beeing initialized
2026-01-21 21:02:18,507 [ERROR] CADModel:125 - Updater not yet initialized, retry later 
2026-01-21 21:02:18,714 [INFO] CADModel:165 - CPN selected for project level
2026-01-21 21:02:18,714 [INFO] CADModel:114 - Register for checkConnection events
2026-01-21 21:02:18,714 [FATAL] Updater:308 - Updater called before beeing initialized
2026-01-21 21:02:18,714 [ERROR] CADModel:125 - Updater not yet initialized, retry later 
2026-01-21 21:02:18,717 [FATAL] Updater:308 - Updater called before beeing initialized
2026-01-21 21:02:18,816 [FATAL] Updater:308 - Updater called before beeing initialized
2026-01-21 21:02:18,832 [INFO] DbMcusAds:53 - JSON generation date=Mon Dec 08 15:28:09 CET 2025 (1765204089998)
2026-01-21 21:02:18,832 [FATAL] Updater:308 - Updater called before beeing initialized
2026-01-21 21:02:18,895 [WARN] DetailPanel:346 - Failed to get advertising image, set to default
2026-01-21 21:02:19,005 [FATAL] Updater:308 - Updater called before beeing initialized
2026-01-21 21:02:19,021 [FATAL] Updater:308 - Updater called before beeing initialized
2026-01-21 21:02:19,021 [FATAL] Updater:308 - Updater called before beeing initialized
2026-01-21 21:02:19,021 [WARN] DetailPanel:346 - Failed to get advertising image, set to default
2026-01-21 21:02:19,021 [FATAL] Updater:308 - Updater called before beeing initialized
2026-01-21 21:02:19,084 [ERROR] Updater:1120 - MainUpdater not yet initialized. External WinMGr cannot be set.
2026-01-21 21:02:19,099 [INFO] Updater:1056 - Updater Version found : 6.11.1
2026-01-21 21:02:19,154 [INFO] ApplicationProperties:184 - Using Application install path: C:\ST\STM32CubeIDE_1.15.1\STM32CubeIDE\plugins\com.st.stm32cube.common.mx_6.11.1.202404110753
2026-01-21 21:02:19,780 [INFO] ThirdPartyUpdaterWithRetryManager:70 - Updater plugin not ready yet. [2/15]
2026-01-21 21:02:20,786 [ERROR] LogOutputStream:75 - [STDERR_REDIRECT] Jan 21, 2026 9:02:20 PM java.util.prefs.WindowsPreferences <init>
2026-01-21 21:02:20,788 [ERROR] LogOutputStream:75 - [STDERR_REDIRECT] WARNING: Could not open/create prefs root node Software\JavaSoft\Prefs at root 0xffffffff80000002. Windows RegCreateKeyEx(...) returned error code 5.
2026-01-21 21:02:20,789 [ERROR] LogOutputStream:75 - [STDERR_REDIRECT] 
2026-01-21 21:02:21,160 [INFO] MainUpdater:2873 - connection check result : 10
2026-01-21 21:02:21,160 [INFO] MainUpdater:3567 - Updater definition file requires update
2026-01-21 21:02:21,160 [INFO] MainUpdater:290 - Updater Check For Update Now.
2026-01-21 21:02:21,161 [INFO] MicroXplorer:498 - Change Database Version : DB.6.0.111
2026-01-21 21:02:21,165 [INFO] McuFinderGlobals:63 - Set McuFinder mode to 2 (CubeIDE integrated)
2026-01-21 21:02:21,170 [INFO] UserAuth:415 - Internet connection configuration mode: 1
2026-01-21 21:02:21,183 [INFO] JxBrowserEngine:152 - Initiate JxBrowser Engine with user profile folder
2026-01-21 21:02:21,266 [INFO] ServerAccessManage:473 - Download File updaters.zip
2026-01-21 21:02:21,349 [INFO] FileExtend:240 - Unzip File : updaters.zip
2026-01-21 21:02:21,349 [INFO] FileExtend:255 - Standard Zip Deflate
2026-01-21 21:02:22,132 [INFO] ServerAccessManage:473 - Download File PacksControlFlags.xml
2026-01-21 21:02:22,279 [INFO] ServerAccessManage:473 - Download File cubemx.pidx
2026-01-21 21:02:22,738 [INFO] ServerAccessManage:473 - Download File STMicroelectronics.X-CUBE-FREERTOS.pdsc
2026-01-21 21:02:22,782 [WARN] MainUpdater:1194 - Updater busy. Cannot search thirdparties
2026-01-21 21:02:22,782 [INFO] ThirdPartyUpdaterWithRetryManager:96 - Updater plugin is busy. [1/15]
2026-01-21 21:02:23,716 [INFO] ServerAccessManage:473 - Download File STMicroelectronics.X-CUBE-NFC6.pdsc
2026-01-21 21:02:23,862 [INFO] WebApp:161 - Instantiating new browser for Auth
2026-01-21 21:02:24,205 [INFO] ServerAccessManage:473 - Download File STMicroelectronics.X-CUBE-ST67W61.pdsc
2026-01-21 21:02:24,393 [INFO] WebApp:779 - Register for checkConnection events
2026-01-21 21:02:24,393 [INFO] WebApp:414 - Apply proxy settings
2026-01-21 21:02:24,393 [INFO] WebApp:499 - Chromium requires no authentication
2026-01-21 21:02:24,399 [INFO] WebApp:442 - Direct internet connection detected
2026-01-21 21:02:24,409 [INFO] ServerAccessManage:473 - Download File STMicroelectronics.X-CUBE-STSE01.pdsc
2026-01-21 21:02:24,500 [INFO] WebApp:192 - Starting web application
2026-01-21 21:02:24,500 [INFO] WebApp:544 - Web application path used C:\ST\STM32CubeIDE_1.15.1\STM32CubeIDE\plugins\com.st.stm32cube.common.mx_6.11.1.202404110753\db\plugins\mcufinder\reactClient1\index.html
2026-01-21 21:02:24,683 [ERROR] LogOutputStream:75 - [STDERR_REDIRECT] [Fatal Error] :1:1: Premature end of file.
2026-01-21 21:02:24,683 [ERROR] LogOutputStream:75 - [STDERR_REDIRECT] 
2026-01-21 21:02:25,633 [ERROR] LogOutputStream:75 - [STDERR_REDIRECT] [Fatal Error] :1:1: Premature end of file.
2026-01-21 21:02:25,633 [ERROR] LogOutputStream:75 - [STDERR_REDIRECT] 
2026-01-21 21:02:25,748 [INFO] ServerAccessManage:473 - Download File WES.I-CUBE-Cesium.pdsc
2026-01-21 21:02:25,783 [WARN] MainUpdater:1194 - Updater busy. Cannot search thirdparties
2026-01-21 21:02:25,783 [INFO] ThirdPartyUpdaterWithRetryManager:96 - Updater plugin is busy. [2/15]
2026-01-21 21:02:26,466 [ERROR] ServerAccessManage:1089 - Problem, file not found on Server
2026-01-21 21:02:26,633 [ERROR] LogOutputStream:75 - [STDERR_REDIRECT] [Fatal Error] :1:1: Premature end of file.
2026-01-21 21:02:26,633 [ERROR] LogOutputStream:75 - [STDERR_REDIRECT] 
2026-01-21 21:02:27,033 [ERROR] ServerAccessManage:1089 - Problem, file not found on Server
2026-01-21 21:02:27,149 [WARN] PopulateThirdPartyThread:106 - Error when creating pack: C:/Users/dbank/.stm32cubemx/thirdparties/pdsc/STMicroelectronics.X-CUBE-FREERTOS.pdsc
2026-01-21 21:02:27,212 [WARN] PackLoader:240 - Cannot read IP mode file for STMicroelectronics.X-CUBE-NFC6.3.2.0
2026-01-21 21:02:27,218 [WARN] PopulateThirdPartyThread:106 - Error when creating pack: C:/Users/dbank/.stm32cubemx/thirdparties/pdsc/STMicroelectronics.X-CUBE-ST67W61.pdsc
2026-01-21 21:02:27,226 [WARN] PackLoader:240 - Cannot read IP mode file for STMicroelectronics.X-CUBE-STSE01.2.0.0
2026-01-21 21:02:27,242 [WARN] PopulateThirdPartyThread:106 - Error when creating pack: C:/Users/dbank/.stm32cubemx/thirdparties/pdsc/WES.I-CUBE-Cesium.pdsc
2026-01-21 21:02:27,242 [INFO] PopulateThirdPartyThread:66 - Ending populate Thread
2026-01-21 21:02:27,244 [INFO] ThirdParty:1030 - CMSIS Pack Vendor :STMicroelectronics X-CUBE-STSE01 2.0.0
2026-01-21 21:02:27,244 [INFO] ThirdParty:1030 - CMSIS Pack Vendor :STMicroelectronics X-CUBE-NFC6 3.2.0
2026-01-21 21:02:27,244 [INFO] LoadServerUpdatesThread:375 - End of LoadServerUpdate Thread
2026-01-21 21:02:27,295 [INFO] CheckServerUpdateThread:120 - End of CheckServer Thread
2026-01-21 21:02:27,630 [ERROR] LogOutputStream:75 - [STDERR_REDIRECT] [Fatal Error] :1:1: Premature end of file.
2026-01-21 21:02:27,630 [ERROR] LogOutputStream:75 - [STDERR_REDIRECT] 
2026-01-21 21:02:28,632 [ERROR] LogOutputStream:75 - [STDERR_REDIRECT] [Fatal Error] :1:1: Premature end of file.
2026-01-21 21:02:28,632 [ERROR] LogOutputStream:75 - [STDERR_REDIRECT] 
2026-01-21 21:02:28,991 [WARN] PackLoader:240 - Cannot read IP mode file for STMicroelectronics.FP-SNS-MOTENVWB1.1.4.0
2026-01-21 21:02:28,996 [WARN] PackLoader:240 - Cannot read IP mode file for STMicroelectronics.FP-ATR-ASTRA1.2.0.2
2026-01-21 21:02:29,000 [WARN] PackLoader:240 - Cannot read IP mode file for STMicroelectronics.X-CUBE-SMBUS.2.1.0
2026-01-21 21:02:29,019 [WARN] PackLoader:240 - Cannot read IP mode file for STMicroelectronics.X-CUBE-AZRTOS-F7.1.1.0
2026-01-21 21:02:29,025 [ERROR] Engine:466 - C:\Users\dbank\.stm32cubemx\thirdparties\pdsc\STMicroelectronics.FP-SNS-MOTENV1.5.1.0.pdsc: PDSC version is not supported
2026-01-21 21:02:29,027 [ERROR] Engine:466 - C:\Users\dbank\.stm32cubemx\thirdparties\pdsc\WES.I-CUBE-Cesium.1.4.0.pdsc: PDSC version is not supported
2026-01-21 21:02:29,059 [WARN] PackLoader:240 - Cannot read IP mode file for STMicroelectronics.X-CUBE-AZRTOS-H7.3.4.0
2026-01-21 21:02:29,068 [WARN] PackLoader:240 - Cannot read IP mode file for STMicroelectronics.X-CUBE-DISPLAY.3.0.0
2026-01-21 21:02:29,076 [WARN] PackLoader:240 - Cannot read IP mode file for STMicroelectronics.X-CUBE-NFC10.1.0.0
2026-01-21 21:02:29,079 [ERROR] Engine:466 - C:\Users\dbank\.stm32cubemx\thirdparties\pdsc\STMicroelectronics.X-CUBE-ST60.1.1.0.pdsc: PDSC version is not supported
2026-01-21 21:02:29,083 [WARN] PackLoader:240 - Cannot read IP mode file for emotas.I-CUBE-CANOPEN.1.3.0
2026-01-21 21:02:29,089 [WARN] PackLoader:240 - Cannot read IP mode file for STMicroelectronics.X-CUBE-GNSS1.7.1.0
2026-01-21 21:02:29,093 [ERROR] Engine:466 - C:\Users\dbank\.stm32cubemx\thirdparties\pdsc\STMicroelectronics.FP-SNS-STBOX1.2.1.0.pdsc: PDSC version is not supported
2026-01-21 21:02:29,097 [WARN] PackLoader:240 - Cannot read IP mode file for STMicroelectronics.FP-SNS-SMARTAG2.1.2.0
2026-01-21 21:02:29,099 [ERROR] Engine:466 - C:\Users\dbank\.stm32cubemx\thirdparties\pdsc\STMicroelectronics.FP-SNS-FLIGHT1.5.1.0.pdsc: PDSC version is not supported
2026-01-21 21:02:29,110 [INFO] LogOutputStream:77 - [STDOUT_REDIRECT] 1 : Invalid condition id : UX_CORESTACK_Condition cause : null
2026-01-21 21:02:29,110 [INFO] LogOutputStream:77 - [STDOUT_REDIRECT] 1 : Invalid condition id : UX_CORESTACK_Condition cause : null
2026-01-21 21:02:29,111 [INFO] LogOutputStream:77 - [STDOUT_REDIRECT] 1 : Invalid condition id : UX_CORESTACK_Condition cause : null
2026-01-21 21:02:29,112 [INFO] LogOutputStream:77 - [STDOUT_REDIRECT] 1 : Invalid condition id : UX_CORESTACK_Condition cause : null
2026-01-21 21:02:29,113 [INFO] LogOutputStream:77 - [STDOUT_REDIRECT] 1 : Invalid condition id : UX_CORESTACK_Condition cause : null
2026-01-21 21:02:29,115 [WARN] PackLoader:240 - Cannot read IP mode file for STMicroelectronics.X-CUBE-AZRTOS-WL.2.0.0
2026-01-21 21:02:29,133 [WARN] PackLoader:240 - Cannot read IP mode file for STMicroelectronics.X-CUBE-AZRTOS-H7RS.1.2.0
2026-01-21 21:02:29,139 [WARN] PackLoader:240 - Cannot read IP mode file for STMicroelectronics.X-CUBE-BLE2.3.3.0
2026-01-21 21:02:29,141 [ERROR] Engine:466 - C:\Users\dbank\.stm32cubemx\thirdparties\pdsc\Avnet-IOTCONNECT.X-CUBE-iotc-st67-sdk.1.0.0.pdsc: PDSC version is not supported
2026-01-21 21:02:29,158 [WARN] PackLoader:240 - Cannot read IP mode file for Infineon.AIROC-Wi-Fi-Bluetooth-STM32.1.8.0
2026-01-21 21:02:29,165 [WARN] PackLoader:240 - Cannot read IP mode file for STMicroelectronics.X-CUBE-NFC9.1.0.0
2026-01-21 21:02:29,170 [WARN] PackLoader:240 - Cannot read IP mode file for STMicroelectronics.X-CUBE-BLE1.7.1.0
2026-01-21 21:02:29,174 [WARN] PackLoader:240 - Cannot read IP mode file for wolfSSL.I-CUBE-wolfMQTT.1.19.2
2026-01-21 21:02:29,175 [ERROR] Engine:466 - C:\Users\dbank\.stm32cubemx\thirdparties\pdsc\STMicroelectronics.X-CUBE-FREERTOS.1.4.0.pdsc: PDSC version is not supported
2026-01-21 21:02:29,181 [WARN] PackLoader:240 - Cannot read IP mode file for STMicroelectronics.X-CUBE-EEPRMA1.5.2.0
2026-01-21 21:02:29,185 [WARN] PackLoader:240 - Cannot read IP mode file for wolfSSL.I-CUBE-wolfSSL.5.8.4
2026-01-21 21:02:29,187 [ERROR] Engine:466 - C:\Users\dbank\.stm32cubemx\thirdparties\pdsc\Cesanta.I-CUBE-Mongoose.7.20.0.pdsc: PDSC version is not supported
2026-01-21 21:02:29,191 [ERROR] Engine:466 - C:\Users\dbank\.stm32cubemx\thirdparties\pdsc\STMicroelectronics.X-CUBE-ST67W61.1.1.0.pdsc: PDSC version is not supported
2026-01-21 21:02:29,224 [WARN] PackLoader:240 - Cannot read IP mode file for STMicroelectronics.X-CUBE-MEMS1.12.0.0
2026-01-21 21:02:29,299 [WARN] PackLoader:240 - Cannot read IP mode file for STMicroelectronics.X-CUBE-AZRTOS-G0.1.1.0
2026-01-21 21:02:29,299 [WARN] PackLoader:240 - Cannot read IP mode file for STMicroelectronics.X-CUBE-NFC4.3.0.0
2026-01-21 21:02:29,318 [WARN] PackLoader:240 - Cannot read IP mode file for EmbeddedOffice.I-CUBE-FS-RTOS.1.0.1
2026-01-21 21:02:29,318 [ERROR] ConditionMgr:805 - Attr not supported : Dmpu
2026-01-21 21:02:29,318 [ERROR] ConditionMgr:805 - Attr not supported : Dmpu
2026-01-21 21:02:29,318 [ERROR] ConditionMgr:805 - Attr not supported : Dmpu
2026-01-21 21:02:29,318 [ERROR] ConditionMgr:805 - Attr not supported : Dmpu
2026-01-21 21:02:29,318 [ERROR] ConditionMgr:805 - Attr not supported : Dmpu
2026-01-21 21:02:29,319 [ERROR] ConditionMgr:805 - Attr not supported : Dmpu
2026-01-21 21:02:29,319 [ERROR] ConditionMgr:805 - Attr not supported : Dmpu
2026-01-21 21:02:29,319 [ERROR] ConditionMgr:805 - Attr not supported : Dmpu
2026-01-21 21:02:29,319 [ERROR] ConditionMgr:805 - Attr not supported : Dmpu
2026-01-21 21:02:29,319 [ERROR] ConditionMgr:805 - Attr not supported : Dmpu
2026-01-21 21:02:29,319 [ERROR] ConditionMgr:805 - Attr not supported : Dmpu
2026-01-21 21:02:29,319 [ERROR] ConditionMgr:805 - Attr not supported : Dmpu
2026-01-21 21:02:29,319 [ERROR] ConditionMgr:805 - Attr not supported : Dmpu
2026-01-21 21:02:29,319 [ERROR] ConditionMgr:805 - Attr not supported : Dmpu
2026-01-21 21:02:29,319 [ERROR] ConditionMgr:805 - Attr not supported : Dmpu
2026-01-21 21:02:29,319 [ERROR] ConditionMgr:805 - Attr not supported : Dmpu
2026-01-21 21:02:29,319 [ERROR] ConditionMgr:805 - Attr not supported : Dmpu
2026-01-21 21:02:29,319 [ERROR] ConditionMgr:805 - Attr not supported : Dmpu
2026-01-21 21:02:29,319 [ERROR] ConditionMgr:805 - Attr not supported : Dmpu
2026-01-21 21:02:29,319 [ERROR] ConditionMgr:805 - Attr not supported : Dmpu
2026-01-21 21:02:29,319 [ERROR] ConditionMgr:805 - Attr not supported : Dmpu
2026-01-21 21:02:29,319 [ERROR] ConditionMgr:805 - Attr not supported : Dmpu
2026-01-21 21:02:29,319 [ERROR] ConditionMgr:805 - Attr not supported : Dmpu
2026-01-21 21:02:29,319 [ERROR] ConditionMgr:805 - Attr not supported : Dmpu
2026-01-21 21:02:29,319 [ERROR] ConditionMgr:805 - Attr not supported : Dmpu
2026-01-21 21:02:29,319 [ERROR] ConditionMgr:805 - Attr not supported : Dmpu
2026-01-21 21:02:29,319 [ERROR] ConditionMgr:805 - Attr not supported : Dmpu
2026-01-21 21:02:29,319 [ERROR] ConditionMgr:805 - Attr not supported : Dmpu
2026-01-21 21:02:29,319 [ERROR] ConditionMgr:805 - Attr not supported : Dmpu
2026-01-21 21:02:29,319 [ERROR] ConditionMgr:805 - Attr not supported : Dmpu
2026-01-21 21:02:29,319 [ERROR] ConditionMgr:805 - Attr not supported : Dmpu
2026-01-21 21:02:29,319 [ERROR] ConditionMgr:805 - Attr not supported : Dmpu
2026-01-21 21:02:29,319 [ERROR] ConditionMgr:805 - Attr not supported : Dmpu
2026-01-21 21:02:29,319 [ERROR] ConditionMgr:805 - Attr not supported : Dmpu
2026-01-21 21:02:29,320 [ERROR] ConditionMgr:805 - Attr not supported : Dmpu
2026-01-21 21:02:29,320 [ERROR] ConditionMgr:805 - Attr not supported : Dmpu
2026-01-21 21:02:29,320 [ERROR] ConditionMgr:805 - Attr not supported : Dmpu
2026-01-21 21:02:29,320 [ERROR] ConditionMgr:805 - Attr not supported : Dmpu
2026-01-21 21:02:29,320 [ERROR] ConditionMgr:805 - Attr not supported : Dmpu
2026-01-21 21:02:29,320 [ERROR] ConditionMgr:805 - Attr not supported : Dmpu
2026-01-21 21:02:29,320 [ERROR] ConditionMgr:805 - Attr not supported : Dmpu
2026-01-21 21:02:29,320 [ERROR] ConditionMgr:805 - Attr not supported : Dmpu
2026-01-21 21:02:29,320 [ERROR] ConditionMgr:805 - Attr not supported : Dmpu
2026-01-21 21:02:29,320 [ERROR] ConditionMgr:805 - Attr not supported : Dmpu
2026-01-21 21:02:29,320 [ERROR] ConditionMgr:805 - Attr not supported : Dmpu
2026-01-21 21:02:29,320 [ERROR] ConditionMgr:805 - Attr not supported : Dmpu
2026-01-21 21:02:29,320 [ERROR] ConditionMgr:805 - Attr not supported : Dmpu
2026-01-21 21:02:29,320 [ERROR] ConditionMgr:805 - Attr not supported : Dmpu
2026-01-21 21:02:29,320 [ERROR] ConditionMgr:805 - Attr not supported : Dmpu
2026-01-21 21:02:29,320 [ERROR] ConditionMgr:805 - Attr not supported : Dmpu
2026-01-21 21:02:29,320 [ERROR] ConditionMgr:805 - Attr not supported : Dmpu
2026-01-21 21:02:29,320 [ERROR] ConditionMgr:805 - Attr not supported : Dmpu
2026-01-21 21:02:29,320 [ERROR] ConditionMgr:805 - Attr not supported : Dmpu
2026-01-21 21:02:29,320 [ERROR] ConditionMgr:805 - Attr not supported : Dmpu
2026-01-21 21:02:29,320 [ERROR] ConditionMgr:805 - Attr not supported : Dmpu
2026-01-21 21:02:29,320 [ERROR] ConditionMgr:805 - Attr not supported : Dmpu
2026-01-21 21:02:29,320 [ERROR] ConditionMgr:805 - Attr not supported : Dmpu
2026-01-21 21:02:29,321 [ERROR] ConditionMgr:805 - Attr not supported : Dmpu
2026-01-21 21:02:29,321 [ERROR] ConditionMgr:805 - Attr not supported : Dmpu
2026-01-21 21:02:29,321 [ERROR] ConditionMgr:805 - Attr not supported : Dmpu
2026-01-21 21:02:29,321 [ERROR] ConditionMgr:805 - Attr not supported : Dmpu
2026-01-21 21:02:29,321 [ERROR] ConditionMgr:805 - Attr not supported : Dmpu
2026-01-21 21:02:29,321 [ERROR] ConditionMgr:805 - Attr not supported : Dmpu
2026-01-21 21:02:29,321 [ERROR] ConditionMgr:805 - Attr not supported : Dmpu
2026-01-21 21:02:29,326 [WARN] PackLoader:240 - Cannot read IP mode file for STMicroelectronics.X-CUBE-WB05N.2.0.0
2026-01-21 21:02:29,330 [WARN] PackLoader:240 - Cannot read IP mode file for wolfSSL.I-CUBE-wolfTPM.3.8.0
2026-01-21 21:02:29,333 [ERROR] Engine:466 - C:\Users\dbank\.stm32cubemx\thirdparties\pdsc\STMicroelectronics.X-CUBE-TCPP.4.2.0.pdsc: PDSC version is not supported
2026-01-21 21:02:29,338 [WARN] PackLoader:240 - Cannot read IP mode file for RealThread.X-CUBE-RT-Thread_Nano.4.1.1
2026-01-21 21:02:29,341 [WARN] PackLoader:240 - Cannot read IP mode file for STMicroelectronics.FP-ATR-SIGFOX1.3.2.0
2026-01-21 21:02:29,347 [WARN] PackLoader:240 - Cannot read IP mode file for ITTIA_DB.I-CUBE-ITTIADB.8.9.0
2026-01-21 21:02:29,351 [WARN] PackLoader:240 - Cannot read IP mode file for STMicroelectronics.X-CUBE-NFC6.3.2.0
2026-01-21 21:02:29,358 [WARN] PackLoader:240 - Cannot read IP mode file for STMicroelectronics.X-CUBE-AI.10.2.0
2026-01-21 21:02:29,379 [WARN] PackLoader:240 - Cannot read IP mode file for SEGGER.I-CUBE-embOS.1.3.1
2026-01-21 21:02:29,410 [WARN] PackLoader:240 - Cannot read IP mode file for STMicroelectronics.X-CUBE-ALGOBUILD.1.4.0
2026-01-21 21:02:29,415 [WARN] PackLoader:240 - Cannot read IP mode file for STMicroelectronics.X-CUBE-PM33A1.1.0.0
2026-01-21 21:02:29,433 [WARN] PackLoader:240 - Cannot read IP mode file for STMicroelectronics.X-CUBE-AZRTOS-F4.1.1.0
2026-01-21 21:02:29,439 [WARN] PackLoader:240 - Cannot read IP mode file for STMicroelectronics.X-CUBE-ISPU.2.1.0
2026-01-21 21:02:29,445 [ERROR] Engine:466 - C:\Users\dbank\.stm32cubemx\thirdparties\pdsc\STMicroelectronics.X-CUBE-IPS.3.2.0.pdsc: PDSC version is not supported
2026-01-21 21:02:29,451 [WARN] PackLoader:240 - Cannot read IP mode file for STMicroelectronics.X-CUBE-NFC12.1.0.0
2026-01-21 21:02:29,468 [WARN] PackLoader:240 - Cannot read IP mode file for STMicroelectronics.X-CUBE-AZRTOS-L5.2.0.0
2026-01-21 21:02:29,475 [WARN] PackLoader:240 - Cannot read IP mode file for STMicroelectronics.X-CUBE-NFC6.3.1.0
2026-01-21 21:02:29,481 [WARN] PackLoader:240 - Cannot read IP mode file for STMicroelectronics.X-CUBE-TOUCHGFX.4.26.0
2026-01-21 21:02:29,484 [ERROR] Engine:466 - C:\Users\dbank\.stm32cubemx\thirdparties\pdsc\STMicroelectronics.FP-SNS-STAIOTCFT.1.0.0.pdsc: PDSC version is not supported
2026-01-21 21:02:29,490 [WARN] PackLoader:240 - Cannot read IP mode file for STMicroelectronics.X-CUBE-DPower.1.3.0
2026-01-21 21:02:29,509 [WARN] ConditionMgr:438 - getConditionDescription Invalid condition id : LAN8742 Phy interface Condition cause : null
2026-01-21 21:02:29,509 [WARN] PackLoader:240 - Cannot read IP mode file for STMicroelectronics.X-CUBE-AZRTOS-L4.2.0.0
2026-01-21 21:02:29,510 [WARN] ConditionMgr:1039 - genDependencies : Invalid condition id : LAN8742 Phy interface Condition cause : null
2026-01-21 21:02:29,510 [WARN] ConditionMgr:1039 - genDependencies : Invalid condition id : LAN8742 Phy interface Condition cause : null
2026-01-21 21:02:29,511 [WARN] ConditionMgr:1039 - genDependencies : Invalid condition id : LAN8742 Phy interface Condition cause : null
2026-01-21 21:02:29,517 [WARN] PackLoader:240 - Cannot read IP mode file for STMicroelectronics.X-CUBE-SFXS2LP1.4.0.0
2026-01-21 21:02:29,519 [ERROR] Engine:466 - C:\Users\dbank\.stm32cubemx\thirdparties\pdsc\STMicroelectronics.X-CUBE-ST67W61.1.2.0.pdsc: PDSC version is not supported
2026-01-21 21:02:29,524 [ERROR] Engine:466 - C:\Users\dbank\.stm32cubemx\thirdparties\pdsc\STMicroelectronics.X-CUBE-BLEMGR.4.1.0.pdsc: PDSC version is not supported
2026-01-21 21:02:29,537 [WARN] ConditionMgr:438 - getConditionDescription Invalid condition id : UX DEVICE CLASS RTOS Condition cause : null
2026-01-21 21:02:29,537 [WARN] ConditionMgr:438 - getConditionDescription Invalid condition id : UX DEVICE CLASS RTOS Condition cause : null
2026-01-21 21:02:29,538 [WARN] PackLoader:240 - Cannot read IP mode file for STMicroelectronics.X-CUBE-AZRTOS-WB.2.0.0
2026-01-21 21:02:29,539 [WARN] ConditionMgr:1039 - genDependencies : Invalid condition id : UX DEVICE CLASS RTOS Condition cause : null
2026-01-21 21:02:29,539 [WARN] ConditionMgr:1039 - genDependencies : Invalid condition id : UX DEVICE CLASS RTOS Condition cause : null
2026-01-21 21:02:29,539 [WARN] ConditionMgr:1039 - genDependencies : Invalid condition id : UX DEVICE CLASS RTOS Condition cause : null
2026-01-21 21:02:29,539 [WARN] ConditionMgr:1039 - genDependencies : Invalid condition id : UX DEVICE CLASS RTOS Condition cause : null
2026-01-21 21:02:29,539 [WARN] ConditionMgr:1039 - genDependencies : Invalid condition id : UX DEVICE CLASS RTOS Condition cause : null
2026-01-21 21:02:29,544 [WARN] ConditionMgr:438 - getConditionDescription Invalid condition id : Cortex-A Device cause : null
2026-01-21 21:02:29,557 [WARN] ConditionMgr:1039 - genDependencies : Invalid condition id : Cortex-A Device cause : null
2026-01-21 21:02:29,557 [WARN] ConditionMgr:1039 - genDependencies : Invalid condition id : Cortex-A Device cause : null
2026-01-21 21:02:29,558 [WARN] ConditionMgr:1039 - genDependencies : Invalid condition id : Cortex-A Device cause : null
2026-01-21 21:02:29,562 [WARN] PackLoader:240 - Cannot read IP mode file for STMicroelectronics.X-CUBE-STSE01.2.0.0
2026-01-21 21:02:29,572 [WARN] PackLoader:240 - Cannot read IP mode file for STMicroelectronics.X-CUBE-SUBG2.5.0.0
2026-01-21 21:02:29,583 [WARN] PackLoader:240 - Cannot read IP mode file for STMicroelectronics.X-CUBE-AZRTOS-G4.2.0.0
2026-01-21 21:02:29,583 [WARN] PackLoader:240 - Cannot read IP mode file for wolfSSL.I-CUBE-wolfSSH.1.4.20
2026-01-21 21:02:29,599 [WARN] PackLoader:240 - Cannot read IP mode file for STMicroelectronics.X-CUBE-NFC7.2.0.0
2026-01-21 21:02:29,602 [WARN] PackLoader:240 - Cannot read IP mode file for STMicroelectronics.X-CUBE-ALS.1.0.2
2026-01-21 21:02:29,602 [WARN] PackLoader:240 - Cannot read IP mode file for STMicroelectronics.X-CUBE-STSE01.1.0.0
2026-01-21 21:02:29,614 [ERROR] Engine:466 - C:\Users\dbank\.stm32cubemx\thirdparties\pdsc\STMicroelectronics.X-CUBE-TOF1.3.4.3.pdsc: PDSC version is not supported
2026-01-21 21:02:29,614 [INFO] ThirdParty:978 - Integrity check success = true
2026-01-21 21:02:29,614 [INFO] IntegrityCheckThread:100 - exiting critical section [integrity check]
2026-01-21 21:02:29,614 [INFO] IntegrityCheckThread:103 - End integrity checks thread
2026-01-21 21:02:29,630 [ERROR] LogOutputStream:75 - [STDERR_REDIRECT] [Fatal Error] :1:1: Premature end of file.
2026-01-21 21:02:29,630 [ERROR] LogOutputStream:75 - [STDERR_REDIRECT] 
2026-01-21 21:02:30,634 [ERROR] LogOutputStream:75 - [STDERR_REDIRECT] [Fatal Error] :1:1: Premature end of file.
2026-01-21 21:02:30,634 [ERROR] LogOutputStream:75 - [STDERR_REDIRECT] 
2026-01-21 21:02:31,646 [ERROR] LogOutputStream:75 - [STDERR_REDIRECT] [Fatal Error] :1:1: Premature end of file.
2026-01-21 21:02:31,646 [ERROR] LogOutputStream:75 - [STDERR_REDIRECT] 
2026-01-21 21:02:32,641 [ERROR] LogOutputStream:75 - [STDERR_REDIRECT] [Fatal Error] :1:1: Premature end of file.
2026-01-21 21:02:32,641 [ERROR] LogOutputStream:75 - [STDERR_REDIRECT] 
2026-01-21 21:02:33,627 [ERROR] LogOutputStream:75 - [STDERR_REDIRECT] [Fatal Error] :1:1: Premature end of file.
2026-01-21 21:02:33,628 [ERROR] LogOutputStream:75 - [STDERR_REDIRECT] 
2026-01-21 21:02:34,638 [ERROR] LogOutputStream:75 - [STDERR_REDIRECT] [Fatal Error] :1:1: Premature end of file.
2026-01-21 21:02:34,638 [ERROR] LogOutputStream:75 - [STDERR_REDIRECT] 
2026-01-21 21:02:35,625 [ERROR] LogOutputStream:75 - [STDERR_REDIRECT] [Fatal Error] :1:1: Premature end of file.
2026-01-21 21:02:35,625 [ERROR] LogOutputStream:75 - [STDERR_REDIRECT] 
2026-01-21 21:02:36,633 [ERROR] LogOutputStream:75 - [STDERR_REDIRECT] [Fatal Error] :1:1: Premature end of file.
2026-01-21 21:02:36,634 [ERROR] LogOutputStream:75 - [STDERR_REDIRECT] 
2026-01-21 21:02:37,651 [ERROR] LogOutputStream:75 - [STDERR_REDIRECT] [Fatal Error] :1:1: Premature end of file.
2026-01-21 21:02:37,651 [ERROR] LogOutputStream:75 - [STDERR_REDIRECT] 
2026-01-21 21:02:38,639 [ERROR] LogOutputStream:75 - [STDERR_REDIRECT] [Fatal Error] :1:1: Premature end of file.
2026-01-21 21:02:38,639 [ERROR] LogOutputStream:75 - [STDERR_REDIRECT] 
2026-01-21 21:02:39,641 [ERROR] LogOutputStream:75 - [STDERR_REDIRECT] [Fatal Error] :1:1: Premature end of file.
2026-01-21 21:02:39,641 [ERROR] LogOutputStream:75 - [STDERR_REDIRECT] 
2026-01-21 21:02:40,633 [ERROR] LogOutputStream:75 - [STDERR_REDIRECT] [Fatal Error] :1:1: Premature end of file.
2026-01-21 21:02:40,633 [ERROR] LogOutputStream:75 - [STDERR_REDIRECT] 
2026-01-21 21:02:41,634 [ERROR] LogOutputStream:75 - [STDERR_REDIRECT] [Fatal Error] :1:1: Premature end of file.
2026-01-21 21:02:41,634 [ERROR] LogOutputStream:75 - [STDERR_REDIRECT] 
2026-01-21 21:02:42,648 [ERROR] LogOutputStream:75 - [STDERR_REDIRECT] [Fatal Error] :1:1: Premature end of file.
2026-01-21 21:02:42,648 [ERROR] LogOutputStream:75 - [STDERR_REDIRECT] 
2026-01-21 21:02:43,627 [ERROR] LogOutputStream:75 - [STDERR_REDIRECT] [Fatal Error] :1:1: Premature end of file.
2026-01-21 21:02:43,627 [ERROR] LogOutputStream:75 - [STDERR_REDIRECT] 
2026-01-21 21:02:44,634 [ERROR] LogOutputStream:75 - [STDERR_REDIRECT] [Fatal Error] :1:1: Premature end of file.
2026-01-21 21:02:44,634 [ERROR] LogOutputStream:75 - [STDERR_REDIRECT] 
2026-01-21 21:02:45,631 [ERROR] LogOutputStream:75 - [STDERR_REDIRECT] [Fatal Error] :1:1: Premature end of file.
2026-01-21 21:02:45,631 [ERROR] LogOutputStream:75 - [STDERR_REDIRECT] 
2026-01-21 21:02:46,621 [ERROR] LogOutputStream:75 - [STDERR_REDIRECT] [Fatal Error] :1:1: Premature end of file.
2026-01-21 21:02:46,621 [ERROR] LogOutputStream:75 - [STDERR_REDIRECT] 
2026-01-21 21:02:47,624 [ERROR] LogOutputStream:75 - [STDERR_REDIRECT] [Fatal Error] :1:1: Premature end of file.
2026-01-21 21:02:47,625 [ERROR] LogOutputStream:75 - [STDERR_REDIRECT] 
2026-01-21 21:02:48,647 [ERROR] LogOutputStream:75 - [STDERR_REDIRECT] [Fatal Error] :1:1: Premature end of file.
2026-01-21 21:02:48,647 [ERROR] LogOutputStream:75 - [STDERR_REDIRECT] 
2026-01-21 21:02:49,631 [ERROR] LogOutputStream:75 - [STDERR_REDIRECT] [Fatal Error] :1:1: Premature end of file.
2026-01-21 21:02:49,631 [ERROR] LogOutputStream:75 - [STDERR_REDIRECT] 
2026-01-21 21:02:50,631 [ERROR] LogOutputStream:75 - [STDERR_REDIRECT] [Fatal Error] :1:1: Premature end of file.
2026-01-21 21:02:50,631 [ERROR] LogOutputStream:75 - [STDERR_REDIRECT] 
2026-01-21 21:02:51,634 [ERROR] LogOutputStream:75 - [STDERR_REDIRECT] [Fatal Error] :1:1: Premature end of file.
2026-01-21 21:02:51,634 [ERROR] LogOutputStream:75 - [STDERR_REDIRECT] 
2026-01-21 21:02:52,634 [ERROR] LogOutputStream:75 - [STDERR_REDIRECT] [Fatal Error] :1:1: Premature end of file.
2026-01-21 21:02:52,634 [ERROR] LogOutputStream:75 - [STDERR_REDIRECT] 
2026-01-21 21:02:53,634 [ERROR] LogOutputStream:75 - [STDERR_REDIRECT] [Fatal Error] :1:1: Premature end of file.
2026-01-21 21:02:53,634 [ERROR] LogOutputStream:75 - [STDERR_REDIRECT] 
2026-01-21 21:02:54,639 [ERROR] LogOutputStream:75 - [STDERR_REDIRECT] [Fatal Error] :1:1: Premature end of file.
2026-01-21 21:02:54,639 [ERROR] LogOutputStream:75 - [STDERR_REDIRECT] 
2026-01-21 21:02:55,648 [ERROR] LogOutputStream:75 - [STDERR_REDIRECT] [Fatal Error] :1:1: Premature end of file.
2026-01-21 21:02:55,649 [ERROR] LogOutputStream:75 - [STDERR_REDIRECT] 
2026-01-21 21:02:56,622 [ERROR] LogOutputStream:75 - [STDERR_REDIRECT] [Fatal Error] :1:1: Premature end of file.
2026-01-21 21:02:56,622 [ERROR] LogOutputStream:75 - [STDERR_REDIRECT] 
2026-01-21 21:02:57,622 [ERROR] LogOutputStream:75 - [STDERR_REDIRECT] [Fatal Error] :1:1: Premature end of file.
2026-01-21 21:02:57,622 [ERROR] LogOutputStream:75 - [STDERR_REDIRECT] 
2026-01-21 21:02:58,634 [ERROR] LogOutputStream:75 - [STDERR_REDIRECT] [Fatal Error] :1:1: Premature end of file.
2026-01-21 21:02:58,634 [ERROR] LogOutputStream:75 - [STDERR_REDIRECT] 
2026-01-21 21:02:59,630 [ERROR] LogOutputStream:75 - [STDERR_REDIRECT] [Fatal Error] :1:1: Premature end of file.
2026-01-21 21:02:59,630 [ERROR] LogOutputStream:75 - [STDERR_REDIRECT] 
2026-01-21 21:03:00,627 [ERROR] LogOutputStream:75 - [STDERR_REDIRECT] [Fatal Error] :1:1: Premature end of file.
2026-01-21 21:03:00,627 [ERROR] LogOutputStream:75 - [STDERR_REDIRECT] 
2026-01-21 21:03:01,624 [ERROR] LogOutputStream:75 - [STDERR_REDIRECT] [Fatal Error] :1:1: Premature end of file.
2026-01-21 21:03:01,625 [ERROR] LogOutputStream:75 - [STDERR_REDIRECT] 
2026-01-21 21:03:02,631 [ERROR] LogOutputStream:75 - [STDERR_REDIRECT] [Fatal Error] :1:1: Premature end of file.
2026-01-21 21:03:02,631 [ERROR] LogOutputStream:75 - [STDERR_REDIRECT] 
2026-01-21 21:03:03,636 [ERROR] LogOutputStream:75 - [STDERR_REDIRECT] [Fatal Error] :1:1: Premature end of file.
2026-01-21 21:03:03,636 [ERROR] LogOutputStream:75 - [STDERR_REDIRECT] 
2026-01-21 21:03:04,632 [ERROR] LogOutputStream:75 - [STDERR_REDIRECT] [Fatal Error] :1:1: Premature end of file.
2026-01-21 21:03:04,632 [ERROR] LogOutputStream:75 - [STDERR_REDIRECT] 
2026-01-21 21:03:05,633 [ERROR] LogOutputStream:75 - [STDERR_REDIRECT] [Fatal Error] :1:1: Premature end of file.
2026-01-21 21:03:05,633 [ERROR] LogOutputStream:75 - [STDERR_REDIRECT] 
2026-01-21 21:03:06,635 [ERROR] LogOutputStream:75 - [STDERR_REDIRECT] [Fatal Error] :1:1: Premature end of file.
2026-01-21 21:03:06,635 [ERROR] LogOutputStream:75 - [STDERR_REDIRECT] 
2026-01-21 21:03:07,639 [ERROR] LogOutputStream:75 - [STDERR_REDIRECT] [Fatal Error] :1:1: Premature end of file.
2026-01-21 21:03:07,639 [ERROR] LogOutputStream:75 - [STDERR_REDIRECT] 
2026-01-21 21:03:08,624 [ERROR] LogOutputStream:75 - [STDERR_REDIRECT] [Fatal Error] :1:1: Premature end of file.
2026-01-21 21:03:08,624 [ERROR] LogOutputStream:75 - [STDERR_REDIRECT] 
2026-01-21 21:03:09,629 [ERROR] LogOutputStream:75 - [STDERR_REDIRECT] [Fatal Error] :1:1: Premature end of file.
2026-01-21 21:03:09,629 [ERROR] LogOutputStream:75 - [STDERR_REDIRECT] 
2026-01-21 21:03:10,630 [ERROR] LogOutputStream:75 - [STDERR_REDIRECT] [Fatal Error] :1:1: Premature end of file.
2026-01-21 21:03:10,630 [ERROR] LogOutputStream:75 - [STDERR_REDIRECT] 
2026-01-21 21:03:11,631 [ERROR] LogOutputStream:75 - [STDERR_REDIRECT] [Fatal Error] :1:1: Premature end of file.
2026-01-21 21:03:11,631 [ERROR] LogOutputStream:75 - [STDERR_REDIRECT] 
2026-01-21 21:03:12,631 [ERROR] LogOutputStream:75 - [STDERR_REDIRECT] [Fatal Error] :1:1: Premature end of file.
2026-01-21 21:03:12,631 [ERROR] LogOutputStream:75 - [STDERR_REDIRECT] 
2026-01-21 21:03:13,632 [ERROR] LogOutputStream:75 - [STDERR_REDIRECT] [Fatal Error] :1:1: Premature end of file.
2026-01-21 21:03:13,632 [ERROR] LogOutputStream:75 - [STDERR_REDIRECT] 
2026-01-21 21:03:14,634 [ERROR] LogOutputStream:75 - [STDERR_REDIRECT] [Fatal Error] :1:1: Premature end of file.
2026-01-21 21:03:14,634 [ERROR] LogOutputStream:75 - [STDERR_REDIRECT] 
2026-01-21 21:03:15,636 [ERROR] LogOutputStream:75 - [STDERR_REDIRECT] [Fatal Error] :1:1: Premature end of file.
2026-01-21 21:03:15,636 [ERROR] LogOutputStream:75 - [STDERR_REDIRECT] 
2026-01-21 21:03:16,623 [ERROR] LogOutputStream:75 - [STDERR_REDIRECT] [Fatal Error] :1:1: Premature end of file.
2026-01-21 21:03:16,623 [ERROR] LogOutputStream:75 - [STDERR_REDIRECT] 
2026-01-21 21:03:17,623 [ERROR] LogOutputStream:75 - [STDERR_REDIRECT] [Fatal Error] :1:1: Premature end of file.
2026-01-21 21:03:17,623 [ERROR] LogOutputStream:75 - [STDERR_REDIRECT] 
2026-01-21 21:03:18,636 [ERROR] LogOutputStream:75 - [STDERR_REDIRECT] [Fatal Error] :1:1: Premature end of file.
2026-01-21 21:03:18,636 [ERROR] LogOutputStream:75 - [STDERR_REDIRECT] 
2026-01-21 21:03:19,621 [ERROR] LogOutputStream:75 - [STDERR_REDIRECT] [Fatal Error] :1:1: Premature end of file.
2026-01-21 21:03:19,621 [ERROR] LogOutputStream:75 - [STDERR_REDIRECT] 
2026-01-21 21:03:20,625 [ERROR] LogOutputStream:75 - [STDERR_REDIRECT] [Fatal Error] :1:1: Premature end of file.
2026-01-21 21:03:20,625 [ERROR] LogOutputStream:75 - [STDERR_REDIRECT] 
2026-01-21 21:03:21,627 [ERROR] LogOutputStream:75 - [STDERR_REDIRECT] [Fatal Error] :1:1: Premature end of file.
2026-01-21 21:03:21,627 [ERROR] LogOutputStream:75 - [STDERR_REDIRECT] 
2026-01-21 21:03:22,631 [ERROR] LogOutputStream:75 - [STDERR_REDIRECT] [Fatal Error] :1:1: Premature end of file.
2026-01-21 21:03:22,631 [ERROR] LogOutputStream:75 - [STDERR_REDIRECT] 
2026-01-21 21:03:23,635 [ERROR] LogOutputStream:75 - [STDERR_REDIRECT] [Fatal Error] :1:1: Premature end of file.
2026-01-21 21:03:23,635 [ERROR] LogOutputStream:75 - [STDERR_REDIRECT] 
2026-01-21 21:03:24,624 [ERROR] LogOutputStream:75 - [STDERR_REDIRECT] [Fatal Error] :1:1: Premature end of file.
2026-01-21 21:03:24,624 [ERROR] LogOutputStream:75 - [STDERR_REDIRECT] 
2026-01-21 21:03:25,636 [ERROR] LogOutputStream:75 - [STDERR_REDIRECT] [Fatal Error] :1:1: Premature end of file.
2026-01-21 21:03:25,636 [ERROR] LogOutputStream:75 - [STDERR_REDIRECT] 
2026-01-21 21:03:26,625 [ERROR] LogOutputStream:75 - [STDERR_REDIRECT] [Fatal Error] :1:1: Premature end of file.
2026-01-21 21:03:26,625 [ERROR] LogOutputStream:75 - [STDERR_REDIRECT] 
2026-01-21 21:03:27,633 [ERROR] LogOutputStream:75 - [STDERR_REDIRECT] [Fatal Error] :1:1: Premature end of file.
2026-01-21 21:03:27,633 [ERROR] LogOutputStream:75 - [STDERR_REDIRECT] 
2026-01-21 21:03:28,624 [ERROR] LogOutputStream:75 - [STDERR_REDIRECT] [Fatal Error] :1:1: Premature end of file.
2026-01-21 21:03:28,624 [ERROR] LogOutputStream:75 - [STDERR_REDIRECT] 
2026-01-21 21:03:29,630 [ERROR] LogOutputStream:75 - [STDERR_REDIRECT] [Fatal Error] :1:1: Premature end of file.
2026-01-21 21:03:29,630 [ERROR] LogOutputStream:75 - [STDERR_REDIRECT] 
2026-01-21 21:03:30,632 [ERROR] LogOutputStream:75 - [STDERR_REDIRECT] [Fatal Error] :1:1: Premature end of file.
2026-01-21 21:03:30,632 [ERROR] LogOutputStream:75 - [STDERR_REDIRECT] 
2026-01-21 21:03:31,634 [ERROR] LogOutputStream:75 - [STDERR_REDIRECT] [Fatal Error] :1:1: Premature end of file.
2026-01-21 21:03:31,635 [ERROR] LogOutputStream:75 - [STDERR_REDIRECT] 
2026-01-21 21:03:32,637 [ERROR] LogOutputStream:75 - [STDERR_REDIRECT] [Fatal Error] :1:1: Premature end of file.
2026-01-21 21:03:32,643 [ERROR] LogOutputStream:75 - [STDERR_REDIRECT] 
2026-01-21 21:03:33,635 [ERROR] LogOutputStream:75 - [STDERR_REDIRECT] [Fatal Error] :1:1: Premature end of file.
2026-01-21 21:03:33,635 [ERROR] LogOutputStream:75 - [STDERR_REDIRECT] 
2026-01-21 21:03:34,622 [ERROR] LogOutputStream:75 - [STDERR_REDIRECT] [Fatal Error] :1:1: Premature end of file.
2026-01-21 21:03:34,622 [ERROR] LogOutputStream:75 - [STDERR_REDIRECT] 
2026-01-21 21:03:35,620 [ERROR] LogOutputStream:75 - [STDERR_REDIRECT] [Fatal Error] :1:1: Premature end of file.
2026-01-21 21:03:35,620 [ERROR] LogOutputStream:75 - [STDERR_REDIRECT] 
2026-01-21 21:03:36,625 [ERROR] LogOutputStream:75 - [STDERR_REDIRECT] [Fatal Error] :1:1: Premature end of file.
2026-01-21 21:03:36,625 [ERROR] LogOutputStream:75 - [STDERR_REDIRECT] 
2026-01-21 21:03:37,674 [ERROR] LogOutputStream:75 - [STDERR_REDIRECT] [Fatal Error] :1:1: Premature end of file.
2026-01-21 21:03:37,674 [ERROR] LogOutputStream:75 - [STDERR_REDIRECT] 
2026-01-21 21:03:38,629 [ERROR] LogOutputStream:75 - [STDERR_REDIRECT] [Fatal Error] :1:1: Premature end of file.
2026-01-21 21:03:38,629 [ERROR] LogOutputStream:75 - [STDERR_REDIRECT] 
2026-01-21 21:03:39,622 [ERROR] LogOutputStream:75 - [STDERR_REDIRECT] [Fatal Error] :1:1: Premature end of file.
2026-01-21 21:03:39,622 [ERROR] LogOutputStream:75 - [STDERR_REDIRECT] 
2026-01-21 21:03:40,628 [ERROR] LogOutputStream:75 - [STDERR_REDIRECT] [Fatal Error] :1:1: Premature end of file.
2026-01-21 21:03:40,628 [ERROR] LogOutputStream:75 - [STDERR_REDIRECT] 
2026-01-21 21:03:41,652 [ERROR] LogOutputStream:75 - [STDERR_REDIRECT] [Fatal Error] :1:1: Premature end of file.
2026-01-21 21:03:41,652 [ERROR] LogOutputStream:75 - [STDERR_REDIRECT] 
2026-01-21 21:03:42,620 [ERROR] LogOutputStream:75 - [STDERR_REDIRECT] [Fatal Error] :1:1: Premature end of file.
2026-01-21 21:03:42,620 [ERROR] LogOutputStream:75 - [STDERR_REDIRECT] 
2026-01-21 21:03:43,630 [ERROR] LogOutputStream:75 - [STDERR_REDIRECT] [Fatal Error] :1:1: Premature end of file.
2026-01-21 21:03:43,630 [ERROR] LogOutputStream:75 - [STDERR_REDIRECT] 
2026-01-21 21:03:44,621 [ERROR] LogOutputStream:75 - [STDERR_REDIRECT] [Fatal Error] :1:1: Premature end of file.
2026-01-21 21:03:44,621 [ERROR] LogOutputStream:75 - [STDERR_REDIRECT] 
2026-01-21 21:03:45,624 [ERROR] LogOutputStream:75 - [STDERR_REDIRECT] [Fatal Error] :1:1: Premature end of file.
2026-01-21 21:03:45,624 [ERROR] LogOutputStream:75 - [STDERR_REDIRECT] 
2026-01-21 21:03:46,634 [ERROR] LogOutputStream:75 - [STDERR_REDIRECT] [Fatal Error] :1:1: Premature end of file.
2026-01-21 21:03:46,634 [ERROR] LogOutputStream:75 - [STDERR_REDIRECT] 
2026-01-21 21:03:47,632 [ERROR] LogOutputStream:75 - [STDERR_REDIRECT] [Fatal Error] :1:1: Premature end of file.
2026-01-21 21:03:47,632 [ERROR] LogOutputStream:75 - [STDERR_REDIRECT] 
2026-01-21 21:03:48,623 [ERROR] LogOutputStream:75 - [STDERR_REDIRECT] [Fatal Error] :1:1: Premature end of file.
2026-01-21 21:03:48,623 [ERROR] LogOutputStream:75 - [STDERR_REDIRECT] 
2026-01-21 21:03:49,653 [ERROR] LogOutputStream:75 - [STDERR_REDIRECT] [Fatal Error] :1:1: Premature end of file.
2026-01-21 21:03:49,653 [ERROR] LogOutputStream:75 - [STDERR_REDIRECT] 
2026-01-21 21:03:50,629 [ERROR] LogOutputStream:75 - [STDERR_REDIRECT] [Fatal Error] :1:1: Premature end of file.
2026-01-21 21:03:50,629 [ERROR] LogOutputStream:75 - [STDERR_REDIRECT] 
2026-01-21 21:03:51,637 [ERROR] LogOutputStream:75 - [STDERR_REDIRECT] [Fatal Error] :1:1: Premature end of file.
2026-01-21 21:03:51,637 [ERROR] LogOutputStream:75 - [STDERR_REDIRECT] 
2026-01-21 21:03:52,640 [ERROR] LogOutputStream:75 - [STDERR_REDIRECT] [Fatal Error] :1:1: Premature end of file.
2026-01-21 21:03:52,640 [ERROR] LogOutputStream:75 - [STDERR_REDIRECT] 
2026-01-21 21:03:53,628 [ERROR] LogOutputStream:75 - [STDERR_REDIRECT] [Fatal Error] :1:1: Premature end of file.
2026-01-21 21:03:53,628 [ERROR] LogOutputStream:75 - [STDERR_REDIRECT] 
2026-01-21 21:03:54,624 [ERROR] LogOutputStream:75 - [STDERR_REDIRECT] [Fatal Error] :1:1: Premature end of file.
2026-01-21 21:03:54,624 [ERROR] LogOutputStream:75 - [STDERR_REDIRECT] 
2026-01-21 21:03:55,635 [ERROR] LogOutputStream:75 - [STDERR_REDIRECT] [Fatal Error] :1:1: Premature end of file.
2026-01-21 21:03:55,635 [ERROR] LogOutputStream:75 - [STDERR_REDIRECT] 
2026-01-21 21:03:56,637 [ERROR] LogOutputStream:75 - [STDERR_REDIRECT] [Fatal Error] :1:1: Premature end of file.
2026-01-21 21:03:56,637 [ERROR] LogOutputStream:75 - [STDERR_REDIRECT] 
2026-01-21 21:03:57,679 [ERROR] LogOutputStream:75 - [STDERR_REDIRECT] [Fatal Error] :1:1: Premature end of file.
2026-01-21 21:03:57,679 [ERROR] LogOutputStream:75 - [STDERR_REDIRECT] 
2026-01-21 21:03:58,636 [ERROR] LogOutputStream:75 - [STDERR_REDIRECT] [Fatal Error] :1:1: Premature end of file.
2026-01-21 21:03:58,636 [ERROR] LogOutputStream:75 - [STDERR_REDIRECT] 
2026-01-21 21:03:59,628 [ERROR] LogOutputStream:75 - [STDERR_REDIRECT] [Fatal Error] :1:1: Premature end of file.
2026-01-21 21:03:59,628 [ERROR] LogOutputStream:75 - [STDERR_REDIRECT] 
2026-01-21 21:04:00,639 [ERROR] LogOutputStream:75 - [STDERR_REDIRECT] [Fatal Error] :1:1: Premature end of file.
2026-01-21 21:04:00,639 [ERROR] LogOutputStream:75 - [STDERR_REDIRECT] 
2026-01-21 21:04:01,636 [ERROR] LogOutputStream:75 - [STDERR_REDIRECT] [Fatal Error] :1:1: Premature end of file.
2026-01-21 21:04:01,636 [ERROR] LogOutputStream:75 - [STDERR_REDIRECT] 
2026-01-21 21:04:02,634 [ERROR] LogOutputStream:75 - [STDERR_REDIRECT] [Fatal Error] :1:1: Premature end of file.
2026-01-21 21:04:02,634 [ERROR] LogOutputStream:75 - [STDERR_REDIRECT] 
2026-01-21 21:04:03,637 [ERROR] LogOutputStream:75 - [STDERR_REDIRECT] [Fatal Error] :1:1: Premature end of file.
2026-01-21 21:04:03,637 [ERROR] LogOutputStream:75 - [STDERR_REDIRECT] 
2026-01-21 21:04:04,635 [ERROR] LogOutputStream:75 - [STDERR_REDIRECT] [Fatal Error] :1:1: Premature end of file.
2026-01-21 21:04:04,635 [ERROR] LogOutputStream:75 - [STDERR_REDIRECT] 
2026-01-21 21:04:05,620 [ERROR] LogOutputStream:75 - [STDERR_REDIRECT] [Fatal Error] :1:1: Premature end of file.
2026-01-21 21:04:05,620 [ERROR] LogOutputStream:75 - [STDERR_REDIRECT] 
2026-01-21 21:04:06,633 [ERROR] LogOutputStream:75 - [STDERR_REDIRECT] [Fatal Error] :1:1: Premature end of file.
2026-01-21 21:04:06,633 [ERROR] LogOutputStream:75 - [STDERR_REDIRECT] 
2026-01-21 21:04:07,636 [ERROR] LogOutputStream:75 - [STDERR_REDIRECT] [Fatal Error] :1:1: Premature end of file.
2026-01-21 21:04:07,636 [ERROR] LogOutputStream:75 - [STDERR_REDIRECT] 
2026-01-21 21:04:08,626 [ERROR] LogOutputStream:75 - [STDERR_REDIRECT] [Fatal Error] :1:1: Premature end of file.
2026-01-21 21:04:08,626 [ERROR] LogOutputStream:75 - [STDERR_REDIRECT] 
2026-01-21 21:04:09,635 [ERROR] LogOutputStream:75 - [STDERR_REDIRECT] [Fatal Error] :1:1: Premature end of file.
2026-01-21 21:04:09,635 [ERROR] LogOutputStream:75 - [STDERR_REDIRECT] 
2026-01-21 21:04:10,627 [ERROR] LogOutputStream:75 - [STDERR_REDIRECT] [Fatal Error] :1:1: Premature end of file.
2026-01-21 21:04:10,627 [ERROR] LogOutputStream:75 - [STDERR_REDIRECT] 
2026-01-21 21:04:11,633 [ERROR] LogOutputStream:75 - [STDERR_REDIRECT] [Fatal Error] :1:1: Premature end of file.
2026-01-21 21:04:11,633 [ERROR] LogOutputStream:75 - [STDERR_REDIRECT] 
2026-01-21 21:04:12,634 [ERROR] LogOutputStream:75 - [STDERR_REDIRECT] [Fatal Error] :1:1: Premature end of file.
2026-01-21 21:04:12,634 [ERROR] LogOutputStream:75 - [STDERR_REDIRECT] 
2026-01-21 21:04:13,620 [ERROR] LogOutputStream:75 - [STDERR_REDIRECT] [Fatal Error] :1:1: Premature end of file.
2026-01-21 21:04:13,620 [ERROR] LogOutputStream:75 - [STDERR_REDIRECT] 
2026-01-21 21:04:14,631 [ERROR] LogOutputStream:75 - [STDERR_REDIRECT] [Fatal Error] :1:1: Premature end of file.
2026-01-21 21:04:14,631 [ERROR] LogOutputStream:75 - [STDERR_REDIRECT] 
2026-01-21 21:04:15,633 [ERROR] LogOutputStream:75 - [STDERR_REDIRECT] [Fatal Error] :1:1: Premature end of file.
2026-01-21 21:04:15,633 [ERROR] LogOutputStream:75 - [STDERR_REDIRECT] 
2026-01-21 21:04:16,628 [ERROR] LogOutputStream:75 - [STDERR_REDIRECT] [Fatal Error] :1:1: Premature end of file.
2026-01-21 21:04:16,628 [ERROR] LogOutputStream:75 - [STDERR_REDIRECT] 
2026-01-21 21:04:17,633 [ERROR] LogOutputStream:75 - [STDERR_REDIRECT] [Fatal Error] :1:1: Premature end of file.
2026-01-21 21:04:17,633 [ERROR] LogOutputStream:75 - [STDERR_REDIRECT] 
2026-01-21 21:04:18,635 [ERROR] LogOutputStream:75 - [STDERR_REDIRECT] [Fatal Error] :1:1: Premature end of file.
2026-01-21 21:04:18,635 [ERROR] LogOutputStream:75 - [STDERR_REDIRECT] 
2026-01-21 21:04:19,648 [ERROR] LogOutputStream:75 - [STDERR_REDIRECT] [Fatal Error] :1:1: Premature end of file.
2026-01-21 21:04:19,648 [ERROR] LogOutputStream:75 - [STDERR_REDIRECT] 
2026-01-21 21:04:20,630 [ERROR] LogOutputStream:75 - [STDERR_REDIRECT] [Fatal Error] :1:1: Premature end of file.
2026-01-21 21:04:20,630 [ERROR] LogOutputStream:75 - [STDERR_REDIRECT] 
2026-01-21 21:04:21,633 [ERROR] LogOutputStream:75 - [STDERR_REDIRECT] [Fatal Error] :1:1: Premature end of file.
2026-01-21 21:04:21,633 [ERROR] LogOutputStream:75 - [STDERR_REDIRECT] 
2026-01-21 21:04:22,635 [ERROR] LogOutputStream:75 - [STDERR_REDIRECT] [Fatal Error] :1:1: Premature end of file.
2026-01-21 21:04:22,636 [ERROR] LogOutputStream:75 - [STDERR_REDIRECT] 
2026-01-21 21:04:23,633 [ERROR] LogOutputStream:75 - [STDERR_REDIRECT] [Fatal Error] :1:1: Premature end of file.
2026-01-21 21:04:23,633 [ERROR] LogOutputStream:75 - [STDERR_REDIRECT] 
2026-01-21 21:04:24,632 [ERROR] LogOutputStream:75 - [STDERR_REDIRECT] [Fatal Error] :1:1: Premature end of file.
2026-01-21 21:04:24,632 [ERROR] LogOutputStream:75 - [STDERR_REDIRECT] 
2026-01-21 21:04:25,632 [ERROR] LogOutputStream:75 - [STDERR_REDIRECT] [Fatal Error] :1:1: Premature end of file.
2026-01-21 21:04:25,632 [ERROR] LogOutputStream:75 - [STDERR_REDIRECT] 
2026-01-21 21:04:26,632 [ERROR] LogOutputStream:75 - [STDERR_REDIRECT] [Fatal Error] :1:1: Premature end of file.
2026-01-21 21:04:26,632 [ERROR] LogOutputStream:75 - [STDERR_REDIRECT] 
2026-01-21 21:04:27,631 [ERROR] LogOutputStream:75 - [STDERR_REDIRECT] [Fatal Error] :1:1: Premature end of file.
2026-01-21 21:04:27,631 [ERROR] LogOutputStream:75 - [STDERR_REDIRECT] 
2026-01-21 21:04:28,635 [ERROR] LogOutputStream:75 - [STDERR_REDIRECT] [Fatal Error] :1:1: Premature end of file.
2026-01-21 21:04:28,635 [ERROR] LogOutputStream:75 - [STDERR_REDIRECT] 
2026-01-21 21:04:29,654 [ERROR] LogOutputStream:75 - [STDERR_REDIRECT] [Fatal Error] :1:1: Premature end of file.
2026-01-21 21:04:29,654 [ERROR] LogOutputStream:75 - [STDERR_REDIRECT] 
2026-01-21 21:04:30,634 [ERROR] LogOutputStream:75 - [STDERR_REDIRECT] [Fatal Error] :1:1: Premature end of file.
2026-01-21 21:04:30,634 [ERROR] LogOutputStream:75 - [STDERR_REDIRECT] 
2026-01-21 21:04:31,637 [ERROR] LogOutputStream:75 - [STDERR_REDIRECT] [Fatal Error] :1:1: Premature end of file.
2026-01-21 21:04:31,637 [ERROR] LogOutputStream:75 - [STDERR_REDIRECT] 
2026-01-21 21:04:32,626 [ERROR] LogOutputStream:75 - [STDERR_REDIRECT] [Fatal Error] :1:1: Premature end of file.
2026-01-21 21:04:32,626 [ERROR] LogOutputStream:75 - [STDERR_REDIRECT] 
2026-01-21 21:04:33,651 [ERROR] LogOutputStream:75 - [STDERR_REDIRECT] [Fatal Error] :1:1: Premature end of file.
2026-01-21 21:04:33,651 [ERROR] LogOutputStream:75 - [STDERR_REDIRECT] 
2026-01-21 21:04:34,634 [ERROR] LogOutputStream:75 - [STDERR_REDIRECT] [Fatal Error] :1:1: Premature end of file.
2026-01-21 21:04:34,634 [ERROR] LogOutputStream:75 - [STDERR_REDIRECT] 
2026-01-21 21:04:35,663 [ERROR] LogOutputStream:75 - [STDERR_REDIRECT] [Fatal Error] :1:1: Premature end of file.
2026-01-21 21:04:35,663 [ERROR] LogOutputStream:75 - [STDERR_REDIRECT] 
2026-01-21 21:04:36,639 [ERROR] LogOutputStream:75 - [STDERR_REDIRECT] [Fatal Error] :1:1: Premature end of file.
2026-01-21 21:04:36,640 [ERROR] LogOutputStream:75 - [STDERR_REDIRECT] 
2026-01-21 21:04:37,634 [ERROR] LogOutputStream:75 - [STDERR_REDIRECT] [Fatal Error] :1:1: Premature end of file.
2026-01-21 21:04:37,635 [ERROR] LogOutputStream:75 - [STDERR_REDIRECT] 
2026-01-21 21:04:38,641 [ERROR] LogOutputStream:75 - [STDERR_REDIRECT] [Fatal Error] :1:1: Premature end of file.
2026-01-21 21:04:38,641 [ERROR] LogOutputStream:75 - [STDERR_REDIRECT] 
2026-01-21 21:04:39,632 [ERROR] LogOutputStream:75 - [STDERR_REDIRECT] [Fatal Error] :1:1: Premature end of file.
2026-01-21 21:04:39,632 [ERROR] LogOutputStream:75 - [STDERR_REDIRECT] 
2026-01-21 21:04:40,646 [ERROR] LogOutputStream:75 - [STDERR_REDIRECT] [Fatal Error] :1:1: Premature end of file.
2026-01-21 21:04:40,646 [ERROR] LogOutputStream:75 - [STDERR_REDIRECT] 
2026-01-21 21:04:41,642 [ERROR] LogOutputStream:75 - [STDERR_REDIRECT] [Fatal Error] :1:1: Premature end of file.
2026-01-21 21:04:41,642 [ERROR] LogOutputStream:75 - [STDERR_REDIRECT] 
2026-01-21 21:04:42,639 [ERROR] LogOutputStream:75 - [STDERR_REDIRECT] [Fatal Error] :1:1: Premature end of file.
2026-01-21 21:04:42,639 [ERROR] LogOutputStream:75 - [STDERR_REDIRECT] 
2026-01-21 21:04:43,621 [ERROR] LogOutputStream:75 - [STDERR_REDIRECT] [Fatal Error] :1:1: Premature end of file.
2026-01-21 21:04:43,621 [ERROR] LogOutputStream:75 - [STDERR_REDIRECT] 
2026-01-21 21:04:44,637 [ERROR] LogOutputStream:75 - [STDERR_REDIRECT] [Fatal Error] :1:1: Premature end of file.
2026-01-21 21:04:44,637 [ERROR] LogOutputStream:75 - [STDERR_REDIRECT] 
2026-01-21 21:04:45,639 [ERROR] LogOutputStream:75 - [STDERR_REDIRECT] [Fatal Error] :1:1: Premature end of file.
2026-01-21 21:04:45,639 [ERROR] LogOutputStream:75 - [STDERR_REDIRECT] 
2026-01-21 21:04:46,643 [ERROR] LogOutputStream:75 - [STDERR_REDIRECT] [Fatal Error] :1:1: Premature end of file.
2026-01-21 21:04:46,643 [ERROR] LogOutputStream:75 - [STDERR_REDIRECT] 
2026-01-21 21:04:47,639 [ERROR] LogOutputStream:75 - [STDERR_REDIRECT] [Fatal Error] :1:1: Premature end of file.
2026-01-21 21:04:47,640 [ERROR] LogOutputStream:75 - [STDERR_REDIRECT] 
2026-01-21 21:04:48,623 [ERROR] LogOutputStream:75 - [STDERR_REDIRECT] [Fatal Error] :1:1: Premature end of file.
2026-01-21 21:04:48,623 [ERROR] LogOutputStream:75 - [STDERR_REDIRECT] 
2026-01-21 21:04:49,622 [ERROR] LogOutputStream:75 - [STDERR_REDIRECT] [Fatal Error] :1:1: Premature end of file.
2026-01-21 21:04:49,622 [ERROR] LogOutputStream:75 - [STDERR_REDIRECT] 
2026-01-21 21:04:50,638 [ERROR] LogOutputStream:75 - [STDERR_REDIRECT] [Fatal Error] :1:1: Premature end of file.
2026-01-21 21:04:50,638 [ERROR] LogOutputStream:75 - [STDERR_REDIRECT] 
2026-01-21 21:04:51,622 [ERROR] LogOutputStream:75 - [STDERR_REDIRECT] [Fatal Error] :1:1: Premature end of file.
2026-01-21 21:04:51,638 [ERROR] LogOutputStream:75 - [STDERR_REDIRECT] 
2026-01-21 21:04:52,638 [ERROR] LogOutputStream:75 - [STDERR_REDIRECT] [Fatal Error] :1:1: Premature end of file.
2026-01-21 21:04:52,638 [ERROR] LogOutputStream:75 - [STDERR_REDIRECT] 
2026-01-21 21:04:53,637 [ERROR] LogOutputStream:75 - [STDERR_REDIRECT] [Fatal Error] :1:1: Premature end of file.
2026-01-21 21:04:53,637 [ERROR] LogOutputStream:75 - [STDERR_REDIRECT] 
2026-01-21 21:04:54,638 [ERROR] LogOutputStream:75 - [STDERR_REDIRECT] [Fatal Error] :1:1: Premature end of file.
2026-01-21 21:04:54,638 [ERROR] LogOutputStream:75 - [STDERR_REDIRECT] 
2026-01-21 21:04:55,641 [ERROR] LogOutputStream:75 - [STDERR_REDIRECT] [Fatal Error] :1:1: Premature end of file.
2026-01-21 21:04:55,641 [ERROR] LogOutputStream:75 - [STDERR_REDIRECT] 
2026-01-21 21:04:56,640 [ERROR] LogOutputStream:75 - [STDERR_REDIRECT] [Fatal Error] :1:1: Premature end of file.
2026-01-21 21:04:56,640 [ERROR] LogOutputStream:75 - [STDERR_REDIRECT] 
2026-01-21 21:04:57,638 [ERROR] LogOutputStream:75 - [STDERR_REDIRECT] [Fatal Error] :1:1: Premature end of file.
2026-01-21 21:04:57,638 [ERROR] LogOutputStream:75 - [STDERR_REDIRECT] 
2026-01-21 21:04:58,639 [ERROR] LogOutputStream:75 - [STDERR_REDIRECT] [Fatal Error] :1:1: Premature end of file.
2026-01-21 21:04:58,639 [ERROR] LogOutputStream:75 - [STDERR_REDIRECT] 
2026-01-21 21:04:59,638 [ERROR] LogOutputStream:75 - [STDERR_REDIRECT] [Fatal Error] :1:1: Premature end of file.
2026-01-21 21:04:59,638 [ERROR] LogOutputStream:75 - [STDERR_REDIRECT] 
2026-01-21 21:05:00,652 [ERROR] LogOutputStream:75 - [STDERR_REDIRECT] [Fatal Error] :1:1: Premature end of file.
2026-01-21 21:05:00,652 [ERROR] LogOutputStream:75 - [STDERR_REDIRECT] 
2026-01-21 21:05:01,672 [ERROR] LogOutputStream:75 - [STDERR_REDIRECT] [Fatal Error] :1:1: Premature end of file.
2026-01-21 21:05:01,672 [ERROR] LogOutputStream:75 - [STDERR_REDIRECT] 
2026-01-21 21:05:02,622 [ERROR] LogOutputStream:75 - [STDERR_REDIRECT] [Fatal Error] :1:1: Premature end of file.
2026-01-21 21:05:02,622 [ERROR] LogOutputStream:75 - [STDERR_REDIRECT] 
2026-01-21 21:05:03,672 [ERROR] LogOutputStream:75 - [STDERR_REDIRECT] [Fatal Error] :1:1: Premature end of file.
2026-01-21 21:05:03,672 [ERROR] LogOutputStream:75 - [STDERR_REDIRECT] 
2026-01-21 21:05:04,651 [ERROR] LogOutputStream:75 - [STDERR_REDIRECT] [Fatal Error] :1:1: Premature end of file.
2026-01-21 21:05:04,651 [ERROR] LogOutputStream:75 - [STDERR_REDIRECT] 
2026-01-21 21:05:05,658 [ERROR] LogOutputStream:75 - [STDERR_REDIRECT] [Fatal Error] :1:1: Premature end of file.
2026-01-21 21:05:05,658 [ERROR] LogOutputStream:75 - [STDERR_REDIRECT] 
2026-01-21 21:05:06,635 [ERROR] LogOutputStream:75 - [STDERR_REDIRECT] [Fatal Error] :1:1: Premature end of file.
2026-01-21 21:05:06,636 [ERROR] LogOutputStream:75 - [STDERR_REDIRECT] 
2026-01-21 21:05:07,624 [ERROR] LogOutputStream:75 - [STDERR_REDIRECT] [Fatal Error] :1:1: Premature end of file.
2026-01-21 21:05:07,624 [ERROR] LogOutputStream:75 - [STDERR_REDIRECT] 
2026-01-21 21:05:08,627 [ERROR] LogOutputStream:75 - [STDERR_REDIRECT] [Fatal Error] :1:1: Premature end of file.
2026-01-21 21:05:08,627 [ERROR] LogOutputStream:75 - [STDERR_REDIRECT] 
2026-01-21 21:05:09,623 [ERROR] LogOutputStream:75 - [STDERR_REDIRECT] [Fatal Error] :1:1: Premature end of file.
2026-01-21 21:05:09,623 [ERROR] LogOutputStream:75 - [STDERR_REDIRECT] 
2026-01-21 21:05:10,621 [ERROR] LogOutputStream:75 - [STDERR_REDIRECT] [Fatal Error] :1:1: Premature end of file.
2026-01-21 21:05:10,621 [ERROR] LogOutputStream:75 - [STDERR_REDIRECT] 
2026-01-21 21:05:11,634 [ERROR] LogOutputStream:75 - [STDERR_REDIRECT] [Fatal Error] :1:1: Premature end of file.
2026-01-21 21:05:11,634 [ERROR] LogOutputStream:75 - [STDERR_REDIRECT] 
2026-01-21 21:05:12,631 [ERROR] LogOutputStream:75 - [STDERR_REDIRECT] [Fatal Error] :1:1: Premature end of file.
2026-01-21 21:05:12,631 [ERROR] LogOutputStream:75 - [STDERR_REDIRECT] 
2026-01-21 21:05:13,631 [ERROR] LogOutputStream:75 - [STDERR_REDIRECT] [Fatal Error] :1:1: Premature end of file.
2026-01-21 21:05:13,631 [ERROR] LogOutputStream:75 - [STDERR_REDIRECT] 
2026-01-21 21:05:14,628 [ERROR] LogOutputStream:75 - [STDERR_REDIRECT] [Fatal Error] :1:1: Premature end of file.
2026-01-21 21:05:14,628 [ERROR] LogOutputStream:75 - [STDERR_REDIRECT] 
2026-01-21 21:05:15,624 [ERROR] LogOutputStream:75 - [STDERR_REDIRECT] [Fatal Error] :1:1: Premature end of file.
2026-01-21 21:05:15,624 [ERROR] LogOutputStream:75 - [STDERR_REDIRECT] 
2026-01-21 21:05:16,625 [ERROR] LogOutputStream:75 - [STDERR_REDIRECT] [Fatal Error] :1:1: Premature end of file.
2026-01-21 21:05:16,625 [ERROR] LogOutputStream:75 - [STDERR_REDIRECT] 
2026-01-21 21:05:17,638 [ERROR] LogOutputStream:75 - [STDERR_REDIRECT] [Fatal Error] :1:1: Premature end of file.
2026-01-21 21:05:17,638 [ERROR] LogOutputStream:75 - [STDERR_REDIRECT] 
2026-01-21 21:05:18,631 [ERROR] LogOutputStream:75 - [STDERR_REDIRECT] [Fatal Error] :1:1: Premature end of file.
2026-01-21 21:05:18,631 [ERROR] LogOutputStream:75 - [STDERR_REDIRECT] 
2026-01-21 21:05:19,628 [ERROR] LogOutputStream:75 - [STDERR_REDIRECT] [Fatal Error] :1:1: Premature end of file.
2026-01-21 21:05:19,628 [ERROR] LogOutputStream:75 - [STDERR_REDIRECT] 
2026-01-21 21:05:20,641 [ERROR] LogOutputStream:75 - [STDERR_REDIRECT] [Fatal Error] :1:1: Premature end of file.
2026-01-21 21:05:20,641 [ERROR] LogOutputStream:75 - [STDERR_REDIRECT] 
2026-01-21 21:05:21,629 [ERROR] LogOutputStream:75 - [STDERR_REDIRECT] [Fatal Error] :1:1: Premature end of file.
2026-01-21 21:05:21,629 [ERROR] LogOutputStream:75 - [STDERR_REDIRECT] 
2026-01-21 21:05:22,626 [ERROR] LogOutputStream:75 - [STDERR_REDIRECT] [Fatal Error] :1:1: Premature end of file.
2026-01-21 21:05:22,626 [ERROR] LogOutputStream:75 - [STDERR_REDIRECT] 
2026-01-21 21:05:23,624 [ERROR] LogOutputStream:75 - [STDERR_REDIRECT] [Fatal Error] :1:1: Premature end of file.
2026-01-21 21:05:23,624 [ERROR] LogOutputStream:75 - [STDERR_REDIRECT] 
2026-01-21 21:05:24,635 [ERROR] LogOutputStream:75 - [STDERR_REDIRECT] [Fatal Error] :1:1: Premature end of file.
2026-01-21 21:05:24,635 [ERROR] LogOutputStream:75 - [STDERR_REDIRECT] 
2026-01-21 21:05:25,633 [ERROR] LogOutputStream:75 - [STDERR_REDIRECT] [Fatal Error] :1:1: Premature end of file.
2026-01-21 21:05:25,633 [ERROR] LogOutputStream:75 - [STDERR_REDIRECT] 
2026-01-21 21:05:26,624 [ERROR] LogOutputStream:75 - [STDERR_REDIRECT] [Fatal Error] :1:1: Premature end of file.
2026-01-21 21:05:26,624 [ERROR] LogOutputStream:75 - [STDERR_REDIRECT] 
2026-01-21 21:05:27,635 [ERROR] LogOutputStream:75 - [STDERR_REDIRECT] [Fatal Error] :1:1: Premature end of file.
2026-01-21 21:05:27,635 [ERROR] LogOutputStream:75 - [STDERR_REDIRECT] 
2026-01-21 21:05:28,625 [ERROR] LogOutputStream:75 - [STDERR_REDIRECT] [Fatal Error] :1:1: Premature end of file.
2026-01-21 21:05:28,625 [ERROR] LogOutputStream:75 - [STDERR_REDIRECT] 
2026-01-21 21:05:29,624 [ERROR] LogOutputStream:75 - [STDERR_REDIRECT] [Fatal Error] :1:1: Premature end of file.
2026-01-21 21:05:29,624 [ERROR] LogOutputStream:75 - [STDERR_REDIRECT] 
2026-01-21 21:05:30,628 [ERROR] LogOutputStream:75 - [STDERR_REDIRECT] [Fatal Error] :1:1: Premature end of file.
2026-01-21 21:05:30,628 [ERROR] LogOutputStream:75 - [STDERR_REDIRECT] 
2026-01-21 21:05:31,622 [ERROR] LogOutputStream:75 - [STDERR_REDIRECT] [Fatal Error] :1:1: Premature end of file.
2026-01-21 21:05:31,622 [ERROR] LogOutputStream:75 - [STDERR_REDIRECT] 
2026-01-21 21:05:32,623 [ERROR] LogOutputStream:75 - [STDERR_REDIRECT] [Fatal Error] :1:1: Premature end of file.
2026-01-21 21:05:32,623 [ERROR] LogOutputStream:75 - [STDERR_REDIRECT] 
2026-01-21 21:05:33,628 [ERROR] LogOutputStream:75 - [STDERR_REDIRECT] [Fatal Error] :1:1: Premature end of file.
2026-01-21 21:05:33,628 [ERROR] LogOutputStream:75 - [STDERR_REDIRECT] 
2026-01-21 21:05:34,624 [ERROR] LogOutputStream:75 - [STDERR_REDIRECT] [Fatal Error] :1:1: Premature end of file.
2026-01-21 21:05:34,624 [ERROR] LogOutputStream:75 - [STDERR_REDIRECT] 
2026-01-21 21:05:35,629 [ERROR] LogOutputStream:75 - [STDERR_REDIRECT] [Fatal Error] :1:1: Premature end of file.
2026-01-21 21:05:35,629 [ERROR] LogOutputStream:75 - [STDERR_REDIRECT] 
2026-01-21 21:05:36,623 [ERROR] LogOutputStream:75 - [STDERR_REDIRECT] [Fatal Error] :1:1: Premature end of file.
2026-01-21 21:05:36,623 [ERROR] LogOutputStream:75 - [STDERR_REDIRECT] 
2026-01-21 21:05:37,629 [ERROR] LogOutputStream:75 - [STDERR_REDIRECT] [Fatal Error] :1:1: Premature end of file.
2026-01-21 21:05:37,629 [ERROR] LogOutputStream:75 - [STDERR_REDIRECT] 
2026-01-21 21:05:38,627 [ERROR] LogOutputStream:75 - [STDERR_REDIRECT] [Fatal Error] :1:1: Premature end of file.
2026-01-21 21:05:38,627 [ERROR] LogOutputStream:75 - [STDERR_REDIRECT] 
2026-01-21 21:05:39,624 [ERROR] LogOutputStream:75 - [STDERR_REDIRECT] [Fatal Error] :1:1: Premature end of file.
2026-01-21 21:05:39,624 [ERROR] LogOutputStream:75 - [STDERR_REDIRECT] 
2026-01-21 21:05:40,628 [ERROR] LogOutputStream:75 - [STDERR_REDIRECT] [Fatal Error] :1:1: Premature end of file.
2026-01-21 21:05:40,628 [ERROR] LogOutputStream:75 - [STDERR_REDIRECT] 
2026-01-21 21:05:41,627 [ERROR] LogOutputStream:75 - [STDERR_REDIRECT] [Fatal Error] :1:1: Premature end of file.
2026-01-21 21:05:41,627 [ERROR] LogOutputStream:75 - [STDERR_REDIRECT] 
2026-01-21 21:05:42,624 [ERROR] LogOutputStream:75 - [STDERR_REDIRECT] [Fatal Error] :1:1: Premature end of file.
2026-01-21 21:05:42,624 [ERROR] LogOutputStream:75 - [STDERR_REDIRECT] 
2026-01-21 21:05:43,624 [ERROR] LogOutputStream:75 - [STDERR_REDIRECT] [Fatal Error] :1:1: Premature end of file.
2026-01-21 21:05:43,624 [ERROR] LogOutputStream:75 - [STDERR_REDIRECT] 
2026-01-21 21:05:44,624 [ERROR] LogOutputStream:75 - [STDERR_REDIRECT] [Fatal Error] :1:1: Premature end of file.
2026-01-21 21:05:44,624 [ERROR] LogOutputStream:75 - [STDERR_REDIRECT] 
2026-01-21 21:05:45,624 [ERROR] LogOutputStream:75 - [STDERR_REDIRECT] [Fatal Error] :1:1: Premature end of file.
2026-01-21 21:05:45,624 [ERROR] LogOutputStream:75 - [STDERR_REDIRECT] 
2026-01-21 21:05:46,636 [ERROR] LogOutputStream:75 - [STDERR_REDIRECT] [Fatal Error] :1:1: Premature end of file.
2026-01-21 21:05:46,636 [ERROR] LogOutputStream:75 - [STDERR_REDIRECT] 
2026-01-21 21:05:47,625 [ERROR] LogOutputStream:75 - [STDERR_REDIRECT] [Fatal Error] :1:1: Premature end of file.
2026-01-21 21:05:47,625 [ERROR] LogOutputStream:75 - [STDERR_REDIRECT] 
2026-01-21 21:05:48,668 [ERROR] LogOutputStream:75 - [STDERR_REDIRECT] [Fatal Error] :1:1: Premature end of file.
2026-01-21 21:05:48,668 [ERROR] LogOutputStream:75 - [STDERR_REDIRECT] 
2026-01-21 21:05:49,624 [ERROR] LogOutputStream:75 - [STDERR_REDIRECT] [Fatal Error] :1:1: Premature end of file.
2026-01-21 21:05:49,624 [ERROR] LogOutputStream:75 - [STDERR_REDIRECT] 
2026-01-21 21:05:50,625 [ERROR] LogOutputStream:75 - [STDERR_REDIRECT] [Fatal Error] :1:1: Premature end of file.
2026-01-21 21:05:50,625 [ERROR] LogOutputStream:75 - [STDERR_REDIRECT] 
2026-01-21 21:05:51,624 [ERROR] LogOutputStream:75 - [STDERR_REDIRECT] [Fatal Error] :1:1: Premature end of file.
2026-01-21 21:05:51,624 [ERROR] LogOutputStream:75 - [STDERR_REDIRECT] 
2026-01-21 21:05:52,634 [ERROR] LogOutputStream:75 - [STDERR_REDIRECT] [Fatal Error] :1:1: Premature end of file.
2026-01-21 21:05:52,634 [ERROR] LogOutputStream:75 - [STDERR_REDIRECT] 
2026-01-21 21:05:53,626 [ERROR] LogOutputStream:75 - [STDERR_REDIRECT] [Fatal Error] :1:1: Premature end of file.
2026-01-21 21:05:53,626 [ERROR] LogOutputStream:75 - [STDERR_REDIRECT] 
2026-01-21 21:05:54,625 [ERROR] LogOutputStream:75 - [STDERR_REDIRECT] [Fatal Error] :1:1: Premature end of file.
2026-01-21 21:05:54,625 [ERROR] LogOutputStream:75 - [STDERR_REDIRECT] 
2026-01-21 21:05:55,625 [ERROR] LogOutputStream:75 - [STDERR_REDIRECT] [Fatal Error] :1:1: Premature end of file.
2026-01-21 21:05:55,625 [ERROR] LogOutputStream:75 - [STDERR_REDIRECT] 
2026-01-21 21:05:56,624 [ERROR] LogOutputStream:75 - [STDERR_REDIRECT] [Fatal Error] :1:1: Premature end of file.
2026-01-21 21:05:56,624 [ERROR] LogOutputStream:75 - [STDERR_REDIRECT] 
2026-01-21 21:05:57,634 [ERROR] LogOutputStream:75 - [STDERR_REDIRECT] [Fatal Error] :1:1: Premature end of file.
2026-01-21 21:05:57,634 [ERROR] LogOutputStream:75 - [STDERR_REDIRECT] 
2026-01-21 21:05:58,623 [ERROR] LogOutputStream:75 - [STDERR_REDIRECT] [Fatal Error] :1:1: Premature end of file.
2026-01-21 21:05:58,623 [ERROR] LogOutputStream:75 - [STDERR_REDIRECT] 
2026-01-21 21:05:59,625 [ERROR] LogOutputStream:75 - [STDERR_REDIRECT] [Fatal Error] :1:1: Premature end of file.
2026-01-21 21:05:59,625 [ERROR] LogOutputStream:75 - [STDERR_REDIRECT] 
2026-01-21 21:06:00,625 [ERROR] LogOutputStream:75 - [STDERR_REDIRECT] [Fatal Error] :1:1: Premature end of file.
2026-01-21 21:06:00,625 [ERROR] LogOutputStream:75 - [STDERR_REDIRECT] 
2026-01-21 21:06:01,638 [ERROR] LogOutputStream:75 - [STDERR_REDIRECT] [Fatal Error] :1:1: Premature end of file.
2026-01-21 21:06:01,638 [ERROR] LogOutputStream:75 - [STDERR_REDIRECT] 
2026-01-21 21:06:02,625 [ERROR] LogOutputStream:75 - [STDERR_REDIRECT] [Fatal Error] :1:1: Premature end of file.
2026-01-21 21:06:02,625 [ERROR] LogOutputStream:75 - [STDERR_REDIRECT] 
2026-01-21 21:06:03,645 [ERROR] LogOutputStream:75 - [STDERR_REDIRECT] [Fatal Error] :1:1: Premature end of file.
2026-01-21 21:06:03,645 [ERROR] LogOutputStream:75 - [STDERR_REDIRECT] 
2026-01-21 21:06:04,627 [ERROR] LogOutputStream:75 - [STDERR_REDIRECT] [Fatal Error] :1:1: Premature end of file.
2026-01-21 21:06:04,627 [ERROR] LogOutputStream:75 - [STDERR_REDIRECT] 
2026-01-21 21:06:05,626 [ERROR] LogOutputStream:75 - [STDERR_REDIRECT] [Fatal Error] :1:1: Premature end of file.
2026-01-21 21:06:05,626 [ERROR] LogOutputStream:75 - [STDERR_REDIRECT] 
2026-01-21 21:06:06,625 [ERROR] LogOutputStream:75 - [STDERR_REDIRECT] [Fatal Error] :1:1: Premature end of file.
2026-01-21 21:06:06,625 [ERROR] LogOutputStream:75 - [STDERR_REDIRECT] 
2026-01-21 21:06:07,627 [ERROR] LogOutputStream:75 - [STDERR_REDIRECT] [Fatal Error] :1:1: Premature end of file.
2026-01-21 21:06:07,627 [ERROR] LogOutputStream:75 - [STDERR_REDIRECT] 
2026-01-21 21:06:08,631 [ERROR] LogOutputStream:75 - [STDERR_REDIRECT] [Fatal Error] :1:1: Premature end of file.
2026-01-21 21:06:08,631 [ERROR] LogOutputStream:75 - [STDERR_REDIRECT] 
2026-01-21 21:06:09,625 [ERROR] LogOutputStream:75 - [STDERR_REDIRECT] [Fatal Error] :1:1: Premature end of file.
2026-01-21 21:06:09,625 [ERROR] LogOutputStream:75 - [STDERR_REDIRECT] 
2026-01-21 21:06:10,633 [ERROR] LogOutputStream:75 - [STDERR_REDIRECT] [Fatal Error] :1:1: Premature end of file.
2026-01-21 21:06:10,633 [ERROR] LogOutputStream:75 - [STDERR_REDIRECT] 
2026-01-21 21:06:11,627 [ERROR] LogOutputStream:75 - [STDERR_REDIRECT] [Fatal Error] :1:1: Premature end of file.
2026-01-21 21:06:11,627 [ERROR] LogOutputStream:75 - [STDERR_REDIRECT] 
2026-01-21 21:06:12,625 [ERROR] LogOutputStream:75 - [STDERR_REDIRECT] [Fatal Error] :1:1: Premature end of file.
2026-01-21 21:06:12,625 [ERROR] LogOutputStream:75 - [STDERR_REDIRECT] 
2026-01-21 21:06:13,627 [ERROR] LogOutputStream:75 - [STDERR_REDIRECT] [Fatal Error] :1:1: Premature end of file.
2026-01-21 21:06:13,627 [ERROR] LogOutputStream:75 - [STDERR_REDIRECT] 
2026-01-21 21:06:14,626 [ERROR] LogOutputStream:75 - [STDERR_REDIRECT] [Fatal Error] :1:1: Premature end of file.
2026-01-21 21:06:14,626 [ERROR] LogOutputStream:75 - [STDERR_REDIRECT] 
2026-01-21 21:06:15,625 [ERROR] LogOutputStream:75 - [STDERR_REDIRECT] [Fatal Error] :1:1: Premature end of file.
2026-01-21 21:06:15,625 [ERROR] LogOutputStream:75 - [STDERR_REDIRECT] 
2026-01-21 21:06:16,625 [ERROR] LogOutputStream:75 - [STDERR_REDIRECT] [Fatal Error] :1:1: Premature end of file.
2026-01-21 21:06:16,625 [ERROR] LogOutputStream:75 - [STDERR_REDIRECT] 
2026-01-21 21:06:17,625 [ERROR] LogOutputStream:75 - [STDERR_REDIRECT] [Fatal Error] :1:1: Premature end of file.
2026-01-21 21:06:17,625 [ERROR] LogOutputStream:75 - [STDERR_REDIRECT] 
2026-01-21 21:06:18,626 [ERROR] LogOutputStream:75 - [STDERR_REDIRECT] [Fatal Error] :1:1: Premature end of file.
2026-01-21 21:06:18,626 [ERROR] LogOutputStream:75 - [STDERR_REDIRECT] 
2026-01-21 21:06:19,628 [ERROR] LogOutputStream:75 - [STDERR_REDIRECT] [Fatal Error] :1:1: Premature end of file.
2026-01-21 21:06:19,628 [ERROR] LogOutputStream:75 - [STDERR_REDIRECT] 
2026-01-21 21:06:20,642 [ERROR] LogOutputStream:75 - [STDERR_REDIRECT] [Fatal Error] :1:1: Premature end of file.
2026-01-21 21:06:20,642 [ERROR] LogOutputStream:75 - [STDERR_REDIRECT] 
2026-01-21 21:06:21,625 [ERROR] LogOutputStream:75 - [STDERR_REDIRECT] [Fatal Error] :1:1: Premature end of file.
2026-01-21 21:06:21,625 [ERROR] LogOutputStream:75 - [STDERR_REDIRECT] 
2026-01-21 21:06:22,625 [ERROR] LogOutputStream:75 - [STDERR_REDIRECT] [Fatal Error] :1:1: Premature end of file.
2026-01-21 21:06:22,625 [ERROR] LogOutputStream:75 - [STDERR_REDIRECT] 
2026-01-21 21:06:23,625 [ERROR] LogOutputStream:75 - [STDERR_REDIRECT] [Fatal Error] :1:1: Premature end of file.
2026-01-21 21:06:23,625 [ERROR] LogOutputStream:75 - [STDERR_REDIRECT] 
2026-01-21 21:06:24,626 [ERROR] LogOutputStream:75 - [STDERR_REDIRECT] [Fatal Error] :1:1: Premature end of file.
2026-01-21 21:06:24,626 [ERROR] LogOutputStream:75 - [STDERR_REDIRECT] 
2026-01-21 21:06:25,626 [ERROR] LogOutputStream:75 - [STDERR_REDIRECT] [Fatal Error] :1:1: Premature end of file.
2026-01-21 21:06:25,626 [ERROR] LogOutputStream:75 - [STDERR_REDIRECT] 
2026-01-21 21:06:26,635 [ERROR] LogOutputStream:75 - [STDERR_REDIRECT] [Fatal Error] :1:1: Premature end of file.
2026-01-21 21:06:26,635 [ERROR] LogOutputStream:75 - [STDERR_REDIRECT] 
2026-01-21 21:06:27,634 [ERROR] LogOutputStream:75 - [STDERR_REDIRECT] [Fatal Error] :1:1: Premature end of file.
2026-01-21 21:06:27,634 [ERROR] LogOutputStream:75 - [STDERR_REDIRECT] 
2026-01-21 21:06:28,635 [ERROR] LogOutputStream:75 - [STDERR_REDIRECT] [Fatal Error] :1:1: Premature end of file.
2026-01-21 21:06:28,635 [ERROR] LogOutputStream:75 - [STDERR_REDIRECT] 
2026-01-21 21:06:29,634 [ERROR] LogOutputStream:75 - [STDERR_REDIRECT] [Fatal Error] :1:1: Premature end of file.
2026-01-21 21:06:29,634 [ERROR] LogOutputStream:75 - [STDERR_REDIRECT] 
2026-01-21 21:06:30,629 [ERROR] LogOutputStream:75 - [STDERR_REDIRECT] [Fatal Error] :1:1: Premature end of file.
2026-01-21 21:06:30,629 [ERROR] LogOutputStream:75 - [STDERR_REDIRECT] 
2026-01-21 21:06:31,650 [ERROR] LogOutputStream:75 - [STDERR_REDIRECT] [Fatal Error] :1:1: Premature end of file.
2026-01-21 21:06:31,650 [ERROR] LogOutputStream:75 - [STDERR_REDIRECT] 
2026-01-21 21:06:32,631 [ERROR] LogOutputStream:75 - [STDERR_REDIRECT] [Fatal Error] :1:1: Premature end of file.
2026-01-21 21:06:32,631 [ERROR] LogOutputStream:75 - [STDERR_REDIRECT] 
2026-01-21 21:06:33,664 [ERROR] LogOutputStream:75 - [STDERR_REDIRECT] [Fatal Error] :1:1: Premature end of file.
2026-01-21 21:06:33,664 [ERROR] LogOutputStream:75 - [STDERR_REDIRECT] 
2026-01-21 21:06:34,636 [ERROR] LogOutputStream:75 - [STDERR_REDIRECT] [Fatal Error] :1:1: Premature end of file.
2026-01-21 21:06:34,636 [ERROR] LogOutputStream:75 - [STDERR_REDIRECT] 
2026-01-21 21:06:35,637 [ERROR] LogOutputStream:75 - [STDERR_REDIRECT] [Fatal Error] :1:1: Premature end of file.
2026-01-21 21:06:35,637 [ERROR] LogOutputStream:75 - [STDERR_REDIRECT] 
2026-01-21 21:06:36,635 [ERROR] LogOutputStream:75 - [STDERR_REDIRECT] [Fatal Error] :1:1: Premature end of file.
2026-01-21 21:06:36,635 [ERROR] LogOutputStream:75 - [STDERR_REDIRECT] 
2026-01-21 21:06:37,637 [ERROR] LogOutputStream:75 - [STDERR_REDIRECT] [Fatal Error] :1:1: Premature end of file.
2026-01-21 21:06:37,637 [ERROR] LogOutputStream:75 - [STDERR_REDIRECT] 
2026-01-21 21:06:38,626 [ERROR] LogOutputStream:75 - [STDERR_REDIRECT] [Fatal Error] :1:1: Premature end of file.
2026-01-21 21:06:38,626 [ERROR] LogOutputStream:75 - [STDERR_REDIRECT] 
2026-01-21 21:06:39,649 [ERROR] LogOutputStream:75 - [STDERR_REDIRECT] [Fatal Error] :1:1: Premature end of file.
2026-01-21 21:06:39,649 [ERROR] LogOutputStream:75 - [STDERR_REDIRECT] 
2026-01-21 21:06:40,654 [ERROR] LogOutputStream:75 - [STDERR_REDIRECT] [Fatal Error] :1:1: Premature end of file.
2026-01-21 21:06:40,654 [ERROR] LogOutputStream:75 - [STDERR_REDIRECT] 
2026-01-21 21:06:41,636 [ERROR] LogOutputStream:75 - [STDERR_REDIRECT] [Fatal Error] :1:1: Premature end of file.
2026-01-21 21:06:41,636 [ERROR] LogOutputStream:75 - [STDERR_REDIRECT] 
2026-01-21 21:06:42,646 [ERROR] LogOutputStream:75 - [STDERR_REDIRECT] [Fatal Error] :1:1: Premature end of file.
2026-01-21 21:06:42,646 [ERROR] LogOutputStream:75 - [STDERR_REDIRECT] 
2026-01-21 21:06:43,627 [ERROR] LogOutputStream:75 - [STDERR_REDIRECT] [Fatal Error] :1:1: Premature end of file.
2026-01-21 21:06:43,627 [ERROR] LogOutputStream:75 - [STDERR_REDIRECT] 
2026-01-21 21:06:44,628 [ERROR] LogOutputStream:75 - [STDERR_REDIRECT] [Fatal Error] :1:1: Premature end of file.
2026-01-21 21:06:44,628 [ERROR] LogOutputStream:75 - [STDERR_REDIRECT] 
2026-01-21 21:06:45,627 [ERROR] LogOutputStream:75 - [STDERR_REDIRECT] [Fatal Error] :1:1: Premature end of file.
2026-01-21 21:06:45,627 [ERROR] LogOutputStream:75 - [STDERR_REDIRECT] 
2026-01-21 21:06:46,628 [ERROR] LogOutputStream:75 - [STDERR_REDIRECT] [Fatal Error] :1:1: Premature end of file.
2026-01-21 21:06:46,628 [ERROR] LogOutputStream:75 - [STDERR_REDIRECT] 
2026-01-21 21:06:47,623 [ERROR] LogOutputStream:75 - [STDERR_REDIRECT] [Fatal Error] :1:1: Premature end of file.
2026-01-21 21:06:47,624 [ERROR] LogOutputStream:75 - [STDERR_REDIRECT] 
2026-01-21 21:06:48,625 [ERROR] LogOutputStream:75 - [STDERR_REDIRECT] [Fatal Error] :1:1: Premature end of file.
2026-01-21 21:06:48,625 [ERROR] LogOutputStream:75 - [STDERR_REDIRECT] 
2026-01-21 21:06:49,627 [ERROR] LogOutputStream:75 - [STDERR_REDIRECT] [Fatal Error] :1:1: Premature end of file.
2026-01-21 21:06:49,627 [ERROR] LogOutputStream:75 - [STDERR_REDIRECT] 
2026-01-21 21:06:50,626 [ERROR] LogOutputStream:75 - [STDERR_REDIRECT] [Fatal Error] :1:1: Premature end of file.
2026-01-21 21:06:50,626 [ERROR] LogOutputStream:75 - [STDERR_REDIRECT] 
2026-01-21 21:06:51,624 [ERROR] LogOutputStream:75 - [STDERR_REDIRECT] [Fatal Error] :1:1: Premature end of file.
2026-01-21 21:06:51,624 [ERROR] LogOutputStream:75 - [STDERR_REDIRECT] 
2026-01-21 21:06:52,636 [ERROR] LogOutputStream:75 - [STDERR_REDIRECT] [Fatal Error] :1:1: Premature end of file.
2026-01-21 21:06:52,636 [ERROR] LogOutputStream:75 - [STDERR_REDIRECT] 
2026-01-21 21:06:53,627 [ERROR] LogOutputStream:75 - [STDERR_REDIRECT] [Fatal Error] :1:1: Premature end of file.
2026-01-21 21:06:53,627 [ERROR] LogOutputStream:75 - [STDERR_REDIRECT] 
2026-01-21 21:06:54,624 [ERROR] LogOutputStream:75 - [STDERR_REDIRECT] [Fatal Error] :1:1: Premature end of file.
2026-01-21 21:06:54,625 [ERROR] LogOutputStream:75 - [STDERR_REDIRECT] 
2026-01-21 21:06:55,621 [ERROR] LogOutputStream:75 - [STDERR_REDIRECT] [Fatal Error] :1:1: Premature end of file.
2026-01-21 21:06:55,621 [ERROR] LogOutputStream:75 - [STDERR_REDIRECT] 
2026-01-21 21:06:56,635 [ERROR] LogOutputStream:75 - [STDERR_REDIRECT] [Fatal Error] :1:1: Premature end of file.
2026-01-21 21:06:56,635 [ERROR] LogOutputStream:75 - [STDERR_REDIRECT] 
2026-01-21 21:06:57,634 [ERROR] LogOutputStream:75 - [STDERR_REDIRECT] [Fatal Error] :1:1: Premature end of file.
2026-01-21 21:06:57,634 [ERROR] LogOutputStream:75 - [STDERR_REDIRECT] 
2026-01-21 21:06:58,636 [ERROR] LogOutputStream:75 - [STDERR_REDIRECT] [Fatal Error] :1:1: Premature end of file.
2026-01-21 21:06:58,637 [ERROR] LogOutputStream:75 - [STDERR_REDIRECT] 
2026-01-21 21:06:59,626 [ERROR] LogOutputStream:75 - [STDERR_REDIRECT] [Fatal Error] :1:1: Premature end of file.
2026-01-21 21:06:59,627 [ERROR] LogOutputStream:75 - [STDERR_REDIRECT] 
2026-01-21 21:07:00,628 [ERROR] LogOutputStream:75 - [STDERR_REDIRECT] [Fatal Error] :1:1: Premature end of file.
2026-01-21 21:07:00,628 [ERROR] LogOutputStream:75 - [STDERR_REDIRECT] 
2026-01-21 21:07:01,627 [ERROR] LogOutputStream:75 - [STDERR_REDIRECT] [Fatal Error] :1:1: Premature end of file.
2026-01-21 21:07:01,627 [ERROR] LogOutputStream:75 - [STDERR_REDIRECT] 
2026-01-21 21:07:02,627 [ERROR] LogOutputStream:75 - [STDERR_REDIRECT] [Fatal Error] :1:1: Premature end of file.
2026-01-21 21:07:02,627 [ERROR] LogOutputStream:75 - [STDERR_REDIRECT] 
2026-01-21 21:07:03,627 [ERROR] LogOutputStream:75 - [STDERR_REDIRECT] [Fatal Error] :1:1: Premature end of file.
2026-01-21 21:07:03,627 [ERROR] LogOutputStream:75 - [STDERR_REDIRECT] 
2026-01-21 21:07:04,810 [ERROR] LogOutputStream:75 - [STDERR_REDIRECT] [Fatal Error] :1:1: Premature end of file.
2026-01-21 21:07:04,810 [ERROR] LogOutputStream:75 - [STDERR_REDIRECT] 
2026-01-21 21:07:05,627 [ERROR] LogOutputStream:75 - [STDERR_REDIRECT] [Fatal Error] :1:1: Premature end of file.
2026-01-21 21:07:05,627 [ERROR] LogOutputStream:75 - [STDERR_REDIRECT] 
2026-01-21 21:07:06,627 [ERROR] LogOutputStream:75 - [STDERR_REDIRECT] [Fatal Error] :1:1: Premature end of file.
2026-01-21 21:07:06,627 [ERROR] LogOutputStream:75 - [STDERR_REDIRECT] 
2026-01-21 21:07:07,626 [ERROR] LogOutputStream:75 - [STDERR_REDIRECT] [Fatal Error] :1:1: Premature end of file.
2026-01-21 21:07:07,626 [ERROR] LogOutputStream:75 - [STDERR_REDIRECT] 
2026-01-21 21:07:08,619 [ERROR] LogOutputStream:75 - [STDERR_REDIRECT] [Fatal Error] :1:1: Premature end of file.
2026-01-21 21:07:08,619 [ERROR] LogOutputStream:75 - [STDERR_REDIRECT] 
2026-01-21 21:07:09,629 [ERROR] LogOutputStream:75 - [STDERR_REDIRECT] [Fatal Error] :1:1: Premature end of file.
2026-01-21 21:07:09,629 [ERROR] LogOutputStream:75 - [STDERR_REDIRECT] 
2026-01-21 21:07:10,633 [ERROR] LogOutputStream:75 - [STDERR_REDIRECT] [Fatal Error] :1:1: Premature end of file.
2026-01-21 21:07:10,633 [ERROR] LogOutputStream:75 - [STDERR_REDIRECT] 
2026-01-21 21:07:11,628 [ERROR] LogOutputStream:75 - [STDERR_REDIRECT] [Fatal Error] :1:1: Premature end of file.
2026-01-21 21:07:11,628 [ERROR] LogOutputStream:75 - [STDERR_REDIRECT] 
2026-01-21 21:07:12,626 [ERROR] LogOutputStream:75 - [STDERR_REDIRECT] [Fatal Error] :1:1: Premature end of file.
2026-01-21 21:07:12,626 [ERROR] LogOutputStream:75 - [STDERR_REDIRECT] 
2026-01-21 21:07:13,627 [ERROR] LogOutputStream:75 - [STDERR_REDIRECT] [Fatal Error] :1:1: Premature end of file.
2026-01-21 21:07:13,627 [ERROR] LogOutputStream:75 - [STDERR_REDIRECT] 
2026-01-21 21:07:14,628 [ERROR] LogOutputStream:75 - [STDERR_REDIRECT] [Fatal Error] :1:1: Premature end of file.
2026-01-21 21:07:14,628 [ERROR] LogOutputStream:75 - [STDERR_REDIRECT] 
2026-01-21 21:07:15,628 [ERROR] LogOutputStream:75 - [STDERR_REDIRECT] [Fatal Error] :1:1: Premature end of file.
2026-01-21 21:07:15,628 [ERROR] LogOutputStream:75 - [STDERR_REDIRECT] 
2026-01-21 21:07:16,630 [ERROR] LogOutputStream:75 - [STDERR_REDIRECT] [Fatal Error] :1:1: Premature end of file.
2026-01-21 21:07:16,630 [ERROR] LogOutputStream:75 - [STDERR_REDIRECT] 
2026-01-21 21:07:17,627 [ERROR] LogOutputStream:75 - [STDERR_REDIRECT] [Fatal Error] :1:1: Premature end of file.
2026-01-21 21:07:17,627 [ERROR] LogOutputStream:75 - [STDERR_REDIRECT] 
2026-01-21 21:07:18,633 [ERROR] LogOutputStream:75 - [STDERR_REDIRECT] [Fatal Error] :1:1: Premature end of file.
2026-01-21 21:07:18,633 [ERROR] LogOutputStream:75 - [STDERR_REDIRECT] 
2026-01-21 21:07:19,626 [ERROR] LogOutputStream:75 - [STDERR_REDIRECT] [Fatal Error] :1:1: Premature end of file.
2026-01-21 21:07:19,626 [ERROR] LogOutputStream:75 - [STDERR_REDIRECT] 
2026-01-21 21:07:20,628 [ERROR] LogOutputStream:75 - [STDERR_REDIRECT] [Fatal Error] :1:1: Premature end of file.
2026-01-21 21:07:20,628 [ERROR] LogOutputStream:75 - [STDERR_REDIRECT] 
2026-01-21 21:07:21,642 [ERROR] LogOutputStream:75 - [STDERR_REDIRECT] [Fatal Error] :1:1: Premature end of file.
2026-01-21 21:07:21,642 [ERROR] LogOutputStream:75 - [STDERR_REDIRECT] 
2026-01-21 21:07:22,630 [ERROR] LogOutputStream:75 - [STDERR_REDIRECT] [Fatal Error] :1:1: Premature end of file.
2026-01-21 21:07:22,630 [ERROR] LogOutputStream:75 - [STDERR_REDIRECT] 
2026-01-21 21:07:23,628 [ERROR] LogOutputStream:75 - [STDERR_REDIRECT] [Fatal Error] :1:1: Premature end of file.
2026-01-21 21:07:23,628 [ERROR] LogOutputStream:75 - [STDERR_REDIRECT] 
2026-01-21 21:07:24,628 [ERROR] LogOutputStream:75 - [STDERR_REDIRECT] [Fatal Error] :1:1: Premature end of file.
2026-01-21 21:07:24,628 [ERROR] LogOutputStream:75 - [STDERR_REDIRECT] 
2026-01-21 21:07:25,628 [ERROR] LogOutputStream:75 - [STDERR_REDIRECT] [Fatal Error] :1:1: Premature end of file.
2026-01-21 21:07:25,628 [ERROR] LogOutputStream:75 - [STDERR_REDIRECT] 
2026-01-21 21:07:26,628 [ERROR] LogOutputStream:75 - [STDERR_REDIRECT] [Fatal Error] :1:1: Premature end of file.
2026-01-21 21:07:26,628 [ERROR] LogOutputStream:75 - [STDERR_REDIRECT] 
2026-01-21 21:07:27,628 [ERROR] LogOutputStream:75 - [STDERR_REDIRECT] [Fatal Error] :1:1: Premature end of file.
2026-01-21 21:07:27,628 [ERROR] LogOutputStream:75 - [STDERR_REDIRECT] 
2026-01-21 21:07:28,645 [ERROR] LogOutputStream:75 - [STDERR_REDIRECT] [Fatal Error] :1:1: Premature end of file.
2026-01-21 21:07:28,645 [ERROR] LogOutputStream:75 - [STDERR_REDIRECT] 
2026-01-21 21:07:29,628 [ERROR] LogOutputStream:75 - [STDERR_REDIRECT] [Fatal Error] :1:1: Premature end of file.
2026-01-21 21:07:29,628 [ERROR] LogOutputStream:75 - [STDERR_REDIRECT] 
2026-01-21 21:07:30,628 [ERROR] LogOutputStream:75 - [STDERR_REDIRECT] [Fatal Error] :1:1: Premature end of file.
2026-01-21 21:07:30,628 [ERROR] LogOutputStream:75 - [STDERR_REDIRECT] 
2026-01-21 21:07:31,628 [ERROR] LogOutputStream:75 - [STDERR_REDIRECT] [Fatal Error] :1:1: Premature end of file.
2026-01-21 21:07:31,628 [ERROR] LogOutputStream:75 - [STDERR_REDIRECT] 
2026-01-21 21:07:32,629 [ERROR] LogOutputStream:75 - [STDERR_REDIRECT] [Fatal Error] :1:1: Premature end of file.
2026-01-21 21:07:32,629 [ERROR] LogOutputStream:75 - [STDERR_REDIRECT] 
2026-01-21 21:07:33,629 [ERROR] LogOutputStream:75 - [STDERR_REDIRECT] [Fatal Error] :1:1: Premature end of file.
2026-01-21 21:07:33,629 [ERROR] LogOutputStream:75 - [STDERR_REDIRECT] 
2026-01-21 21:07:34,639 [ERROR] LogOutputStream:75 - [STDERR_REDIRECT] [Fatal Error] :1:1: Premature end of file.
2026-01-21 21:07:34,639 [ERROR] LogOutputStream:75 - [STDERR_REDIRECT] 
2026-01-21 21:07:35,632 [ERROR] LogOutputStream:75 - [STDERR_REDIRECT] [Fatal Error] :1:1: Premature end of file.
2026-01-21 21:07:35,632 [ERROR] LogOutputStream:75 - [STDERR_REDIRECT] 
2026-01-21 21:07:36,631 [ERROR] LogOutputStream:75 - [STDERR_REDIRECT] [Fatal Error] :1:1: Premature end of file.
2026-01-21 21:07:36,631 [ERROR] LogOutputStream:75 - [STDERR_REDIRECT] 
2026-01-21 21:07:37,632 [ERROR] LogOutputStream:75 - [STDERR_REDIRECT] [Fatal Error] :1:1: Premature end of file.
2026-01-21 21:07:37,632 [ERROR] LogOutputStream:75 - [STDERR_REDIRECT] 
2026-01-21 21:07:38,645 [ERROR] LogOutputStream:75 - [STDERR_REDIRECT] [Fatal Error] :1:1: Premature end of file.
2026-01-21 21:07:38,645 [ERROR] LogOutputStream:75 - [STDERR_REDIRECT] 
2026-01-21 21:07:39,627 [ERROR] LogOutputStream:75 - [STDERR_REDIRECT] [Fatal Error] :1:1: Premature end of file.
2026-01-21 21:07:39,627 [ERROR] LogOutputStream:75 - [STDERR_REDIRECT] 
2026-01-21 21:07:40,630 [ERROR] LogOutputStream:75 - [STDERR_REDIRECT] [Fatal Error] :1:1: Premature end of file.
2026-01-21 21:07:40,630 [ERROR] LogOutputStream:75 - [STDERR_REDIRECT] 
2026-01-21 21:07:41,628 [ERROR] LogOutputStream:75 - [STDERR_REDIRECT] [Fatal Error] :1:1: Premature end of file.
2026-01-21 21:07:41,628 [ERROR] LogOutputStream:75 - [STDERR_REDIRECT] 
2026-01-21 21:07:42,631 [ERROR] LogOutputStream:75 - [STDERR_REDIRECT] [Fatal Error] :1:1: Premature end of file.
2026-01-21 21:07:42,631 [ERROR] LogOutputStream:75 - [STDERR_REDIRECT] 
2026-01-21 21:07:43,646 [ERROR] LogOutputStream:75 - [STDERR_REDIRECT] [Fatal Error] :1:1: Premature end of file.
2026-01-21 21:07:43,646 [ERROR] LogOutputStream:75 - [STDERR_REDIRECT] 
2026-01-21 21:07:44,642 [ERROR] LogOutputStream:75 - [STDERR_REDIRECT] [Fatal Error] :1:1: Premature end of file.
2026-01-21 21:07:44,642 [ERROR] LogOutputStream:75 - [STDERR_REDIRECT] 
2026-01-21 21:07:45,631 [ERROR] LogOutputStream:75 - [STDERR_REDIRECT] [Fatal Error] :1:1: Premature end of file.
2026-01-21 21:07:45,631 [ERROR] LogOutputStream:75 - [STDERR_REDIRECT] 
2026-01-21 21:07:46,627 [ERROR] LogOutputStream:75 - [STDERR_REDIRECT] [Fatal Error] :1:1: Premature end of file.
2026-01-21 21:07:46,627 [ERROR] LogOutputStream:75 - [STDERR_REDIRECT] 
2026-01-21 21:07:47,634 [ERROR] LogOutputStream:75 - [STDERR_REDIRECT] [Fatal Error] :1:1: Premature end of file.
2026-01-21 21:07:47,634 [ERROR] LogOutputStream:75 - [STDERR_REDIRECT] 
2026-01-21 21:07:48,629 [ERROR] LogOutputStream:75 - [STDERR_REDIRECT] [Fatal Error] :1:1: Premature end of file.
2026-01-21 21:07:48,629 [ERROR] LogOutputStream:75 - [STDERR_REDIRECT] 
2026-01-21 21:07:49,626 [ERROR] LogOutputStream:75 - [STDERR_REDIRECT] [Fatal Error] :1:1: Premature end of file.
2026-01-21 21:07:49,626 [ERROR] LogOutputStream:75 - [STDERR_REDIRECT] 
2026-01-21 21:07:50,627 [ERROR] LogOutputStream:75 - [STDERR_REDIRECT] [Fatal Error] :1:1: Premature end of file.
2026-01-21 21:07:50,627 [ERROR] LogOutputStream:75 - [STDERR_REDIRECT] 
2026-01-21 21:07:51,628 [ERROR] LogOutputStream:75 - [STDERR_REDIRECT] [Fatal Error] :1:1: Premature end of file.
2026-01-21 21:07:51,629 [ERROR] LogOutputStream:75 - [STDERR_REDIRECT] 
2026-01-21 21:07:52,629 [ERROR] LogOutputStream:75 - [STDERR_REDIRECT] [Fatal Error] :1:1: Premature end of file.
2026-01-21 21:07:52,629 [ERROR] LogOutputStream:75 - [STDERR_REDIRECT] 
2026-01-21 21:07:53,631 [ERROR] LogOutputStream:75 - [STDERR_REDIRECT] [Fatal Error] :1:1: Premature end of file.
2026-01-21 21:07:53,631 [ERROR] LogOutputStream:75 - [STDERR_REDIRECT] 
2026-01-21 21:07:54,632 [ERROR] LogOutputStream:75 - [STDERR_REDIRECT] [Fatal Error] :1:1: Premature end of file.
2026-01-21 21:07:54,632 [ERROR] LogOutputStream:75 - [STDERR_REDIRECT] 
2026-01-21 21:07:55,635 [ERROR] LogOutputStream:75 - [STDERR_REDIRECT] [Fatal Error] :1:1: Premature end of file.
2026-01-21 21:07:55,635 [ERROR] LogOutputStream:75 - [STDERR_REDIRECT] 
2026-01-21 21:07:56,621 [ERROR] LogOutputStream:75 - [STDERR_REDIRECT] [Fatal Error] :1:1: Premature end of file.
2026-01-21 21:07:56,621 [ERROR] LogOutputStream:75 - [STDERR_REDIRECT] 
2026-01-21 21:07:57,632 [ERROR] LogOutputStream:75 - [STDERR_REDIRECT] [Fatal Error] :1:1: Premature end of file.
2026-01-21 21:07:57,632 [ERROR] LogOutputStream:75 - [STDERR_REDIRECT] 
2026-01-21 21:07:58,629 [ERROR] LogOutputStream:75 - [STDERR_REDIRECT] [Fatal Error] :1:1: Premature end of file.
2026-01-21 21:07:58,629 [ERROR] LogOutputStream:75 - [STDERR_REDIRECT] 
2026-01-21 21:07:59,624 [ERROR] LogOutputStream:75 - [STDERR_REDIRECT] [Fatal Error] :1:1: Premature end of file.
2026-01-21 21:07:59,624 [ERROR] LogOutputStream:75 - [STDERR_REDIRECT] 
2026-01-21 21:08:00,627 [ERROR] LogOutputStream:75 - [STDERR_REDIRECT] [Fatal Error] :1:1: Premature end of file.
2026-01-21 21:08:00,627 [ERROR] LogOutputStream:75 - [STDERR_REDIRECT] 
2026-01-21 21:08:01,631 [ERROR] LogOutputStream:75 - [STDERR_REDIRECT] [Fatal Error] :1:1: Premature end of file.
2026-01-21 21:08:01,631 [ERROR] LogOutputStream:75 - [STDERR_REDIRECT] 
2026-01-21 21:08:02,628 [ERROR] LogOutputStream:75 - [STDERR_REDIRECT] [Fatal Error] :1:1: Premature end of file.
2026-01-21 21:08:02,628 [ERROR] LogOutputStream:75 - [STDERR_REDIRECT] 
2026-01-21 21:08:03,631 [ERROR] LogOutputStream:75 - [STDERR_REDIRECT] [Fatal Error] :1:1: Premature end of file.
2026-01-21 21:08:03,631 [ERROR] LogOutputStream:75 - [STDERR_REDIRECT] 
2026-01-21 21:08:04,629 [ERROR] LogOutputStream:75 - [STDERR_REDIRECT] [Fatal Error] :1:1: Premature end of file.
2026-01-21 21:08:04,629 [ERROR] LogOutputStream:75 - [STDERR_REDIRECT] 
2026-01-21 21:08:05,628 [ERROR] LogOutputStream:75 - [STDERR_REDIRECT] [Fatal Error] :1:1: Premature end of file.
2026-01-21 21:08:05,629 [ERROR] LogOutputStream:75 - [STDERR_REDIRECT] 
2026-01-21 21:08:06,630 [ERROR] LogOutputStream:75 - [STDERR_REDIRECT] [Fatal Error] :1:1: Premature end of file.
2026-01-21 21:08:06,630 [ERROR] LogOutputStream:75 - [STDERR_REDIRECT] 
2026-01-21 21:08:07,630 [ERROR] LogOutputStream:75 - [STDERR_REDIRECT] [Fatal Error] :1:1: Premature end of file.
2026-01-21 21:08:07,630 [ERROR] LogOutputStream:75 - [STDERR_REDIRECT] 
2026-01-21 21:08:08,630 [ERROR] LogOutputStream:75 - [STDERR_REDIRECT] [Fatal Error] :1:1: Premature end of file.
2026-01-21 21:08:08,630 [ERROR] LogOutputStream:75 - [STDERR_REDIRECT] 
2026-01-21 21:08:09,630 [ERROR] LogOutputStream:75 - [STDERR_REDIRECT] [Fatal Error] :1:1: Premature end of file.
2026-01-21 21:08:09,630 [ERROR] LogOutputStream:75 - [STDERR_REDIRECT] 
2026-01-21 21:08:10,660 [ERROR] LogOutputStream:75 - [STDERR_REDIRECT] [Fatal Error] :1:1: Premature end of file.
2026-01-21 21:08:10,660 [ERROR] LogOutputStream:75 - [STDERR_REDIRECT] 
2026-01-21 21:08:11,629 [ERROR] LogOutputStream:75 - [STDERR_REDIRECT] [Fatal Error] :1:1: Premature end of file.
2026-01-21 21:08:11,629 [ERROR] LogOutputStream:75 - [STDERR_REDIRECT] 
2026-01-21 21:08:12,634 [ERROR] LogOutputStream:75 - [STDERR_REDIRECT] [Fatal Error] :1:1: Premature end of file.
2026-01-21 21:08:12,634 [ERROR] LogOutputStream:75 - [STDERR_REDIRECT] 
2026-01-21 21:08:13,626 [ERROR] LogOutputStream:75 - [STDERR_REDIRECT] [Fatal Error] :1:1: Premature end of file.
2026-01-21 21:08:13,626 [ERROR] LogOutputStream:75 - [STDERR_REDIRECT] 
2026-01-21 21:08:14,625 [ERROR] LogOutputStream:75 - [STDERR_REDIRECT] [Fatal Error] :1:1: Premature end of file.
2026-01-21 21:08:14,625 [ERROR] LogOutputStream:75 - [STDERR_REDIRECT] 
2026-01-21 21:08:15,630 [ERROR] LogOutputStream:75 - [STDERR_REDIRECT] [Fatal Error] :1:1: Premature end of file.
2026-01-21 21:08:15,630 [ERROR] LogOutputStream:75 - [STDERR_REDIRECT] 
2026-01-21 21:08:16,623 [ERROR] LogOutputStream:75 - [STDERR_REDIRECT] [Fatal Error] :1:1: Premature end of file.
2026-01-21 21:08:16,623 [ERROR] LogOutputStream:75 - [STDERR_REDIRECT] 
2026-01-21 21:08:17,632 [ERROR] LogOutputStream:75 - [STDERR_REDIRECT] [Fatal Error] :1:1: Premature end of file.
2026-01-21 21:08:17,632 [ERROR] LogOutputStream:75 - [STDERR_REDIRECT] 
2026-01-21 21:08:18,628 [ERROR] LogOutputStream:75 - [STDERR_REDIRECT] [Fatal Error] :1:1: Premature end of file.
2026-01-21 21:08:18,628 [ERROR] LogOutputStream:75 - [STDERR_REDIRECT] 
2026-01-21 21:08:19,632 [ERROR] LogOutputStream:75 - [STDERR_REDIRECT] [Fatal Error] :1:1: Premature end of file.
2026-01-21 21:08:19,632 [ERROR] LogOutputStream:75 - [STDERR_REDIRECT] 
2026-01-21 21:08:20,630 [ERROR] LogOutputStream:75 - [STDERR_REDIRECT] [Fatal Error] :1:1: Premature end of file.
2026-01-21 21:08:20,630 [ERROR] LogOutputStream:75 - [STDERR_REDIRECT] 
2026-01-21 21:08:21,631 [ERROR] LogOutputStream:75 - [STDERR_REDIRECT] [Fatal Error] :1:1: Premature end of file.
2026-01-21 21:08:21,631 [ERROR] LogOutputStream:75 - [STDERR_REDIRECT] 
2026-01-21 21:08:22,628 [ERROR] LogOutputStream:75 - [STDERR_REDIRECT] [Fatal Error] :1:1: Premature end of file.
2026-01-21 21:08:22,628 [ERROR] LogOutputStream:75 - [STDERR_REDIRECT] 
2026-01-21 21:08:23,630 [ERROR] LogOutputStream:75 - [STDERR_REDIRECT] [Fatal Error] :1:1: Premature end of file.
2026-01-21 21:08:23,630 [ERROR] LogOutputStream:75 - [STDERR_REDIRECT] 
2026-01-21 21:08:24,625 [ERROR] LogOutputStream:75 - [STDERR_REDIRECT] [Fatal Error] :1:1: Premature end of file.
2026-01-21 21:08:24,625 [ERROR] LogOutputStream:75 - [STDERR_REDIRECT] 
2026-01-21 21:08:25,628 [ERROR] LogOutputStream:75 - [STDERR_REDIRECT] [Fatal Error] :1:1: Premature end of file.
2026-01-21 21:08:25,628 [ERROR] LogOutputStream:75 - [STDERR_REDIRECT] 
2026-01-21 21:08:26,629 [ERROR] LogOutputStream:75 - [STDERR_REDIRECT] [Fatal Error] :1:1: Premature end of file.
2026-01-21 21:08:26,629 [ERROR] LogOutputStream:75 - [STDERR_REDIRECT] 
2026-01-21 21:08:27,639 [ERROR] LogOutputStream:75 - [STDERR_REDIRECT] [Fatal Error] :1:1: Premature end of file.
2026-01-21 21:08:27,639 [ERROR] LogOutputStream:75 - [STDERR_REDIRECT] 
2026-01-21 21:08:28,635 [ERROR] LogOutputStream:75 - [STDERR_REDIRECT] [Fatal Error] :1:1: Premature end of file.
2026-01-21 21:08:28,635 [ERROR] LogOutputStream:75 - [STDERR_REDIRECT] 
2026-01-21 21:08:29,630 [ERROR] LogOutputStream:75 - [STDERR_REDIRECT] [Fatal Error] :1:1: Premature end of file.
2026-01-21 21:08:29,630 [ERROR] LogOutputStream:75 - [STDERR_REDIRECT] 
2026-01-21 21:08:30,634 [ERROR] LogOutputStream:75 - [STDERR_REDIRECT] [Fatal Error] :1:1: Premature end of file.
2026-01-21 21:08:30,634 [ERROR] LogOutputStream:75 - [STDERR_REDIRECT] 
2026-01-21 21:08:31,631 [ERROR] LogOutputStream:75 - [STDERR_REDIRECT] [Fatal Error] :1:1: Premature end of file.
2026-01-21 21:08:31,631 [ERROR] LogOutputStream:75 - [STDERR_REDIRECT] 
2026-01-21 21:08:32,630 [ERROR] LogOutputStream:75 - [STDERR_REDIRECT] [Fatal Error] :1:1: Premature end of file.
2026-01-21 21:08:32,630 [ERROR] LogOutputStream:75 - [STDERR_REDIRECT] 
2026-01-21 21:08:33,633 [ERROR] LogOutputStream:75 - [STDERR_REDIRECT] [Fatal Error] :1:1: Premature end of file.
2026-01-21 21:08:33,633 [ERROR] LogOutputStream:75 - [STDERR_REDIRECT] 
2026-01-21 21:08:34,640 [ERROR] LogOutputStream:75 - [STDERR_REDIRECT] [Fatal Error] :1:1: Premature end of file.
2026-01-21 21:08:34,640 [ERROR] LogOutputStream:75 - [STDERR_REDIRECT] 
2026-01-21 21:08:35,631 [ERROR] LogOutputStream:75 - [STDERR_REDIRECT] [Fatal Error] :1:1: Premature end of file.
2026-01-21 21:08:35,631 [ERROR] LogOutputStream:75 - [STDERR_REDIRECT] 
2026-01-21 21:08:36,627 [ERROR] LogOutputStream:75 - [STDERR_REDIRECT] [Fatal Error] :1:1: Premature end of file.
2026-01-21 21:08:36,627 [ERROR] LogOutputStream:75 - [STDERR_REDIRECT] 
2026-01-21 21:08:37,631 [ERROR] LogOutputStream:75 - [STDERR_REDIRECT] [Fatal Error] :1:1: Premature end of file.
2026-01-21 21:08:37,631 [ERROR] LogOutputStream:75 - [STDERR_REDIRECT] 
2026-01-21 21:08:38,616 [ERROR] LogOutputStream:75 - [STDERR_REDIRECT] [Fatal Error] :1:1: Premature end of file.
2026-01-21 21:08:38,631 [ERROR] LogOutputStream:75 - [STDERR_REDIRECT] 
2026-01-21 21:08:39,633 [ERROR] LogOutputStream:75 - [STDERR_REDIRECT] [Fatal Error] :1:1: Premature end of file.
2026-01-21 21:08:39,633 [ERROR] LogOutputStream:75 - [STDERR_REDIRECT] 
2026-01-21 21:08:40,632 [ERROR] LogOutputStream:75 - [STDERR_REDIRECT] [Fatal Error] :1:1: Premature end of file.
2026-01-21 21:08:40,632 [ERROR] LogOutputStream:75 - [STDERR_REDIRECT] 
2026-01-21 21:08:41,631 [ERROR] LogOutputStream:75 - [STDERR_REDIRECT] [Fatal Error] :1:1: Premature end of file.
2026-01-21 21:08:41,631 [ERROR] LogOutputStream:75 - [STDERR_REDIRECT] 
2026-01-21 21:08:42,633 [ERROR] LogOutputStream:75 - [STDERR_REDIRECT] [Fatal Error] :1:1: Premature end of file.
2026-01-21 21:08:42,633 [ERROR] LogOutputStream:75 - [STDERR_REDIRECT] 
2026-01-21 21:08:43,637 [ERROR] LogOutputStream:75 - [STDERR_REDIRECT] [Fatal Error] :1:1: Premature end of file.
2026-01-21 21:08:43,637 [ERROR] LogOutputStream:75 - [STDERR_REDIRECT] 
2026-01-21 21:08:44,632 [ERROR] LogOutputStream:75 - [STDERR_REDIRECT] [Fatal Error] :1:1: Premature end of file.
2026-01-21 21:08:44,632 [ERROR] LogOutputStream:75 - [STDERR_REDIRECT] 
2026-01-21 21:08:45,628 [ERROR] LogOutputStream:75 - [STDERR_REDIRECT] [Fatal Error] :1:1: Premature end of file.
2026-01-21 21:08:45,628 [ERROR] LogOutputStream:75 - [STDERR_REDIRECT] 
2026-01-21 21:08:46,632 [ERROR] LogOutputStream:75 - [STDERR_REDIRECT] [Fatal Error] :1:1: Premature end of file.
2026-01-21 21:08:46,632 [ERROR] LogOutputStream:75 - [STDERR_REDIRECT] 
2026-01-21 21:08:47,627 [ERROR] LogOutputStream:75 - [STDERR_REDIRECT] [Fatal Error] :1:1: Premature end of file.
2026-01-21 21:08:47,627 [ERROR] LogOutputStream:75 - [STDERR_REDIRECT] 
2026-01-21 21:08:48,634 [ERROR] LogOutputStream:75 - [STDERR_REDIRECT] [Fatal Error] :1:1: Premature end of file.
2026-01-21 21:08:48,634 [ERROR] LogOutputStream:75 - [STDERR_REDIRECT] 
2026-01-21 21:08:49,622 [ERROR] LogOutputStream:75 - [STDERR_REDIRECT] [Fatal Error] :1:1: Premature end of file.
2026-01-21 21:08:49,622 [ERROR] LogOutputStream:75 - [STDERR_REDIRECT] 
2026-01-21 21:08:50,634 [ERROR] LogOutputStream:75 - [STDERR_REDIRECT] [Fatal Error] :1:1: Premature end of file.
2026-01-21 21:08:50,634 [ERROR] LogOutputStream:75 - [STDERR_REDIRECT] 
2026-01-21 21:08:51,630 [ERROR] LogOutputStream:75 - [STDERR_REDIRECT] [Fatal Error] :1:1: Premature end of file.
2026-01-21 21:08:51,630 [ERROR] LogOutputStream:75 - [STDERR_REDIRECT] 
2026-01-21 21:08:52,629 [ERROR] LogOutputStream:75 - [STDERR_REDIRECT] [Fatal Error] :1:1: Premature end of file.
2026-01-21 21:08:52,629 [ERROR] LogOutputStream:75 - [STDERR_REDIRECT] 
2026-01-21 21:08:53,627 [ERROR] LogOutputStream:75 - [STDERR_REDIRECT] [Fatal Error] :1:1: Premature end of file.
2026-01-21 21:08:53,627 [ERROR] LogOutputStream:75 - [STDERR_REDIRECT] 
2026-01-21 21:08:54,634 [ERROR] LogOutputStream:75 - [STDERR_REDIRECT] [Fatal Error] :1:1: Premature end of file.
2026-01-21 21:08:54,634 [ERROR] LogOutputStream:75 - [STDERR_REDIRECT] 
2026-01-21 21:08:55,629 [ERROR] LogOutputStream:75 - [STDERR_REDIRECT] [Fatal Error] :1:1: Premature end of file.
2026-01-21 21:08:55,629 [ERROR] LogOutputStream:75 - [STDERR_REDIRECT] 
2026-01-21 21:08:56,653 [ERROR] LogOutputStream:75 - [STDERR_REDIRECT] [Fatal Error] :1:1: Premature end of file.
2026-01-21 21:08:56,653 [ERROR] LogOutputStream:75 - [STDERR_REDIRECT] 
2026-01-21 21:08:57,629 [ERROR] LogOutputStream:75 - [STDERR_REDIRECT] [Fatal Error] :1:1: Premature end of file.
2026-01-21 21:08:57,629 [ERROR] LogOutputStream:75 - [STDERR_REDIRECT] 
2026-01-21 21:08:58,646 [ERROR] LogOutputStream:75 - [STDERR_REDIRECT] [Fatal Error] :1:1: Premature end of file.
2026-01-21 21:08:58,646 [ERROR] LogOutputStream:75 - [STDERR_REDIRECT] 
2026-01-21 21:08:59,635 [ERROR] LogOutputStream:75 - [STDERR_REDIRECT] [Fatal Error] :1:1: Premature end of file.
2026-01-21 21:08:59,635 [ERROR] LogOutputStream:75 - [STDERR_REDIRECT] 
2026-01-21 21:09:00,639 [ERROR] LogOutputStream:75 - [STDERR_REDIRECT] [Fatal Error] :1:1: Premature end of file.
2026-01-21 21:09:00,639 [ERROR] LogOutputStream:75 - [STDERR_REDIRECT] 
2026-01-21 21:09:01,638 [ERROR] LogOutputStream:75 - [STDERR_REDIRECT] [Fatal Error] :1:1: Premature end of file.
2026-01-21 21:09:01,638 [ERROR] LogOutputStream:75 - [STDERR_REDIRECT] 
2026-01-21 21:09:02,635 [ERROR] LogOutputStream:75 - [STDERR_REDIRECT] [Fatal Error] :1:1: Premature end of file.
2026-01-21 21:09:02,635 [ERROR] LogOutputStream:75 - [STDERR_REDIRECT] 
2026-01-21 21:09:03,648 [ERROR] LogOutputStream:75 - [STDERR_REDIRECT] [Fatal Error] :1:1: Premature end of file.
2026-01-21 21:09:03,648 [ERROR] LogOutputStream:75 - [STDERR_REDIRECT] 
2026-01-21 21:09:04,637 [ERROR] LogOutputStream:75 - [STDERR_REDIRECT] [Fatal Error] :1:1: Premature end of file.
2026-01-21 21:09:04,637 [ERROR] LogOutputStream:75 - [STDERR_REDIRECT] 
2026-01-21 21:09:05,633 [ERROR] LogOutputStream:75 - [STDERR_REDIRECT] [Fatal Error] :1:1: Premature end of file.
2026-01-21 21:09:05,633 [ERROR] LogOutputStream:75 - [STDERR_REDIRECT] 
2026-01-21 21:09:06,632 [ERROR] LogOutputStream:75 - [STDERR_REDIRECT] [Fatal Error] :1:1: Premature end of file.
2026-01-21 21:09:06,632 [ERROR] LogOutputStream:75 - [STDERR_REDIRECT] 
2026-01-21 21:09:07,635 [ERROR] LogOutputStream:75 - [STDERR_REDIRECT] [Fatal Error] :1:1: Premature end of file.
2026-01-21 21:09:07,635 [ERROR] LogOutputStream:75 - [STDERR_REDIRECT] 
2026-01-21 21:09:08,624 [ERROR] LogOutputStream:75 - [STDERR_REDIRECT] [Fatal Error] :1:1: Premature end of file.
2026-01-21 21:09:08,624 [ERROR] LogOutputStream:75 - [STDERR_REDIRECT] 
2026-01-21 21:09:09,632 [ERROR] LogOutputStream:75 - [STDERR_REDIRECT] [Fatal Error] :1:1: Premature end of file.
2026-01-21 21:09:09,632 [ERROR] LogOutputStream:75 - [STDERR_REDIRECT] 
2026-01-21 21:09:10,632 [ERROR] LogOutputStream:75 - [STDERR_REDIRECT] [Fatal Error] :1:1: Premature end of file.
2026-01-21 21:09:10,632 [ERROR] LogOutputStream:75 - [STDERR_REDIRECT] 
2026-01-21 21:09:11,637 [ERROR] LogOutputStream:75 - [STDERR_REDIRECT] [Fatal Error] :1:1: Premature end of file.
2026-01-21 21:09:11,637 [ERROR] LogOutputStream:75 - [STDERR_REDIRECT] 
2026-01-21 21:09:12,624 [ERROR] LogOutputStream:75 - [STDERR_REDIRECT] [Fatal Error] :1:1: Premature end of file.
2026-01-21 21:09:12,624 [ERROR] LogOutputStream:75 - [STDERR_REDIRECT] 
2026-01-21 21:09:13,641 [ERROR] LogOutputStream:75 - [STDERR_REDIRECT] [Fatal Error] :1:1: Premature end of file.
2026-01-21 21:09:13,642 [ERROR] LogOutputStream:75 - [STDERR_REDIRECT] 
2026-01-21 21:09:14,635 [ERROR] LogOutputStream:75 - [STDERR_REDIRECT] [Fatal Error] :1:1: Premature end of file.
2026-01-21 21:09:14,635 [ERROR] LogOutputStream:75 - [STDERR_REDIRECT] 
2026-01-21 21:09:15,628 [ERROR] LogOutputStream:75 - [STDERR_REDIRECT] [Fatal Error] :1:1: Premature end of file.
2026-01-21 21:09:15,628 [ERROR] LogOutputStream:75 - [STDERR_REDIRECT] 
2026-01-21 21:09:16,632 [ERROR] LogOutputStream:75 - [STDERR_REDIRECT] [Fatal Error] :1:1: Premature end of file.
2026-01-21 21:09:16,632 [ERROR] LogOutputStream:75 - [STDERR_REDIRECT] 
2026-01-21 21:09:17,622 [ERROR] LogOutputStream:75 - [STDERR_REDIRECT] [Fatal Error] :1:1: Premature end of file.
2026-01-21 21:09:17,622 [ERROR] LogOutputStream:75 - [STDERR_REDIRECT] 
2026-01-21 21:09:18,622 [ERROR] LogOutputStream:75 - [STDERR_REDIRECT] [Fatal Error] :1:1: Premature end of file.
2026-01-21 21:09:18,622 [ERROR] LogOutputStream:75 - [STDERR_REDIRECT] 
2026-01-21 21:09:19,629 [ERROR] LogOutputStream:75 - [STDERR_REDIRECT] [Fatal Error] :1:1: Premature end of file.
2026-01-21 21:09:19,629 [ERROR] LogOutputStream:75 - [STDERR_REDIRECT] 
2026-01-21 21:09:20,630 [ERROR] LogOutputStream:75 - [STDERR_REDIRECT] [Fatal Error] :1:1: Premature end of file.
2026-01-21 21:09:20,630 [ERROR] LogOutputStream:75 - [STDERR_REDIRECT] 
2026-01-21 21:09:21,635 [ERROR] LogOutputStream:75 - [STDERR_REDIRECT] [Fatal Error] :1:1: Premature end of file.
2026-01-21 21:09:21,635 [ERROR] LogOutputStream:75 - [STDERR_REDIRECT] 
2026-01-21 21:09:22,633 [ERROR] LogOutputStream:75 - [STDERR_REDIRECT] [Fatal Error] :1:1: Premature end of file.
2026-01-21 21:09:22,633 [ERROR] LogOutputStream:75 - [STDERR_REDIRECT] 
2026-01-21 21:09:23,682 [ERROR] LogOutputStream:75 - [STDERR_REDIRECT] [Fatal Error] :1:1: Premature end of file.
2026-01-21 21:09:23,682 [ERROR] LogOutputStream:75 - [STDERR_REDIRECT] 
2026-01-21 21:09:24,642 [ERROR] LogOutputStream:75 - [STDERR_REDIRECT] [Fatal Error] :1:1: Premature end of file.
2026-01-21 21:09:24,642 [ERROR] LogOutputStream:75 - [STDERR_REDIRECT] 
2026-01-21 21:09:25,623 [ERROR] LogOutputStream:75 - [STDERR_REDIRECT] [Fatal Error] :1:1: Premature end of file.
2026-01-21 21:09:25,623 [ERROR] LogOutputStream:75 - [STDERR_REDIRECT] 
2026-01-21 21:09:26,649 [ERROR] LogOutputStream:75 - [STDERR_REDIRECT] [Fatal Error] :1:1: Premature end of file.
2026-01-21 21:09:26,649 [ERROR] LogOutputStream:75 - [STDERR_REDIRECT] 
2026-01-21 21:09:27,636 [ERROR] LogOutputStream:75 - [STDERR_REDIRECT] [Fatal Error] :1:1: Premature end of file.
2026-01-21 21:09:27,636 [ERROR] LogOutputStream:75 - [STDERR_REDIRECT] 
2026-01-21 21:09:28,634 [ERROR] LogOutputStream:75 - [STDERR_REDIRECT] [Fatal Error] :1:1: Premature end of file.
2026-01-21 21:09:28,634 [ERROR] LogOutputStream:75 - [STDERR_REDIRECT] 
2026-01-21 21:09:29,633 [ERROR] LogOutputStream:75 - [STDERR_REDIRECT] [Fatal Error] :1:1: Premature end of file.
2026-01-21 21:09:29,633 [ERROR] LogOutputStream:75 - [STDERR_REDIRECT] 
2026-01-21 21:09:30,633 [ERROR] LogOutputStream:75 - [STDERR_REDIRECT] [Fatal Error] :1:1: Premature end of file.
2026-01-21 21:09:30,633 [ERROR] LogOutputStream:75 - [STDERR_REDIRECT] 
2026-01-21 21:09:31,635 [ERROR] LogOutputStream:75 - [STDERR_REDIRECT] [Fatal Error] :1:1: Premature end of file.
2026-01-21 21:09:31,635 [ERROR] LogOutputStream:75 - [STDERR_REDIRECT] 
2026-01-21 21:09:32,640 [ERROR] LogOutputStream:75 - [STDERR_REDIRECT] [Fatal Error] :1:1: Premature end of file.
2026-01-21 21:09:32,640 [ERROR] LogOutputStream:75 - [STDERR_REDIRECT] 
2026-01-21 21:09:33,631 [ERROR] LogOutputStream:75 - [STDERR_REDIRECT] [Fatal Error] :1:1: Premature end of file.
2026-01-21 21:09:33,631 [ERROR] LogOutputStream:75 - [STDERR_REDIRECT] 
2026-01-21 21:09:34,634 [ERROR] LogOutputStream:75 - [STDERR_REDIRECT] [Fatal Error] :1:1: Premature end of file.
2026-01-21 21:09:34,634 [ERROR] LogOutputStream:75 - [STDERR_REDIRECT] 
2026-01-21 21:09:35,661 [ERROR] LogOutputStream:75 - [STDERR_REDIRECT] [Fatal Error] :1:1: Premature end of file.
2026-01-21 21:09:35,661 [ERROR] LogOutputStream:75 - [STDERR_REDIRECT] 
2026-01-21 21:09:36,641 [ERROR] LogOutputStream:75 - [STDERR_REDIRECT] [Fatal Error] :1:1: Premature end of file.
2026-01-21 21:09:36,641 [ERROR] LogOutputStream:75 - [STDERR_REDIRECT] 
2026-01-21 21:09:37,649 [ERROR] LogOutputStream:75 - [STDERR_REDIRECT] [Fatal Error] :1:1: Premature end of file.
2026-01-21 21:09:37,649 [ERROR] LogOutputStream:75 - [STDERR_REDIRECT] 
2026-01-21 21:09:38,636 [ERROR] LogOutputStream:75 - [STDERR_REDIRECT] [Fatal Error] :1:1: Premature end of file.
2026-01-21 21:09:38,636 [ERROR] LogOutputStream:75 - [STDERR_REDIRECT] 
2026-01-21 21:09:39,631 [ERROR] LogOutputStream:75 - [STDERR_REDIRECT] [Fatal Error] :1:1: Premature end of file.
2026-01-21 21:09:39,631 [ERROR] LogOutputStream:75 - [STDERR_REDIRECT] 
2026-01-21 21:09:40,630 [ERROR] LogOutputStream:75 - [STDERR_REDIRECT] [Fatal Error] :1:1: Premature end of file.
2026-01-21 21:09:40,630 [ERROR] LogOutputStream:75 - [STDERR_REDIRECT] 
2026-01-21 21:09:41,637 [ERROR] LogOutputStream:75 - [STDERR_REDIRECT] [Fatal Error] :1:1: Premature end of file.
2026-01-21 21:09:41,637 [ERROR] LogOutputStream:75 - [STDERR_REDIRECT] 
2026-01-21 21:09:42,652 [ERROR] LogOutputStream:75 - [STDERR_REDIRECT] [Fatal Error] :1:1: Premature end of file.
2026-01-21 21:09:42,652 [ERROR] LogOutputStream:75 - [STDERR_REDIRECT] 
2026-01-21 21:09:43,650 [ERROR] LogOutputStream:75 - [STDERR_REDIRECT] [Fatal Error] :1:1: Premature end of file.
2026-01-21 21:09:43,650 [ERROR] LogOutputStream:75 - [STDERR_REDIRECT] 
2026-01-21 21:09:44,633 [ERROR] LogOutputStream:75 - [STDERR_REDIRECT] [Fatal Error] :1:1: Premature end of file.
2026-01-21 21:09:44,633 [ERROR] LogOutputStream:75 - [STDERR_REDIRECT] 
2026-01-21 21:09:45,634 [ERROR] LogOutputStream:75 - [STDERR_REDIRECT] [Fatal Error] :1:1: Premature end of file.
2026-01-21 21:09:45,634 [ERROR] LogOutputStream:75 - [STDERR_REDIRECT] 
2026-01-21 21:09:46,634 [ERROR] LogOutputStream:75 - [STDERR_REDIRECT] [Fatal Error] :1:1: Premature end of file.
2026-01-21 21:09:46,634 [ERROR] LogOutputStream:75 - [STDERR_REDIRECT] 
2026-01-21 21:09:47,636 [ERROR] LogOutputStream:75 - [STDERR_REDIRECT] [Fatal Error] :1:1: Premature end of file.
2026-01-21 21:09:47,636 [ERROR] LogOutputStream:75 - [STDERR_REDIRECT] 
2026-01-21 21:09:48,634 [ERROR] LogOutputStream:75 - [STDERR_REDIRECT] [Fatal Error] :1:1: Premature end of file.
2026-01-21 21:09:48,634 [ERROR] LogOutputStream:75 - [STDERR_REDIRECT] 
2026-01-21 21:09:49,639 [ERROR] LogOutputStream:75 - [STDERR_REDIRECT] [Fatal Error] :1:1: Premature end of file.
2026-01-21 21:09:49,639 [ERROR] LogOutputStream:75 - [STDERR_REDIRECT] 
2026-01-21 21:09:50,629 [ERROR] LogOutputStream:75 - [STDERR_REDIRECT] [Fatal Error] :1:1: Premature end of file.
2026-01-21 21:09:50,629 [ERROR] LogOutputStream:75 - [STDERR_REDIRECT] 
2026-01-21 21:09:51,630 [ERROR] LogOutputStream:75 - [STDERR_REDIRECT] [Fatal Error] :1:1: Premature end of file.
2026-01-21 21:09:51,630 [ERROR] LogOutputStream:75 - [STDERR_REDIRECT] 
2026-01-21 21:09:52,624 [ERROR] LogOutputStream:75 - [STDERR_REDIRECT] [Fatal Error] :1:1: Premature end of file.
2026-01-21 21:09:52,624 [ERROR] LogOutputStream:75 - [STDERR_REDIRECT] 
2026-01-21 21:09:53,628 [ERROR] LogOutputStream:75 - [STDERR_REDIRECT] [Fatal Error] :1:1: Premature end of file.
2026-01-21 21:09:53,628 [ERROR] LogOutputStream:75 - [STDERR_REDIRECT] 
2026-01-21 21:09:54,624 [ERROR] LogOutputStream:75 - [STDERR_REDIRECT] [Fatal Error] :1:1: Premature end of file.
2026-01-21 21:09:54,624 [ERROR] LogOutputStream:75 - [STDERR_REDIRECT] 
2026-01-21 21:09:55,667 [ERROR] LogOutputStream:75 - [STDERR_REDIRECT] [Fatal Error] :1:1: Premature end of file.
2026-01-21 21:09:55,667 [ERROR] LogOutputStream:75 - [STDERR_REDIRECT] 
2026-01-21 21:09:56,626 [ERROR] LogOutputStream:75 - [STDERR_REDIRECT] [Fatal Error] :1:1: Premature end of file.
2026-01-21 21:09:56,626 [ERROR] LogOutputStream:75 - [STDERR_REDIRECT] 
2026-01-21 21:09:57,627 [ERROR] LogOutputStream:75 - [STDERR_REDIRECT] [Fatal Error] :1:1: Premature end of file.
2026-01-21 21:09:57,627 [ERROR] LogOutputStream:75 - [STDERR_REDIRECT] 
2026-01-21 21:09:58,628 [ERROR] LogOutputStream:75 - [STDERR_REDIRECT] [Fatal Error] :1:1: Premature end of file.
2026-01-21 21:09:58,628 [ERROR] LogOutputStream:75 - [STDERR_REDIRECT] 
2026-01-21 21:09:59,627 [ERROR] LogOutputStream:75 - [STDERR_REDIRECT] [Fatal Error] :1:1: Premature end of file.
2026-01-21 21:09:59,628 [ERROR] LogOutputStream:75 - [STDERR_REDIRECT] 
2026-01-21 21:10:00,628 [ERROR] LogOutputStream:75 - [STDERR_REDIRECT] [Fatal Error] :1:1: Premature end of file.
2026-01-21 21:10:00,628 [ERROR] LogOutputStream:75 - [STDERR_REDIRECT] 
2026-01-21 21:10:01,624 [ERROR] LogOutputStream:75 - [STDERR_REDIRECT] [Fatal Error] :1:1: Premature end of file.
2026-01-21 21:10:01,624 [ERROR] LogOutputStream:75 - [STDERR_REDIRECT] 
2026-01-21 21:10:02,625 [ERROR] LogOutputStream:75 - [STDERR_REDIRECT] [Fatal Error] :1:1: Premature end of file.
2026-01-21 21:10:02,625 [ERROR] LogOutputStream:75 - [STDERR_REDIRECT] 
2026-01-21 21:10:03,623 [ERROR] LogOutputStream:75 - [STDERR_REDIRECT] [Fatal Error] :1:1: Premature end of file.
2026-01-21 21:10:03,623 [ERROR] LogOutputStream:75 - [STDERR_REDIRECT] 
2026-01-21 21:10:04,625 [ERROR] LogOutputStream:75 - [STDERR_REDIRECT] [Fatal Error] :1:1: Premature end of file.
2026-01-21 21:10:04,625 [ERROR] LogOutputStream:75 - [STDERR_REDIRECT] 
2026-01-21 21:10:05,626 [ERROR] LogOutputStream:75 - [STDERR_REDIRECT] [Fatal Error] :1:1: Premature end of file.
2026-01-21 21:10:05,626 [ERROR] LogOutputStream:75 - [STDERR_REDIRECT] 
2026-01-21 21:10:06,628 [ERROR] LogOutputStream:75 - [STDERR_REDIRECT] [Fatal Error] :1:1: Premature end of file.
2026-01-21 21:10:06,628 [ERROR] LogOutputStream:75 - [STDERR_REDIRECT] 
2026-01-21 21:10:07,626 [ERROR] LogOutputStream:75 - [STDERR_REDIRECT] [Fatal Error] :1:1: Premature end of file.
2026-01-21 21:10:07,626 [ERROR] LogOutputStream:75 - [STDERR_REDIRECT] 
2026-01-21 21:10:08,625 [ERROR] LogOutputStream:75 - [STDERR_REDIRECT] [Fatal Error] :1:1: Premature end of file.
2026-01-21 21:10:08,625 [ERROR] LogOutputStream:75 - [STDERR_REDIRECT] 
2026-01-21 21:10:09,627 [ERROR] LogOutputStream:75 - [STDERR_REDIRECT] [Fatal Error] :1:1: Premature end of file.
2026-01-21 21:10:09,627 [ERROR] LogOutputStream:75 - [STDERR_REDIRECT] 
2026-01-21 21:10:10,624 [ERROR] LogOutputStream:75 - [STDERR_REDIRECT] [Fatal Error] :1:1: Premature end of file.
2026-01-21 21:10:10,624 [ERROR] LogOutputStream:75 - [STDERR_REDIRECT] 
2026-01-21 21:10:11,629 [ERROR] LogOutputStream:75 - [STDERR_REDIRECT] [Fatal Error] :1:1: Premature end of file.
2026-01-21 21:10:11,630 [ERROR] LogOutputStream:75 - [STDERR_REDIRECT] 
2026-01-21 21:10:12,627 [ERROR] LogOutputStream:75 - [STDERR_REDIRECT] [Fatal Error] :1:1: Premature end of file.
2026-01-21 21:10:12,628 [ERROR] LogOutputStream:75 - [STDERR_REDIRECT] 
2026-01-21 21:10:13,629 [ERROR] LogOutputStream:75 - [STDERR_REDIRECT] [Fatal Error] :1:1: Premature end of file.
2026-01-21 21:10:13,629 [ERROR] LogOutputStream:75 - [STDERR_REDIRECT] 
2026-01-21 21:10:14,635 [ERROR] LogOutputStream:75 - [STDERR_REDIRECT] [Fatal Error] :1:1: Premature end of file.
2026-01-21 21:10:14,636 [ERROR] LogOutputStream:75 - [STDERR_REDIRECT] 
2026-01-21 21:10:15,638 [ERROR] LogOutputStream:75 - [STDERR_REDIRECT] [Fatal Error] :1:1: Premature end of file.
2026-01-21 21:10:15,638 [ERROR] LogOutputStream:75 - [STDERR_REDIRECT] 
2026-01-21 21:10:16,628 [ERROR] LogOutputStream:75 - [STDERR_REDIRECT] [Fatal Error] :1:1: Premature end of file.
2026-01-21 21:10:16,628 [ERROR] LogOutputStream:75 - [STDERR_REDIRECT] 
2026-01-21 21:10:17,638 [ERROR] LogOutputStream:75 - [STDERR_REDIRECT] [Fatal Error] :1:1: Premature end of file.
2026-01-21 21:10:17,638 [ERROR] LogOutputStream:75 - [STDERR_REDIRECT] 
2026-01-21 21:10:18,635 [ERROR] LogOutputStream:75 - [STDERR_REDIRECT] [Fatal Error] :1:1: Premature end of file.
2026-01-21 21:10:18,635 [ERROR] LogOutputStream:75 - [STDERR_REDIRECT] 
2026-01-21 21:10:19,635 [ERROR] LogOutputStream:75 - [STDERR_REDIRECT] [Fatal Error] :1:1: Premature end of file.
2026-01-21 21:10:19,635 [ERROR] LogOutputStream:75 - [STDERR_REDIRECT] 
2026-01-21 21:10:20,642 [ERROR] LogOutputStream:75 - [STDERR_REDIRECT] [Fatal Error] :1:1: Premature end of file.
2026-01-21 21:10:20,642 [ERROR] LogOutputStream:75 - [STDERR_REDIRECT] 
2026-01-21 21:10:21,637 [ERROR] LogOutputStream:75 - [STDERR_REDIRECT] [Fatal Error] :1:1: Premature end of file.
2026-01-21 21:10:21,637 [ERROR] LogOutputStream:75 - [STDERR_REDIRECT] 
2026-01-21 21:10:22,635 [ERROR] LogOutputStream:75 - [STDERR_REDIRECT] [Fatal Error] :1:1: Premature end of file.
2026-01-21 21:10:22,635 [ERROR] LogOutputStream:75 - [STDERR_REDIRECT] 
2026-01-21 21:10:23,635 [ERROR] LogOutputStream:75 - [STDERR_REDIRECT] [Fatal Error] :1:1: Premature end of file.
2026-01-21 21:10:23,635 [ERROR] LogOutputStream:75 - [STDERR_REDIRECT] 
2026-01-21 21:10:24,635 [ERROR] LogOutputStream:75 - [STDERR_REDIRECT] [Fatal Error] :1:1: Premature end of file.
2026-01-21 21:10:24,635 [ERROR] LogOutputStream:75 - [STDERR_REDIRECT] 
2026-01-21 21:10:25,637 [ERROR] LogOutputStream:75 - [STDERR_REDIRECT] [Fatal Error] :1:1: Premature end of file.
2026-01-21 21:10:25,637 [ERROR] LogOutputStream:75 - [STDERR_REDIRECT] 
2026-01-21 21:10:26,635 [ERROR] LogOutputStream:75 - [STDERR_REDIRECT] [Fatal Error] :1:1: Premature end of file.
2026-01-21 21:10:26,635 [ERROR] LogOutputStream:75 - [STDERR_REDIRECT] 
2026-01-21 21:10:27,662 [ERROR] LogOutputStream:75 - [STDERR_REDIRECT] [Fatal Error] :1:1: Premature end of file.
2026-01-21 21:10:27,662 [ERROR] LogOutputStream:75 - [STDERR_REDIRECT] 
2026-01-21 21:10:28,635 [ERROR] LogOutputStream:75 - [STDERR_REDIRECT] [Fatal Error] :1:1: Premature end of file.
2026-01-21 21:10:28,639 [ERROR] LogOutputStream:75 - [STDERR_REDIRECT] 
2026-01-21 21:10:29,668 [ERROR] LogOutputStream:75 - [STDERR_REDIRECT] [Fatal Error] :1:1: Premature end of file.
2026-01-21 21:10:29,668 [ERROR] LogOutputStream:75 - [STDERR_REDIRECT] 
2026-01-21 21:10:30,645 [ERROR] LogOutputStream:75 - [STDERR_REDIRECT] [Fatal Error] :1:1: Premature end of file.
2026-01-21 21:10:30,647 [ERROR] LogOutputStream:75 - [STDERR_REDIRECT] 
2026-01-21 21:10:31,652 [ERROR] LogOutputStream:75 - [STDERR_REDIRECT] [Fatal Error] :1:1: Premature end of file.
2026-01-21 21:10:31,652 [ERROR] LogOutputStream:75 - [STDERR_REDIRECT] 
2026-01-21 21:10:32,647 [ERROR] LogOutputStream:75 - [STDERR_REDIRECT] [Fatal Error] :1:1: Premature end of file.
2026-01-21 21:10:32,647 [ERROR] LogOutputStream:75 - [STDERR_REDIRECT] 
2026-01-21 21:10:33,635 [ERROR] LogOutputStream:75 - [STDERR_REDIRECT] [Fatal Error] :1:1: Premature end of file.
2026-01-21 21:10:33,635 [ERROR] LogOutputStream:75 - [STDERR_REDIRECT] 
2026-01-21 21:10:34,632 [ERROR] LogOutputStream:75 - [STDERR_REDIRECT] [Fatal Error] :1:1: Premature end of file.
2026-01-21 21:10:34,632 [ERROR] LogOutputStream:75 - [STDERR_REDIRECT] 
2026-01-21 21:10:35,622 [ERROR] LogOutputStream:75 - [STDERR_REDIRECT] [Fatal Error] :1:1: Premature end of file.
2026-01-21 21:10:35,622 [ERROR] LogOutputStream:75 - [STDERR_REDIRECT] 
2026-01-21 21:10:36,634 [ERROR] LogOutputStream:75 - [STDERR_REDIRECT] [Fatal Error] :1:1: Premature end of file.
2026-01-21 21:10:36,634 [ERROR] LogOutputStream:75 - [STDERR_REDIRECT] 
2026-01-21 21:10:37,649 [ERROR] LogOutputStream:75 - [STDERR_REDIRECT] [Fatal Error] :1:1: Premature end of file.
2026-01-21 21:10:37,649 [ERROR] LogOutputStream:75 - [STDERR_REDIRECT] 
2026-01-21 21:10:38,622 [ERROR] LogOutputStream:75 - [STDERR_REDIRECT] [Fatal Error] :1:1: Premature end of file.
2026-01-21 21:10:38,622 [ERROR] LogOutputStream:75 - [STDERR_REDIRECT] 
2026-01-21 21:10:39,625 [ERROR] LogOutputStream:75 - [STDERR_REDIRECT] [Fatal Error] :1:1: Premature end of file.
2026-01-21 21:10:39,625 [ERROR] LogOutputStream:75 - [STDERR_REDIRECT] 
2026-01-21 21:10:40,628 [ERROR] LogOutputStream:75 - [STDERR_REDIRECT] [Fatal Error] :1:1: Premature end of file.
2026-01-21 21:10:40,628 [ERROR] LogOutputStream:75 - [STDERR_REDIRECT] 
2026-01-21 21:10:41,630 [ERROR] LogOutputStream:75 - [STDERR_REDIRECT] [Fatal Error] :1:1: Premature end of file.
2026-01-21 21:10:41,630 [ERROR] LogOutputStream:75 - [STDERR_REDIRECT] 
2026-01-21 21:10:42,634 [ERROR] LogOutputStream:75 - [STDERR_REDIRECT] [Fatal Error] :1:1: Premature end of file.
2026-01-21 21:10:42,634 [ERROR] LogOutputStream:75 - [STDERR_REDIRECT] 
2026-01-21 21:10:43,636 [ERROR] LogOutputStream:75 - [STDERR_REDIRECT] [Fatal Error] :1:1: Premature end of file.
2026-01-21 21:10:43,636 [ERROR] LogOutputStream:75 - [STDERR_REDIRECT] 
2026-01-21 21:10:44,631 [ERROR] LogOutputStream:75 - [STDERR_REDIRECT] [Fatal Error] :1:1: Premature end of file.
2026-01-21 21:10:44,631 [ERROR] LogOutputStream:75 - [STDERR_REDIRECT] 
2026-01-21 21:10:45,671 [ERROR] LogOutputStream:75 - [STDERR_REDIRECT] [Fatal Error] :1:1: Premature end of file.
2026-01-21 21:10:45,671 [ERROR] LogOutputStream:75 - [STDERR_REDIRECT] 
2026-01-21 21:10:46,625 [ERROR] LogOutputStream:75 - [STDERR_REDIRECT] [Fatal Error] :1:1: Premature end of file.
2026-01-21 21:10:46,625 [ERROR] LogOutputStream:75 - [STDERR_REDIRECT] 
2026-01-21 21:10:47,631 [ERROR] LogOutputStream:75 - [STDERR_REDIRECT] [Fatal Error] :1:1: Premature end of file.
2026-01-21 21:10:47,631 [ERROR] LogOutputStream:75 - [STDERR_REDIRECT] 
2026-01-21 21:10:48,625 [ERROR] LogOutputStream:75 - [STDERR_REDIRECT] [Fatal Error] :1:1: Premature end of file.
2026-01-21 21:10:48,625 [ERROR] LogOutputStream:75 - [STDERR_REDIRECT] 
2026-01-21 21:10:49,636 [ERROR] LogOutputStream:75 - [STDERR_REDIRECT] [Fatal Error] :1:1: Premature end of file.
2026-01-21 21:10:49,636 [ERROR] LogOutputStream:75 - [STDERR_REDIRECT] 
2026-01-21 21:10:50,639 [ERROR] LogOutputStream:75 - [STDERR_REDIRECT] [Fatal Error] :1:1: Premature end of file.
2026-01-21 21:10:50,639 [ERROR] LogOutputStream:75 - [STDERR_REDIRECT] 
2026-01-21 21:10:51,633 [ERROR] LogOutputStream:75 - [STDERR_REDIRECT] [Fatal Error] :1:1: Premature end of file.
2026-01-21 21:10:51,633 [ERROR] LogOutputStream:75 - [STDERR_REDIRECT] 
2026-01-21 21:10:52,639 [ERROR] LogOutputStream:75 - [STDERR_REDIRECT] [Fatal Error] :1:1: Premature end of file.
2026-01-21 21:10:52,639 [ERROR] LogOutputStream:75 - [STDERR_REDIRECT] 
2026-01-21 21:10:53,639 [ERROR] LogOutputStream:75 - [STDERR_REDIRECT] [Fatal Error] :1:1: Premature end of file.
2026-01-21 21:10:53,639 [ERROR] LogOutputStream:75 - [STDERR_REDIRECT] 
2026-01-21 21:10:54,636 [ERROR] LogOutputStream:75 - [STDERR_REDIRECT] [Fatal Error] :1:1: Premature end of file.
2026-01-21 21:10:54,636 [ERROR] LogOutputStream:75 - [STDERR_REDIRECT] 
2026-01-21 21:10:55,649 [ERROR] LogOutputStream:75 - [STDERR_REDIRECT] [Fatal Error] :1:1: Premature end of file.
2026-01-21 21:10:55,649 [ERROR] LogOutputStream:75 - [STDERR_REDIRECT] 
2026-01-21 21:10:56,649 [ERROR] LogOutputStream:75 - [STDERR_REDIRECT] [Fatal Error] :1:1: Premature end of file.
2026-01-21 21:10:56,649 [ERROR] LogOutputStream:75 - [STDERR_REDIRECT] 
2026-01-21 21:10:57,634 [ERROR] LogOutputStream:75 - [STDERR_REDIRECT] [Fatal Error] :1:1: Premature end of file.
2026-01-21 21:10:57,634 [ERROR] LogOutputStream:75 - [STDERR_REDIRECT] 
2026-01-21 21:10:58,663 [ERROR] LogOutputStream:75 - [STDERR_REDIRECT] [Fatal Error] :1:1: Premature end of file.
2026-01-21 21:10:58,663 [ERROR] LogOutputStream:75 - [STDERR_REDIRECT] 
2026-01-21 21:10:59,638 [ERROR] LogOutputStream:75 - [STDERR_REDIRECT] [Fatal Error] :1:1: Premature end of file.
2026-01-21 21:10:59,638 [ERROR] LogOutputStream:75 - [STDERR_REDIRECT] 
2026-01-21 21:11:00,650 [ERROR] LogOutputStream:75 - [STDERR_REDIRECT] [Fatal Error] :1:1: Premature end of file.
2026-01-21 21:11:00,650 [ERROR] LogOutputStream:75 - [STDERR_REDIRECT] 
2026-01-21 21:11:01,637 [ERROR] LogOutputStream:75 - [STDERR_REDIRECT] [Fatal Error] :1:1: Premature end of file.
2026-01-21 21:11:01,637 [ERROR] LogOutputStream:75 - [STDERR_REDIRECT] 
2026-01-21 21:11:02,638 [ERROR] LogOutputStream:75 - [STDERR_REDIRECT] [Fatal Error] :1:1: Premature end of file.
2026-01-21 21:11:02,638 [ERROR] LogOutputStream:75 - [STDERR_REDIRECT] 
2026-01-21 21:11:03,627 [ERROR] LogOutputStream:75 - [STDERR_REDIRECT] [Fatal Error] :1:1: Premature end of file.
2026-01-21 21:11:03,627 [ERROR] LogOutputStream:75 - [STDERR_REDIRECT] 
2026-01-21 21:11:04,626 [ERROR] LogOutputStream:75 - [STDERR_REDIRECT] [Fatal Error] :1:1: Premature end of file.
2026-01-21 21:11:04,626 [ERROR] LogOutputStream:75 - [STDERR_REDIRECT] 
2026-01-21 21:11:05,636 [ERROR] LogOutputStream:75 - [STDERR_REDIRECT] [Fatal Error] :1:1: Premature end of file.
2026-01-21 21:11:05,636 [ERROR] LogOutputStream:75 - [STDERR_REDIRECT] 
2026-01-21 21:11:06,662 [ERROR] LogOutputStream:75 - [STDERR_REDIRECT] [Fatal Error] :1:1: Premature end of file.
2026-01-21 21:11:06,662 [ERROR] LogOutputStream:75 - [STDERR_REDIRECT] 
2026-01-21 21:11:07,633 [ERROR] LogOutputStream:75 - [STDERR_REDIRECT] [Fatal Error] :1:1: Premature end of file.
2026-01-21 21:11:07,633 [ERROR] LogOutputStream:75 - [STDERR_REDIRECT] 
2026-01-21 21:11:08,637 [ERROR] LogOutputStream:75 - [STDERR_REDIRECT] [Fatal Error] :1:1: Premature end of file.
2026-01-21 21:11:08,637 [ERROR] LogOutputStream:75 - [STDERR_REDIRECT] 
2026-01-21 21:11:09,640 [ERROR] LogOutputStream:75 - [STDERR_REDIRECT] [Fatal Error] :1:1: Premature end of file.
2026-01-21 21:11:09,640 [ERROR] LogOutputStream:75 - [STDERR_REDIRECT] 
2026-01-21 21:11:10,631 [ERROR] LogOutputStream:75 - [STDERR_REDIRECT] [Fatal Error] :1:1: Premature end of file.
2026-01-21 21:11:10,631 [ERROR] LogOutputStream:75 - [STDERR_REDIRECT] 
2026-01-21 21:11:11,638 [ERROR] LogOutputStream:75 - [STDERR_REDIRECT] [Fatal Error] :1:1: Premature end of file.
2026-01-21 21:11:11,638 [ERROR] LogOutputStream:75 - [STDERR_REDIRECT] 
2026-01-21 21:11:12,650 [ERROR] LogOutputStream:75 - [STDERR_REDIRECT] [Fatal Error] :1:1: Premature end of file.
2026-01-21 21:11:12,650 [ERROR] LogOutputStream:75 - [STDERR_REDIRECT] 
2026-01-21 21:11:13,641 [ERROR] LogOutputStream:75 - [STDERR_REDIRECT] [Fatal Error] :1:1: Premature end of file.
2026-01-21 21:11:13,642 [ERROR] LogOutputStream:75 - [STDERR_REDIRECT] 
2026-01-21 21:11:14,631 [ERROR] LogOutputStream:75 - [STDERR_REDIRECT] [Fatal Error] :1:1: Premature end of file.
2026-01-21 21:11:14,631 [ERROR] LogOutputStream:75 - [STDERR_REDIRECT] 
2026-01-21 21:11:15,637 [ERROR] LogOutputStream:75 - [STDERR_REDIRECT] [Fatal Error] :1:1: Premature end of file.
2026-01-21 21:11:15,637 [ERROR] LogOutputStream:75 - [STDERR_REDIRECT] 
2026-01-21 21:11:16,638 [ERROR] LogOutputStream:75 - [STDERR_REDIRECT] [Fatal Error] :1:1: Premature end of file.
2026-01-21 21:11:16,638 [ERROR] LogOutputStream:75 - [STDERR_REDIRECT] 
2026-01-21 21:11:17,634 [ERROR] LogOutputStream:75 - [STDERR_REDIRECT] [Fatal Error] :1:1: Premature end of file.
2026-01-21 21:11:17,634 [ERROR] LogOutputStream:75 - [STDERR_REDIRECT] 
2026-01-21 21:11:18,636 [ERROR] LogOutputStream:75 - [STDERR_REDIRECT] [Fatal Error] :1:1: Premature end of file.
2026-01-21 21:11:18,636 [ERROR] LogOutputStream:75 - [STDERR_REDIRECT] 
2026-01-21 21:11:19,643 [ERROR] LogOutputStream:75 - [STDERR_REDIRECT] [Fatal Error] :1:1: Premature end of file.
2026-01-21 21:11:19,644 [ERROR] LogOutputStream:75 - [STDERR_REDIRECT] 
2026-01-21 21:11:20,638 [ERROR] LogOutputStream:75 - [STDERR_REDIRECT] [Fatal Error] :1:1: Premature end of file.
2026-01-21 21:11:20,638 [ERROR] LogOutputStream:75 - [STDERR_REDIRECT] 
2026-01-21 21:11:21,647 [ERROR] LogOutputStream:75 - [STDERR_REDIRECT] [Fatal Error] :1:1: Premature end of file.
2026-01-21 21:11:21,648 [ERROR] LogOutputStream:75 - [STDERR_REDIRECT] 
2026-01-21 21:11:22,639 [ERROR] LogOutputStream:75 - [STDERR_REDIRECT] [Fatal Error] :1:1: Premature end of file.
2026-01-21 21:11:22,639 [ERROR] LogOutputStream:75 - [STDERR_REDIRECT] 
2026-01-21 21:11:23,638 [ERROR] LogOutputStream:75 - [STDERR_REDIRECT] [Fatal Error] :1:1: Premature end of file.
2026-01-21 21:11:23,638 [ERROR] LogOutputStream:75 - [STDERR_REDIRECT] 
2026-01-21 21:11:24,638 [ERROR] LogOutputStream:75 - [STDERR_REDIRECT] [Fatal Error] :1:1: Premature end of file.
2026-01-21 21:11:24,638 [ERROR] LogOutputStream:75 - [STDERR_REDIRECT] 
2026-01-21 21:11:25,641 [ERROR] LogOutputStream:75 - [STDERR_REDIRECT] [Fatal Error] :1:1: Premature end of file.
2026-01-21 21:11:25,642 [ERROR] LogOutputStream:75 - [STDERR_REDIRECT] 
2026-01-21 21:11:26,638 [ERROR] LogOutputStream:75 - [STDERR_REDIRECT] [Fatal Error] :1:1: Premature end of file.
2026-01-21 21:11:26,638 [ERROR] LogOutputStream:75 - [STDERR_REDIRECT] 
2026-01-21 21:11:27,640 [ERROR] LogOutputStream:75 - [STDERR_REDIRECT] [Fatal Error] :1:1: Premature end of file.
2026-01-21 21:11:27,640 [ERROR] LogOutputStream:75 - [STDERR_REDIRECT] 
2026-01-21 21:11:28,655 [ERROR] LogOutputStream:75 - [STDERR_REDIRECT] [Fatal Error] :1:1: Premature end of file.
2026-01-21 21:11:28,655 [ERROR] LogOutputStream:75 - [STDERR_REDIRECT] 
2026-01-21 21:11:29,635 [ERROR] LogOutputStream:75 - [STDERR_REDIRECT] [Fatal Error] :1:1: Premature end of file.
2026-01-21 21:11:29,635 [ERROR] LogOutputStream:75 - [STDERR_REDIRECT] 
2026-01-21 21:11:30,634 [ERROR] LogOutputStream:75 - [STDERR_REDIRECT] [Fatal Error] :1:1: Premature end of file.
2026-01-21 21:11:30,634 [ERROR] LogOutputStream:75 - [STDERR_REDIRECT] 
2026-01-21 21:11:31,638 [ERROR] LogOutputStream:75 - [STDERR_REDIRECT] [Fatal Error] :1:1: Premature end of file.
2026-01-21 21:11:31,638 [ERROR] LogOutputStream:75 - [STDERR_REDIRECT] 
2026-01-21 21:11:32,622 [ERROR] LogOutputStream:75 - [STDERR_REDIRECT] [Fatal Error] :1:1: Premature end of file.
2026-01-21 21:11:32,622 [ERROR] LogOutputStream:75 - [STDERR_REDIRECT] 
2026-01-21 21:11:33,638 [ERROR] LogOutputStream:75 - [STDERR_REDIRECT] [Fatal Error] :1:1: Premature end of file.
2026-01-21 21:11:33,638 [ERROR] LogOutputStream:75 - [STDERR_REDIRECT] 
2026-01-21 21:11:34,644 [ERROR] LogOutputStream:75 - [STDERR_REDIRECT] [Fatal Error] :1:1: Premature end of file.
2026-01-21 21:11:34,644 [ERROR] LogOutputStream:75 - [STDERR_REDIRECT] 
2026-01-21 21:11:35,639 [ERROR] LogOutputStream:75 - [STDERR_REDIRECT] [Fatal Error] :1:1: Premature end of file.
2026-01-21 21:11:35,639 [ERROR] LogOutputStream:75 - [STDERR_REDIRECT] 
2026-01-21 21:11:36,641 [ERROR] LogOutputStream:75 - [STDERR_REDIRECT] [Fatal Error] :1:1: Premature end of file.
2026-01-21 21:11:36,642 [ERROR] LogOutputStream:75 - [STDERR_REDIRECT] 
2026-01-21 21:11:37,649 [ERROR] LogOutputStream:75 - [STDERR_REDIRECT] [Fatal Error] :1:1: Premature end of file.
2026-01-21 21:11:37,649 [ERROR] LogOutputStream:75 - [STDERR_REDIRECT] 
2026-01-21 21:11:38,629 [ERROR] LogOutputStream:75 - [STDERR_REDIRECT] [Fatal Error] :1:1: Premature end of file.
2026-01-21 21:11:38,629 [ERROR] LogOutputStream:75 - [STDERR_REDIRECT] 
2026-01-21 21:11:39,666 [ERROR] LogOutputStream:75 - [STDERR_REDIRECT] [Fatal Error] :1:1: Premature end of file.
2026-01-21 21:11:39,666 [ERROR] LogOutputStream:75 - [STDERR_REDIRECT] 
2026-01-21 21:11:40,644 [ERROR] LogOutputStream:75 - [STDERR_REDIRECT] [Fatal Error] :1:1: Premature end of file.
2026-01-21 21:11:40,645 [ERROR] LogOutputStream:75 - [STDERR_REDIRECT] 
2026-01-21 21:11:41,640 [ERROR] LogOutputStream:75 - [STDERR_REDIRECT] [Fatal Error] :1:1: Premature end of file.
2026-01-21 21:11:41,640 [ERROR] LogOutputStream:75 - [STDERR_REDIRECT] 
2026-01-21 21:11:42,661 [ERROR] LogOutputStream:75 - [STDERR_REDIRECT] [Fatal Error] :1:1: Premature end of file.
2026-01-21 21:11:42,661 [ERROR] LogOutputStream:75 - [STDERR_REDIRECT] 
2026-01-21 21:11:43,642 [ERROR] LogOutputStream:75 - [STDERR_REDIRECT] [Fatal Error] :1:1: Premature end of file.
2026-01-21 21:11:43,642 [ERROR] LogOutputStream:75 - [STDERR_REDIRECT] 
2026-01-21 21:11:44,655 [ERROR] LogOutputStream:75 - [STDERR_REDIRECT] [Fatal Error] :1:1: Premature end of file.
2026-01-21 21:11:44,655 [ERROR] LogOutputStream:75 - [STDERR_REDIRECT] 
2026-01-21 21:11:45,661 [ERROR] LogOutputStream:75 - [STDERR_REDIRECT] [Fatal Error] :1:1: Premature end of file.
2026-01-21 21:11:45,661 [ERROR] LogOutputStream:75 - [STDERR_REDIRECT] 
2026-01-21 21:11:46,638 [ERROR] LogOutputStream:75 - [STDERR_REDIRECT] [Fatal Error] :1:1: Premature end of file.
2026-01-21 21:11:46,638 [ERROR] LogOutputStream:75 - [STDERR_REDIRECT] 
2026-01-21 21:11:47,627 [ERROR] LogOutputStream:75 - [STDERR_REDIRECT] [Fatal Error] :1:1: Premature end of file.
2026-01-21 21:11:47,627 [ERROR] LogOutputStream:75 - [STDERR_REDIRECT] 
2026-01-21 21:11:48,624 [ERROR] LogOutputStream:75 - [STDERR_REDIRECT] [Fatal Error] :1:1: Premature end of file.
2026-01-21 21:11:48,624 [ERROR] LogOutputStream:75 - [STDERR_REDIRECT] 
2026-01-21 21:11:49,623 [ERROR] LogOutputStream:75 - [STDERR_REDIRECT] [Fatal Error] :1:1: Premature end of file.
2026-01-21 21:11:49,623 [ERROR] LogOutputStream:75 - [STDERR_REDIRECT] 
2026-01-21 21:11:50,641 [ERROR] LogOutputStream:75 - [STDERR_REDIRECT] [Fatal Error] :1:1: Premature end of file.
2026-01-21 21:11:50,641 [ERROR] LogOutputStream:75 - [STDERR_REDIRECT] 
2026-01-21 21:11:51,641 [ERROR] LogOutputStream:75 - [STDERR_REDIRECT] [Fatal Error] :1:1: Premature end of file.
2026-01-21 21:11:51,641 [ERROR] LogOutputStream:75 - [STDERR_REDIRECT] 
2026-01-21 21:11:52,625 [ERROR] LogOutputStream:75 - [STDERR_REDIRECT] [Fatal Error] :1:1: Premature end of file.
2026-01-21 21:11:52,625 [ERROR] LogOutputStream:75 - [STDERR_REDIRECT] 
2026-01-21 21:11:53,640 [ERROR] LogOutputStream:75 - [STDERR_REDIRECT] [Fatal Error] :1:1: Premature end of file.
2026-01-21 21:11:53,640 [ERROR] LogOutputStream:75 - [STDERR_REDIRECT] 
2026-01-21 21:11:54,640 [ERROR] LogOutputStream:75 - [STDERR_REDIRECT] [Fatal Error] :1:1: Premature end of file.
2026-01-21 21:11:54,640 [ERROR] LogOutputStream:75 - [STDERR_REDIRECT] 
2026-01-21 21:11:55,638 [ERROR] LogOutputStream:75 - [STDERR_REDIRECT] [Fatal Error] :1:1: Premature end of file.
2026-01-21 21:11:55,638 [ERROR] LogOutputStream:75 - [STDERR_REDIRECT] 
2026-01-21 21:11:56,640 [ERROR] LogOutputStream:75 - [STDERR_REDIRECT] [Fatal Error] :1:1: Premature end of file.
2026-01-21 21:11:56,641 [ERROR] LogOutputStream:75 - [STDERR_REDIRECT] 
2026-01-21 21:11:57,639 [ERROR] LogOutputStream:75 - [STDERR_REDIRECT] [Fatal Error] :1:1: Premature end of file.
2026-01-21 21:11:57,639 [ERROR] LogOutputStream:75 - [STDERR_REDIRECT] 
2026-01-21 21:11:58,639 [ERROR] LogOutputStream:75 - [STDERR_REDIRECT] [Fatal Error] :1:1: Premature end of file.
2026-01-21 21:11:58,639 [ERROR] LogOutputStream:75 - [STDERR_REDIRECT] 
2026-01-21 21:11:59,622 [ERROR] LogOutputStream:75 - [STDERR_REDIRECT] [Fatal Error] :1:1: Premature end of file.
2026-01-21 21:11:59,622 [ERROR] LogOutputStream:75 - [STDERR_REDIRECT] 
2026-01-21 21:12:00,622 [ERROR] LogOutputStream:75 - [STDERR_REDIRECT] [Fatal Error] :1:1: Premature end of file.
2026-01-21 21:12:00,622 [ERROR] LogOutputStream:75 - [STDERR_REDIRECT] 
2026-01-21 21:12:01,630 [ERROR] LogOutputStream:75 - [STDERR_REDIRECT] [Fatal Error] :1:1: Premature end of file.
2026-01-21 21:12:01,630 [ERROR] LogOutputStream:75 - [STDERR_REDIRECT] 
2026-01-21 21:12:02,644 [ERROR] LogOutputStream:75 - [STDERR_REDIRECT] [Fatal Error] :1:1: Premature end of file.
2026-01-21 21:12:02,644 [ERROR] LogOutputStream:75 - [STDERR_REDIRECT] 
2026-01-21 21:12:03,627 [ERROR] LogOutputStream:75 - [STDERR_REDIRECT] [Fatal Error] :1:1: Premature end of file.
2026-01-21 21:12:03,627 [ERROR] LogOutputStream:75 - [STDERR_REDIRECT] 
2026-01-21 21:12:04,639 [ERROR] LogOutputStream:75 - [STDERR_REDIRECT] [Fatal Error] :1:1: Premature end of file.
2026-01-21 21:12:04,639 [ERROR] LogOutputStream:75 - [STDERR_REDIRECT] 
2026-01-21 21:12:05,639 [ERROR] LogOutputStream:75 - [STDERR_REDIRECT] [Fatal Error] :1:1: Premature end of file.
2026-01-21 21:12:05,639 [ERROR] LogOutputStream:75 - [STDERR_REDIRECT] 
2026-01-21 21:12:06,642 [ERROR] LogOutputStream:75 - [STDERR_REDIRECT] [Fatal Error] :1:1: Premature end of file.
2026-01-21 21:12:06,642 [ERROR] LogOutputStream:75 - [STDERR_REDIRECT] 
2026-01-21 21:12:07,627 [ERROR] LogOutputStream:75 - [STDERR_REDIRECT] [Fatal Error] :1:1: Premature end of file.
2026-01-21 21:12:07,627 [ERROR] LogOutputStream:75 - [STDERR_REDIRECT] 
2026-01-21 21:12:08,639 [ERROR] LogOutputStream:75 - [STDERR_REDIRECT] [Fatal Error] :1:1: Premature end of file.
2026-01-21 21:12:08,639 [ERROR] LogOutputStream:75 - [STDERR_REDIRECT] 
2026-01-21 21:12:09,639 [ERROR] LogOutputStream:75 - [STDERR_REDIRECT] [Fatal Error] :1:1: Premature end of file.
2026-01-21 21:12:09,639 [ERROR] LogOutputStream:75 - [STDERR_REDIRECT] 
2026-01-21 21:12:10,631 [ERROR] LogOutputStream:75 - [STDERR_REDIRECT] [Fatal Error] :1:1: Premature end of file.
2026-01-21 21:12:10,631 [ERROR] LogOutputStream:75 - [STDERR_REDIRECT] 
2026-01-21 21:12:11,636 [ERROR] LogOutputStream:75 - [STDERR_REDIRECT] [Fatal Error] :1:1: Premature end of file.
2026-01-21 21:12:11,636 [ERROR] LogOutputStream:75 - [STDERR_REDIRECT] 
2026-01-21 21:12:12,639 [ERROR] LogOutputStream:75 - [STDERR_REDIRECT] [Fatal Error] :1:1: Premature end of file.
2026-01-21 21:12:12,639 [ERROR] LogOutputStream:75 - [STDERR_REDIRECT] 
2026-01-21 21:12:13,639 [ERROR] LogOutputStream:75 - [STDERR_REDIRECT] [Fatal Error] :1:1: Premature end of file.
2026-01-21 21:12:13,639 [ERROR] LogOutputStream:75 - [STDERR_REDIRECT] 
2026-01-21 21:12:14,633 [ERROR] LogOutputStream:75 - [STDERR_REDIRECT] [Fatal Error] :1:1: Premature end of file.
2026-01-21 21:12:14,633 [ERROR] LogOutputStream:75 - [STDERR_REDIRECT] 
2026-01-21 21:12:15,626 [ERROR] LogOutputStream:75 - [STDERR_REDIRECT] [Fatal Error] :1:1: Premature end of file.
2026-01-21 21:12:15,626 [ERROR] LogOutputStream:75 - [STDERR_REDIRECT] 
2026-01-21 21:12:16,624 [ERROR] LogOutputStream:75 - [STDERR_REDIRECT] [Fatal Error] :1:1: Premature end of file.
2026-01-21 21:12:16,624 [ERROR] LogOutputStream:75 - [STDERR_REDIRECT] 
2026-01-21 21:12:17,623 [ERROR] LogOutputStream:75 - [STDERR_REDIRECT] [Fatal Error] :1:1: Premature end of file.
2026-01-21 21:12:17,623 [ERROR] LogOutputStream:75 - [STDERR_REDIRECT] 
2026-01-21 21:12:18,625 [ERROR] LogOutputStream:75 - [STDERR_REDIRECT] [Fatal Error] :1:1: Premature end of file.
2026-01-21 21:12:18,625 [ERROR] LogOutputStream:75 - [STDERR_REDIRECT] 
2026-01-21 21:12:19,623 [ERROR] LogOutputStream:75 - [STDERR_REDIRECT] [Fatal Error] :1:1: Premature end of file.
2026-01-21 21:12:19,623 [ERROR] LogOutputStream:75 - [STDERR_REDIRECT] 
2026-01-21 21:12:20,625 [ERROR] LogOutputStream:75 - [STDERR_REDIRECT] [Fatal Error] :1:1: Premature end of file.
2026-01-21 21:12:20,625 [ERROR] LogOutputStream:75 - [STDERR_REDIRECT] 
2026-01-21 21:12:21,627 [ERROR] LogOutputStream:75 - [STDERR_REDIRECT] [Fatal Error] :1:1: Premature end of file.
2026-01-21 21:12:21,627 [ERROR] LogOutputStream:75 - [STDERR_REDIRECT] 
2026-01-21 21:12:22,623 [ERROR] LogOutputStream:75 - [STDERR_REDIRECT] [Fatal Error] :1:1: Premature end of file.
2026-01-21 21:12:22,623 [ERROR] LogOutputStream:75 - [STDERR_REDIRECT] 
2026-01-21 21:12:23,624 [ERROR] LogOutputStream:75 - [STDERR_REDIRECT] [Fatal Error] :1:1: Premature end of file.
2026-01-21 21:12:23,624 [ERROR] LogOutputStream:75 - [STDERR_REDIRECT] 
2026-01-21 21:12:24,629 [ERROR] LogOutputStream:75 - [STDERR_REDIRECT] [Fatal Error] :1:1: Premature end of file.
2026-01-21 21:12:24,629 [ERROR] LogOutputStream:75 - [STDERR_REDIRECT] 
2026-01-21 21:12:25,622 [ERROR] LogOutputStream:75 - [STDERR_REDIRECT] [Fatal Error] :1:1: Premature end of file.
2026-01-21 21:12:25,622 [ERROR] LogOutputStream:75 - [STDERR_REDIRECT] 
2026-01-21 21:12:26,633 [ERROR] LogOutputStream:75 - [STDERR_REDIRECT] [Fatal Error] :1:1: Premature end of file.
2026-01-21 21:12:26,633 [ERROR] LogOutputStream:75 - [STDERR_REDIRECT] 
2026-01-21 21:12:27,628 [ERROR] LogOutputStream:75 - [STDERR_REDIRECT] [Fatal Error] :1:1: Premature end of file.
2026-01-21 21:12:27,628 [ERROR] LogOutputStream:75 - [STDERR_REDIRECT] 
2026-01-21 21:12:28,624 [ERROR] LogOutputStream:75 - [STDERR_REDIRECT] [Fatal Error] :1:1: Premature end of file.
2026-01-21 21:12:28,624 [ERROR] LogOutputStream:75 - [STDERR_REDIRECT] 
2026-01-21 21:12:29,622 [ERROR] LogOutputStream:75 - [STDERR_REDIRECT] [Fatal Error] :1:1: Premature end of file.
2026-01-21 21:12:29,622 [ERROR] LogOutputStream:75 - [STDERR_REDIRECT] 
2026-01-21 21:12:30,629 [ERROR] LogOutputStream:75 - [STDERR_REDIRECT] [Fatal Error] :1:1: Premature end of file.
2026-01-21 21:12:30,629 [ERROR] LogOutputStream:75 - [STDERR_REDIRECT] 
2026-01-21 21:12:31,629 [ERROR] LogOutputStream:75 - [STDERR_REDIRECT] [Fatal Error] :1:1: Premature end of file.
2026-01-21 21:12:31,629 [ERROR] LogOutputStream:75 - [STDERR_REDIRECT] 
2026-01-21 21:12:32,635 [ERROR] LogOutputStream:75 - [STDERR_REDIRECT] [Fatal Error] :1:1: Premature end of file.
2026-01-21 21:12:32,635 [ERROR] LogOutputStream:75 - [STDERR_REDIRECT] 
2026-01-21 21:12:33,636 [ERROR] LogOutputStream:75 - [STDERR_REDIRECT] [Fatal Error] :1:1: Premature end of file.
2026-01-21 21:12:33,636 [ERROR] LogOutputStream:75 - [STDERR_REDIRECT] 
2026-01-21 21:12:34,622 [ERROR] LogOutputStream:75 - [STDERR_REDIRECT] [Fatal Error] :1:1: Premature end of file.
2026-01-21 21:12:34,622 [ERROR] LogOutputStream:75 - [STDERR_REDIRECT] 
2026-01-21 21:12:35,623 [ERROR] LogOutputStream:75 - [STDERR_REDIRECT] [Fatal Error] :1:1: Premature end of file.
2026-01-21 21:12:35,623 [ERROR] LogOutputStream:75 - [STDERR_REDIRECT] 
2026-01-21 21:12:36,623 [ERROR] LogOutputStream:75 - [STDERR_REDIRECT] [Fatal Error] :1:1: Premature end of file.
2026-01-21 21:12:36,623 [ERROR] LogOutputStream:75 - [STDERR_REDIRECT] 
2026-01-21 21:12:37,624 [ERROR] LogOutputStream:75 - [STDERR_REDIRECT] [Fatal Error] :1:1: Premature end of file.
2026-01-21 21:12:37,624 [ERROR] LogOutputStream:75 - [STDERR_REDIRECT] 
2026-01-21 21:12:38,626 [ERROR] LogOutputStream:75 - [STDERR_REDIRECT] [Fatal Error] :1:1: Premature end of file.
2026-01-21 21:12:38,626 [ERROR] LogOutputStream:75 - [STDERR_REDIRECT] 
2026-01-21 21:12:39,624 [ERROR] LogOutputStream:75 - [STDERR_REDIRECT] [Fatal Error] :1:1: Premature end of file.
2026-01-21 21:12:39,624 [ERROR] LogOutputStream:75 - [STDERR_REDIRECT] 
2026-01-21 21:12:40,645 [ERROR] LogOutputStream:75 - [STDERR_REDIRECT] [Fatal Error] :1:1: Premature end of file.
2026-01-21 21:12:40,645 [ERROR] LogOutputStream:75 - [STDERR_REDIRECT] 
2026-01-21 21:12:41,624 [ERROR] LogOutputStream:75 - [STDERR_REDIRECT] [Fatal Error] :1:1: Premature end of file.
2026-01-21 21:12:41,624 [ERROR] LogOutputStream:75 - [STDERR_REDIRECT] 
2026-01-21 21:12:42,624 [ERROR] LogOutputStream:75 - [STDERR_REDIRECT] [Fatal Error] :1:1: Premature end of file.
2026-01-21 21:12:42,624 [ERROR] LogOutputStream:75 - [STDERR_REDIRECT] 
2026-01-21 21:12:43,626 [ERROR] LogOutputStream:75 - [STDERR_REDIRECT] [Fatal Error] :1:1: Premature end of file.
2026-01-21 21:12:43,626 [ERROR] LogOutputStream:75 - [STDERR_REDIRECT] 
2026-01-21 21:12:44,624 [ERROR] LogOutputStream:75 - [STDERR_REDIRECT] [Fatal Error] :1:1: Premature end of file.
2026-01-21 21:12:44,624 [ERROR] LogOutputStream:75 - [STDERR_REDIRECT] 
2026-01-21 21:12:45,624 [ERROR] LogOutputStream:75 - [STDERR_REDIRECT] [Fatal Error] :1:1: Premature end of file.
2026-01-21 21:12:45,624 [ERROR] LogOutputStream:75 - [STDERR_REDIRECT] 
2026-01-21 21:12:46,626 [ERROR] LogOutputStream:75 - [STDERR_REDIRECT] [Fatal Error] :1:1: Premature end of file.
2026-01-21 21:12:46,626 [ERROR] LogOutputStream:75 - [STDERR_REDIRECT] 
2026-01-21 21:12:47,624 [ERROR] LogOutputStream:75 - [STDERR_REDIRECT] [Fatal Error] :1:1: Premature end of file.
2026-01-21 21:12:47,624 [ERROR] LogOutputStream:75 - [STDERR_REDIRECT] 
2026-01-21 21:12:48,625 [ERROR] LogOutputStream:75 - [STDERR_REDIRECT] [Fatal Error] :1:1: Premature end of file.
2026-01-21 21:12:48,625 [ERROR] LogOutputStream:75 - [STDERR_REDIRECT] 
2026-01-21 21:12:49,625 [ERROR] LogOutputStream:75 - [STDERR_REDIRECT] [Fatal Error] :1:1: Premature end of file.
2026-01-21 21:12:49,626 [ERROR] LogOutputStream:75 - [STDERR_REDIRECT] 
2026-01-21 21:12:50,627 [ERROR] LogOutputStream:75 - [STDERR_REDIRECT] [Fatal Error] :1:1: Premature end of file.
2026-01-21 21:12:50,627 [ERROR] LogOutputStream:75 - [STDERR_REDIRECT] 
2026-01-21 21:12:51,625 [ERROR] LogOutputStream:75 - [STDERR_REDIRECT] [Fatal Error] :1:1: Premature end of file.
2026-01-21 21:12:51,625 [ERROR] LogOutputStream:75 - [STDERR_REDIRECT] 
2026-01-21 21:12:52,625 [ERROR] LogOutputStream:75 - [STDERR_REDIRECT] [Fatal Error] :1:1: Premature end of file.
2026-01-21 21:12:52,625 [ERROR] LogOutputStream:75 - [STDERR_REDIRECT] 
2026-01-21 21:12:53,626 [ERROR] LogOutputStream:75 - [STDERR_REDIRECT] [Fatal Error] :1:1: Premature end of file.
2026-01-21 21:12:53,626 [ERROR] LogOutputStream:75 - [STDERR_REDIRECT] 
2026-01-21 21:12:54,625 [ERROR] LogOutputStream:75 - [STDERR_REDIRECT] [Fatal Error] :1:1: Premature end of file.
2026-01-21 21:12:54,625 [ERROR] LogOutputStream:75 - [STDERR_REDIRECT] 
2026-01-21 21:12:55,630 [ERROR] LogOutputStream:75 - [STDERR_REDIRECT] [Fatal Error] :1:1: Premature end of file.
2026-01-21 21:12:55,630 [ERROR] LogOutputStream:75 - [STDERR_REDIRECT] 
2026-01-21 21:12:56,635 [ERROR] LogOutputStream:75 - [STDERR_REDIRECT] [Fatal Error] :1:1: Premature end of file.
2026-01-21 21:12:56,635 [ERROR] LogOutputStream:75 - [STDERR_REDIRECT] 
2026-01-21 21:12:57,625 [ERROR] LogOutputStream:75 - [STDERR_REDIRECT] [Fatal Error] :1:1: Premature end of file.
2026-01-21 21:12:57,625 [ERROR] LogOutputStream:75 - [STDERR_REDIRECT] 
2026-01-21 21:12:58,634 [ERROR] LogOutputStream:75 - [STDERR_REDIRECT] [Fatal Error] :1:1: Premature end of file.
2026-01-21 21:12:58,634 [ERROR] LogOutputStream:75 - [STDERR_REDIRECT] 
2026-01-21 21:12:59,625 [ERROR] LogOutputStream:75 - [STDERR_REDIRECT] [Fatal Error] :1:1: Premature end of file.
2026-01-21 21:12:59,625 [ERROR] LogOutputStream:75 - [STDERR_REDIRECT] 
2026-01-21 21:13:00,608 [ERROR] LogOutputStream:75 - [STDERR_REDIRECT] [Fatal Error] :1:1: Premature end of file.
2026-01-21 21:13:00,624 [ERROR] LogOutputStream:75 - [STDERR_REDIRECT] 
2026-01-21 21:13:01,627 [ERROR] LogOutputStream:75 - [STDERR_REDIRECT] [Fatal Error] :1:1: Premature end of file.
2026-01-21 21:13:01,627 [ERROR] LogOutputStream:75 - [STDERR_REDIRECT] 
2026-01-21 21:13:02,627 [ERROR] LogOutputStream:75 - [STDERR_REDIRECT] [Fatal Error] :1:1: Premature end of file.
2026-01-21 21:13:02,627 [ERROR] LogOutputStream:75 - [STDERR_REDIRECT] 
2026-01-21 21:13:03,627 [ERROR] LogOutputStream:75 - [STDERR_REDIRECT] [Fatal Error] :1:1: Premature end of file.
2026-01-21 21:13:03,627 [ERROR] LogOutputStream:75 - [STDERR_REDIRECT] 
2026-01-21 21:13:04,626 [ERROR] LogOutputStream:75 - [STDERR_REDIRECT] [Fatal Error] :1:1: Premature end of file.
2026-01-21 21:13:04,626 [ERROR] LogOutputStream:75 - [STDERR_REDIRECT] 
2026-01-21 21:13:05,625 [ERROR] LogOutputStream:75 - [STDERR_REDIRECT] [Fatal Error] :1:1: Premature end of file.
2026-01-21 21:13:05,625 [ERROR] LogOutputStream:75 - [STDERR_REDIRECT] 
2026-01-21 21:13:06,626 [ERROR] LogOutputStream:75 - [STDERR_REDIRECT] [Fatal Error] :1:1: Premature end of file.
2026-01-21 21:13:06,626 [ERROR] LogOutputStream:75 - [STDERR_REDIRECT] 
2026-01-21 21:13:07,625 [ERROR] LogOutputStream:75 - [STDERR_REDIRECT] [Fatal Error] :1:1: Premature end of file.
2026-01-21 21:13:07,625 [ERROR] LogOutputStream:75 - [STDERR_REDIRECT] 
2026-01-21 21:13:08,625 [ERROR] LogOutputStream:75 - [STDERR_REDIRECT] [Fatal Error] :1:1: Premature end of file.
2026-01-21 21:13:08,625 [ERROR] LogOutputStream:75 - [STDERR_REDIRECT] 
2026-01-21 21:13:09,627 [ERROR] LogOutputStream:75 - [STDERR_REDIRECT] [Fatal Error] :1:1: Premature end of file.
2026-01-21 21:13:09,627 [ERROR] LogOutputStream:75 - [STDERR_REDIRECT] 
2026-01-21 21:13:10,625 [ERROR] LogOutputStream:75 - [STDERR_REDIRECT] [Fatal Error] :1:1: Premature end of file.
2026-01-21 21:13:10,625 [ERROR] LogOutputStream:75 - [STDERR_REDIRECT] 
2026-01-21 21:13:11,625 [ERROR] LogOutputStream:75 - [STDERR_REDIRECT] [Fatal Error] :1:1: Premature end of file.
2026-01-21 21:13:11,625 [ERROR] LogOutputStream:75 - [STDERR_REDIRECT] 
2026-01-21 21:13:12,624 [ERROR] LogOutputStream:75 - [STDERR_REDIRECT] [Fatal Error] :1:1: Premature end of file.
2026-01-21 21:13:12,624 [ERROR] LogOutputStream:75 - [STDERR_REDIRECT] 
2026-01-21 21:13:13,628 [ERROR] LogOutputStream:75 - [STDERR_REDIRECT] [Fatal Error] :1:1: Premature end of file.
2026-01-21 21:13:13,628 [ERROR] LogOutputStream:75 - [STDERR_REDIRECT] 
2026-01-21 21:13:14,625 [ERROR] LogOutputStream:75 - [STDERR_REDIRECT] [Fatal Error] :1:1: Premature end of file.
2026-01-21 21:13:14,625 [ERROR] LogOutputStream:75 - [STDERR_REDIRECT] 
2026-01-21 21:13:15,625 [ERROR] LogOutputStream:75 - [STDERR_REDIRECT] [Fatal Error] :1:1: Premature end of file.
2026-01-21 21:13:15,626 [ERROR] LogOutputStream:75 - [STDERR_REDIRECT] 
2026-01-21 21:13:16,629 [ERROR] LogOutputStream:75 - [STDERR_REDIRECT] [Fatal Error] :1:1: Premature end of file.
2026-01-21 21:13:16,629 [ERROR] LogOutputStream:75 - [STDERR_REDIRECT] 
2026-01-21 21:13:17,627 [ERROR] LogOutputStream:75 - [STDERR_REDIRECT] [Fatal Error] :1:1: Premature end of file.
2026-01-21 21:13:17,627 [ERROR] LogOutputStream:75 - [STDERR_REDIRECT] 
2026-01-21 21:13:18,624 [ERROR] LogOutputStream:75 - [STDERR_REDIRECT] [Fatal Error] :1:1: Premature end of file.
2026-01-21 21:13:18,624 [ERROR] LogOutputStream:75 - [STDERR_REDIRECT] 
2026-01-21 21:13:19,625 [ERROR] LogOutputStream:75 - [STDERR_REDIRECT] [Fatal Error] :1:1: Premature end of file.
2026-01-21 21:13:19,625 [ERROR] LogOutputStream:75 - [STDERR_REDIRECT] 
2026-01-21 21:13:20,625 [ERROR] LogOutputStream:75 - [STDERR_REDIRECT] [Fatal Error] :1:1: Premature end of file.
2026-01-21 21:13:20,625 [ERROR] LogOutputStream:75 - [STDERR_REDIRECT] 
2026-01-21 21:13:21,624 [ERROR] LogOutputStream:75 - [STDERR_REDIRECT] [Fatal Error] :1:1: Premature end of file.
2026-01-21 21:13:21,625 [ERROR] LogOutputStream:75 - [STDERR_REDIRECT] 
2026-01-21 21:13:22,625 [ERROR] LogOutputStream:75 - [STDERR_REDIRECT] [Fatal Error] :1:1: Premature end of file.
2026-01-21 21:13:22,625 [ERROR] LogOutputStream:75 - [STDERR_REDIRECT] 
2026-01-21 21:13:23,627 [ERROR] LogOutputStream:75 - [STDERR_REDIRECT] [Fatal Error] :1:1: Premature end of file.
2026-01-21 21:13:23,627 [ERROR] LogOutputStream:75 - [STDERR_REDIRECT] 
2026-01-21 21:13:24,630 [ERROR] LogOutputStream:75 - [STDERR_REDIRECT] [Fatal Error] :1:1: Premature end of file.
2026-01-21 21:13:24,630 [ERROR] LogOutputStream:75 - [STDERR_REDIRECT] 
2026-01-21 21:13:25,627 [ERROR] LogOutputStream:75 - [STDERR_REDIRECT] [Fatal Error] :1:1: Premature end of file.
2026-01-21 21:13:25,627 [ERROR] LogOutputStream:75 - [STDERR_REDIRECT] 
2026-01-21 21:13:26,627 [ERROR] LogOutputStream:75 - [STDERR_REDIRECT] [Fatal Error] :1:1: Premature end of file.
2026-01-21 21:13:26,627 [ERROR] LogOutputStream:75 - [STDERR_REDIRECT] 
2026-01-21 21:13:27,623 [ERROR] LogOutputStream:75 - [STDERR_REDIRECT] [Fatal Error] :1:1: Premature end of file.
2026-01-21 21:13:27,623 [ERROR] LogOutputStream:75 - [STDERR_REDIRECT] 
2026-01-21 21:13:28,627 [ERROR] LogOutputStream:75 - [STDERR_REDIRECT] [Fatal Error] :1:1: Premature end of file.
2026-01-21 21:13:28,627 [ERROR] LogOutputStream:75 - [STDERR_REDIRECT] 
2026-01-21 21:13:29,632 [ERROR] LogOutputStream:75 - [STDERR_REDIRECT] [Fatal Error] :1:1: Premature end of file.
2026-01-21 21:13:29,633 [ERROR] LogOutputStream:75 - [STDERR_REDIRECT] 
2026-01-21 21:13:30,633 [ERROR] LogOutputStream:75 - [STDERR_REDIRECT] [Fatal Error] :1:1: Premature end of file.
2026-01-21 21:13:30,633 [ERROR] LogOutputStream:75 - [STDERR_REDIRECT] 
2026-01-21 21:13:31,634 [ERROR] LogOutputStream:75 - [STDERR_REDIRECT] [Fatal Error] :1:1: Premature end of file.
2026-01-21 21:13:31,634 [ERROR] LogOutputStream:75 - [STDERR_REDIRECT] 
2026-01-21 21:13:32,626 [ERROR] LogOutputStream:75 - [STDERR_REDIRECT] [Fatal Error] :1:1: Premature end of file.
2026-01-21 21:13:32,626 [ERROR] LogOutputStream:75 - [STDERR_REDIRECT] 
2026-01-21 21:13:33,624 [ERROR] LogOutputStream:75 - [STDERR_REDIRECT] [Fatal Error] :1:1: Premature end of file.
2026-01-21 21:13:33,625 [ERROR] LogOutputStream:75 - [STDERR_REDIRECT] 
2026-01-21 21:13:34,609 [ERROR] LogOutputStream:75 - [STDERR_REDIRECT] [Fatal Error] :1:1: Premature end of file.
2026-01-21 21:13:34,609 [ERROR] LogOutputStream:75 - [STDERR_REDIRECT] 
2026-01-21 21:13:35,628 [ERROR] LogOutputStream:75 - [STDERR_REDIRECT] [Fatal Error] :1:1: Premature end of file.
2026-01-21 21:13:35,628 [ERROR] LogOutputStream:75 - [STDERR_REDIRECT] 
2026-01-21 21:13:36,625 [ERROR] LogOutputStream:75 - [STDERR_REDIRECT] [Fatal Error] :1:1: Premature end of file.
2026-01-21 21:13:36,625 [ERROR] LogOutputStream:75 - [STDERR_REDIRECT] 
2026-01-21 21:13:37,629 [ERROR] LogOutputStream:75 - [STDERR_REDIRECT] [Fatal Error] :1:1: Premature end of file.
2026-01-21 21:13:37,629 [ERROR] LogOutputStream:75 - [STDERR_REDIRECT] 
2026-01-21 21:13:38,633 [ERROR] LogOutputStream:75 - [STDERR_REDIRECT] [Fatal Error] :1:1: Premature end of file.
2026-01-21 21:13:38,633 [ERROR] LogOutputStream:75 - [STDERR_REDIRECT] 
2026-01-21 21:13:39,634 [ERROR] LogOutputStream:75 - [STDERR_REDIRECT] [Fatal Error] :1:1: Premature end of file.
2026-01-21 21:13:39,634 [ERROR] LogOutputStream:75 - [STDERR_REDIRECT] 
2026-01-21 21:13:40,635 [ERROR] LogOutputStream:75 - [STDERR_REDIRECT] [Fatal Error] :1:1: Premature end of file.
2026-01-21 21:13:40,635 [ERROR] LogOutputStream:75 - [STDERR_REDIRECT] 
2026-01-21 21:13:41,621 [ERROR] LogOutputStream:75 - [STDERR_REDIRECT] [Fatal Error] :1:1: Premature end of file.
2026-01-21 21:13:41,621 [ERROR] LogOutputStream:75 - [STDERR_REDIRECT] 
2026-01-21 21:13:42,623 [ERROR] LogOutputStream:75 - [STDERR_REDIRECT] [Fatal Error] :1:1: Premature end of file.
2026-01-21 21:13:42,623 [ERROR] LogOutputStream:75 - [STDERR_REDIRECT] 
2026-01-21 21:13:43,627 [ERROR] LogOutputStream:75 - [STDERR_REDIRECT] [Fatal Error] :1:1: Premature end of file.
2026-01-21 21:13:43,627 [ERROR] LogOutputStream:75 - [STDERR_REDIRECT] 
2026-01-21 21:13:44,625 [ERROR] LogOutputStream:75 - [STDERR_REDIRECT] [Fatal Error] :1:1: Premature end of file.
2026-01-21 21:13:44,625 [ERROR] LogOutputStream:75 - [STDERR_REDIRECT] 
2026-01-21 21:13:45,628 [ERROR] LogOutputStream:75 - [STDERR_REDIRECT] [Fatal Error] :1:1: Premature end of file.
2026-01-21 21:13:45,628 [ERROR] LogOutputStream:75 - [STDERR_REDIRECT] 
2026-01-21 21:13:46,628 [ERROR] LogOutputStream:75 - [STDERR_REDIRECT] [Fatal Error] :1:1: Premature end of file.
2026-01-21 21:13:46,628 [ERROR] LogOutputStream:75 - [STDERR_REDIRECT] 
2026-01-21 21:13:47,627 [ERROR] LogOutputStream:75 - [STDERR_REDIRECT] [Fatal Error] :1:1: Premature end of file.
2026-01-21 21:13:47,627 [ERROR] LogOutputStream:75 - [STDERR_REDIRECT] 
2026-01-21 21:13:48,624 [ERROR] LogOutputStream:75 - [STDERR_REDIRECT] [Fatal Error] :1:1: Premature end of file.
2026-01-21 21:13:48,625 [ERROR] LogOutputStream:75 - [STDERR_REDIRECT] 
2026-01-21 21:13:49,621 [ERROR] LogOutputStream:75 - [STDERR_REDIRECT] [Fatal Error] :1:1: Premature end of file.
2026-01-21 21:13:49,621 [ERROR] LogOutputStream:75 - [STDERR_REDIRECT] 
2026-01-21 21:13:50,623 [ERROR] LogOutputStream:75 - [STDERR_REDIRECT] [Fatal Error] :1:1: Premature end of file.
2026-01-21 21:13:50,623 [ERROR] LogOutputStream:75 - [STDERR_REDIRECT] 
2026-01-21 21:13:51,624 [ERROR] LogOutputStream:75 - [STDERR_REDIRECT] [Fatal Error] :1:1: Premature end of file.
2026-01-21 21:13:51,624 [ERROR] LogOutputStream:75 - [STDERR_REDIRECT] 
2026-01-21 21:13:52,612 [ERROR] LogOutputStream:75 - [STDERR_REDIRECT] [Fatal Error] :1:1: Premature end of file.
2026-01-21 21:13:52,612 [ERROR] LogOutputStream:75 - [STDERR_REDIRECT] 
2026-01-21 21:13:53,636 [ERROR] LogOutputStream:75 - [STDERR_REDIRECT] [Fatal Error] :1:1: Premature end of file.
2026-01-21 21:13:53,636 [ERROR] LogOutputStream:75 - [STDERR_REDIRECT] 
2026-01-21 21:13:54,632 [ERROR] LogOutputStream:75 - [STDERR_REDIRECT] [Fatal Error] :1:1: Premature end of file.
2026-01-21 21:13:54,632 [ERROR] LogOutputStream:75 - [STDERR_REDIRECT] 
2026-01-21 21:13:55,628 [ERROR] LogOutputStream:75 - [STDERR_REDIRECT] [Fatal Error] :1:1: Premature end of file.
2026-01-21 21:13:55,628 [ERROR] LogOutputStream:75 - [STDERR_REDIRECT] 
2026-01-21 21:13:56,627 [ERROR] LogOutputStream:75 - [STDERR_REDIRECT] [Fatal Error] :1:1: Premature end of file.
2026-01-21 21:13:56,627 [ERROR] LogOutputStream:75 - [STDERR_REDIRECT] 
2026-01-21 21:13:57,629 [ERROR] LogOutputStream:75 - [STDERR_REDIRECT] [Fatal Error] :1:1: Premature end of file.
2026-01-21 21:13:57,629 [ERROR] LogOutputStream:75 - [STDERR_REDIRECT] 
2026-01-21 21:13:58,627 [ERROR] LogOutputStream:75 - [STDERR_REDIRECT] [Fatal Error] :1:1: Premature end of file.
2026-01-21 21:13:58,627 [ERROR] LogOutputStream:75 - [STDERR_REDIRECT] 
2026-01-21 21:13:59,637 [ERROR] LogOutputStream:75 - [STDERR_REDIRECT] [Fatal Error] :1:1: Premature end of file.
2026-01-21 21:13:59,637 [ERROR] LogOutputStream:75 - [STDERR_REDIRECT] 
2026-01-21 21:14:00,623 [ERROR] LogOutputStream:75 - [STDERR_REDIRECT] [Fatal Error] :1:1: Premature end of file.
2026-01-21 21:14:00,623 [ERROR] LogOutputStream:75 - [STDERR_REDIRECT] 
2026-01-21 21:14:01,628 [ERROR] LogOutputStream:75 - [STDERR_REDIRECT] [Fatal Error] :1:1: Premature end of file.
2026-01-21 21:14:01,628 [ERROR] LogOutputStream:75 - [STDERR_REDIRECT] 
2026-01-21 21:14:02,653 [ERROR] LogOutputStream:75 - [STDERR_REDIRECT] [Fatal Error] :1:1: Premature end of file.
2026-01-21 21:14:02,653 [ERROR] LogOutputStream:75 - [STDERR_REDIRECT] 
2026-01-21 21:14:03,632 [ERROR] LogOutputStream:75 - [STDERR_REDIRECT] [Fatal Error] :1:1: Premature end of file.
2026-01-21 21:14:03,633 [ERROR] LogOutputStream:75 - [STDERR_REDIRECT] 
2026-01-21 21:14:04,627 [ERROR] LogOutputStream:75 - [STDERR_REDIRECT] [Fatal Error] :1:1: Premature end of file.
2026-01-21 21:14:04,627 [ERROR] LogOutputStream:75 - [STDERR_REDIRECT] 
2026-01-21 21:14:05,630 [ERROR] LogOutputStream:75 - [STDERR_REDIRECT] [Fatal Error] :1:1: Premature end of file.
2026-01-21 21:14:05,630 [ERROR] LogOutputStream:75 - [STDERR_REDIRECT] 
2026-01-21 21:14:06,627 [ERROR] LogOutputStream:75 - [STDERR_REDIRECT] [Fatal Error] :1:1: Premature end of file.
2026-01-21 21:14:06,627 [ERROR] LogOutputStream:75 - [STDERR_REDIRECT] 
2026-01-21 21:14:07,627 [ERROR] LogOutputStream:75 - [STDERR_REDIRECT] [Fatal Error] :1:1: Premature end of file.
2026-01-21 21:14:07,627 [ERROR] LogOutputStream:75 - [STDERR_REDIRECT] 
2026-01-21 21:14:08,628 [ERROR] LogOutputStream:75 - [STDERR_REDIRECT] [Fatal Error] :1:1: Premature end of file.
2026-01-21 21:14:08,628 [ERROR] LogOutputStream:75 - [STDERR_REDIRECT] 
2026-01-21 21:14:09,627 [ERROR] LogOutputStream:75 - [STDERR_REDIRECT] [Fatal Error] :1:1: Premature end of file.
2026-01-21 21:14:09,627 [ERROR] LogOutputStream:75 - [STDERR_REDIRECT] 
2026-01-21 21:14:10,629 [ERROR] LogOutputStream:75 - [STDERR_REDIRECT] [Fatal Error] :1:1: Premature end of file.
2026-01-21 21:14:10,629 [ERROR] LogOutputStream:75 - [STDERR_REDIRECT] 
2026-01-21 21:14:11,632 [ERROR] LogOutputStream:75 - [STDERR_REDIRECT] [Fatal Error] :1:1: Premature end of file.
2026-01-21 21:14:11,633 [ERROR] LogOutputStream:75 - [STDERR_REDIRECT] 
2026-01-21 21:14:12,623 [ERROR] LogOutputStream:75 - [STDERR_REDIRECT] [Fatal Error] :1:1: Premature end of file.
2026-01-21 21:14:12,623 [ERROR] LogOutputStream:75 - [STDERR_REDIRECT] 
2026-01-21 21:14:13,627 [ERROR] LogOutputStream:75 - [STDERR_REDIRECT] [Fatal Error] :1:1: Premature end of file.
2026-01-21 21:14:13,627 [ERROR] LogOutputStream:75 - [STDERR_REDIRECT] 
2026-01-21 21:14:14,628 [ERROR] LogOutputStream:75 - [STDERR_REDIRECT] [Fatal Error] :1:1: Premature end of file.
2026-01-21 21:14:14,628 [ERROR] LogOutputStream:75 - [STDERR_REDIRECT] 
2026-01-21 21:14:15,632 [ERROR] LogOutputStream:75 - [STDERR_REDIRECT] [Fatal Error] :1:1: Premature end of file.
2026-01-21 21:14:15,632 [ERROR] LogOutputStream:75 - [STDERR_REDIRECT] 
2026-01-21 21:14:16,622 [ERROR] LogOutputStream:75 - [STDERR_REDIRECT] [Fatal Error] :1:1: Premature end of file.
2026-01-21 21:14:16,622 [ERROR] LogOutputStream:75 - [STDERR_REDIRECT] 
2026-01-21 21:14:17,630 [ERROR] LogOutputStream:75 - [STDERR_REDIRECT] [Fatal Error] :1:1: Premature end of file.
2026-01-21 21:14:17,630 [ERROR] LogOutputStream:75 - [STDERR_REDIRECT] 
2026-01-21 21:14:18,627 [ERROR] LogOutputStream:75 - [STDERR_REDIRECT] [Fatal Error] :1:1: Premature end of file.
2026-01-21 21:14:18,627 [ERROR] LogOutputStream:75 - [STDERR_REDIRECT] 
2026-01-21 21:14:19,626 [ERROR] LogOutputStream:75 - [STDERR_REDIRECT] [Fatal Error] :1:1: Premature end of file.
2026-01-21 21:14:19,626 [ERROR] LogOutputStream:75 - [STDERR_REDIRECT] 
2026-01-21 21:14:20,628 [ERROR] LogOutputStream:75 - [STDERR_REDIRECT] [Fatal Error] :1:1: Premature end of file.
2026-01-21 21:14:20,628 [ERROR] LogOutputStream:75 - [STDERR_REDIRECT] 
2026-01-21 21:14:21,631 [ERROR] LogOutputStream:75 - [STDERR_REDIRECT] [Fatal Error] :1:1: Premature end of file.
2026-01-21 21:14:21,631 [ERROR] LogOutputStream:75 - [STDERR_REDIRECT] 
2026-01-21 21:14:22,614 [ERROR] LogOutputStream:75 - [STDERR_REDIRECT] [Fatal Error] :1:1: Premature end of file.
2026-01-21 21:14:22,614 [ERROR] LogOutputStream:75 - [STDERR_REDIRECT] 
2026-01-21 21:14:23,630 [ERROR] LogOutputStream:75 - [STDERR_REDIRECT] [Fatal Error] :1:1: Premature end of file.
2026-01-21 21:14:23,630 [ERROR] LogOutputStream:75 - [STDERR_REDIRECT] 
2026-01-21 21:14:24,628 [ERROR] LogOutputStream:75 - [STDERR_REDIRECT] [Fatal Error] :1:1: Premature end of file.
2026-01-21 21:14:24,628 [ERROR] LogOutputStream:75 - [STDERR_REDIRECT] 
2026-01-21 21:14:25,629 [ERROR] LogOutputStream:75 - [STDERR_REDIRECT] [Fatal Error] :1:1: Premature end of file.
2026-01-21 21:14:25,630 [ERROR] LogOutputStream:75 - [STDERR_REDIRECT] 
2026-01-21 21:14:26,632 [ERROR] LogOutputStream:75 - [STDERR_REDIRECT] [Fatal Error] :1:1: Premature end of file.
2026-01-21 21:14:26,632 [ERROR] LogOutputStream:75 - [STDERR_REDIRECT] 
2026-01-21 21:14:27,611 [ERROR] LogOutputStream:75 - [STDERR_REDIRECT] [Fatal Error] :1:1: Premature end of file.
2026-01-21 21:14:27,611 [ERROR] LogOutputStream:75 - [STDERR_REDIRECT] 
2026-01-21 21:14:28,628 [ERROR] LogOutputStream:75 - [STDERR_REDIRECT] [Fatal Error] :1:1: Premature end of file.
2026-01-21 21:14:28,628 [ERROR] LogOutputStream:75 - [STDERR_REDIRECT] 
2026-01-21 21:14:29,633 [ERROR] LogOutputStream:75 - [STDERR_REDIRECT] [Fatal Error] :1:1: Premature end of file.
2026-01-21 21:14:29,635 [ERROR] LogOutputStream:75 - [STDERR_REDIRECT] 
2026-01-21 21:14:30,637 [ERROR] LogOutputStream:75 - [STDERR_REDIRECT] [Fatal Error] :1:1: Premature end of file.
2026-01-21 21:14:30,637 [ERROR] LogOutputStream:75 - [STDERR_REDIRECT] 
2026-01-21 21:14:31,623 [ERROR] LogOutputStream:75 - [STDERR_REDIRECT] [Fatal Error] :1:1: Premature end of file.
2026-01-21 21:14:31,624 [ERROR] LogOutputStream:75 - [STDERR_REDIRECT] 
2026-01-21 21:14:32,629 [ERROR] LogOutputStream:75 - [STDERR_REDIRECT] [Fatal Error] :1:1: Premature end of file.
2026-01-21 21:14:32,629 [ERROR] LogOutputStream:75 - [STDERR_REDIRECT] 
2026-01-21 21:14:33,631 [ERROR] LogOutputStream:75 - [STDERR_REDIRECT] [Fatal Error] :1:1: Premature end of file.
2026-01-21 21:14:33,631 [ERROR] LogOutputStream:75 - [STDERR_REDIRECT] 
2026-01-21 21:14:34,645 [ERROR] LogOutputStream:75 - [STDERR_REDIRECT] [Fatal Error] :1:1: Premature end of file.
2026-01-21 21:14:34,645 [ERROR] LogOutputStream:75 - [STDERR_REDIRECT] 
2026-01-21 21:14:35,631 [ERROR] LogOutputStream:75 - [STDERR_REDIRECT] [Fatal Error] :1:1: Premature end of file.
2026-01-21 21:14:35,631 [ERROR] LogOutputStream:75 - [STDERR_REDIRECT] 
2026-01-21 21:14:36,640 [ERROR] LogOutputStream:75 - [STDERR_REDIRECT] [Fatal Error] :1:1: Premature end of file.
2026-01-21 21:14:36,640 [ERROR] LogOutputStream:75 - [STDERR_REDIRECT] 
2026-01-21 21:14:37,634 [ERROR] LogOutputStream:75 - [STDERR_REDIRECT] [Fatal Error] :1:1: Premature end of file.
2026-01-21 21:14:37,634 [ERROR] LogOutputStream:75 - [STDERR_REDIRECT] 
2026-01-21 21:14:38,644 [ERROR] LogOutputStream:75 - [STDERR_REDIRECT] [Fatal Error] :1:1: Premature end of file.
2026-01-21 21:14:38,644 [ERROR] LogOutputStream:75 - [STDERR_REDIRECT] 
2026-01-21 21:14:39,625 [ERROR] LogOutputStream:75 - [STDERR_REDIRECT] [Fatal Error] :1:1: Premature end of file.
2026-01-21 21:14:39,625 [ERROR] LogOutputStream:75 - [STDERR_REDIRECT] 
2026-01-21 21:14:40,629 [ERROR] LogOutputStream:75 - [STDERR_REDIRECT] [Fatal Error] :1:1: Premature end of file.
2026-01-21 21:14:40,629 [ERROR] LogOutputStream:75 - [STDERR_REDIRECT] 
2026-01-21 21:14:41,629 [ERROR] LogOutputStream:75 - [STDERR_REDIRECT] [Fatal Error] :1:1: Premature end of file.
2026-01-21 21:14:41,629 [ERROR] LogOutputStream:75 - [STDERR_REDIRECT] 
2026-01-21 21:14:42,627 [ERROR] LogOutputStream:75 - [STDERR_REDIRECT] [Fatal Error] :1:1: Premature end of file.
2026-01-21 21:14:42,627 [ERROR] LogOutputStream:75 - [STDERR_REDIRECT] 
2026-01-21 21:14:43,637 [ERROR] LogOutputStream:75 - [STDERR_REDIRECT] [Fatal Error] :1:1: Premature end of file.
2026-01-21 21:14:43,637 [ERROR] LogOutputStream:75 - [STDERR_REDIRECT] 
2026-01-21 21:14:44,622 [ERROR] LogOutputStream:75 - [STDERR_REDIRECT] [Fatal Error] :1:1: Premature end of file.
2026-01-21 21:14:44,622 [ERROR] LogOutputStream:75 - [STDERR_REDIRECT] 
2026-01-21 21:14:45,629 [ERROR] LogOutputStream:75 - [STDERR_REDIRECT] [Fatal Error] :1:1: Premature end of file.
2026-01-21 21:14:45,629 [ERROR] LogOutputStream:75 - [STDERR_REDIRECT] 
2026-01-21 21:14:46,629 [ERROR] LogOutputStream:75 - [STDERR_REDIRECT] [Fatal Error] :1:1: Premature end of file.
2026-01-21 21:14:46,629 [ERROR] LogOutputStream:75 - [STDERR_REDIRECT] 
2026-01-21 21:14:47,625 [ERROR] LogOutputStream:75 - [STDERR_REDIRECT] [Fatal Error] :1:1: Premature end of file.
2026-01-21 21:14:47,625 [ERROR] LogOutputStream:75 - [STDERR_REDIRECT] 
2026-01-21 21:14:48,628 [ERROR] LogOutputStream:75 - [STDERR_REDIRECT] [Fatal Error] :1:1: Premature end of file.
2026-01-21 21:14:48,628 [ERROR] LogOutputStream:75 - [STDERR_REDIRECT] 
2026-01-21 21:14:49,626 [ERROR] LogOutputStream:75 - [STDERR_REDIRECT] [Fatal Error] :1:1: Premature end of file.
2026-01-21 21:14:49,626 [ERROR] LogOutputStream:75 - [STDERR_REDIRECT] 
2026-01-21 21:14:50,633 [ERROR] LogOutputStream:75 - [STDERR_REDIRECT] [Fatal Error] :1:1: Premature end of file.
2026-01-21 21:14:50,633 [ERROR] LogOutputStream:75 - [STDERR_REDIRECT] 
2026-01-21 21:14:51,634 [ERROR] LogOutputStream:75 - [STDERR_REDIRECT] [Fatal Error] :1:1: Premature end of file.
2026-01-21 21:14:51,634 [ERROR] LogOutputStream:75 - [STDERR_REDIRECT] 
2026-01-21 21:14:52,635 [ERROR] LogOutputStream:75 - [STDERR_REDIRECT] [Fatal Error] :1:1: Premature end of file.
2026-01-21 21:14:52,635 [ERROR] LogOutputStream:75 - [STDERR_REDIRECT] 
2026-01-21 21:14:53,629 [ERROR] LogOutputStream:75 - [STDERR_REDIRECT] [Fatal Error] :1:1: Premature end of file.
2026-01-21 21:14:53,629 [ERROR] LogOutputStream:75 - [STDERR_REDIRECT] 
2026-01-21 21:14:54,624 [ERROR] LogOutputStream:75 - [STDERR_REDIRECT] [Fatal Error] :1:1: Premature end of file.
2026-01-21 21:14:54,624 [ERROR] LogOutputStream:75 - [STDERR_REDIRECT] 
2026-01-21 21:14:55,624 [ERROR] LogOutputStream:75 - [STDERR_REDIRECT] [Fatal Error] :1:1: Premature end of file.
2026-01-21 21:14:55,624 [ERROR] LogOutputStream:75 - [STDERR_REDIRECT] 
2026-01-21 21:14:56,629 [ERROR] LogOutputStream:75 - [STDERR_REDIRECT] [Fatal Error] :1:1: Premature end of file.
2026-01-21 21:14:56,629 [ERROR] LogOutputStream:75 - [STDERR_REDIRECT] 
2026-01-21 21:14:57,627 [ERROR] LogOutputStream:75 - [STDERR_REDIRECT] [Fatal Error] :1:1: Premature end of file.
2026-01-21 21:14:57,627 [ERROR] LogOutputStream:75 - [STDERR_REDIRECT] 
2026-01-21 21:14:58,630 [ERROR] LogOutputStream:75 - [STDERR_REDIRECT] [Fatal Error] :1:1: Premature end of file.
2026-01-21 21:14:58,630 [ERROR] LogOutputStream:75 - [STDERR_REDIRECT] 
2026-01-21 21:14:59,630 [ERROR] LogOutputStream:75 - [STDERR_REDIRECT] [Fatal Error] :1:1: Premature end of file.
2026-01-21 21:14:59,630 [ERROR] LogOutputStream:75 - [STDERR_REDIRECT] 
2026-01-21 21:15:00,638 [ERROR] LogOutputStream:75 - [STDERR_REDIRECT] [Fatal Error] :1:1: Premature end of file.
2026-01-21 21:15:00,638 [ERROR] LogOutputStream:75 - [STDERR_REDIRECT] 
2026-01-21 21:15:01,629 [ERROR] LogOutputStream:75 - [STDERR_REDIRECT] [Fatal Error] :1:1: Premature end of file.
2026-01-21 21:15:01,629 [ERROR] LogOutputStream:75 - [STDERR_REDIRECT] 
2026-01-21 21:15:02,626 [ERROR] LogOutputStream:75 - [STDERR_REDIRECT] [Fatal Error] :1:1: Premature end of file.
2026-01-21 21:15:02,626 [ERROR] LogOutputStream:75 - [STDERR_REDIRECT] 
2026-01-21 21:15:03,629 [ERROR] LogOutputStream:75 - [STDERR_REDIRECT] [Fatal Error] :1:1: Premature end of file.
2026-01-21 21:15:03,629 [ERROR] LogOutputStream:75 - [STDERR_REDIRECT] 
2026-01-21 21:15:04,633 [ERROR] LogOutputStream:75 - [STDERR_REDIRECT] [Fatal Error] :1:1: Premature end of file.
2026-01-21 21:15:04,633 [ERROR] LogOutputStream:75 - [STDERR_REDIRECT] 
2026-01-21 21:15:05,631 [ERROR] LogOutputStream:75 - [STDERR_REDIRECT] [Fatal Error] :1:1: Premature end of file.
2026-01-21 21:15:05,631 [ERROR] LogOutputStream:75 - [STDERR_REDIRECT] 
2026-01-21 21:15:06,628 [ERROR] LogOutputStream:75 - [STDERR_REDIRECT] [Fatal Error] :1:1: Premature end of file.
2026-01-21 21:15:06,628 [ERROR] LogOutputStream:75 - [STDERR_REDIRECT] 
2026-01-21 21:15:07,623 [ERROR] LogOutputStream:75 - [STDERR_REDIRECT] [Fatal Error] :1:1: Premature end of file.
2026-01-21 21:15:07,623 [ERROR] LogOutputStream:75 - [STDERR_REDIRECT] 
2026-01-21 21:15:08,654 [ERROR] LogOutputStream:75 - [STDERR_REDIRECT] [Fatal Error] :1:1: Premature end of file.
2026-01-21 21:15:08,654 [ERROR] LogOutputStream:75 - [STDERR_REDIRECT] 
2026-01-21 21:15:09,635 [ERROR] LogOutputStream:75 - [STDERR_REDIRECT] [Fatal Error] :1:1: Premature end of file.
2026-01-21 21:15:09,635 [ERROR] LogOutputStream:75 - [STDERR_REDIRECT] 
2026-01-21 21:15:10,630 [ERROR] LogOutputStream:75 - [STDERR_REDIRECT] [Fatal Error] :1:1: Premature end of file.
2026-01-21 21:15:10,630 [ERROR] LogOutputStream:75 - [STDERR_REDIRECT] 
2026-01-21 21:15:11,622 [ERROR] LogOutputStream:75 - [STDERR_REDIRECT] [Fatal Error] :1:1: Premature end of file.
2026-01-21 21:15:11,622 [ERROR] LogOutputStream:75 - [STDERR_REDIRECT] 
2026-01-21 21:15:12,630 [ERROR] LogOutputStream:75 - [STDERR_REDIRECT] [Fatal Error] :1:1: Premature end of file.
2026-01-21 21:15:12,630 [ERROR] LogOutputStream:75 - [STDERR_REDIRECT] 
2026-01-21 21:15:13,630 [ERROR] LogOutputStream:75 - [STDERR_REDIRECT] [Fatal Error] :1:1: Premature end of file.
2026-01-21 21:15:13,630 [ERROR] LogOutputStream:75 - [STDERR_REDIRECT] 
2026-01-21 21:15:14,626 [ERROR] LogOutputStream:75 - [STDERR_REDIRECT] [Fatal Error] :1:1: Premature end of file.
2026-01-21 21:15:14,626 [ERROR] LogOutputStream:75 - [STDERR_REDIRECT] 
2026-01-21 21:15:15,629 [ERROR] LogOutputStream:75 - [STDERR_REDIRECT] [Fatal Error] :1:1: Premature end of file.
2026-01-21 21:15:15,629 [ERROR] LogOutputStream:75 - [STDERR_REDIRECT] 
2026-01-21 21:15:16,635 [ERROR] LogOutputStream:75 - [STDERR_REDIRECT] [Fatal Error] :1:1: Premature end of file.
2026-01-21 21:15:16,635 [ERROR] LogOutputStream:75 - [STDERR_REDIRECT] 
2026-01-21 21:15:17,613 [ERROR] LogOutputStream:75 - [STDERR_REDIRECT] [Fatal Error] :1:1: Premature end of file.
2026-01-21 21:15:17,613 [ERROR] LogOutputStream:75 - [STDERR_REDIRECT] 
2026-01-21 21:15:18,621 [ERROR] LogOutputStream:75 - [STDERR_REDIRECT] [Fatal Error] :1:1: Premature end of file.
2026-01-21 21:15:18,621 [ERROR] LogOutputStream:75 - [STDERR_REDIRECT] 
2026-01-21 21:15:19,628 [ERROR] LogOutputStream:75 - [STDERR_REDIRECT] [Fatal Error] :1:1: Premature end of file.
2026-01-21 21:15:19,628 [ERROR] LogOutputStream:75 - [STDERR_REDIRECT] 
2026-01-21 21:15:20,614 [ERROR] LogOutputStream:75 - [STDERR_REDIRECT] [Fatal Error] :1:1: Premature end of file.
2026-01-21 21:15:20,630 [ERROR] LogOutputStream:75 - [STDERR_REDIRECT] 
2026-01-21 21:15:21,623 [ERROR] LogOutputStream:75 - [STDERR_REDIRECT] [Fatal Error] :1:1: Premature end of file.
2026-01-21 21:15:21,623 [ERROR] LogOutputStream:75 - [STDERR_REDIRECT] 
2026-01-21 21:15:22,628 [ERROR] LogOutputStream:75 - [STDERR_REDIRECT] [Fatal Error] :1:1: Premature end of file.
2026-01-21 21:15:22,628 [ERROR] LogOutputStream:75 - [STDERR_REDIRECT] 
2026-01-21 21:15:23,626 [ERROR] LogOutputStream:75 - [STDERR_REDIRECT] [Fatal Error] :1:1: Premature end of file.
2026-01-21 21:15:23,626 [ERROR] LogOutputStream:75 - [STDERR_REDIRECT] 
2026-01-21 21:15:24,628 [ERROR] LogOutputStream:75 - [STDERR_REDIRECT] [Fatal Error] :1:1: Premature end of file.
2026-01-21 21:15:24,628 [ERROR] LogOutputStream:75 - [STDERR_REDIRECT] 
2026-01-21 21:15:25,631 [ERROR] LogOutputStream:75 - [STDERR_REDIRECT] [Fatal Error] :1:1: Premature end of file.
2026-01-21 21:15:25,631 [ERROR] LogOutputStream:75 - [STDERR_REDIRECT] 
2026-01-21 21:15:26,627 [ERROR] LogOutputStream:75 - [STDERR_REDIRECT] [Fatal Error] :1:1: Premature end of file.
2026-01-21 21:15:26,627 [ERROR] LogOutputStream:75 - [STDERR_REDIRECT] 
2026-01-21 21:15:27,628 [ERROR] LogOutputStream:75 - [STDERR_REDIRECT] [Fatal Error] :1:1: Premature end of file.
2026-01-21 21:15:27,628 [ERROR] LogOutputStream:75 - [STDERR_REDIRECT] 
2026-01-21 21:15:28,630 [ERROR] LogOutputStream:75 - [STDERR_REDIRECT] [Fatal Error] :1:1: Premature end of file.
2026-01-21 21:15:28,630 [ERROR] LogOutputStream:75 - [STDERR_REDIRECT] 
2026-01-21 21:15:29,631 [ERROR] LogOutputStream:75 - [STDERR_REDIRECT] [Fatal Error] :1:1: Premature end of file.
2026-01-21 21:15:29,631 [ERROR] LogOutputStream:75 - [STDERR_REDIRECT] 
2026-01-21 21:15:30,634 [ERROR] LogOutputStream:75 - [STDERR_REDIRECT] [Fatal Error] :1:1: Premature end of file.
2026-01-21 21:15:30,634 [ERROR] LogOutputStream:75 - [STDERR_REDIRECT] 
2026-01-21 21:15:31,614 [ERROR] LogOutputStream:75 - [STDERR_REDIRECT] [Fatal Error] :1:1: Premature end of file.
2026-01-21 21:15:31,614 [ERROR] LogOutputStream:75 - [STDERR_REDIRECT] 
2026-01-21 21:15:32,626 [ERROR] LogOutputStream:75 - [STDERR_REDIRECT] [Fatal Error] :1:1: Premature end of file.
2026-01-21 21:15:32,626 [ERROR] LogOutputStream:75 - [STDERR_REDIRECT] 
2026-01-21 21:15:33,621 [ERROR] LogOutputStream:75 - [STDERR_REDIRECT] [Fatal Error] :1:1: Premature end of file.
2026-01-21 21:15:33,621 [ERROR] LogOutputStream:75 - [STDERR_REDIRECT] 
2026-01-21 21:15:34,629 [ERROR] LogOutputStream:75 - [STDERR_REDIRECT] [Fatal Error] :1:1: Premature end of file.
2026-01-21 21:15:34,629 [ERROR] LogOutputStream:75 - [STDERR_REDIRECT] 
2026-01-21 21:15:35,621 [ERROR] LogOutputStream:75 - [STDERR_REDIRECT] [Fatal Error] :1:1: Premature end of file.
2026-01-21 21:15:35,621 [ERROR] LogOutputStream:75 - [STDERR_REDIRECT] 
2026-01-21 21:15:36,624 [ERROR] LogOutputStream:75 - [STDERR_REDIRECT] [Fatal Error] :1:1: Premature end of file.
2026-01-21 21:15:36,624 [ERROR] LogOutputStream:75 - [STDERR_REDIRECT] 
2026-01-21 21:15:37,627 [ERROR] LogOutputStream:75 - [STDERR_REDIRECT] [Fatal Error] :1:1: Premature end of file.
2026-01-21 21:15:37,627 [ERROR] LogOutputStream:75 - [STDERR_REDIRECT] 
2026-01-21 21:15:38,636 [ERROR] LogOutputStream:75 - [STDERR_REDIRECT] [Fatal Error] :1:1: Premature end of file.
2026-01-21 21:15:38,636 [ERROR] LogOutputStream:75 - [STDERR_REDIRECT] 
2026-01-21 21:15:39,636 [ERROR] LogOutputStream:75 - [STDERR_REDIRECT] [Fatal Error] :1:1: Premature end of file.
2026-01-21 21:15:39,636 [ERROR] LogOutputStream:75 - [STDERR_REDIRECT] 
2026-01-21 21:15:40,636 [ERROR] LogOutputStream:75 - [STDERR_REDIRECT] [Fatal Error] :1:1: Premature end of file.
2026-01-21 21:15:40,637 [ERROR] LogOutputStream:75 - [STDERR_REDIRECT] 
2026-01-21 21:15:41,631 [ERROR] LogOutputStream:75 - [STDERR_REDIRECT] [Fatal Error] :1:1: Premature end of file.
2026-01-21 21:15:41,631 [ERROR] LogOutputStream:75 - [STDERR_REDIRECT] 
2026-01-21 21:15:42,621 [ERROR] LogOutputStream:75 - [STDERR_REDIRECT] [Fatal Error] :1:1: Premature end of file.
2026-01-21 21:15:42,621 [ERROR] LogOutputStream:75 - [STDERR_REDIRECT] 
2026-01-21 21:15:43,631 [ERROR] LogOutputStream:75 - [STDERR_REDIRECT] [Fatal Error] :1:1: Premature end of file.
2026-01-21 21:15:43,631 [ERROR] LogOutputStream:75 - [STDERR_REDIRECT] 
2026-01-21 21:15:44,626 [ERROR] LogOutputStream:75 - [STDERR_REDIRECT] [Fatal Error] :1:1: Premature end of file.
2026-01-21 21:15:44,627 [ERROR] LogOutputStream:75 - [STDERR_REDIRECT] 
2026-01-21 21:15:45,634 [ERROR] LogOutputStream:75 - [STDERR_REDIRECT] [Fatal Error] :1:1: Premature end of file.
2026-01-21 21:15:45,634 [ERROR] LogOutputStream:75 - [STDERR_REDIRECT] 
2026-01-21 21:15:46,624 [ERROR] LogOutputStream:75 - [STDERR_REDIRECT] [Fatal Error] :1:1: Premature end of file.
2026-01-21 21:15:46,624 [ERROR] LogOutputStream:75 - [STDERR_REDIRECT] 
2026-01-21 21:15:47,633 [ERROR] LogOutputStream:75 - [STDERR_REDIRECT] [Fatal Error] :1:1: Premature end of file.
2026-01-21 21:15:47,633 [ERROR] LogOutputStream:75 - [STDERR_REDIRECT] 
2026-01-21 21:15:48,632 [ERROR] LogOutputStream:75 - [STDERR_REDIRECT] [Fatal Error] :1:1: Premature end of file.
2026-01-21 21:15:48,632 [ERROR] LogOutputStream:75 - [STDERR_REDIRECT] 
2026-01-21 21:15:49,627 [ERROR] LogOutputStream:75 - [STDERR_REDIRECT] [Fatal Error] :1:1: Premature end of file.
2026-01-21 21:15:49,627 [ERROR] LogOutputStream:75 - [STDERR_REDIRECT] 
2026-01-21 21:15:50,631 [ERROR] LogOutputStream:75 - [STDERR_REDIRECT] [Fatal Error] :1:1: Premature end of file.
2026-01-21 21:15:50,631 [ERROR] LogOutputStream:75 - [STDERR_REDIRECT] 
2026-01-21 21:15:51,636 [ERROR] LogOutputStream:75 - [STDERR_REDIRECT] [Fatal Error] :1:1: Premature end of file.
2026-01-21 21:15:51,636 [ERROR] LogOutputStream:75 - [STDERR_REDIRECT] 
2026-01-21 21:15:52,639 [ERROR] LogOutputStream:75 - [STDERR_REDIRECT] [Fatal Error] :1:1: Premature end of file.
2026-01-21 21:15:52,639 [ERROR] LogOutputStream:75 - [STDERR_REDIRECT] 
2026-01-21 21:15:53,623 [ERROR] LogOutputStream:75 - [STDERR_REDIRECT] [Fatal Error] :1:1: Premature end of file.
2026-01-21 21:15:53,623 [ERROR] LogOutputStream:75 - [STDERR_REDIRECT] 
2026-01-21 21:15:54,621 [ERROR] LogOutputStream:75 - [STDERR_REDIRECT] [Fatal Error] :1:1: Premature end of file.
2026-01-21 21:15:54,621 [ERROR] LogOutputStream:75 - [STDERR_REDIRECT] 
2026-01-21 21:15:55,630 [ERROR] LogOutputStream:75 - [STDERR_REDIRECT] [Fatal Error] :1:1: Premature end of file.
2026-01-21 21:15:55,630 [ERROR] LogOutputStream:75 - [STDERR_REDIRECT] 
2026-01-21 21:15:56,629 [ERROR] LogOutputStream:75 - [STDERR_REDIRECT] [Fatal Error] :1:1: Premature end of file.
2026-01-21 21:15:56,629 [ERROR] LogOutputStream:75 - [STDERR_REDIRECT] 
2026-01-21 21:15:57,634 [ERROR] LogOutputStream:75 - [STDERR_REDIRECT] [Fatal Error] :1:1: Premature end of file.
2026-01-21 21:15:57,634 [ERROR] LogOutputStream:75 - [STDERR_REDIRECT] 
2026-01-21 21:15:58,635 [ERROR] LogOutputStream:75 - [STDERR_REDIRECT] [Fatal Error] :1:1: Premature end of file.
2026-01-21 21:15:58,635 [ERROR] LogOutputStream:75 - [STDERR_REDIRECT] 
2026-01-21 21:15:59,633 [ERROR] LogOutputStream:75 - [STDERR_REDIRECT] [Fatal Error] :1:1: Premature end of file.
2026-01-21 21:15:59,633 [ERROR] LogOutputStream:75 - [STDERR_REDIRECT] 
2026-01-21 21:16:00,632 [ERROR] LogOutputStream:75 - [STDERR_REDIRECT] [Fatal Error] :1:1: Premature end of file.
2026-01-21 21:16:00,632 [ERROR] LogOutputStream:75 - [STDERR_REDIRECT] 
2026-01-21 21:16:01,633 [ERROR] LogOutputStream:75 - [STDERR_REDIRECT] [Fatal Error] :1:1: Premature end of file.
2026-01-21 21:16:01,633 [ERROR] LogOutputStream:75 - [STDERR_REDIRECT] 
2026-01-21 21:16:02,632 [ERROR] LogOutputStream:75 - [STDERR_REDIRECT] [Fatal Error] :1:1: Premature end of file.
2026-01-21 21:16:02,632 [ERROR] LogOutputStream:75 - [STDERR_REDIRECT] 
2026-01-21 21:16:03,634 [ERROR] LogOutputStream:75 - [STDERR_REDIRECT] [Fatal Error] :1:1: Premature end of file.
2026-01-21 21:16:03,634 [ERROR] LogOutputStream:75 - [STDERR_REDIRECT] 
2026-01-21 21:16:04,635 [ERROR] LogOutputStream:75 - [STDERR_REDIRECT] [Fatal Error] :1:1: Premature end of file.
2026-01-21 21:16:04,635 [ERROR] LogOutputStream:75 - [STDERR_REDIRECT] 
2026-01-21 21:16:05,621 [ERROR] LogOutputStream:75 - [STDERR_REDIRECT] [Fatal Error] :1:1: Premature end of file.
2026-01-21 21:16:05,621 [ERROR] LogOutputStream:75 - [STDERR_REDIRECT] 
2026-01-21 21:16:06,627 [ERROR] LogOutputStream:75 - [STDERR_REDIRECT] [Fatal Error] :1:1: Premature end of file.
2026-01-21 21:16:06,627 [ERROR] LogOutputStream:75 - [STDERR_REDIRECT] 
2026-01-21 21:16:07,637 [ERROR] LogOutputStream:75 - [STDERR_REDIRECT] [Fatal Error] :1:1: Premature end of file.
2026-01-21 21:16:07,637 [ERROR] LogOutputStream:75 - [STDERR_REDIRECT] 
2026-01-21 21:16:08,636 [ERROR] LogOutputStream:75 - [STDERR_REDIRECT] [Fatal Error] :1:1: Premature end of file.
2026-01-21 21:16:08,636 [ERROR] LogOutputStream:75 - [STDERR_REDIRECT] 
2026-01-21 21:16:09,635 [ERROR] LogOutputStream:75 - [STDERR_REDIRECT] [Fatal Error] :1:1: Premature end of file.
2026-01-21 21:16:09,635 [ERROR] LogOutputStream:75 - [STDERR_REDIRECT] 
2026-01-21 21:16:10,636 [ERROR] LogOutputStream:75 - [STDERR_REDIRECT] [Fatal Error] :1:1: Premature end of file.
2026-01-21 21:16:10,636 [ERROR] LogOutputStream:75 - [STDERR_REDIRECT] 
2026-01-21 21:16:11,623 [ERROR] LogOutputStream:75 - [STDERR_REDIRECT] [Fatal Error] :1:1: Premature end of file.
2026-01-21 21:16:11,623 [ERROR] LogOutputStream:75 - [STDERR_REDIRECT] 
2026-01-21 21:16:12,625 [ERROR] LogOutputStream:75 - [STDERR_REDIRECT] [Fatal Error] :1:1: Premature end of file.
2026-01-21 21:16:12,625 [ERROR] LogOutputStream:75 - [STDERR_REDIRECT] 
2026-01-21 21:16:13,632 [ERROR] LogOutputStream:75 - [STDERR_REDIRECT] [Fatal Error] :1:1: Premature end of file.
2026-01-21 21:16:13,632 [ERROR] LogOutputStream:75 - [STDERR_REDIRECT] 
2026-01-21 21:16:14,636 [ERROR] LogOutputStream:75 - [STDERR_REDIRECT] [Fatal Error] :1:1: Premature end of file.
2026-01-21 21:16:14,636 [ERROR] LogOutputStream:75 - [STDERR_REDIRECT] 
2026-01-21 21:16:15,632 [ERROR] LogOutputStream:75 - [STDERR_REDIRECT] [Fatal Error] :1:1: Premature end of file.
2026-01-21 21:16:15,632 [ERROR] LogOutputStream:75 - [STDERR_REDIRECT] 
2026-01-21 21:16:16,634 [ERROR] LogOutputStream:75 - [STDERR_REDIRECT] [Fatal Error] :1:1: Premature end of file.
2026-01-21 21:16:16,634 [ERROR] LogOutputStream:75 - [STDERR_REDIRECT] 
2026-01-21 21:16:17,630 [ERROR] LogOutputStream:75 - [STDERR_REDIRECT] [Fatal Error] :1:1: Premature end of file.
2026-01-21 21:16:17,630 [ERROR] LogOutputStream:75 - [STDERR_REDIRECT] 
2026-01-21 21:16:18,622 [ERROR] LogOutputStream:75 - [STDERR_REDIRECT] [Fatal Error] :1:1: Premature end of file.
2026-01-21 21:16:18,622 [ERROR] LogOutputStream:75 - [STDERR_REDIRECT] 
2026-01-21 21:16:19,629 [ERROR] LogOutputStream:75 - [STDERR_REDIRECT] [Fatal Error] :1:1: Premature end of file.
2026-01-21 21:16:19,629 [ERROR] LogOutputStream:75 - [STDERR_REDIRECT] 
2026-01-21 21:16:20,630 [ERROR] LogOutputStream:75 - [STDERR_REDIRECT] [Fatal Error] :1:1: Premature end of file.
2026-01-21 21:16:20,630 [ERROR] LogOutputStream:75 - [STDERR_REDIRECT] 
2026-01-21 21:16:21,633 [ERROR] LogOutputStream:75 - [STDERR_REDIRECT] [Fatal Error] :1:1: Premature end of file.
2026-01-21 21:16:21,633 [ERROR] LogOutputStream:75 - [STDERR_REDIRECT] 
2026-01-21 21:16:22,633 [ERROR] LogOutputStream:75 - [STDERR_REDIRECT] [Fatal Error] :1:1: Premature end of file.
2026-01-21 21:16:22,633 [ERROR] LogOutputStream:75 - [STDERR_REDIRECT] 
2026-01-21 21:16:23,627 [ERROR] LogOutputStream:75 - [STDERR_REDIRECT] [Fatal Error] :1:1: Premature end of file.
2026-01-21 21:16:23,627 [ERROR] LogOutputStream:75 - [STDERR_REDIRECT] 
2026-01-21 21:16:24,633 [ERROR] LogOutputStream:75 - [STDERR_REDIRECT] [Fatal Error] :1:1: Premature end of file.
2026-01-21 21:16:24,633 [ERROR] LogOutputStream:75 - [STDERR_REDIRECT] 
2026-01-21 21:16:25,636 [ERROR] LogOutputStream:75 - [STDERR_REDIRECT] [Fatal Error] :1:1: Premature end of file.
2026-01-21 21:16:25,636 [ERROR] LogOutputStream:75 - [STDERR_REDIRECT] 
2026-01-21 21:16:26,633 [ERROR] LogOutputStream:75 - [STDERR_REDIRECT] [Fatal Error] :1:1: Premature end of file.
2026-01-21 21:16:26,633 [ERROR] LogOutputStream:75 - [STDERR_REDIRECT] 
2026-01-21 21:16:27,628 [ERROR] LogOutputStream:75 - [STDERR_REDIRECT] [Fatal Error] :1:1: Premature end of file.
2026-01-21 21:16:27,628 [ERROR] LogOutputStream:75 - [STDERR_REDIRECT] 
2026-01-21 21:16:28,633 [ERROR] LogOutputStream:75 - [STDERR_REDIRECT] [Fatal Error] :1:1: Premature end of file.
2026-01-21 21:16:28,633 [ERROR] LogOutputStream:75 - [STDERR_REDIRECT] 
2026-01-21 21:16:29,637 [ERROR] LogOutputStream:75 - [STDERR_REDIRECT] [Fatal Error] :1:1: Premature end of file.
2026-01-21 21:16:29,637 [ERROR] LogOutputStream:75 - [STDERR_REDIRECT] 
2026-01-21 21:16:30,635 [ERROR] LogOutputStream:75 - [STDERR_REDIRECT] [Fatal Error] :1:1: Premature end of file.
2026-01-21 21:16:30,635 [ERROR] LogOutputStream:75 - [STDERR_REDIRECT] 
2026-01-21 21:16:31,633 [ERROR] LogOutputStream:75 - [STDERR_REDIRECT] [Fatal Error] :1:1: Premature end of file.
2026-01-21 21:16:31,633 [ERROR] LogOutputStream:75 - [STDERR_REDIRECT] 
2026-01-21 21:16:32,634 [ERROR] LogOutputStream:75 - [STDERR_REDIRECT] [Fatal Error] :1:1: Premature end of file.
2026-01-21 21:16:32,634 [ERROR] LogOutputStream:75 - [STDERR_REDIRECT] 
2026-01-21 21:16:33,634 [ERROR] LogOutputStream:75 - [STDERR_REDIRECT] [Fatal Error] :1:1: Premature end of file.
2026-01-21 21:16:33,634 [ERROR] LogOutputStream:75 - [STDERR_REDIRECT] 
2026-01-21 21:16:34,634 [ERROR] LogOutputStream:75 - [STDERR_REDIRECT] [Fatal Error] :1:1: Premature end of file.
2026-01-21 21:16:34,634 [ERROR] LogOutputStream:75 - [STDERR_REDIRECT] 
2026-01-21 21:16:35,636 [ERROR] LogOutputStream:75 - [STDERR_REDIRECT] [Fatal Error] :1:1: Premature end of file.
2026-01-21 21:16:35,636 [ERROR] LogOutputStream:75 - [STDERR_REDIRECT] 
2026-01-21 21:16:36,634 [ERROR] LogOutputStream:75 - [STDERR_REDIRECT] [Fatal Error] :1:1: Premature end of file.
2026-01-21 21:16:36,634 [ERROR] LogOutputStream:75 - [STDERR_REDIRECT] 
2026-01-21 21:16:37,634 [ERROR] LogOutputStream:75 - [STDERR_REDIRECT] [Fatal Error] :1:1: Premature end of file.
2026-01-21 21:16:37,634 [ERROR] LogOutputStream:75 - [STDERR_REDIRECT] 
2026-01-21 21:16:38,633 [ERROR] LogOutputStream:75 - [STDERR_REDIRECT] [Fatal Error] :1:1: Premature end of file.
2026-01-21 21:16:38,633 [ERROR] LogOutputStream:75 - [STDERR_REDIRECT] 
2026-01-21 21:16:39,635 [ERROR] LogOutputStream:75 - [STDERR_REDIRECT] [Fatal Error] :1:1: Premature end of file.
2026-01-21 21:16:39,635 [ERROR] LogOutputStream:75 - [STDERR_REDIRECT] 
2026-01-21 21:16:40,624 [ERROR] LogOutputStream:75 - [STDERR_REDIRECT] [Fatal Error] :1:1: Premature end of file.
2026-01-21 21:16:40,624 [ERROR] LogOutputStream:75 - [STDERR_REDIRECT] 
2026-01-21 21:16:41,635 [ERROR] LogOutputStream:75 - [STDERR_REDIRECT] [Fatal Error] :1:1: Premature end of file.
2026-01-21 21:16:41,635 [ERROR] LogOutputStream:75 - [STDERR_REDIRECT] 
2026-01-21 21:16:42,634 [ERROR] LogOutputStream:75 - [STDERR_REDIRECT] [Fatal Error] :1:1: Premature end of file.
2026-01-21 21:16:42,634 [ERROR] LogOutputStream:75 - [STDERR_REDIRECT] 
2026-01-21 21:16:43,634 [ERROR] LogOutputStream:75 - [STDERR_REDIRECT] [Fatal Error] :1:1: Premature end of file.
2026-01-21 21:16:43,634 [ERROR] LogOutputStream:75 - [STDERR_REDIRECT] 
2026-01-21 21:16:44,634 [ERROR] LogOutputStream:75 - [STDERR_REDIRECT] [Fatal Error] :1:1: Premature end of file.
2026-01-21 21:16:44,634 [ERROR] LogOutputStream:75 - [STDERR_REDIRECT] 
2026-01-21 21:16:45,634 [ERROR] LogOutputStream:75 - [STDERR_REDIRECT] [Fatal Error] :1:1: Premature end of file.
2026-01-21 21:16:45,634 [ERROR] LogOutputStream:75 - [STDERR_REDIRECT] 
2026-01-21 21:16:46,634 [ERROR] LogOutputStream:75 - [STDERR_REDIRECT] [Fatal Error] :1:1: Premature end of file.
2026-01-21 21:16:46,634 [ERROR] LogOutputStream:75 - [STDERR_REDIRECT] 
2026-01-21 21:16:47,636 [ERROR] LogOutputStream:75 - [STDERR_REDIRECT] [Fatal Error] :1:1: Premature end of file.
2026-01-21 21:16:47,636 [ERROR] LogOutputStream:75 - [STDERR_REDIRECT] 
2026-01-21 21:16:48,634 [ERROR] LogOutputStream:75 - [STDERR_REDIRECT] [Fatal Error] :1:1: Premature end of file.
2026-01-21 21:16:48,634 [ERROR] LogOutputStream:75 - [STDERR_REDIRECT] 
2026-01-21 21:16:49,634 [ERROR] LogOutputStream:75 - [STDERR_REDIRECT] [Fatal Error] :1:1: Premature end of file.
2026-01-21 21:16:49,634 [ERROR] LogOutputStream:75 - [STDERR_REDIRECT] 
2026-01-21 21:16:50,636 [ERROR] LogOutputStream:75 - [STDERR_REDIRECT] [Fatal Error] :1:1: Premature end of file.
2026-01-21 21:16:50,636 [ERROR] LogOutputStream:75 - [STDERR_REDIRECT] 
2026-01-21 21:16:51,635 [ERROR] LogOutputStream:75 - [STDERR_REDIRECT] [Fatal Error] :1:1: Premature end of file.
2026-01-21 21:16:51,635 [ERROR] LogOutputStream:75 - [STDERR_REDIRECT] 
2026-01-21 21:16:52,634 [ERROR] LogOutputStream:75 - [STDERR_REDIRECT] [Fatal Error] :1:1: Premature end of file.
2026-01-21 21:16:52,634 [ERROR] LogOutputStream:75 - [STDERR_REDIRECT] 
2026-01-21 21:16:53,634 [ERROR] LogOutputStream:75 - [STDERR_REDIRECT] [Fatal Error] :1:1: Premature end of file.
2026-01-21 21:16:53,634 [ERROR] LogOutputStream:75 - [STDERR_REDIRECT] 
2026-01-21 21:16:54,636 [ERROR] LogOutputStream:75 - [STDERR_REDIRECT] [Fatal Error] :1:1: Premature end of file.
2026-01-21 21:16:54,636 [ERROR] LogOutputStream:75 - [STDERR_REDIRECT] 
2026-01-21 21:16:55,617 [ERROR] LogOutputStream:75 - [STDERR_REDIRECT] [Fatal Error] :1:1: Premature end of file.
2026-01-21 21:16:55,617 [ERROR] LogOutputStream:75 - [STDERR_REDIRECT] 
2026-01-21 21:16:56,632 [ERROR] LogOutputStream:75 - [STDERR_REDIRECT] [Fatal Error] :1:1: Premature end of file.
2026-01-21 21:16:56,632 [ERROR] LogOutputStream:75 - [STDERR_REDIRECT] 
2026-01-21 21:16:57,634 [ERROR] LogOutputStream:75 - [STDERR_REDIRECT] [Fatal Error] :1:1: Premature end of file.
2026-01-21 21:16:57,634 [ERROR] LogOutputStream:75 - [STDERR_REDIRECT] 
2026-01-21 21:16:58,634 [ERROR] LogOutputStream:75 - [STDERR_REDIRECT] [Fatal Error] :1:1: Premature end of file.
2026-01-21 21:16:58,634 [ERROR] LogOutputStream:75 - [STDERR_REDIRECT] 
2026-01-21 21:16:59,635 [ERROR] LogOutputStream:75 - [STDERR_REDIRECT] [Fatal Error] :1:1: Premature end of file.
2026-01-21 21:16:59,635 [ERROR] LogOutputStream:75 - [STDERR_REDIRECT] 
2026-01-21 21:17:00,636 [ERROR] LogOutputStream:75 - [STDERR_REDIRECT] [Fatal Error] :1:1: Premature end of file.
2026-01-21 21:17:00,636 [ERROR] LogOutputStream:75 - [STDERR_REDIRECT] 
2026-01-21 21:17:01,627 [ERROR] LogOutputStream:75 - [STDERR_REDIRECT] [Fatal Error] :1:1: Premature end of file.
2026-01-21 21:17:01,627 [ERROR] LogOutputStream:75 - [STDERR_REDIRECT] 
2026-01-21 21:17:02,633 [ERROR] LogOutputStream:75 - [STDERR_REDIRECT] [Fatal Error] :1:1: Premature end of file.
2026-01-21 21:17:02,633 [ERROR] LogOutputStream:75 - [STDERR_REDIRECT] 
2026-01-21 21:17:03,636 [ERROR] LogOutputStream:75 - [STDERR_REDIRECT] [Fatal Error] :1:1: Premature end of file.
2026-01-21 21:17:03,637 [ERROR] LogOutputStream:75 - [STDERR_REDIRECT] 
2026-01-21 21:17:04,634 [ERROR] LogOutputStream:75 - [STDERR_REDIRECT] [Fatal Error] :1:1: Premature end of file.
2026-01-21 21:17:04,634 [ERROR] LogOutputStream:75 - [STDERR_REDIRECT] 
2026-01-21 21:17:05,619 [ERROR] LogOutputStream:75 - [STDERR_REDIRECT] [Fatal Error] :1:1: Premature end of file.
2026-01-21 21:17:05,619 [ERROR] LogOutputStream:75 - [STDERR_REDIRECT] 
2026-01-21 21:17:06,635 [ERROR] LogOutputStream:75 - [STDERR_REDIRECT] [Fatal Error] :1:1: Premature end of file.
2026-01-21 21:17:06,635 [ERROR] LogOutputStream:75 - [STDERR_REDIRECT] 
2026-01-21 21:17:07,640 [ERROR] LogOutputStream:75 - [STDERR_REDIRECT] [Fatal Error] :1:1: Premature end of file.
2026-01-21 21:17:07,640 [ERROR] LogOutputStream:75 - [STDERR_REDIRECT] 
2026-01-21 21:17:08,636 [ERROR] LogOutputStream:75 - [STDERR_REDIRECT] [Fatal Error] :1:1: Premature end of file.
2026-01-21 21:17:08,637 [ERROR] LogOutputStream:75 - [STDERR_REDIRECT] 
2026-01-21 21:17:09,635 [ERROR] LogOutputStream:75 - [STDERR_REDIRECT] [Fatal Error] :1:1: Premature end of file.
2026-01-21 21:17:09,635 [ERROR] LogOutputStream:75 - [STDERR_REDIRECT] 
2026-01-21 21:17:10,635 [ERROR] LogOutputStream:75 - [STDERR_REDIRECT] [Fatal Error] :1:1: Premature end of file.
2026-01-21 21:17:10,635 [ERROR] LogOutputStream:75 - [STDERR_REDIRECT] 
2026-01-21 21:17:11,637 [ERROR] LogOutputStream:75 - [STDERR_REDIRECT] [Fatal Error] :1:1: Premature end of file.
2026-01-21 21:17:11,637 [ERROR] LogOutputStream:75 - [STDERR_REDIRECT] 
2026-01-21 21:17:12,635 [ERROR] LogOutputStream:75 - [STDERR_REDIRECT] [Fatal Error] :1:1: Premature end of file.
2026-01-21 21:17:12,635 [ERROR] LogOutputStream:75 - [STDERR_REDIRECT] 
2026-01-21 21:17:13,632 [ERROR] LogOutputStream:75 - [STDERR_REDIRECT] [Fatal Error] :1:1: Premature end of file.
2026-01-21 21:17:13,632 [ERROR] LogOutputStream:75 - [STDERR_REDIRECT] 
2026-01-21 21:17:14,637 [ERROR] LogOutputStream:75 - [STDERR_REDIRECT] [Fatal Error] :1:1: Premature end of file.
2026-01-21 21:17:14,637 [ERROR] LogOutputStream:75 - [STDERR_REDIRECT] 
2026-01-21 21:17:15,627 [ERROR] LogOutputStream:75 - [STDERR_REDIRECT] [Fatal Error] :1:1: Premature end of file.
2026-01-21 21:17:15,627 [ERROR] LogOutputStream:75 - [STDERR_REDIRECT] 
2026-01-21 21:17:16,636 [ERROR] LogOutputStream:75 - [STDERR_REDIRECT] [Fatal Error] :1:1: Premature end of file.
2026-01-21 21:17:16,636 [ERROR] LogOutputStream:75 - [STDERR_REDIRECT] 
2026-01-21 21:17:17,635 [ERROR] LogOutputStream:75 - [STDERR_REDIRECT] [Fatal Error] :1:1: Premature end of file.
2026-01-21 21:17:17,635 [ERROR] LogOutputStream:75 - [STDERR_REDIRECT] 
2026-01-21 21:17:18,635 [ERROR] LogOutputStream:75 - [STDERR_REDIRECT] [Fatal Error] :1:1: Premature end of file.
2026-01-21 21:17:18,635 [ERROR] LogOutputStream:75 - [STDERR_REDIRECT] 
2026-01-21 21:17:19,626 [ERROR] LogOutputStream:75 - [STDERR_REDIRECT] [Fatal Error] :1:1: Premature end of file.
2026-01-21 21:17:19,626 [ERROR] LogOutputStream:75 - [STDERR_REDIRECT] 
2026-01-21 21:17:20,632 [ERROR] LogOutputStream:75 - [STDERR_REDIRECT] [Fatal Error] :1:1: Premature end of file.
2026-01-21 21:17:20,632 [ERROR] LogOutputStream:75 - [STDERR_REDIRECT] 
2026-01-21 21:17:21,626 [ERROR] LogOutputStream:75 - [STDERR_REDIRECT] [Fatal Error] :1:1: Premature end of file.
2026-01-21 21:17:21,626 [ERROR] LogOutputStream:75 - [STDERR_REDIRECT] 
2026-01-21 21:17:22,635 [ERROR] LogOutputStream:75 - [STDERR_REDIRECT] [Fatal Error] :1:1: Premature end of file.
2026-01-21 21:17:22,635 [ERROR] LogOutputStream:75 - [STDERR_REDIRECT] 
2026-01-21 21:17:23,632 [ERROR] LogOutputStream:75 - [STDERR_REDIRECT] [Fatal Error] :1:1: Premature end of file.
2026-01-21 21:17:23,632 [ERROR] LogOutputStream:75 - [STDERR_REDIRECT] 
2026-01-21 21:17:24,635 [ERROR] LogOutputStream:75 - [STDERR_REDIRECT] [Fatal Error] :1:1: Premature end of file.
2026-01-21 21:17:24,635 [ERROR] LogOutputStream:75 - [STDERR_REDIRECT] 
2026-01-21 21:17:25,624 [ERROR] LogOutputStream:75 - [STDERR_REDIRECT] [Fatal Error] :1:1: Premature end of file.
2026-01-21 21:17:25,624 [ERROR] LogOutputStream:75 - [STDERR_REDIRECT] 
2026-01-21 21:17:26,625 [ERROR] LogOutputStream:75 - [STDERR_REDIRECT] [Fatal Error] :1:1: Premature end of file.
2026-01-21 21:17:26,625 [ERROR] LogOutputStream:75 - [STDERR_REDIRECT] 
2026-01-21 21:17:27,624 [ERROR] LogOutputStream:75 - [STDERR_REDIRECT] [Fatal Error] :1:1: Premature end of file.
2026-01-21 21:17:27,624 [ERROR] LogOutputStream:75 - [STDERR_REDIRECT] 
2026-01-21 21:17:28,645 [ERROR] LogOutputStream:75 - [STDERR_REDIRECT] [Fatal Error] :1:1: Premature end of file.
2026-01-21 21:17:28,645 [ERROR] LogOutputStream:75 - [STDERR_REDIRECT] 
2026-01-21 21:17:29,635 [ERROR] LogOutputStream:75 - [STDERR_REDIRECT] [Fatal Error] :1:1: Premature end of file.
2026-01-21 21:17:29,635 [ERROR] LogOutputStream:75 - [STDERR_REDIRECT] 
2026-01-21 21:17:30,630 [ERROR] LogOutputStream:75 - [STDERR_REDIRECT] [Fatal Error] :1:1: Premature end of file.
2026-01-21 21:17:30,630 [ERROR] LogOutputStream:75 - [STDERR_REDIRECT] 
2026-01-21 21:17:31,637 [ERROR] LogOutputStream:75 - [STDERR_REDIRECT] [Fatal Error] :1:1: Premature end of file.
2026-01-21 21:17:31,637 [ERROR] LogOutputStream:75 - [STDERR_REDIRECT] 
2026-01-21 21:17:32,631 [ERROR] LogOutputStream:75 - [STDERR_REDIRECT] [Fatal Error] :1:1: Premature end of file.
2026-01-21 21:17:32,631 [ERROR] LogOutputStream:75 - [STDERR_REDIRECT] 
2026-01-21 21:17:33,635 [ERROR] LogOutputStream:75 - [STDERR_REDIRECT] [Fatal Error] :1:1: Premature end of file.
2026-01-21 21:17:33,635 [ERROR] LogOutputStream:75 - [STDERR_REDIRECT] 
2026-01-21 21:17:34,621 [ERROR] LogOutputStream:75 - [STDERR_REDIRECT] [Fatal Error] :1:1: Premature end of file.
2026-01-21 21:17:34,621 [ERROR] LogOutputStream:75 - [STDERR_REDIRECT] 
2026-01-21 21:17:35,627 [ERROR] LogOutputStream:75 - [STDERR_REDIRECT] [Fatal Error] :1:1: Premature end of file.
2026-01-21 21:17:35,627 [ERROR] LogOutputStream:75 - [STDERR_REDIRECT] 
2026-01-21 21:17:36,636 [ERROR] LogOutputStream:75 - [STDERR_REDIRECT] [Fatal Error] :1:1: Premature end of file.
2026-01-21 21:17:36,636 [ERROR] LogOutputStream:75 - [STDERR_REDIRECT] 
2026-01-21 21:17:37,634 [ERROR] LogOutputStream:75 - [STDERR_REDIRECT] [Fatal Error] :1:1: Premature end of file.
2026-01-21 21:17:37,634 [ERROR] LogOutputStream:75 - [STDERR_REDIRECT] 
2026-01-21 21:17:38,629 [ERROR] LogOutputStream:75 - [STDERR_REDIRECT] [Fatal Error] :1:1: Premature end of file.
2026-01-21 21:17:38,629 [ERROR] LogOutputStream:75 - [STDERR_REDIRECT] 
2026-01-21 21:17:39,636 [ERROR] LogOutputStream:75 - [STDERR_REDIRECT] [Fatal Error] :1:1: Premature end of file.
2026-01-21 21:17:39,636 [ERROR] LogOutputStream:75 - [STDERR_REDIRECT] 
2026-01-21 21:17:40,625 [ERROR] LogOutputStream:75 - [STDERR_REDIRECT] [Fatal Error] :1:1: Premature end of file.
2026-01-21 21:17:40,625 [ERROR] LogOutputStream:75 - [STDERR_REDIRECT] 
2026-01-21 21:17:41,626 [ERROR] LogOutputStream:75 - [STDERR_REDIRECT] [Fatal Error] :1:1: Premature end of file.
2026-01-21 21:17:41,626 [ERROR] LogOutputStream:75 - [STDERR_REDIRECT] 
2026-01-21 21:17:42,637 [ERROR] LogOutputStream:75 - [STDERR_REDIRECT] [Fatal Error] :1:1: Premature end of file.
2026-01-21 21:17:42,637 [ERROR] LogOutputStream:75 - [STDERR_REDIRECT] 
2026-01-21 21:17:43,636 [ERROR] LogOutputStream:75 - [STDERR_REDIRECT] [Fatal Error] :1:1: Premature end of file.
2026-01-21 21:17:43,636 [ERROR] LogOutputStream:75 - [STDERR_REDIRECT] 
2026-01-21 21:17:44,623 [ERROR] LogOutputStream:75 - [STDERR_REDIRECT] [Fatal Error] :1:1: Premature end of file.
2026-01-21 21:17:44,623 [ERROR] LogOutputStream:75 - [STDERR_REDIRECT] 
2026-01-21 21:17:45,632 [ERROR] LogOutputStream:75 - [STDERR_REDIRECT] [Fatal Error] :1:1: Premature end of file.
2026-01-21 21:17:45,632 [ERROR] LogOutputStream:75 - [STDERR_REDIRECT] 
2026-01-21 21:17:46,636 [ERROR] LogOutputStream:75 - [STDERR_REDIRECT] [Fatal Error] :1:1: Premature end of file.
2026-01-21 21:17:46,636 [ERROR] LogOutputStream:75 - [STDERR_REDIRECT] 
2026-01-21 21:17:47,633 [ERROR] LogOutputStream:75 - [STDERR_REDIRECT] [Fatal Error] :1:1: Premature end of file.
2026-01-21 21:17:47,633 [ERROR] LogOutputStream:75 - [STDERR_REDIRECT] 
2026-01-21 21:17:48,622 [ERROR] LogOutputStream:75 - [STDERR_REDIRECT] [Fatal Error] :1:1: Premature end of file.
2026-01-21 21:17:48,622 [ERROR] LogOutputStream:75 - [STDERR_REDIRECT] 
2026-01-21 21:17:49,627 [ERROR] LogOutputStream:75 - [STDERR_REDIRECT] [Fatal Error] :1:1: Premature end of file.
2026-01-21 21:17:49,627 [ERROR] LogOutputStream:75 - [STDERR_REDIRECT] 
2026-01-21 21:17:50,636 [ERROR] LogOutputStream:75 - [STDERR_REDIRECT] [Fatal Error] :1:1: Premature end of file.
2026-01-21 21:17:50,636 [ERROR] LogOutputStream:75 - [STDERR_REDIRECT] 
2026-01-21 21:17:51,623 [ERROR] LogOutputStream:75 - [STDERR_REDIRECT] [Fatal Error] :1:1: Premature end of file.
2026-01-21 21:17:51,623 [ERROR] LogOutputStream:75 - [STDERR_REDIRECT] 
2026-01-21 21:17:52,638 [ERROR] LogOutputStream:75 - [STDERR_REDIRECT] [Fatal Error] :1:1: Premature end of file.
2026-01-21 21:17:52,638 [ERROR] LogOutputStream:75 - [STDERR_REDIRECT] 
2026-01-21 21:17:53,636 [ERROR] LogOutputStream:75 - [STDERR_REDIRECT] [Fatal Error] :1:1: Premature end of file.
2026-01-21 21:17:53,636 [ERROR] LogOutputStream:75 - [STDERR_REDIRECT] 
2026-01-21 21:17:54,636 [ERROR] LogOutputStream:75 - [STDERR_REDIRECT] [Fatal Error] :1:1: Premature end of file.
2026-01-21 21:17:54,636 [ERROR] LogOutputStream:75 - [STDERR_REDIRECT] 
2026-01-21 21:17:55,627 [ERROR] LogOutputStream:75 - [STDERR_REDIRECT] [Fatal Error] :1:1: Premature end of file.
2026-01-21 21:17:55,627 [ERROR] LogOutputStream:75 - [STDERR_REDIRECT] 
2026-01-21 21:17:56,632 [ERROR] LogOutputStream:75 - [STDERR_REDIRECT] [Fatal Error] :1:1: Premature end of file.
2026-01-21 21:17:56,632 [ERROR] LogOutputStream:75 - [STDERR_REDIRECT] 
2026-01-21 21:17:57,637 [ERROR] LogOutputStream:75 - [STDERR_REDIRECT] [Fatal Error] :1:1: Premature end of file.
2026-01-21 21:17:57,637 [ERROR] LogOutputStream:75 - [STDERR_REDIRECT] 
2026-01-21 21:17:58,624 [ERROR] LogOutputStream:75 - [STDERR_REDIRECT] [Fatal Error] :1:1: Premature end of file.
2026-01-21 21:17:58,624 [ERROR] LogOutputStream:75 - [STDERR_REDIRECT] 
2026-01-21 21:17:59,629 [ERROR] LogOutputStream:75 - [STDERR_REDIRECT] [Fatal Error] :1:1: Premature end of file.
2026-01-21 21:17:59,629 [ERROR] LogOutputStream:75 - [STDERR_REDIRECT] 
2026-01-21 21:18:00,637 [ERROR] LogOutputStream:75 - [STDERR_REDIRECT] [Fatal Error] :1:1: Premature end of file.
2026-01-21 21:18:00,637 [ERROR] LogOutputStream:75 - [STDERR_REDIRECT] 
2026-01-21 21:18:01,632 [ERROR] LogOutputStream:75 - [STDERR_REDIRECT] [Fatal Error] :1:1: Premature end of file.
2026-01-21 21:18:01,632 [ERROR] LogOutputStream:75 - [STDERR_REDIRECT] 
2026-01-21 21:18:02,624 [ERROR] LogOutputStream:75 - [STDERR_REDIRECT] [Fatal Error] :1:1: Premature end of file.
2026-01-21 21:18:02,624 [ERROR] LogOutputStream:75 - [STDERR_REDIRECT] 
2026-01-21 21:18:03,632 [ERROR] LogOutputStream:75 - [STDERR_REDIRECT] [Fatal Error] :1:1: Premature end of file.
2026-01-21 21:18:03,632 [ERROR] LogOutputStream:75 - [STDERR_REDIRECT] 
2026-01-21 21:18:04,637 [ERROR] LogOutputStream:75 - [STDERR_REDIRECT] [Fatal Error] :1:1: Premature end of file.
2026-01-21 21:18:04,637 [ERROR] LogOutputStream:75 - [STDERR_REDIRECT] 
2026-01-21 21:18:05,628 [ERROR] LogOutputStream:75 - [STDERR_REDIRECT] [Fatal Error] :1:1: Premature end of file.
2026-01-21 21:18:05,628 [ERROR] LogOutputStream:75 - [STDERR_REDIRECT] 
2026-01-21 21:18:06,621 [ERROR] LogOutputStream:75 - [STDERR_REDIRECT] [Fatal Error] :1:1: Premature end of file.
2026-01-21 21:18:06,621 [ERROR] LogOutputStream:75 - [STDERR_REDIRECT] 
2026-01-21 21:18:07,637 [ERROR] LogOutputStream:75 - [STDERR_REDIRECT] [Fatal Error] :1:1: Premature end of file.
2026-01-21 21:18:07,637 [ERROR] LogOutputStream:75 - [STDERR_REDIRECT] 
2026-01-21 21:18:08,631 [ERROR] LogOutputStream:75 - [STDERR_REDIRECT] [Fatal Error] :1:1: Premature end of file.
2026-01-21 21:18:08,631 [ERROR] LogOutputStream:75 - [STDERR_REDIRECT] 
2026-01-21 21:18:09,630 [ERROR] LogOutputStream:75 - [STDERR_REDIRECT] [Fatal Error] :1:1: Premature end of file.
2026-01-21 21:18:09,630 [ERROR] LogOutputStream:75 - [STDERR_REDIRECT] 
2026-01-21 21:18:10,634 [ERROR] LogOutputStream:75 - [STDERR_REDIRECT] [Fatal Error] :1:1: Premature end of file.
2026-01-21 21:18:10,634 [ERROR] LogOutputStream:75 - [STDERR_REDIRECT] 
2026-01-21 21:18:11,637 [ERROR] LogOutputStream:75 - [STDERR_REDIRECT] [Fatal Error] :1:1: Premature end of file.
2026-01-21 21:18:11,637 [ERROR] LogOutputStream:75 - [STDERR_REDIRECT] 
2026-01-21 21:18:12,628 [ERROR] LogOutputStream:75 - [STDERR_REDIRECT] [Fatal Error] :1:1: Premature end of file.
2026-01-21 21:18:12,628 [ERROR] LogOutputStream:75 - [STDERR_REDIRECT] 
2026-01-21 21:18:13,635 [ERROR] LogOutputStream:75 - [STDERR_REDIRECT] [Fatal Error] :1:1: Premature end of file.
2026-01-21 21:18:13,635 [ERROR] LogOutputStream:75 - [STDERR_REDIRECT] 
2026-01-21 21:18:14,637 [ERROR] LogOutputStream:75 - [STDERR_REDIRECT] [Fatal Error] :1:1: Premature end of file.
2026-01-21 21:18:14,637 [ERROR] LogOutputStream:75 - [STDERR_REDIRECT] 
2026-01-21 21:18:15,636 [ERROR] LogOutputStream:75 - [STDERR_REDIRECT] [Fatal Error] :1:1: Premature end of file.
2026-01-21 21:18:15,636 [ERROR] LogOutputStream:75 - [STDERR_REDIRECT] 
2026-01-21 21:18:16,634 [ERROR] LogOutputStream:75 - [STDERR_REDIRECT] [Fatal Error] :1:1: Premature end of file.
2026-01-21 21:18:16,634 [ERROR] LogOutputStream:75 - [STDERR_REDIRECT] 
2026-01-21 21:18:17,625 [ERROR] LogOutputStream:75 - [STDERR_REDIRECT] [Fatal Error] :1:1: Premature end of file.
2026-01-21 21:18:17,625 [ERROR] LogOutputStream:75 - [STDERR_REDIRECT] 
2026-01-21 21:18:18,637 [ERROR] LogOutputStream:75 - [STDERR_REDIRECT] [Fatal Error] :1:1: Premature end of file.
2026-01-21 21:18:18,637 [ERROR] LogOutputStream:75 - [STDERR_REDIRECT] 
2026-01-21 21:18:19,626 [ERROR] LogOutputStream:75 - [STDERR_REDIRECT] [Fatal Error] :1:1: Premature end of file.
2026-01-21 21:18:19,626 [ERROR] LogOutputStream:75 - [STDERR_REDIRECT] 
2026-01-21 21:18:20,630 [ERROR] LogOutputStream:75 - [STDERR_REDIRECT] [Fatal Error] :1:1: Premature end of file.
2026-01-21 21:18:20,630 [ERROR] LogOutputStream:75 - [STDERR_REDIRECT] 
2026-01-21 21:18:21,637 [ERROR] LogOutputStream:75 - [STDERR_REDIRECT] [Fatal Error] :1:1: Premature end of file.
2026-01-21 21:18:21,637 [ERROR] LogOutputStream:75 - [STDERR_REDIRECT] 
2026-01-21 21:18:22,629 [ERROR] LogOutputStream:75 - [STDERR_REDIRECT] [Fatal Error] :1:1: Premature end of file.
2026-01-21 21:18:22,629 [ERROR] LogOutputStream:75 - [STDERR_REDIRECT] 
2026-01-21 21:18:23,636 [ERROR] LogOutputStream:75 - [STDERR_REDIRECT] [Fatal Error] :1:1: Premature end of file.
2026-01-21 21:18:23,636 [ERROR] LogOutputStream:75 - [STDERR_REDIRECT] 
2026-01-21 21:18:24,628 [ERROR] LogOutputStream:75 - [STDERR_REDIRECT] [Fatal Error] :1:1: Premature end of file.
2026-01-21 21:18:24,628 [ERROR] LogOutputStream:75 - [STDERR_REDIRECT] 
2026-01-21 21:18:25,638 [ERROR] LogOutputStream:75 - [STDERR_REDIRECT] [Fatal Error] :1:1: Premature end of file.
2026-01-21 21:18:25,638 [ERROR] LogOutputStream:75 - [STDERR_REDIRECT] 
2026-01-21 21:18:26,628 [ERROR] LogOutputStream:75 - [STDERR_REDIRECT] [Fatal Error] :1:1: Premature end of file.
2026-01-21 21:18:26,628 [ERROR] LogOutputStream:75 - [STDERR_REDIRECT] 
2026-01-21 21:18:27,621 [ERROR] LogOutputStream:75 - [STDERR_REDIRECT] [Fatal Error] :1:1: Premature end of file.
2026-01-21 21:18:27,621 [ERROR] LogOutputStream:75 - [STDERR_REDIRECT] 
2026-01-21 21:18:28,628 [ERROR] LogOutputStream:75 - [STDERR_REDIRECT] [Fatal Error] :1:1: Premature end of file.
2026-01-21 21:18:28,628 [ERROR] LogOutputStream:75 - [STDERR_REDIRECT] 
2026-01-21 21:18:29,636 [ERROR] LogOutputStream:75 - [STDERR_REDIRECT] [Fatal Error] :1:1: Premature end of file.
2026-01-21 21:18:29,636 [ERROR] LogOutputStream:75 - [STDERR_REDIRECT] 
2026-01-21 21:18:30,624 [ERROR] LogOutputStream:75 - [STDERR_REDIRECT] [Fatal Error] :1:1: Premature end of file.
2026-01-21 21:18:30,624 [ERROR] LogOutputStream:75 - [STDERR_REDIRECT] 
2026-01-21 21:18:31,626 [ERROR] LogOutputStream:75 - [STDERR_REDIRECT] [Fatal Error] :1:1: Premature end of file.
2026-01-21 21:18:31,626 [ERROR] LogOutputStream:75 - [STDERR_REDIRECT] 
2026-01-21 21:18:32,622 [ERROR] LogOutputStream:75 - [STDERR_REDIRECT] [Fatal Error] :1:1: Premature end of file.
2026-01-21 21:18:32,622 [ERROR] LogOutputStream:75 - [STDERR_REDIRECT] 
2026-01-21 21:18:33,631 [ERROR] LogOutputStream:75 - [STDERR_REDIRECT] [Fatal Error] :1:1: Premature end of file.
2026-01-21 21:18:33,631 [ERROR] LogOutputStream:75 - [STDERR_REDIRECT] 
2026-01-21 21:18:34,633 [ERROR] LogOutputStream:75 - [STDERR_REDIRECT] [Fatal Error] :1:1: Premature end of file.
2026-01-21 21:18:34,633 [ERROR] LogOutputStream:75 - [STDERR_REDIRECT] 
2026-01-21 21:18:35,635 [ERROR] LogOutputStream:75 - [STDERR_REDIRECT] [Fatal Error] :1:1: Premature end of file.
2026-01-21 21:18:35,635 [ERROR] LogOutputStream:75 - [STDERR_REDIRECT] 
2026-01-21 21:18:36,638 [ERROR] LogOutputStream:75 - [STDERR_REDIRECT] [Fatal Error] :1:1: Premature end of file.
2026-01-21 21:18:36,638 [ERROR] LogOutputStream:75 - [STDERR_REDIRECT] 
2026-01-21 21:18:37,636 [ERROR] LogOutputStream:75 - [STDERR_REDIRECT] [Fatal Error] :1:1: Premature end of file.
2026-01-21 21:18:37,636 [ERROR] LogOutputStream:75 - [STDERR_REDIRECT] 
2026-01-21 21:18:38,629 [ERROR] LogOutputStream:75 - [STDERR_REDIRECT] [Fatal Error] :1:1: Premature end of file.
2026-01-21 21:18:38,629 [ERROR] LogOutputStream:75 - [STDERR_REDIRECT] 
2026-01-21 21:18:39,628 [ERROR] LogOutputStream:75 - [STDERR_REDIRECT] [Fatal Error] :1:1: Premature end of file.
2026-01-21 21:18:39,628 [ERROR] LogOutputStream:75 - [STDERR_REDIRECT] 
2026-01-21 21:18:40,635 [ERROR] LogOutputStream:75 - [STDERR_REDIRECT] [Fatal Error] :1:1: Premature end of file.
2026-01-21 21:18:40,635 [ERROR] LogOutputStream:75 - [STDERR_REDIRECT] 
2026-01-21 21:18:41,627 [ERROR] LogOutputStream:75 - [STDERR_REDIRECT] [Fatal Error] :1:1: Premature end of file.
2026-01-21 21:18:41,627 [ERROR] LogOutputStream:75 - [STDERR_REDIRECT] 
2026-01-21 21:18:42,622 [ERROR] LogOutputStream:75 - [STDERR_REDIRECT] [Fatal Error] :1:1: Premature end of file.
2026-01-21 21:18:42,622 [ERROR] LogOutputStream:75 - [STDERR_REDIRECT] 
2026-01-21 21:18:43,638 [ERROR] LogOutputStream:75 - [STDERR_REDIRECT] [Fatal Error] :1:1: Premature end of file.
2026-01-21 21:18:43,638 [ERROR] LogOutputStream:75 - [STDERR_REDIRECT] 
2026-01-21 21:18:44,625 [ERROR] LogOutputStream:75 - [STDERR_REDIRECT] [Fatal Error] :1:1: Premature end of file.
2026-01-21 21:18:44,625 [ERROR] LogOutputStream:75 - [STDERR_REDIRECT] 
2026-01-21 21:18:45,628 [ERROR] LogOutputStream:75 - [STDERR_REDIRECT] [Fatal Error] :1:1: Premature end of file.
2026-01-21 21:18:45,628 [ERROR] LogOutputStream:75 - [STDERR_REDIRECT] 
2026-01-21 21:18:46,625 [ERROR] LogOutputStream:75 - [STDERR_REDIRECT] [Fatal Error] :1:1: Premature end of file.
2026-01-21 21:18:46,625 [ERROR] LogOutputStream:75 - [STDERR_REDIRECT] 
2026-01-21 21:18:47,636 [ERROR] LogOutputStream:75 - [STDERR_REDIRECT] [Fatal Error] :1:1: Premature end of file.
2026-01-21 21:18:47,636 [ERROR] LogOutputStream:75 - [STDERR_REDIRECT] 
2026-01-21 21:18:48,627 [ERROR] LogOutputStream:75 - [STDERR_REDIRECT] [Fatal Error] :1:1: Premature end of file.
2026-01-21 21:18:48,627 [ERROR] LogOutputStream:75 - [STDERR_REDIRECT] 
2026-01-21 21:18:49,633 [ERROR] LogOutputStream:75 - [STDERR_REDIRECT] [Fatal Error] :1:1: Premature end of file.
2026-01-21 21:18:49,633 [ERROR] LogOutputStream:75 - [STDERR_REDIRECT] 
2026-01-21 21:18:50,639 [ERROR] LogOutputStream:75 - [STDERR_REDIRECT] [Fatal Error] :1:1: Premature end of file.
2026-01-21 21:18:50,639 [ERROR] LogOutputStream:75 - [STDERR_REDIRECT] 
2026-01-21 21:18:51,626 [ERROR] LogOutputStream:75 - [STDERR_REDIRECT] [Fatal Error] :1:1: Premature end of file.
2026-01-21 21:18:51,626 [ERROR] LogOutputStream:75 - [STDERR_REDIRECT] 
2026-01-21 21:18:52,635 [ERROR] LogOutputStream:75 - [STDERR_REDIRECT] [Fatal Error] :1:1: Premature end of file.
2026-01-21 21:18:52,635 [ERROR] LogOutputStream:75 - [STDERR_REDIRECT] 
2026-01-21 21:18:53,622 [ERROR] LogOutputStream:75 - [STDERR_REDIRECT] [Fatal Error] :1:1: Premature end of file.
2026-01-21 21:18:53,622 [ERROR] LogOutputStream:75 - [STDERR_REDIRECT] 
2026-01-21 21:18:54,638 [ERROR] LogOutputStream:75 - [STDERR_REDIRECT] [Fatal Error] :1:1: Premature end of file.
2026-01-21 21:18:54,638 [ERROR] LogOutputStream:75 - [STDERR_REDIRECT] 
2026-01-21 21:18:55,626 [ERROR] LogOutputStream:75 - [STDERR_REDIRECT] [Fatal Error] :1:1: Premature end of file.
2026-01-21 21:18:55,626 [ERROR] LogOutputStream:75 - [STDERR_REDIRECT] 
2026-01-21 21:18:56,631 [ERROR] LogOutputStream:75 - [STDERR_REDIRECT] [Fatal Error] :1:1: Premature end of file.
2026-01-21 21:18:56,631 [ERROR] LogOutputStream:75 - [STDERR_REDIRECT] 
2026-01-21 21:18:57,622 [ERROR] LogOutputStream:75 - [STDERR_REDIRECT] [Fatal Error] :1:1: Premature end of file.
2026-01-21 21:18:57,622 [ERROR] LogOutputStream:75 - [STDERR_REDIRECT] 
2026-01-21 21:18:58,635 [ERROR] LogOutputStream:75 - [STDERR_REDIRECT] [Fatal Error] :1:1: Premature end of file.
2026-01-21 21:18:58,635 [ERROR] LogOutputStream:75 - [STDERR_REDIRECT] 
2026-01-21 21:18:59,623 [ERROR] LogOutputStream:75 - [STDERR_REDIRECT] [Fatal Error] :1:1: Premature end of file.
2026-01-21 21:18:59,623 [ERROR] LogOutputStream:75 - [STDERR_REDIRECT] 
2026-01-21 21:19:00,631 [ERROR] LogOutputStream:75 - [STDERR_REDIRECT] [Fatal Error] :1:1: Premature end of file.
2026-01-21 21:19:00,631 [ERROR] LogOutputStream:75 - [STDERR_REDIRECT] 
2026-01-21 21:19:01,620 [ERROR] LogOutputStream:75 - [STDERR_REDIRECT] [Fatal Error] :1:1: Premature end of file.
2026-01-21 21:19:01,620 [ERROR] LogOutputStream:75 - [STDERR_REDIRECT] 
2026-01-21 21:19:02,628 [ERROR] LogOutputStream:75 - [STDERR_REDIRECT] [Fatal Error] :1:1: Premature end of file.
2026-01-21 21:19:02,628 [ERROR] LogOutputStream:75 - [STDERR_REDIRECT] 
2026-01-21 21:19:03,634 [ERROR] LogOutputStream:75 - [STDERR_REDIRECT] [Fatal Error] :1:1: Premature end of file.
2026-01-21 21:19:03,634 [ERROR] LogOutputStream:75 - [STDERR_REDIRECT] 
2026-01-21 21:19:04,639 [ERROR] LogOutputStream:75 - [STDERR_REDIRECT] [Fatal Error] :1:1: Premature end of file.
2026-01-21 21:19:04,639 [ERROR] LogOutputStream:75 - [STDERR_REDIRECT] 
2026-01-21 21:19:05,626 [ERROR] LogOutputStream:75 - [STDERR_REDIRECT] [Fatal Error] :1:1: Premature end of file.
2026-01-21 21:19:05,626 [ERROR] LogOutputStream:75 - [STDERR_REDIRECT] 
2026-01-21 21:19:06,634 [ERROR] LogOutputStream:75 - [STDERR_REDIRECT] [Fatal Error] :1:1: Premature end of file.
2026-01-21 21:19:06,634 [ERROR] LogOutputStream:75 - [STDERR_REDIRECT] 
2026-01-21 21:19:07,629 [ERROR] LogOutputStream:75 - [STDERR_REDIRECT] [Fatal Error] :1:1: Premature end of file.
2026-01-21 21:19:07,629 [ERROR] LogOutputStream:75 - [STDERR_REDIRECT] 
2026-01-21 21:19:08,623 [ERROR] LogOutputStream:75 - [STDERR_REDIRECT] [Fatal Error] :1:1: Premature end of file.
2026-01-21 21:19:08,623 [ERROR] LogOutputStream:75 - [STDERR_REDIRECT] 
2026-01-21 21:19:09,631 [ERROR] LogOutputStream:75 - [STDERR_REDIRECT] [Fatal Error] :1:1: Premature end of file.
2026-01-21 21:19:09,631 [ERROR] LogOutputStream:75 - [STDERR_REDIRECT] 
2026-01-21 21:19:10,624 [ERROR] LogOutputStream:75 - [STDERR_REDIRECT] [Fatal Error] :1:1: Premature end of file.
2026-01-21 21:19:10,624 [ERROR] LogOutputStream:75 - [STDERR_REDIRECT] 
2026-01-21 21:19:11,623 [ERROR] LogOutputStream:75 - [STDERR_REDIRECT] [Fatal Error] :1:1: Premature end of file.
2026-01-21 21:19:11,623 [ERROR] LogOutputStream:75 - [STDERR_REDIRECT] 
2026-01-21 21:19:12,633 [ERROR] LogOutputStream:75 - [STDERR_REDIRECT] [Fatal Error] :1:1: Premature end of file.
2026-01-21 21:19:12,633 [ERROR] LogOutputStream:75 - [STDERR_REDIRECT] 
2026-01-21 21:19:13,624 [ERROR] LogOutputStream:75 - [STDERR_REDIRECT] [Fatal Error] :1:1: Premature end of file.
2026-01-21 21:19:13,624 [ERROR] LogOutputStream:75 - [STDERR_REDIRECT] 
2026-01-21 21:19:14,627 [ERROR] LogOutputStream:75 - [STDERR_REDIRECT] [Fatal Error] :1:1: Premature end of file.
2026-01-21 21:19:14,627 [ERROR] LogOutputStream:75 - [STDERR_REDIRECT] 
2026-01-21 21:19:15,624 [ERROR] LogOutputStream:75 - [STDERR_REDIRECT] [Fatal Error] :1:1: Premature end of file.
2026-01-21 21:19:15,624 [ERROR] LogOutputStream:75 - [STDERR_REDIRECT] 
2026-01-21 21:19:16,636 [ERROR] LogOutputStream:75 - [STDERR_REDIRECT] [Fatal Error] :1:1: Premature end of file.
2026-01-21 21:19:16,636 [ERROR] LogOutputStream:75 - [STDERR_REDIRECT] 
2026-01-21 21:19:17,627 [ERROR] LogOutputStream:75 - [STDERR_REDIRECT] [Fatal Error] :1:1: Premature end of file.
2026-01-21 21:19:17,627 [ERROR] LogOutputStream:75 - [STDERR_REDIRECT] 
2026-01-21 21:19:18,631 [ERROR] LogOutputStream:75 - [STDERR_REDIRECT] [Fatal Error] :1:1: Premature end of file.
2026-01-21 21:19:18,631 [ERROR] LogOutputStream:75 - [STDERR_REDIRECT] 
2026-01-21 21:19:19,622 [ERROR] LogOutputStream:75 - [STDERR_REDIRECT] [Fatal Error] :1:1: Premature end of file.
2026-01-21 21:19:19,622 [ERROR] LogOutputStream:75 - [STDERR_REDIRECT] 
2026-01-21 21:19:20,635 [ERROR] LogOutputStream:75 - [STDERR_REDIRECT] [Fatal Error] :1:1: Premature end of file.
2026-01-21 21:19:20,635 [ERROR] LogOutputStream:75 - [STDERR_REDIRECT] 
2026-01-21 21:19:21,629 [ERROR] LogOutputStream:75 - [STDERR_REDIRECT] [Fatal Error] :1:1: Premature end of file.
2026-01-21 21:19:21,629 [ERROR] LogOutputStream:75 - [STDERR_REDIRECT] 
2026-01-21 21:19:22,620 [ERROR] LogOutputStream:75 - [STDERR_REDIRECT] [Fatal Error] :1:1: Premature end of file.
2026-01-21 21:19:22,620 [ERROR] LogOutputStream:75 - [STDERR_REDIRECT] 
2026-01-21 21:19:23,621 [ERROR] LogOutputStream:75 - [STDERR_REDIRECT] [Fatal Error] :1:1: Premature end of file.
2026-01-21 21:19:23,621 [ERROR] LogOutputStream:75 - [STDERR_REDIRECT] 
2026-01-21 21:19:24,633 [ERROR] LogOutputStream:75 - [STDERR_REDIRECT] [Fatal Error] :1:1: Premature end of file.
2026-01-21 21:19:24,633 [ERROR] LogOutputStream:75 - [STDERR_REDIRECT] 
2026-01-21 21:19:25,634 [ERROR] LogOutputStream:75 - [STDERR_REDIRECT] [Fatal Error] :1:1: Premature end of file.
2026-01-21 21:19:25,634 [ERROR] LogOutputStream:75 - [STDERR_REDIRECT] 
2026-01-21 21:19:26,623 [ERROR] LogOutputStream:75 - [STDERR_REDIRECT] [Fatal Error] :1:1: Premature end of file.
2026-01-21 21:19:26,624 [ERROR] LogOutputStream:75 - [STDERR_REDIRECT] 
2026-01-21 21:19:27,629 [ERROR] LogOutputStream:75 - [STDERR_REDIRECT] [Fatal Error] :1:1: Premature end of file.
2026-01-21 21:19:27,629 [ERROR] LogOutputStream:75 - [STDERR_REDIRECT] 
2026-01-21 21:19:28,632 [ERROR] LogOutputStream:75 - [STDERR_REDIRECT] [Fatal Error] :1:1: Premature end of file.
2026-01-21 21:19:28,632 [ERROR] LogOutputStream:75 - [STDERR_REDIRECT] 
2026-01-21 21:19:29,625 [ERROR] LogOutputStream:75 - [STDERR_REDIRECT] [Fatal Error] :1:1: Premature end of file.
2026-01-21 21:19:29,625 [ERROR] LogOutputStream:75 - [STDERR_REDIRECT] 
2026-01-21 21:19:30,630 [ERROR] LogOutputStream:75 - [STDERR_REDIRECT] [Fatal Error] :1:1: Premature end of file.
2026-01-21 21:19:30,630 [ERROR] LogOutputStream:75 - [STDERR_REDIRECT] 
2026-01-21 21:19:31,634 [ERROR] LogOutputStream:75 - [STDERR_REDIRECT] [Fatal Error] :1:1: Premature end of file.
2026-01-21 21:19:31,634 [ERROR] LogOutputStream:75 - [STDERR_REDIRECT] 
2026-01-21 21:19:32,623 [ERROR] LogOutputStream:75 - [STDERR_REDIRECT] [Fatal Error] :1:1: Premature end of file.
2026-01-21 21:19:32,623 [ERROR] LogOutputStream:75 - [STDERR_REDIRECT] 
2026-01-21 21:19:33,624 [ERROR] LogOutputStream:75 - [STDERR_REDIRECT] [Fatal Error] :1:1: Premature end of file.
2026-01-21 21:19:33,624 [ERROR] LogOutputStream:75 - [STDERR_REDIRECT] 
2026-01-21 21:19:34,622 [ERROR] LogOutputStream:75 - [STDERR_REDIRECT] [Fatal Error] :1:1: Premature end of file.
2026-01-21 21:19:34,622 [ERROR] LogOutputStream:75 - [STDERR_REDIRECT] 
2026-01-21 21:19:35,634 [ERROR] LogOutputStream:75 - [STDERR_REDIRECT] [Fatal Error] :1:1: Premature end of file.
2026-01-21 21:19:35,634 [ERROR] LogOutputStream:75 - [STDERR_REDIRECT] 
2026-01-21 21:19:36,626 [ERROR] LogOutputStream:75 - [STDERR_REDIRECT] [Fatal Error] :1:1: Premature end of file.
2026-01-21 21:19:36,626 [ERROR] LogOutputStream:75 - [STDERR_REDIRECT] 
2026-01-21 21:19:37,622 [ERROR] LogOutputStream:75 - [STDERR_REDIRECT] [Fatal Error] :1:1: Premature end of file.
2026-01-21 21:19:37,622 [ERROR] LogOutputStream:75 - [STDERR_REDIRECT] 
2026-01-21 21:19:38,625 [ERROR] LogOutputStream:75 - [STDERR_REDIRECT] [Fatal Error] :1:1: Premature end of file.
2026-01-21 21:19:38,625 [ERROR] LogOutputStream:75 - [STDERR_REDIRECT] 
2026-01-21 21:19:39,624 [ERROR] LogOutputStream:75 - [STDERR_REDIRECT] [Fatal Error] :1:1: Premature end of file.
2026-01-21 21:19:39,624 [ERROR] LogOutputStream:75 - [STDERR_REDIRECT] 
2026-01-21 21:19:40,624 [ERROR] LogOutputStream:75 - [STDERR_REDIRECT] [Fatal Error] :1:1: Premature end of file.
2026-01-21 21:19:40,624 [ERROR] LogOutputStream:75 - [STDERR_REDIRECT] 
2026-01-21 21:19:41,625 [ERROR] LogOutputStream:75 - [STDERR_REDIRECT] [Fatal Error] :1:1: Premature end of file.
2026-01-21 21:19:41,625 [ERROR] LogOutputStream:75 - [STDERR_REDIRECT] 
2026-01-21 21:19:42,634 [ERROR] LogOutputStream:75 - [STDERR_REDIRECT] [Fatal Error] :1:1: Premature end of file.
2026-01-21 21:19:42,634 [ERROR] LogOutputStream:75 - [STDERR_REDIRECT] 
2026-01-21 21:19:43,624 [ERROR] LogOutputStream:75 - [STDERR_REDIRECT] [Fatal Error] :1:1: Premature end of file.
2026-01-21 21:19:43,624 [ERROR] LogOutputStream:75 - [STDERR_REDIRECT] 
2026-01-21 21:19:44,623 [ERROR] LogOutputStream:75 - [STDERR_REDIRECT] [Fatal Error] :1:1: Premature end of file.
2026-01-21 21:19:44,623 [ERROR] LogOutputStream:75 - [STDERR_REDIRECT] 
2026-01-21 21:19:45,634 [ERROR] LogOutputStream:75 - [STDERR_REDIRECT] [Fatal Error] :1:1: Premature end of file.
2026-01-21 21:19:45,634 [ERROR] LogOutputStream:75 - [STDERR_REDIRECT] 
2026-01-21 21:19:46,627 [ERROR] LogOutputStream:75 - [STDERR_REDIRECT] [Fatal Error] :1:1: Premature end of file.
2026-01-21 21:19:46,627 [ERROR] LogOutputStream:75 - [STDERR_REDIRECT] 
2026-01-21 21:19:47,624 [ERROR] LogOutputStream:75 - [STDERR_REDIRECT] [Fatal Error] :1:1: Premature end of file.
2026-01-21 21:19:47,624 [ERROR] LogOutputStream:75 - [STDERR_REDIRECT] 
2026-01-21 21:19:48,631 [ERROR] LogOutputStream:75 - [STDERR_REDIRECT] [Fatal Error] :1:1: Premature end of file.
2026-01-21 21:19:48,631 [ERROR] LogOutputStream:75 - [STDERR_REDIRECT] 
2026-01-21 21:19:49,633 [ERROR] LogOutputStream:75 - [STDERR_REDIRECT] [Fatal Error] :1:1: Premature end of file.
2026-01-21 21:19:49,633 [ERROR] LogOutputStream:75 - [STDERR_REDIRECT] 
2026-01-21 21:19:50,624 [ERROR] LogOutputStream:75 - [STDERR_REDIRECT] [Fatal Error] :1:1: Premature end of file.
2026-01-21 21:19:50,624 [ERROR] LogOutputStream:75 - [STDERR_REDIRECT] 
2026-01-21 21:19:51,624 [ERROR] LogOutputStream:75 - [STDERR_REDIRECT] [Fatal Error] :1:1: Premature end of file.
2026-01-21 21:19:51,624 [ERROR] LogOutputStream:75 - [STDERR_REDIRECT] 
2026-01-21 21:19:52,632 [ERROR] LogOutputStream:75 - [STDERR_REDIRECT] [Fatal Error] :1:1: Premature end of file.
2026-01-21 21:19:52,632 [ERROR] LogOutputStream:75 - [STDERR_REDIRECT] 
2026-01-21 21:19:53,626 [ERROR] LogOutputStream:75 - [STDERR_REDIRECT] [Fatal Error] :1:1: Premature end of file.
2026-01-21 21:19:53,626 [ERROR] LogOutputStream:75 - [STDERR_REDIRECT] 
2026-01-21 21:19:54,625 [ERROR] LogOutputStream:75 - [STDERR_REDIRECT] [Fatal Error] :1:1: Premature end of file.
2026-01-21 21:19:54,625 [ERROR] LogOutputStream:75 - [STDERR_REDIRECT] 
2026-01-21 21:19:55,622 [ERROR] LogOutputStream:75 - [STDERR_REDIRECT] [Fatal Error] :1:1: Premature end of file.
2026-01-21 21:19:55,622 [ERROR] LogOutputStream:75 - [STDERR_REDIRECT] 
2026-01-21 21:19:56,636 [ERROR] LogOutputStream:75 - [STDERR_REDIRECT] [Fatal Error] :1:1: Premature end of file.
2026-01-21 21:19:56,636 [ERROR] LogOutputStream:75 - [STDERR_REDIRECT] 
2026-01-21 21:19:57,629 [ERROR] LogOutputStream:75 - [STDERR_REDIRECT] [Fatal Error] :1:1: Premature end of file.
2026-01-21 21:19:57,629 [ERROR] LogOutputStream:75 - [STDERR_REDIRECT] 
2026-01-21 21:19:58,623 [ERROR] LogOutputStream:75 - [STDERR_REDIRECT] [Fatal Error] :1:1: Premature end of file.
2026-01-21 21:19:58,623 [ERROR] LogOutputStream:75 - [STDERR_REDIRECT] 
2026-01-21 21:19:59,637 [ERROR] LogOutputStream:75 - [STDERR_REDIRECT] [Fatal Error] :1:1: Premature end of file.
2026-01-21 21:19:59,637 [ERROR] LogOutputStream:75 - [STDERR_REDIRECT] 
2026-01-21 21:20:00,630 [ERROR] LogOutputStream:75 - [STDERR_REDIRECT] [Fatal Error] :1:1: Premature end of file.
2026-01-21 21:20:00,630 [ERROR] LogOutputStream:75 - [STDERR_REDIRECT] 
2026-01-21 21:20:01,625 [ERROR] LogOutputStream:75 - [STDERR_REDIRECT] [Fatal Error] :1:1: Premature end of file.
2026-01-21 21:20:01,625 [ERROR] LogOutputStream:75 - [STDERR_REDIRECT] 
2026-01-21 21:20:02,620 [ERROR] LogOutputStream:75 - [STDERR_REDIRECT] [Fatal Error] :1:1: Premature end of file.
2026-01-21 21:20:02,620 [ERROR] LogOutputStream:75 - [STDERR_REDIRECT] 
2026-01-21 21:20:03,632 [ERROR] LogOutputStream:75 - [STDERR_REDIRECT] [Fatal Error] :1:1: Premature end of file.
2026-01-21 21:20:03,632 [ERROR] LogOutputStream:75 - [STDERR_REDIRECT] 
2026-01-21 21:20:04,630 [ERROR] LogOutputStream:75 - [STDERR_REDIRECT] [Fatal Error] :1:1: Premature end of file.
2026-01-21 21:20:04,630 [ERROR] LogOutputStream:75 - [STDERR_REDIRECT] 
2026-01-21 21:20:05,637 [ERROR] LogOutputStream:75 - [STDERR_REDIRECT] [Fatal Error] :1:1: Premature end of file.
2026-01-21 21:20:05,637 [ERROR] LogOutputStream:75 - [STDERR_REDIRECT] 
2026-01-21 21:20:06,635 [ERROR] LogOutputStream:75 - [STDERR_REDIRECT] [Fatal Error] :1:1: Premature end of file.
2026-01-21 21:20:06,635 [ERROR] LogOutputStream:75 - [STDERR_REDIRECT] 
2026-01-21 21:20:07,640 [ERROR] LogOutputStream:75 - [STDERR_REDIRECT] [Fatal Error] :1:1: Premature end of file.
2026-01-21 21:20:07,640 [ERROR] LogOutputStream:75 - [STDERR_REDIRECT] 
2026-01-21 21:20:08,625 [ERROR] LogOutputStream:75 - [STDERR_REDIRECT] [Fatal Error] :1:1: Premature end of file.
2026-01-21 21:20:08,625 [ERROR] LogOutputStream:75 - [STDERR_REDIRECT] 
2026-01-21 21:20:09,623 [ERROR] LogOutputStream:75 - [STDERR_REDIRECT] [Fatal Error] :1:1: Premature end of file.
2026-01-21 21:20:09,623 [ERROR] LogOutputStream:75 - [STDERR_REDIRECT] 
2026-01-21 21:20:10,642 [ERROR] LogOutputStream:75 - [STDERR_REDIRECT] [Fatal Error] :1:1: Premature end of file.
2026-01-21 21:20:10,642 [ERROR] LogOutputStream:75 - [STDERR_REDIRECT] 
2026-01-21 21:20:11,628 [ERROR] LogOutputStream:75 - [STDERR_REDIRECT] [Fatal Error] :1:1: Premature end of file.
2026-01-21 21:20:11,628 [ERROR] LogOutputStream:75 - [STDERR_REDIRECT] 
2026-01-21 21:20:12,625 [ERROR] LogOutputStream:75 - [STDERR_REDIRECT] [Fatal Error] :1:1: Premature end of file.
2026-01-21 21:20:12,625 [ERROR] LogOutputStream:75 - [STDERR_REDIRECT] 
2026-01-21 21:20:13,627 [ERROR] LogOutputStream:75 - [STDERR_REDIRECT] [Fatal Error] :1:1: Premature end of file.
2026-01-21 21:20:13,627 [ERROR] LogOutputStream:75 - [STDERR_REDIRECT] 
2026-01-21 21:20:14,622 [ERROR] LogOutputStream:75 - [STDERR_REDIRECT] [Fatal Error] :1:1: Premature end of file.
2026-01-21 21:20:14,622 [ERROR] LogOutputStream:75 - [STDERR_REDIRECT] 
2026-01-21 21:20:15,632 [ERROR] LogOutputStream:75 - [STDERR_REDIRECT] [Fatal Error] :1:1: Premature end of file.
2026-01-21 21:20:15,632 [ERROR] LogOutputStream:75 - [STDERR_REDIRECT] 
2026-01-21 21:20:16,626 [ERROR] LogOutputStream:75 - [STDERR_REDIRECT] [Fatal Error] :1:1: Premature end of file.
2026-01-21 21:20:16,627 [ERROR] LogOutputStream:75 - [STDERR_REDIRECT] 
2026-01-21 21:20:17,628 [ERROR] LogOutputStream:75 - [STDERR_REDIRECT] [Fatal Error] :1:1: Premature end of file.
2026-01-21 21:20:17,628 [ERROR] LogOutputStream:75 - [STDERR_REDIRECT] 
2026-01-21 21:20:18,631 [ERROR] LogOutputStream:75 - [STDERR_REDIRECT] [Fatal Error] :1:1: Premature end of file.
2026-01-21 21:20:18,639 [ERROR] LogOutputStream:75 - [STDERR_REDIRECT] 
2026-01-21 21:20:19,627 [ERROR] LogOutputStream:75 - [STDERR_REDIRECT] [Fatal Error] :1:1: Premature end of file.
2026-01-21 21:20:19,627 [ERROR] LogOutputStream:75 - [STDERR_REDIRECT] 
2026-01-21 21:20:20,610 [ERROR] LogOutputStream:75 - [STDERR_REDIRECT] [Fatal Error] :1:1: Premature end of file.
2026-01-21 21:20:20,610 [ERROR] LogOutputStream:75 - [STDERR_REDIRECT] 
2026-01-21 21:20:21,626 [ERROR] LogOutputStream:75 - [STDERR_REDIRECT] [Fatal Error] :1:1: Premature end of file.
2026-01-21 21:20:21,626 [ERROR] LogOutputStream:75 - [STDERR_REDIRECT] 
2026-01-21 21:20:22,629 [ERROR] LogOutputStream:75 - [STDERR_REDIRECT] [Fatal Error] :1:1: Premature end of file.
2026-01-21 21:20:22,629 [ERROR] LogOutputStream:75 - [STDERR_REDIRECT] 
2026-01-21 21:20:23,630 [ERROR] LogOutputStream:75 - [STDERR_REDIRECT] [Fatal Error] :1:1: Premature end of file.
2026-01-21 21:20:23,630 [ERROR] LogOutputStream:75 - [STDERR_REDIRECT] 
2026-01-21 21:20:24,626 [ERROR] LogOutputStream:75 - [STDERR_REDIRECT] [Fatal Error] :1:1: Premature end of file.
2026-01-21 21:20:24,626 [ERROR] LogOutputStream:75 - [STDERR_REDIRECT] 
2026-01-21 21:20:25,625 [ERROR] LogOutputStream:75 - [STDERR_REDIRECT] [Fatal Error] :1:1: Premature end of file.
2026-01-21 21:20:25,625 [ERROR] LogOutputStream:75 - [STDERR_REDIRECT] 
2026-01-21 21:20:26,628 [ERROR] LogOutputStream:75 - [STDERR_REDIRECT] [Fatal Error] :1:1: Premature end of file.
2026-01-21 21:20:26,628 [ERROR] LogOutputStream:75 - [STDERR_REDIRECT] 
2026-01-21 21:20:27,626 [ERROR] LogOutputStream:75 - [STDERR_REDIRECT] [Fatal Error] :1:1: Premature end of file.
2026-01-21 21:20:27,626 [ERROR] LogOutputStream:75 - [STDERR_REDIRECT] 
2026-01-21 21:20:28,643 [ERROR] LogOutputStream:75 - [STDERR_REDIRECT] [Fatal Error] :1:1: Premature end of file.
2026-01-21 21:20:28,643 [ERROR] LogOutputStream:75 - [STDERR_REDIRECT] 
2026-01-21 21:20:29,626 [ERROR] LogOutputStream:75 - [STDERR_REDIRECT] [Fatal Error] :1:1: Premature end of file.
2026-01-21 21:20:29,626 [ERROR] LogOutputStream:75 - [STDERR_REDIRECT] 
2026-01-21 21:20:30,629 [ERROR] LogOutputStream:75 - [STDERR_REDIRECT] [Fatal Error] :1:1: Premature end of file.
2026-01-21 21:20:30,629 [ERROR] LogOutputStream:75 - [STDERR_REDIRECT] 
2026-01-21 21:20:31,626 [ERROR] LogOutputStream:75 - [STDERR_REDIRECT] [Fatal Error] :1:1: Premature end of file.
2026-01-21 21:20:31,626 [ERROR] LogOutputStream:75 - [STDERR_REDIRECT] 
2026-01-21 21:20:32,629 [ERROR] LogOutputStream:75 - [STDERR_REDIRECT] [Fatal Error] :1:1: Premature end of file.
2026-01-21 21:20:32,629 [ERROR] LogOutputStream:75 - [STDERR_REDIRECT] 
2026-01-21 21:20:33,629 [ERROR] LogOutputStream:75 - [STDERR_REDIRECT] [Fatal Error] :1:1: Premature end of file.
2026-01-21 21:20:33,629 [ERROR] LogOutputStream:75 - [STDERR_REDIRECT] 
2026-01-21 21:20:34,623 [ERROR] LogOutputStream:75 - [STDERR_REDIRECT] [Fatal Error] :1:1: Premature end of file.
2026-01-21 21:20:34,623 [ERROR] LogOutputStream:75 - [STDERR_REDIRECT] 
2026-01-21 21:20:35,628 [ERROR] LogOutputStream:75 - [STDERR_REDIRECT] [Fatal Error] :1:1: Premature end of file.
2026-01-21 21:20:35,628 [ERROR] LogOutputStream:75 - [STDERR_REDIRECT] 
2026-01-21 21:20:36,626 [ERROR] LogOutputStream:75 - [STDERR_REDIRECT] [Fatal Error] :1:1: Premature end of file.
2026-01-21 21:20:36,626 [ERROR] LogOutputStream:75 - [STDERR_REDIRECT] 
2026-01-21 21:20:37,627 [ERROR] LogOutputStream:75 - [STDERR_REDIRECT] [Fatal Error] :1:1: Premature end of file.
2026-01-21 21:20:37,627 [ERROR] LogOutputStream:75 - [STDERR_REDIRECT] 
2026-01-21 21:20:38,626 [ERROR] LogOutputStream:75 - [STDERR_REDIRECT] [Fatal Error] :1:1: Premature end of file.
2026-01-21 21:20:38,626 [ERROR] LogOutputStream:75 - [STDERR_REDIRECT] 
2026-01-21 21:20:39,631 [ERROR] LogOutputStream:75 - [STDERR_REDIRECT] [Fatal Error] :1:1: Premature end of file.
2026-01-21 21:20:39,631 [ERROR] LogOutputStream:75 - [STDERR_REDIRECT] 
2026-01-21 21:20:40,635 [ERROR] LogOutputStream:75 - [STDERR_REDIRECT] [Fatal Error] :1:1: Premature end of file.
2026-01-21 21:20:40,635 [ERROR] LogOutputStream:75 - [STDERR_REDIRECT] 
2026-01-21 21:20:41,622 [ERROR] LogOutputStream:75 - [STDERR_REDIRECT] [Fatal Error] :1:1: Premature end of file.
2026-01-21 21:20:41,622 [ERROR] LogOutputStream:75 - [STDERR_REDIRECT] 
2026-01-21 21:20:42,626 [ERROR] LogOutputStream:75 - [STDERR_REDIRECT] [Fatal Error] :1:1: Premature end of file.
2026-01-21 21:20:42,626 [ERROR] LogOutputStream:75 - [STDERR_REDIRECT] 
2026-01-21 21:20:43,627 [ERROR] LogOutputStream:75 - [STDERR_REDIRECT] [Fatal Error] :1:1: Premature end of file.
2026-01-21 21:20:43,627 [ERROR] LogOutputStream:75 - [STDERR_REDIRECT] 
2026-01-21 21:20:44,627 [ERROR] LogOutputStream:75 - [STDERR_REDIRECT] [Fatal Error] :1:1: Premature end of file.
2026-01-21 21:20:44,627 [ERROR] LogOutputStream:75 - [STDERR_REDIRECT] 
2026-01-21 21:20:45,627 [ERROR] LogOutputStream:75 - [STDERR_REDIRECT] [Fatal Error] :1:1: Premature end of file.
2026-01-21 21:20:45,627 [ERROR] LogOutputStream:75 - [STDERR_REDIRECT] 
2026-01-21 21:20:46,630 [ERROR] LogOutputStream:75 - [STDERR_REDIRECT] [Fatal Error] :1:1: Premature end of file.
2026-01-21 21:20:46,630 [ERROR] LogOutputStream:75 - [STDERR_REDIRECT] 
2026-01-21 21:20:47,634 [ERROR] LogOutputStream:75 - [STDERR_REDIRECT] [Fatal Error] :1:1: Premature end of file.
2026-01-21 21:20:47,634 [ERROR] LogOutputStream:75 - [STDERR_REDIRECT] 
2026-01-21 21:20:48,628 [ERROR] LogOutputStream:75 - [STDERR_REDIRECT] [Fatal Error] :1:1: Premature end of file.
2026-01-21 21:20:48,628 [ERROR] LogOutputStream:75 - [STDERR_REDIRECT] 
2026-01-21 21:20:49,622 [ERROR] LogOutputStream:75 - [STDERR_REDIRECT] [Fatal Error] :1:1: Premature end of file.
2026-01-21 21:20:49,622 [ERROR] LogOutputStream:75 - [STDERR_REDIRECT] 
2026-01-21 21:20:50,627 [ERROR] LogOutputStream:75 - [STDERR_REDIRECT] [Fatal Error] :1:1: Premature end of file.
2026-01-21 21:20:50,627 [ERROR] LogOutputStream:75 - [STDERR_REDIRECT] 
2026-01-21 21:20:51,631 [ERROR] LogOutputStream:75 - [STDERR_REDIRECT] [Fatal Error] :1:1: Premature end of file.
2026-01-21 21:20:51,631 [ERROR] LogOutputStream:75 - [STDERR_REDIRECT] 
2026-01-21 21:20:52,627 [ERROR] LogOutputStream:75 - [STDERR_REDIRECT] [Fatal Error] :1:1: Premature end of file.
2026-01-21 21:20:52,627 [ERROR] LogOutputStream:75 - [STDERR_REDIRECT] 
2026-01-21 21:20:53,634 [ERROR] LogOutputStream:75 - [STDERR_REDIRECT] [Fatal Error] :1:1: Premature end of file.
2026-01-21 21:20:53,634 [ERROR] LogOutputStream:75 - [STDERR_REDIRECT] 
2026-01-21 21:20:54,624 [ERROR] LogOutputStream:75 - [STDERR_REDIRECT] [Fatal Error] :1:1: Premature end of file.
2026-01-21 21:20:54,624 [ERROR] LogOutputStream:75 - [STDERR_REDIRECT] 
2026-01-21 21:20:55,629 [ERROR] LogOutputStream:75 - [STDERR_REDIRECT] [Fatal Error] :1:1: Premature end of file.
2026-01-21 21:20:55,629 [ERROR] LogOutputStream:75 - [STDERR_REDIRECT] 
2026-01-21 21:20:56,637 [ERROR] LogOutputStream:75 - [STDERR_REDIRECT] [Fatal Error] :1:1: Premature end of file.
2026-01-21 21:20:56,637 [ERROR] LogOutputStream:75 - [STDERR_REDIRECT] 
2026-01-21 21:20:57,632 [ERROR] LogOutputStream:75 - [STDERR_REDIRECT] [Fatal Error] :1:1: Premature end of file.
2026-01-21 21:20:57,632 [ERROR] LogOutputStream:75 - [STDERR_REDIRECT] 
2026-01-21 21:20:58,623 [ERROR] LogOutputStream:75 - [STDERR_REDIRECT] [Fatal Error] :1:1: Premature end of file.
2026-01-21 21:20:58,623 [ERROR] LogOutputStream:75 - [STDERR_REDIRECT] 
2026-01-21 21:20:59,627 [ERROR] LogOutputStream:75 - [STDERR_REDIRECT] [Fatal Error] :1:1: Premature end of file.
2026-01-21 21:20:59,627 [ERROR] LogOutputStream:75 - [STDERR_REDIRECT] 
2026-01-21 21:21:00,636 [ERROR] LogOutputStream:75 - [STDERR_REDIRECT] [Fatal Error] :1:1: Premature end of file.
2026-01-21 21:21:00,636 [ERROR] LogOutputStream:75 - [STDERR_REDIRECT] 
2026-01-21 21:21:01,622 [ERROR] LogOutputStream:75 - [STDERR_REDIRECT] [Fatal Error] :1:1: Premature end of file.
2026-01-21 21:21:01,622 [ERROR] LogOutputStream:75 - [STDERR_REDIRECT] 
2026-01-21 21:21:02,628 [ERROR] LogOutputStream:75 - [STDERR_REDIRECT] [Fatal Error] :1:1: Premature end of file.
2026-01-21 21:21:02,628 [ERROR] LogOutputStream:75 - [STDERR_REDIRECT] 
2026-01-21 21:21:03,633 [ERROR] LogOutputStream:75 - [STDERR_REDIRECT] [Fatal Error] :1:1: Premature end of file.
2026-01-21 21:21:03,633 [ERROR] LogOutputStream:75 - [STDERR_REDIRECT] 
2026-01-21 21:21:04,623 [ERROR] LogOutputStream:75 - [STDERR_REDIRECT] [Fatal Error] :1:1: Premature end of file.
2026-01-21 21:21:04,623 [ERROR] LogOutputStream:75 - [STDERR_REDIRECT] 
2026-01-21 21:21:05,628 [ERROR] LogOutputStream:75 - [STDERR_REDIRECT] [Fatal Error] :1:1: Premature end of file.
2026-01-21 21:21:05,628 [ERROR] LogOutputStream:75 - [STDERR_REDIRECT] 
2026-01-21 21:21:06,627 [ERROR] LogOutputStream:75 - [STDERR_REDIRECT] [Fatal Error] :1:1: Premature end of file.
2026-01-21 21:21:06,627 [ERROR] LogOutputStream:75 - [STDERR_REDIRECT] 
2026-01-21 21:21:07,623 [ERROR] LogOutputStream:75 - [STDERR_REDIRECT] [Fatal Error] :1:1: Premature end of file.
2026-01-21 21:21:07,623 [ERROR] LogOutputStream:75 - [STDERR_REDIRECT] 
2026-01-21 21:21:08,627 [ERROR] LogOutputStream:75 - [STDERR_REDIRECT] [Fatal Error] :1:1: Premature end of file.
2026-01-21 21:21:08,627 [ERROR] LogOutputStream:75 - [STDERR_REDIRECT] 
2026-01-21 21:21:09,635 [ERROR] LogOutputStream:75 - [STDERR_REDIRECT] [Fatal Error] :1:1: Premature end of file.
2026-01-21 21:21:09,635 [ERROR] LogOutputStream:75 - [STDERR_REDIRECT] 
2026-01-21 21:21:10,627 [ERROR] LogOutputStream:75 - [STDERR_REDIRECT] [Fatal Error] :1:1: Premature end of file.
2026-01-21 21:21:10,627 [ERROR] LogOutputStream:75 - [STDERR_REDIRECT] 
2026-01-21 21:21:11,627 [ERROR] LogOutputStream:75 - [STDERR_REDIRECT] [Fatal Error] :1:1: Premature end of file.
2026-01-21 21:21:11,627 [ERROR] LogOutputStream:75 - [STDERR_REDIRECT] 
2026-01-21 21:21:12,628 [ERROR] LogOutputStream:75 - [STDERR_REDIRECT] [Fatal Error] :1:1: Premature end of file.
2026-01-21 21:21:12,628 [ERROR] LogOutputStream:75 - [STDERR_REDIRECT] 
2026-01-21 21:21:13,628 [ERROR] LogOutputStream:75 - [STDERR_REDIRECT] [Fatal Error] :1:1: Premature end of file.
2026-01-21 21:21:13,628 [ERROR] LogOutputStream:75 - [STDERR_REDIRECT] 
2026-01-21 21:21:14,637 [ERROR] LogOutputStream:75 - [STDERR_REDIRECT] [Fatal Error] :1:1: Premature end of file.
2026-01-21 21:21:14,637 [ERROR] LogOutputStream:75 - [STDERR_REDIRECT] 
2026-01-21 21:21:15,625 [ERROR] LogOutputStream:75 - [STDERR_REDIRECT] [Fatal Error] :1:1: Premature end of file.
2026-01-21 21:21:15,625 [ERROR] LogOutputStream:75 - [STDERR_REDIRECT] 
2026-01-21 21:21:16,626 [ERROR] LogOutputStream:75 - [STDERR_REDIRECT] [Fatal Error] :1:1: Premature end of file.
2026-01-21 21:21:16,626 [ERROR] LogOutputStream:75 - [STDERR_REDIRECT] 
2026-01-21 21:21:17,633 [ERROR] LogOutputStream:75 - [STDERR_REDIRECT] [Fatal Error] :1:1: Premature end of file.
2026-01-21 21:21:17,633 [ERROR] LogOutputStream:75 - [STDERR_REDIRECT] 
2026-01-21 21:21:18,612 [ERROR] LogOutputStream:75 - [STDERR_REDIRECT] [Fatal Error] :1:1: Premature end of file.
2026-01-21 21:21:18,612 [ERROR] LogOutputStream:75 - [STDERR_REDIRECT] 
2026-01-21 21:21:19,628 [ERROR] LogOutputStream:75 - [STDERR_REDIRECT] [Fatal Error] :1:1: Premature end of file.
2026-01-21 21:21:19,628 [ERROR] LogOutputStream:75 - [STDERR_REDIRECT] 
2026-01-21 21:21:20,628 [ERROR] LogOutputStream:75 - [STDERR_REDIRECT] [Fatal Error] :1:1: Premature end of file.
2026-01-21 21:21:20,628 [ERROR] LogOutputStream:75 - [STDERR_REDIRECT] 
2026-01-21 21:21:21,623 [ERROR] LogOutputStream:75 - [STDERR_REDIRECT] [Fatal Error] :1:1: Premature end of file.
2026-01-21 21:21:21,623 [ERROR] LogOutputStream:75 - [STDERR_REDIRECT] 
2026-01-21 21:21:22,632 [ERROR] LogOutputStream:75 - [STDERR_REDIRECT] [Fatal Error] :1:1: Premature end of file.
2026-01-21 21:21:22,632 [ERROR] LogOutputStream:75 - [STDERR_REDIRECT] 
2026-01-21 21:21:23,623 [ERROR] LogOutputStream:75 - [STDERR_REDIRECT] [Fatal Error] :1:1: Premature end of file.
2026-01-21 21:21:23,623 [ERROR] LogOutputStream:75 - [STDERR_REDIRECT] 
2026-01-21 21:21:24,624 [ERROR] LogOutputStream:75 - [STDERR_REDIRECT] [Fatal Error] :1:1: Premature end of file.
2026-01-21 21:21:24,624 [ERROR] LogOutputStream:75 - [STDERR_REDIRECT] 
2026-01-21 21:21:25,626 [ERROR] LogOutputStream:75 - [STDERR_REDIRECT] [Fatal Error] :1:1: Premature end of file.
2026-01-21 21:21:25,626 [ERROR] LogOutputStream:75 - [STDERR_REDIRECT] 
2026-01-21 21:21:26,628 [ERROR] LogOutputStream:75 - [STDERR_REDIRECT] [Fatal Error] :1:1: Premature end of file.
2026-01-21 21:21:26,628 [ERROR] LogOutputStream:75 - [STDERR_REDIRECT] 
2026-01-21 21:21:27,628 [ERROR] LogOutputStream:75 - [STDERR_REDIRECT] [Fatal Error] :1:1: Premature end of file.
2026-01-21 21:21:27,628 [ERROR] LogOutputStream:75 - [STDERR_REDIRECT] 
2026-01-21 21:21:28,623 [ERROR] LogOutputStream:75 - [STDERR_REDIRECT] [Fatal Error] :1:1: Premature end of file.
2026-01-21 21:21:28,623 [ERROR] LogOutputStream:75 - [STDERR_REDIRECT] 
2026-01-21 21:21:29,626 [ERROR] LogOutputStream:75 - [STDERR_REDIRECT] [Fatal Error] :1:1: Premature end of file.
2026-01-21 21:21:29,626 [ERROR] LogOutputStream:75 - [STDERR_REDIRECT] 
2026-01-21 21:21:30,625 [ERROR] LogOutputStream:75 - [STDERR_REDIRECT] [Fatal Error] :1:1: Premature end of file.
2026-01-21 21:21:30,625 [ERROR] LogOutputStream:75 - [STDERR_REDIRECT] 
2026-01-21 21:21:31,631 [ERROR] LogOutputStream:75 - [STDERR_REDIRECT] [Fatal Error] :1:1: Premature end of file.
2026-01-21 21:21:31,631 [ERROR] LogOutputStream:75 - [STDERR_REDIRECT] 
2026-01-21 21:21:32,625 [ERROR] LogOutputStream:75 - [STDERR_REDIRECT] [Fatal Error] :1:1: Premature end of file.
2026-01-21 21:21:32,625 [ERROR] LogOutputStream:75 - [STDERR_REDIRECT] 
2026-01-21 21:21:33,629 [ERROR] LogOutputStream:75 - [STDERR_REDIRECT] [Fatal Error] :1:1: Premature end of file.
2026-01-21 21:21:33,629 [ERROR] LogOutputStream:75 - [STDERR_REDIRECT] 
2026-01-21 21:21:34,629 [ERROR] LogOutputStream:75 - [STDERR_REDIRECT] [Fatal Error] :1:1: Premature end of file.
2026-01-21 21:21:34,629 [ERROR] LogOutputStream:75 - [STDERR_REDIRECT] 
2026-01-21 21:21:35,627 [ERROR] LogOutputStream:75 - [STDERR_REDIRECT] [Fatal Error] :1:1: Premature end of file.
2026-01-21 21:21:35,627 [ERROR] LogOutputStream:75 - [STDERR_REDIRECT] 
2026-01-21 21:21:36,632 [ERROR] LogOutputStream:75 - [STDERR_REDIRECT] [Fatal Error] :1:1: Premature end of file.
2026-01-21 21:21:36,632 [ERROR] LogOutputStream:75 - [STDERR_REDIRECT] 
2026-01-21 21:21:37,633 [ERROR] LogOutputStream:75 - [STDERR_REDIRECT] [Fatal Error] :1:1: Premature end of file.
2026-01-21 21:21:37,633 [ERROR] LogOutputStream:75 - [STDERR_REDIRECT] 
2026-01-21 21:21:38,623 [ERROR] LogOutputStream:75 - [STDERR_REDIRECT] [Fatal Error] :1:1: Premature end of file.
2026-01-21 21:21:38,623 [ERROR] LogOutputStream:75 - [STDERR_REDIRECT] 
2026-01-21 21:21:39,625 [ERROR] LogOutputStream:75 - [STDERR_REDIRECT] [Fatal Error] :1:1: Premature end of file.
2026-01-21 21:21:39,625 [ERROR] LogOutputStream:75 - [STDERR_REDIRECT] 
2026-01-21 21:21:40,629 [ERROR] LogOutputStream:75 - [STDERR_REDIRECT] [Fatal Error] :1:1: Premature end of file.
2026-01-21 21:21:40,629 [ERROR] LogOutputStream:75 - [STDERR_REDIRECT] 
2026-01-21 21:21:41,629 [ERROR] LogOutputStream:75 - [STDERR_REDIRECT] [Fatal Error] :1:1: Premature end of file.
2026-01-21 21:21:41,629 [ERROR] LogOutputStream:75 - [STDERR_REDIRECT] 
2026-01-21 21:21:42,632 [ERROR] LogOutputStream:75 - [STDERR_REDIRECT] [Fatal Error] :1:1: Premature end of file.
2026-01-21 21:21:42,632 [ERROR] LogOutputStream:75 - [STDERR_REDIRECT] 
2026-01-21 21:21:43,625 [ERROR] LogOutputStream:75 - [STDERR_REDIRECT] [Fatal Error] :1:1: Premature end of file.
2026-01-21 21:21:43,625 [ERROR] LogOutputStream:75 - [STDERR_REDIRECT] 
2026-01-21 21:21:44,629 [ERROR] LogOutputStream:75 - [STDERR_REDIRECT] [Fatal Error] :1:1: Premature end of file.
2026-01-21 21:21:44,629 [ERROR] LogOutputStream:75 - [STDERR_REDIRECT] 
2026-01-21 21:21:45,636 [ERROR] LogOutputStream:75 - [STDERR_REDIRECT] [Fatal Error] :1:1: Premature end of file.
2026-01-21 21:21:45,636 [ERROR] LogOutputStream:75 - [STDERR_REDIRECT] 
2026-01-21 21:21:46,624 [ERROR] LogOutputStream:75 - [STDERR_REDIRECT] [Fatal Error] :1:1: Premature end of file.
2026-01-21 21:21:46,624 [ERROR] LogOutputStream:75 - [STDERR_REDIRECT] 
2026-01-21 21:21:47,623 [ERROR] LogOutputStream:75 - [STDERR_REDIRECT] [Fatal Error] :1:1: Premature end of file.
2026-01-21 21:21:47,623 [ERROR] LogOutputStream:75 - [STDERR_REDIRECT] 
2026-01-21 21:21:48,629 [ERROR] LogOutputStream:75 - [STDERR_REDIRECT] [Fatal Error] :1:1: Premature end of file.
2026-01-21 21:21:48,629 [ERROR] LogOutputStream:75 - [STDERR_REDIRECT] 
2026-01-21 21:21:49,633 [ERROR] LogOutputStream:75 - [STDERR_REDIRECT] [Fatal Error] :1:1: Premature end of file.
2026-01-21 21:21:49,633 [ERROR] LogOutputStream:75 - [STDERR_REDIRECT] 
2026-01-21 21:21:50,633 [ERROR] LogOutputStream:75 - [STDERR_REDIRECT] [Fatal Error] :1:1: Premature end of file.
2026-01-21 21:21:50,633 [ERROR] LogOutputStream:75 - [STDERR_REDIRECT] 
2026-01-21 21:21:51,635 [ERROR] LogOutputStream:75 - [STDERR_REDIRECT] [Fatal Error] :1:1: Premature end of file.
2026-01-21 21:21:51,635 [ERROR] LogOutputStream:75 - [STDERR_REDIRECT] 
2026-01-21 21:21:52,623 [ERROR] LogOutputStream:75 - [STDERR_REDIRECT] [Fatal Error] :1:1: Premature end of file.
2026-01-21 21:21:52,623 [ERROR] LogOutputStream:75 - [STDERR_REDIRECT] 
2026-01-21 21:21:53,629 [ERROR] LogOutputStream:75 - [STDERR_REDIRECT] [Fatal Error] :1:1: Premature end of file.
2026-01-21 21:21:53,629 [ERROR] LogOutputStream:75 - [STDERR_REDIRECT] 
2026-01-21 21:21:54,627 [ERROR] LogOutputStream:75 - [STDERR_REDIRECT] [Fatal Error] :1:1: Premature end of file.
2026-01-21 21:21:54,627 [ERROR] LogOutputStream:75 - [STDERR_REDIRECT] 
2026-01-21 21:21:55,630 [ERROR] LogOutputStream:75 - [STDERR_REDIRECT] [Fatal Error] :1:1: Premature end of file.
2026-01-21 21:21:55,630 [ERROR] LogOutputStream:75 - [STDERR_REDIRECT] 
2026-01-21 21:21:56,623 [ERROR] LogOutputStream:75 - [STDERR_REDIRECT] [Fatal Error] :1:1: Premature end of file.
2026-01-21 21:21:56,623 [ERROR] LogOutputStream:75 - [STDERR_REDIRECT] 
2026-01-21 21:21:57,627 [ERROR] LogOutputStream:75 - [STDERR_REDIRECT] [Fatal Error] :1:1: Premature end of file.
2026-01-21 21:21:57,627 [ERROR] LogOutputStream:75 - [STDERR_REDIRECT] 
2026-01-21 21:21:58,632 [ERROR] LogOutputStream:75 - [STDERR_REDIRECT] [Fatal Error] :1:1: Premature end of file.
2026-01-21 21:21:58,632 [ERROR] LogOutputStream:75 - [STDERR_REDIRECT] 
2026-01-21 21:21:59,624 [ERROR] LogOutputStream:75 - [STDERR_REDIRECT] [Fatal Error] :1:1: Premature end of file.
2026-01-21 21:21:59,624 [ERROR] LogOutputStream:75 - [STDERR_REDIRECT] 
2026-01-21 21:22:00,628 [ERROR] LogOutputStream:75 - [STDERR_REDIRECT] [Fatal Error] :1:1: Premature end of file.
2026-01-21 21:22:00,628 [ERROR] LogOutputStream:75 - [STDERR_REDIRECT] 
2026-01-21 21:22:01,646 [ERROR] LogOutputStream:75 - [STDERR_REDIRECT] [Fatal Error] :1:1: Premature end of file.
2026-01-21 21:22:01,646 [ERROR] LogOutputStream:75 - [STDERR_REDIRECT] 
2026-01-21 21:22:02,630 [ERROR] LogOutputStream:75 - [STDERR_REDIRECT] [Fatal Error] :1:1: Premature end of file.
2026-01-21 21:22:02,630 [ERROR] LogOutputStream:75 - [STDERR_REDIRECT] 
2026-01-21 21:22:03,627 [ERROR] LogOutputStream:75 - [STDERR_REDIRECT] [Fatal Error] :1:1: Premature end of file.
2026-01-21 21:22:03,627 [ERROR] LogOutputStream:75 - [STDERR_REDIRECT] 
2026-01-21 21:22:04,628 [ERROR] LogOutputStream:75 - [STDERR_REDIRECT] [Fatal Error] :1:1: Premature end of file.
2026-01-21 21:22:04,628 [ERROR] LogOutputStream:75 - [STDERR_REDIRECT] 
2026-01-21 21:22:05,624 [ERROR] LogOutputStream:75 - [STDERR_REDIRECT] [Fatal Error] :1:1: Premature end of file.
2026-01-21 21:22:05,624 [ERROR] LogOutputStream:75 - [STDERR_REDIRECT] 
2026-01-21 21:22:06,630 [ERROR] LogOutputStream:75 - [STDERR_REDIRECT] [Fatal Error] :1:1: Premature end of file.
2026-01-21 21:22:06,630 [ERROR] LogOutputStream:75 - [STDERR_REDIRECT] 
2026-01-21 21:22:07,626 [ERROR] LogOutputStream:75 - [STDERR_REDIRECT] [Fatal Error] :1:1: Premature end of file.
2026-01-21 21:22:07,626 [ERROR] LogOutputStream:75 - [STDERR_REDIRECT] 
2026-01-21 21:22:08,625 [ERROR] LogOutputStream:75 - [STDERR_REDIRECT] [Fatal Error] :1:1: Premature end of file.
2026-01-21 21:22:08,625 [ERROR] LogOutputStream:75 - [STDERR_REDIRECT] 
2026-01-21 21:22:09,625 [ERROR] LogOutputStream:75 - [STDERR_REDIRECT] [Fatal Error] :1:1: Premature end of file.
2026-01-21 21:22:09,625 [ERROR] LogOutputStream:75 - [STDERR_REDIRECT] 
2026-01-21 21:22:10,625 [ERROR] LogOutputStream:75 - [STDERR_REDIRECT] [Fatal Error] :1:1: Premature end of file.
2026-01-21 21:22:10,625 [ERROR] LogOutputStream:75 - [STDERR_REDIRECT] 
2026-01-21 21:22:11,631 [ERROR] LogOutputStream:75 - [STDERR_REDIRECT] [Fatal Error] :1:1: Premature end of file.
2026-01-21 21:22:11,631 [ERROR] LogOutputStream:75 - [STDERR_REDIRECT] 
2026-01-21 21:22:12,621 [ERROR] LogOutputStream:75 - [STDERR_REDIRECT] [Fatal Error] :1:1: Premature end of file.
2026-01-21 21:22:12,621 [ERROR] LogOutputStream:75 - [STDERR_REDIRECT] 
2026-01-21 21:22:13,628 [ERROR] LogOutputStream:75 - [STDERR_REDIRECT] [Fatal Error] :1:1: Premature end of file.
2026-01-21 21:22:13,628 [ERROR] LogOutputStream:75 - [STDERR_REDIRECT] 
2026-01-21 21:22:14,631 [ERROR] LogOutputStream:75 - [STDERR_REDIRECT] [Fatal Error] :1:1: Premature end of file.
2026-01-21 21:22:14,631 [ERROR] LogOutputStream:75 - [STDERR_REDIRECT] 
2026-01-21 21:22:15,630 [ERROR] LogOutputStream:75 - [STDERR_REDIRECT] [Fatal Error] :1:1: Premature end of file.
2026-01-21 21:22:15,630 [ERROR] LogOutputStream:75 - [STDERR_REDIRECT] 
2026-01-21 21:22:16,631 [ERROR] LogOutputStream:75 - [STDERR_REDIRECT] [Fatal Error] :1:1: Premature end of file.
2026-01-21 21:22:16,631 [ERROR] LogOutputStream:75 - [STDERR_REDIRECT] 
2026-01-21 21:22:17,630 [ERROR] LogOutputStream:75 - [STDERR_REDIRECT] [Fatal Error] :1:1: Premature end of file.
2026-01-21 21:22:17,630 [ERROR] LogOutputStream:75 - [STDERR_REDIRECT] 
2026-01-21 21:22:18,635 [ERROR] LogOutputStream:75 - [STDERR_REDIRECT] [Fatal Error] :1:1: Premature end of file.
2026-01-21 21:22:18,635 [ERROR] LogOutputStream:75 - [STDERR_REDIRECT] 
2026-01-21 21:22:19,632 [ERROR] LogOutputStream:75 - [STDERR_REDIRECT] [Fatal Error] :1:1: Premature end of file.
2026-01-21 21:22:19,632 [ERROR] LogOutputStream:75 - [STDERR_REDIRECT] 
2026-01-21 21:22:20,634 [ERROR] LogOutputStream:75 - [STDERR_REDIRECT] [Fatal Error] :1:1: Premature end of file.
2026-01-21 21:22:20,634 [ERROR] LogOutputStream:75 - [STDERR_REDIRECT] 
2026-01-21 21:22:21,634 [ERROR] LogOutputStream:75 - [STDERR_REDIRECT] [Fatal Error] :1:1: Premature end of file.
2026-01-21 21:22:21,634 [ERROR] LogOutputStream:75 - [STDERR_REDIRECT] 
2026-01-21 21:22:22,631 [ERROR] LogOutputStream:75 - [STDERR_REDIRECT] [Fatal Error] :1:1: Premature end of file.
2026-01-21 21:22:22,631 [ERROR] LogOutputStream:75 - [STDERR_REDIRECT] 
2026-01-21 21:22:23,635 [ERROR] LogOutputStream:75 - [STDERR_REDIRECT] [Fatal Error] :1:1: Premature end of file.
2026-01-21 21:22:23,635 [ERROR] LogOutputStream:75 - [STDERR_REDIRECT] 
2026-01-21 21:22:24,631 [ERROR] LogOutputStream:75 - [STDERR_REDIRECT] [Fatal Error] :1:1: Premature end of file.
2026-01-21 21:22:24,631 [ERROR] LogOutputStream:75 - [STDERR_REDIRECT] 
2026-01-21 21:22:25,633 [ERROR] LogOutputStream:75 - [STDERR_REDIRECT] [Fatal Error] :1:1: Premature end of file.
2026-01-21 21:22:25,633 [ERROR] LogOutputStream:75 - [STDERR_REDIRECT] 
2026-01-21 21:22:26,629 [ERROR] LogOutputStream:75 - [STDERR_REDIRECT] [Fatal Error] :1:1: Premature end of file.
2026-01-21 21:22:26,629 [ERROR] LogOutputStream:75 - [STDERR_REDIRECT] 
2026-01-21 21:22:27,631 [ERROR] LogOutputStream:75 - [STDERR_REDIRECT] [Fatal Error] :1:1: Premature end of file.
2026-01-21 21:22:27,631 [ERROR] LogOutputStream:75 - [STDERR_REDIRECT] 
2026-01-21 21:22:28,629 [ERROR] LogOutputStream:75 - [STDERR_REDIRECT] [Fatal Error] :1:1: Premature end of file.
2026-01-21 21:22:28,629 [ERROR] LogOutputStream:75 - [STDERR_REDIRECT] 
2026-01-21 21:22:29,632 [ERROR] LogOutputStream:75 - [STDERR_REDIRECT] [Fatal Error] :1:1: Premature end of file.
2026-01-21 21:22:29,632 [ERROR] LogOutputStream:75 - [STDERR_REDIRECT] 
2026-01-21 21:22:30,633 [ERROR] LogOutputStream:75 - [STDERR_REDIRECT] [Fatal Error] :1:1: Premature end of file.
2026-01-21 21:22:30,633 [ERROR] LogOutputStream:75 - [STDERR_REDIRECT] 
2026-01-21 21:22:31,630 [ERROR] LogOutputStream:75 - [STDERR_REDIRECT] [Fatal Error] :1:1: Premature end of file.
2026-01-21 21:22:31,630 [ERROR] LogOutputStream:75 - [STDERR_REDIRECT] 
2026-01-21 21:22:32,631 [ERROR] LogOutputStream:75 - [STDERR_REDIRECT] [Fatal Error] :1:1: Premature end of file.
2026-01-21 21:22:32,631 [ERROR] LogOutputStream:75 - [STDERR_REDIRECT] 
2026-01-21 21:22:33,635 [ERROR] LogOutputStream:75 - [STDERR_REDIRECT] [Fatal Error] :1:1: Premature end of file.
2026-01-21 21:22:33,635 [ERROR] LogOutputStream:75 - [STDERR_REDIRECT] 
2026-01-21 21:22:34,631 [ERROR] LogOutputStream:75 - [STDERR_REDIRECT] [Fatal Error] :1:1: Premature end of file.
2026-01-21 21:22:34,631 [ERROR] LogOutputStream:75 - [STDERR_REDIRECT] 
2026-01-21 21:22:35,630 [ERROR] LogOutputStream:75 - [STDERR_REDIRECT] [Fatal Error] :1:1: Premature end of file.
2026-01-21 21:22:35,630 [ERROR] LogOutputStream:75 - [STDERR_REDIRECT] 
2026-01-21 21:22:36,630 [ERROR] LogOutputStream:75 - [STDERR_REDIRECT] [Fatal Error] :1:1: Premature end of file.
2026-01-21 21:22:36,631 [ERROR] LogOutputStream:75 - [STDERR_REDIRECT] 
2026-01-21 21:22:37,631 [ERROR] LogOutputStream:75 - [STDERR_REDIRECT] [Fatal Error] :1:1: Premature end of file.
2026-01-21 21:22:37,632 [ERROR] LogOutputStream:75 - [STDERR_REDIRECT] 
2026-01-21 21:22:38,631 [ERROR] LogOutputStream:75 - [STDERR_REDIRECT] [Fatal Error] :1:1: Premature end of file.
2026-01-21 21:22:38,631 [ERROR] LogOutputStream:75 - [STDERR_REDIRECT] 
2026-01-21 21:22:39,631 [ERROR] LogOutputStream:75 - [STDERR_REDIRECT] [Fatal Error] :1:1: Premature end of file.
2026-01-21 21:22:39,631 [ERROR] LogOutputStream:75 - [STDERR_REDIRECT] 
2026-01-21 21:22:40,632 [ERROR] LogOutputStream:75 - [STDERR_REDIRECT] [Fatal Error] :1:1: Premature end of file.
2026-01-21 21:22:40,632 [ERROR] LogOutputStream:75 - [STDERR_REDIRECT] 
2026-01-21 21:22:41,631 [ERROR] LogOutputStream:75 - [STDERR_REDIRECT] [Fatal Error] :1:1: Premature end of file.
2026-01-21 21:22:41,631 [ERROR] LogOutputStream:75 - [STDERR_REDIRECT] 
2026-01-21 21:22:42,633 [ERROR] LogOutputStream:75 - [STDERR_REDIRECT] [Fatal Error] :1:1: Premature end of file.
2026-01-21 21:22:42,633 [ERROR] LogOutputStream:75 - [STDERR_REDIRECT] 
2026-01-21 21:22:43,631 [ERROR] LogOutputStream:75 - [STDERR_REDIRECT] [Fatal Error] :1:1: Premature end of file.
2026-01-21 21:22:43,631 [ERROR] LogOutputStream:75 - [STDERR_REDIRECT] 
2026-01-21 21:22:44,634 [ERROR] LogOutputStream:75 - [STDERR_REDIRECT] [Fatal Error] :1:1: Premature end of file.
2026-01-21 21:22:44,634 [ERROR] LogOutputStream:75 - [STDERR_REDIRECT] 
2026-01-21 21:22:45,634 [ERROR] LogOutputStream:75 - [STDERR_REDIRECT] [Fatal Error] :1:1: Premature end of file.
2026-01-21 21:22:45,634 [ERROR] LogOutputStream:75 - [STDERR_REDIRECT] 
2026-01-21 21:22:46,637 [ERROR] LogOutputStream:75 - [STDERR_REDIRECT] [Fatal Error] :1:1: Premature end of file.
2026-01-21 21:22:46,637 [ERROR] LogOutputStream:75 - [STDERR_REDIRECT] 
2026-01-21 21:22:47,631 [ERROR] LogOutputStream:75 - [STDERR_REDIRECT] [Fatal Error] :1:1: Premature end of file.
2026-01-21 21:22:47,631 [ERROR] LogOutputStream:75 - [STDERR_REDIRECT] 
2026-01-21 21:22:48,634 [ERROR] LogOutputStream:75 - [STDERR_REDIRECT] [Fatal Error] :1:1: Premature end of file.
2026-01-21 21:22:48,634 [ERROR] LogOutputStream:75 - [STDERR_REDIRECT] 
2026-01-21 21:22:49,633 [ERROR] LogOutputStream:75 - [STDERR_REDIRECT] [Fatal Error] :1:1: Premature end of file.
2026-01-21 21:22:49,633 [ERROR] LogOutputStream:75 - [STDERR_REDIRECT] 
2026-01-21 21:22:50,632 [ERROR] LogOutputStream:75 - [STDERR_REDIRECT] [Fatal Error] :1:1: Premature end of file.
2026-01-21 21:22:50,632 [ERROR] LogOutputStream:75 - [STDERR_REDIRECT] 
2026-01-21 21:22:51,632 [ERROR] LogOutputStream:75 - [STDERR_REDIRECT] [Fatal Error] :1:1: Premature end of file.
2026-01-21 21:22:51,633 [ERROR] LogOutputStream:75 - [STDERR_REDIRECT] 
2026-01-21 21:22:52,635 [ERROR] LogOutputStream:75 - [STDERR_REDIRECT] [Fatal Error] :1:1: Premature end of file.
2026-01-21 21:22:52,635 [ERROR] LogOutputStream:75 - [STDERR_REDIRECT] 
2026-01-21 21:22:53,632 [ERROR] LogOutputStream:75 - [STDERR_REDIRECT] [Fatal Error] :1:1: Premature end of file.
2026-01-21 21:22:53,632 [ERROR] LogOutputStream:75 - [STDERR_REDIRECT] 
2026-01-21 21:22:54,633 [ERROR] LogOutputStream:75 - [STDERR_REDIRECT] [Fatal Error] :1:1: Premature end of file.
2026-01-21 21:22:54,633 [ERROR] LogOutputStream:75 - [STDERR_REDIRECT] 
2026-01-21 21:22:55,634 [ERROR] LogOutputStream:75 - [STDERR_REDIRECT] [Fatal Error] :1:1: Premature end of file.
2026-01-21 21:22:55,634 [ERROR] LogOutputStream:75 - [STDERR_REDIRECT] 
2026-01-21 21:22:56,632 [ERROR] LogOutputStream:75 - [STDERR_REDIRECT] [Fatal Error] :1:1: Premature end of file.
2026-01-21 21:22:56,632 [ERROR] LogOutputStream:75 - [STDERR_REDIRECT] 
2026-01-21 21:22:57,633 [ERROR] LogOutputStream:75 - [STDERR_REDIRECT] [Fatal Error] :1:1: Premature end of file.
2026-01-21 21:22:57,633 [ERROR] LogOutputStream:75 - [STDERR_REDIRECT] 
2026-01-21 21:22:58,632 [ERROR] LogOutputStream:75 - [STDERR_REDIRECT] [Fatal Error] :1:1: Premature end of file.
2026-01-21 21:22:58,632 [ERROR] LogOutputStream:75 - [STDERR_REDIRECT] 
2026-01-21 21:22:59,636 [ERROR] LogOutputStream:75 - [STDERR_REDIRECT] [Fatal Error] :1:1: Premature end of file.
2026-01-21 21:22:59,636 [ERROR] LogOutputStream:75 - [STDERR_REDIRECT] 
2026-01-21 21:23:00,632 [ERROR] LogOutputStream:75 - [STDERR_REDIRECT] [Fatal Error] :1:1: Premature end of file.
2026-01-21 21:23:00,632 [ERROR] LogOutputStream:75 - [STDERR_REDIRECT] 
2026-01-21 21:23:01,632 [ERROR] LogOutputStream:75 - [STDERR_REDIRECT] [Fatal Error] :1:1: Premature end of file.
2026-01-21 21:23:01,632 [ERROR] LogOutputStream:75 - [STDERR_REDIRECT] 
2026-01-21 21:23:02,632 [ERROR] LogOutputStream:75 - [STDERR_REDIRECT] [Fatal Error] :1:1: Premature end of file.
2026-01-21 21:23:02,632 [ERROR] LogOutputStream:75 - [STDERR_REDIRECT] 
2026-01-21 21:23:03,638 [ERROR] LogOutputStream:75 - [STDERR_REDIRECT] [Fatal Error] :1:1: Premature end of file.
2026-01-21 21:23:03,638 [ERROR] LogOutputStream:75 - [STDERR_REDIRECT] 
2026-01-21 21:23:04,634 [ERROR] LogOutputStream:75 - [STDERR_REDIRECT] [Fatal Error] :1:1: Premature end of file.
2026-01-21 21:23:04,634 [ERROR] LogOutputStream:75 - [STDERR_REDIRECT] 
2026-01-21 21:23:05,618 [ERROR] LogOutputStream:75 - [STDERR_REDIRECT] [Fatal Error] :1:1: Premature end of file.
2026-01-21 21:23:05,632 [ERROR] LogOutputStream:75 - [STDERR_REDIRECT] 
2026-01-21 21:23:06,622 [ERROR] LogOutputStream:75 - [STDERR_REDIRECT] [Fatal Error] :1:1: Premature end of file.
2026-01-21 21:23:06,622 [ERROR] LogOutputStream:75 - [STDERR_REDIRECT] 
2026-01-21 21:23:07,631 [ERROR] LogOutputStream:75 - [STDERR_REDIRECT] [Fatal Error] :1:1: Premature end of file.
2026-01-21 21:23:07,631 [ERROR] LogOutputStream:75 - [STDERR_REDIRECT] 
2026-01-21 21:23:08,640 [ERROR] LogOutputStream:75 - [STDERR_REDIRECT] [Fatal Error] :1:1: Premature end of file.
2026-01-21 21:23:08,640 [ERROR] LogOutputStream:75 - [STDERR_REDIRECT] 
2026-01-21 21:23:09,633 [ERROR] LogOutputStream:75 - [STDERR_REDIRECT] [Fatal Error] :1:1: Premature end of file.
2026-01-21 21:23:09,633 [ERROR] LogOutputStream:75 - [STDERR_REDIRECT] 
2026-01-21 21:23:10,641 [ERROR] LogOutputStream:75 - [STDERR_REDIRECT] [Fatal Error] :1:1: Premature end of file.
2026-01-21 21:23:10,641 [ERROR] LogOutputStream:75 - [STDERR_REDIRECT] 
2026-01-21 21:23:11,637 [ERROR] LogOutputStream:75 - [STDERR_REDIRECT] [Fatal Error] :1:1: Premature end of file.
2026-01-21 21:23:11,637 [ERROR] LogOutputStream:75 - [STDERR_REDIRECT] 
2026-01-21 21:23:12,631 [ERROR] LogOutputStream:75 - [STDERR_REDIRECT] [Fatal Error] :1:1: Premature end of file.
2026-01-21 21:23:12,631 [ERROR] LogOutputStream:75 - [STDERR_REDIRECT] 
2026-01-21 21:23:13,633 [ERROR] LogOutputStream:75 - [STDERR_REDIRECT] [Fatal Error] :1:1: Premature end of file.
2026-01-21 21:23:13,633 [ERROR] LogOutputStream:75 - [STDERR_REDIRECT] 
2026-01-21 21:23:14,631 [ERROR] LogOutputStream:75 - [STDERR_REDIRECT] [Fatal Error] :1:1: Premature end of file.
2026-01-21 21:23:14,631 [ERROR] LogOutputStream:75 - [STDERR_REDIRECT] 
2026-01-21 21:23:15,617 [ERROR] LogOutputStream:75 - [STDERR_REDIRECT] [Fatal Error] :1:1: Premature end of file.
2026-01-21 21:23:15,617 [ERROR] LogOutputStream:75 - [STDERR_REDIRECT] 
2026-01-21 21:23:16,631 [ERROR] LogOutputStream:75 - [STDERR_REDIRECT] [Fatal Error] :1:1: Premature end of file.
2026-01-21 21:23:16,631 [ERROR] LogOutputStream:75 - [STDERR_REDIRECT] 
2026-01-21 21:23:17,633 [ERROR] LogOutputStream:75 - [STDERR_REDIRECT] [Fatal Error] :1:1: Premature end of file.
2026-01-21 21:23:17,633 [ERROR] LogOutputStream:75 - [STDERR_REDIRECT] 
2026-01-21 21:23:18,636 [ERROR] LogOutputStream:75 - [STDERR_REDIRECT] [Fatal Error] :1:1: Premature end of file.
2026-01-21 21:23:18,636 [ERROR] LogOutputStream:75 - [STDERR_REDIRECT] 
2026-01-21 21:23:19,638 [ERROR] LogOutputStream:75 - [STDERR_REDIRECT] [Fatal Error] :1:1: Premature end of file.
2026-01-21 21:23:19,638 [ERROR] LogOutputStream:75 - [STDERR_REDIRECT] 
2026-01-21 21:23:20,633 [ERROR] LogOutputStream:75 - [STDERR_REDIRECT] [Fatal Error] :1:1: Premature end of file.
2026-01-21 21:23:20,633 [ERROR] LogOutputStream:75 - [STDERR_REDIRECT] 
2026-01-21 21:23:21,633 [ERROR] LogOutputStream:75 - [STDERR_REDIRECT] [Fatal Error] :1:1: Premature end of file.
2026-01-21 21:23:21,633 [ERROR] LogOutputStream:75 - [STDERR_REDIRECT] 
2026-01-21 21:23:22,644 [ERROR] LogOutputStream:75 - [STDERR_REDIRECT] [Fatal Error] :1:1: Premature end of file.
2026-01-21 21:23:22,644 [ERROR] LogOutputStream:75 - [STDERR_REDIRECT] 
2026-01-21 21:23:23,631 [ERROR] LogOutputStream:75 - [STDERR_REDIRECT] [Fatal Error] :1:1: Premature end of file.
2026-01-21 21:23:23,631 [ERROR] LogOutputStream:75 - [STDERR_REDIRECT] 
2026-01-21 21:23:24,626 [ERROR] LogOutputStream:75 - [STDERR_REDIRECT] [Fatal Error] :1:1: Premature end of file.
2026-01-21 21:23:24,626 [ERROR] LogOutputStream:75 - [STDERR_REDIRECT] 
2026-01-21 21:23:25,617 [ERROR] LogOutputStream:75 - [STDERR_REDIRECT] [Fatal Error] :1:1: Premature end of file.
2026-01-21 21:23:25,617 [ERROR] LogOutputStream:75 - [STDERR_REDIRECT] 
2026-01-21 21:23:26,627 [ERROR] LogOutputStream:75 - [STDERR_REDIRECT] [Fatal Error] :1:1: Premature end of file.
2026-01-21 21:23:26,627 [ERROR] LogOutputStream:75 - [STDERR_REDIRECT] 
2026-01-21 21:23:27,629 [ERROR] LogOutputStream:75 - [STDERR_REDIRECT] [Fatal Error] :1:1: Premature end of file.
2026-01-21 21:23:27,629 [ERROR] LogOutputStream:75 - [STDERR_REDIRECT] 
2026-01-21 21:23:28,637 [ERROR] LogOutputStream:75 - [STDERR_REDIRECT] [Fatal Error] :1:1: Premature end of file.
2026-01-21 21:23:28,637 [ERROR] LogOutputStream:75 - [STDERR_REDIRECT] 
2026-01-21 21:23:29,628 [ERROR] LogOutputStream:75 - [STDERR_REDIRECT] [Fatal Error] :1:1: Premature end of file.
2026-01-21 21:23:29,628 [ERROR] LogOutputStream:75 - [STDERR_REDIRECT] 
2026-01-21 21:23:30,621 [ERROR] LogOutputStream:75 - [STDERR_REDIRECT] [Fatal Error] :1:1: Premature end of file.
2026-01-21 21:23:30,621 [ERROR] LogOutputStream:75 - [STDERR_REDIRECT] 
2026-01-21 21:23:31,632 [ERROR] LogOutputStream:75 - [STDERR_REDIRECT] [Fatal Error] :1:1: Premature end of file.
2026-01-21 21:23:31,633 [ERROR] LogOutputStream:75 - [STDERR_REDIRECT] 
2026-01-21 21:23:32,635 [ERROR] LogOutputStream:75 - [STDERR_REDIRECT] [Fatal Error] :1:1: Premature end of file.
2026-01-21 21:23:32,635 [ERROR] LogOutputStream:75 - [STDERR_REDIRECT] 
2026-01-21 21:23:33,636 [ERROR] LogOutputStream:75 - [STDERR_REDIRECT] [Fatal Error] :1:1: Premature end of file.
2026-01-21 21:23:33,637 [ERROR] LogOutputStream:75 - [STDERR_REDIRECT] 
2026-01-21 21:23:34,625 [ERROR] LogOutputStream:75 - [STDERR_REDIRECT] [Fatal Error] :1:1: Premature end of file.
2026-01-21 21:23:34,625 [ERROR] LogOutputStream:75 - [STDERR_REDIRECT] 
2026-01-21 21:23:35,630 [ERROR] LogOutputStream:75 - [STDERR_REDIRECT] [Fatal Error] :1:1: Premature end of file.
2026-01-21 21:23:35,630 [ERROR] LogOutputStream:75 - [STDERR_REDIRECT] 
2026-01-21 21:23:36,633 [ERROR] LogOutputStream:75 - [STDERR_REDIRECT] [Fatal Error] :1:1: Premature end of file.
2026-01-21 21:23:36,633 [ERROR] LogOutputStream:75 - [STDERR_REDIRECT] 
2026-01-21 21:23:37,622 [ERROR] LogOutputStream:75 - [STDERR_REDIRECT] [Fatal Error] :1:1: Premature end of file.
2026-01-21 21:23:37,622 [ERROR] LogOutputStream:75 - [STDERR_REDIRECT] 
2026-01-21 21:23:38,628 [ERROR] LogOutputStream:75 - [STDERR_REDIRECT] [Fatal Error] :1:1: Premature end of file.
2026-01-21 21:23:38,628 [ERROR] LogOutputStream:75 - [STDERR_REDIRECT] 
2026-01-21 21:23:39,627 [ERROR] LogOutputStream:75 - [STDERR_REDIRECT] [Fatal Error] :1:1: Premature end of file.
2026-01-21 21:23:39,627 [ERROR] LogOutputStream:75 - [STDERR_REDIRECT] 
2026-01-21 21:23:40,636 [ERROR] LogOutputStream:75 - [STDERR_REDIRECT] [Fatal Error] :1:1: Premature end of file.
2026-01-21 21:23:40,636 [ERROR] LogOutputStream:75 - [STDERR_REDIRECT] 
2026-01-21 21:23:41,629 [ERROR] LogOutputStream:75 - [STDERR_REDIRECT] [Fatal Error] :1:1: Premature end of file.
2026-01-21 21:23:41,629 [ERROR] LogOutputStream:75 - [STDERR_REDIRECT] 
2026-01-21 21:23:42,633 [ERROR] LogOutputStream:75 - [STDERR_REDIRECT] [Fatal Error] :1:1: Premature end of file.
2026-01-21 21:23:42,633 [ERROR] LogOutputStream:75 - [STDERR_REDIRECT] 
2026-01-21 21:23:43,624 [ERROR] LogOutputStream:75 - [STDERR_REDIRECT] [Fatal Error] :1:1: Premature end of file.
2026-01-21 21:23:43,624 [ERROR] LogOutputStream:75 - [STDERR_REDIRECT] 
2026-01-21 21:23:44,632 [ERROR] LogOutputStream:75 - [STDERR_REDIRECT] [Fatal Error] :1:1: Premature end of file.
2026-01-21 21:23:44,632 [ERROR] LogOutputStream:75 - [STDERR_REDIRECT] 
2026-01-21 21:23:45,626 [ERROR] LogOutputStream:75 - [STDERR_REDIRECT] [Fatal Error] :1:1: Premature end of file.
2026-01-21 21:23:45,626 [ERROR] LogOutputStream:75 - [STDERR_REDIRECT] 
2026-01-21 21:23:46,634 [ERROR] LogOutputStream:75 - [STDERR_REDIRECT] [Fatal Error] :1:1: Premature end of file.
2026-01-21 21:23:46,634 [ERROR] LogOutputStream:75 - [STDERR_REDIRECT] 
2026-01-21 21:23:47,634 [ERROR] LogOutputStream:75 - [STDERR_REDIRECT] [Fatal Error] :1:1: Premature end of file.
2026-01-21 21:23:47,634 [ERROR] LogOutputStream:75 - [STDERR_REDIRECT] 
2026-01-21 21:23:48,632 [ERROR] LogOutputStream:75 - [STDERR_REDIRECT] [Fatal Error] :1:1: Premature end of file.
2026-01-21 21:23:48,632 [ERROR] LogOutputStream:75 - [STDERR_REDIRECT] 
2026-01-21 21:23:49,621 [ERROR] LogOutputStream:75 - [STDERR_REDIRECT] [Fatal Error] :1:1: Premature end of file.
2026-01-21 21:23:49,621 [ERROR] LogOutputStream:75 - [STDERR_REDIRECT] 
2026-01-21 21:23:50,626 [ERROR] LogOutputStream:75 - [STDERR_REDIRECT] [Fatal Error] :1:1: Premature end of file.
2026-01-21 21:23:50,626 [ERROR] LogOutputStream:75 - [STDERR_REDIRECT] 
2026-01-21 21:23:51,628 [ERROR] LogOutputStream:75 - [STDERR_REDIRECT] [Fatal Error] :1:1: Premature end of file.
2026-01-21 21:23:51,628 [ERROR] LogOutputStream:75 - [STDERR_REDIRECT] 
2026-01-21 21:23:52,628 [ERROR] LogOutputStream:75 - [STDERR_REDIRECT] [Fatal Error] :1:1: Premature end of file.
2026-01-21 21:23:52,628 [ERROR] LogOutputStream:75 - [STDERR_REDIRECT] 
2026-01-21 21:23:53,619 [ERROR] LogOutputStream:75 - [STDERR_REDIRECT] [Fatal Error] :1:1: Premature end of file.
2026-01-21 21:23:53,619 [ERROR] LogOutputStream:75 - [STDERR_REDIRECT] 
2026-01-21 21:23:54,634 [ERROR] LogOutputStream:75 - [STDERR_REDIRECT] [Fatal Error] :1:1: Premature end of file.
2026-01-21 21:23:54,634 [ERROR] LogOutputStream:75 - [STDERR_REDIRECT] 
2026-01-21 21:23:55,623 [ERROR] LogOutputStream:75 - [STDERR_REDIRECT] [Fatal Error] :1:1: Premature end of file.
2026-01-21 21:23:55,623 [ERROR] LogOutputStream:75 - [STDERR_REDIRECT] 
2026-01-21 21:23:56,634 [ERROR] LogOutputStream:75 - [STDERR_REDIRECT] [Fatal Error] :1:1: Premature end of file.
2026-01-21 21:23:56,634 [ERROR] LogOutputStream:75 - [STDERR_REDIRECT] 
2026-01-21 21:23:57,636 [ERROR] LogOutputStream:75 - [STDERR_REDIRECT] [Fatal Error] :1:1: Premature end of file.
2026-01-21 21:23:57,636 [ERROR] LogOutputStream:75 - [STDERR_REDIRECT] 
2026-01-21 21:23:58,637 [ERROR] LogOutputStream:75 - [STDERR_REDIRECT] [Fatal Error] :1:1: Premature end of file.
2026-01-21 21:23:58,637 [ERROR] LogOutputStream:75 - [STDERR_REDIRECT] 
2026-01-21 21:23:59,625 [ERROR] LogOutputStream:75 - [STDERR_REDIRECT] [Fatal Error] :1:1: Premature end of file.
2026-01-21 21:23:59,625 [ERROR] LogOutputStream:75 - [STDERR_REDIRECT] 
2026-01-21 21:24:00,633 [ERROR] LogOutputStream:75 - [STDERR_REDIRECT] [Fatal Error] :1:1: Premature end of file.
2026-01-21 21:24:00,633 [ERROR] LogOutputStream:75 - [STDERR_REDIRECT] 
2026-01-21 21:24:01,635 [ERROR] LogOutputStream:75 - [STDERR_REDIRECT] [Fatal Error] :1:1: Premature end of file.
2026-01-21 21:24:01,635 [ERROR] LogOutputStream:75 - [STDERR_REDIRECT] 
2026-01-21 21:24:02,637 [ERROR] LogOutputStream:75 - [STDERR_REDIRECT] [Fatal Error] :1:1: Premature end of file.
2026-01-21 21:24:02,637 [ERROR] LogOutputStream:75 - [STDERR_REDIRECT] 
2026-01-21 21:24:03,635 [ERROR] LogOutputStream:75 - [STDERR_REDIRECT] [Fatal Error] :1:1: Premature end of file.
2026-01-21 21:24:03,635 [ERROR] LogOutputStream:75 - [STDERR_REDIRECT] 
2026-01-21 21:24:04,635 [ERROR] LogOutputStream:75 - [STDERR_REDIRECT] [Fatal Error] :1:1: Premature end of file.
2026-01-21 21:24:04,635 [ERROR] LogOutputStream:75 - [STDERR_REDIRECT] 
2026-01-21 21:24:05,636 [ERROR] LogOutputStream:75 - [STDERR_REDIRECT] [Fatal Error] :1:1: Premature end of file.
2026-01-21 21:24:05,636 [ERROR] LogOutputStream:75 - [STDERR_REDIRECT] 
2026-01-21 21:24:06,635 [ERROR] LogOutputStream:75 - [STDERR_REDIRECT] [Fatal Error] :1:1: Premature end of file.
2026-01-21 21:24:06,635 [ERROR] LogOutputStream:75 - [STDERR_REDIRECT] 
2026-01-21 21:24:07,635 [ERROR] LogOutputStream:75 - [STDERR_REDIRECT] [Fatal Error] :1:1: Premature end of file.
2026-01-21 21:24:07,635 [ERROR] LogOutputStream:75 - [STDERR_REDIRECT] 
2026-01-21 21:24:08,651 [ERROR] LogOutputStream:75 - [STDERR_REDIRECT] [Fatal Error] :1:1: Premature end of file.
2026-01-21 21:24:08,651 [ERROR] LogOutputStream:75 - [STDERR_REDIRECT] 
2026-01-21 21:24:09,636 [ERROR] LogOutputStream:75 - [STDERR_REDIRECT] [Fatal Error] :1:1: Premature end of file.
2026-01-21 21:24:09,636 [ERROR] LogOutputStream:75 - [STDERR_REDIRECT] 
2026-01-21 21:24:10,628 [ERROR] LogOutputStream:75 - [STDERR_REDIRECT] [Fatal Error] :1:1: Premature end of file.
2026-01-21 21:24:10,628 [ERROR] LogOutputStream:75 - [STDERR_REDIRECT] 
2026-01-21 21:24:11,625 [ERROR] LogOutputStream:75 - [STDERR_REDIRECT] [Fatal Error] :1:1: Premature end of file.
2026-01-21 21:24:11,625 [ERROR] LogOutputStream:75 - [STDERR_REDIRECT] 
2026-01-21 21:24:12,631 [ERROR] LogOutputStream:75 - [STDERR_REDIRECT] [Fatal Error] :1:1: Premature end of file.
2026-01-21 21:24:12,631 [ERROR] LogOutputStream:75 - [STDERR_REDIRECT] 
2026-01-21 21:24:13,633 [ERROR] LogOutputStream:75 - [STDERR_REDIRECT] [Fatal Error] :1:1: Premature end of file.
2026-01-21 21:24:13,633 [ERROR] LogOutputStream:75 - [STDERR_REDIRECT] 
2026-01-21 21:24:14,635 [ERROR] LogOutputStream:75 - [STDERR_REDIRECT] [Fatal Error] :1:1: Premature end of file.
2026-01-21 21:24:14,635 [ERROR] LogOutputStream:75 - [STDERR_REDIRECT] 
2026-01-21 21:24:15,631 [ERROR] LogOutputStream:75 - [STDERR_REDIRECT] [Fatal Error] :1:1: Premature end of file.
2026-01-21 21:24:15,631 [ERROR] LogOutputStream:75 - [STDERR_REDIRECT] 
2026-01-21 21:24:16,633 [ERROR] LogOutputStream:75 - [STDERR_REDIRECT] [Fatal Error] :1:1: Premature end of file.
2026-01-21 21:24:16,633 [ERROR] LogOutputStream:75 - [STDERR_REDIRECT] 
2026-01-21 21:24:17,620 [ERROR] LogOutputStream:75 - [STDERR_REDIRECT] [Fatal Error] :1:1: Premature end of file.
2026-01-21 21:24:17,621 [ERROR] LogOutputStream:75 - [STDERR_REDIRECT] 
2026-01-21 21:24:18,635 [ERROR] LogOutputStream:75 - [STDERR_REDIRECT] [Fatal Error] :1:1: Premature end of file.
2026-01-21 21:24:18,635 [ERROR] LogOutputStream:75 - [STDERR_REDIRECT] 
2026-01-21 21:24:19,635 [ERROR] LogOutputStream:75 - [STDERR_REDIRECT] [Fatal Error] :1:1: Premature end of file.
2026-01-21 21:24:19,635 [ERROR] LogOutputStream:75 - [STDERR_REDIRECT] 
2026-01-21 21:24:20,635 [ERROR] LogOutputStream:75 - [STDERR_REDIRECT] [Fatal Error] :1:1: Premature end of file.
2026-01-21 21:24:20,635 [ERROR] LogOutputStream:75 - [STDERR_REDIRECT] 
2026-01-21 21:24:21,635 [ERROR] LogOutputStream:75 - [STDERR_REDIRECT] [Fatal Error] :1:1: Premature end of file.
2026-01-21 21:24:21,635 [ERROR] LogOutputStream:75 - [STDERR_REDIRECT] 
2026-01-21 21:24:22,630 [ERROR] LogOutputStream:75 - [STDERR_REDIRECT] [Fatal Error] :1:1: Premature end of file.
2026-01-21 21:24:22,630 [ERROR] LogOutputStream:75 - [STDERR_REDIRECT] 
2026-01-21 21:24:23,635 [ERROR] LogOutputStream:75 - [STDERR_REDIRECT] [Fatal Error] :1:1: Premature end of file.
2026-01-21 21:24:23,635 [ERROR] LogOutputStream:75 - [STDERR_REDIRECT] 
2026-01-21 21:24:24,623 [ERROR] LogOutputStream:75 - [STDERR_REDIRECT] [Fatal Error] :1:1: Premature end of file.
2026-01-21 21:24:24,623 [ERROR] LogOutputStream:75 - [STDERR_REDIRECT] 
2026-01-21 21:24:25,626 [ERROR] LogOutputStream:75 - [STDERR_REDIRECT] [Fatal Error] :1:1: Premature end of file.
2026-01-21 21:24:25,626 [ERROR] LogOutputStream:75 - [STDERR_REDIRECT] 
2026-01-21 21:24:26,633 [ERROR] LogOutputStream:75 - [STDERR_REDIRECT] [Fatal Error] :1:1: Premature end of file.
2026-01-21 21:24:26,633 [ERROR] LogOutputStream:75 - [STDERR_REDIRECT] 
2026-01-21 21:24:27,636 [ERROR] LogOutputStream:75 - [STDERR_REDIRECT] [Fatal Error] :1:1: Premature end of file.
2026-01-21 21:24:27,636 [ERROR] LogOutputStream:75 - [STDERR_REDIRECT] 
2026-01-21 21:24:28,626 [ERROR] LogOutputStream:75 - [STDERR_REDIRECT] [Fatal Error] :1:1: Premature end of file.
2026-01-21 21:24:28,626 [ERROR] LogOutputStream:75 - [STDERR_REDIRECT] 
2026-01-21 21:24:29,632 [ERROR] LogOutputStream:75 - [STDERR_REDIRECT] [Fatal Error] :1:1: Premature end of file.
2026-01-21 21:24:29,632 [ERROR] LogOutputStream:75 - [STDERR_REDIRECT] 
2026-01-21 21:24:30,631 [ERROR] LogOutputStream:75 - [STDERR_REDIRECT] [Fatal Error] :1:1: Premature end of file.
2026-01-21 21:24:30,632 [ERROR] LogOutputStream:75 - [STDERR_REDIRECT] 
2026-01-21 21:24:31,631 [ERROR] LogOutputStream:75 - [STDERR_REDIRECT] [Fatal Error] :1:1: Premature end of file.
2026-01-21 21:24:31,631 [ERROR] LogOutputStream:75 - [STDERR_REDIRECT] 
2026-01-21 21:24:32,636 [ERROR] LogOutputStream:75 - [STDERR_REDIRECT] [Fatal Error] :1:1: Premature end of file.
2026-01-21 21:24:32,636 [ERROR] LogOutputStream:75 - [STDERR_REDIRECT] 
2026-01-21 21:24:33,649 [ERROR] LogOutputStream:75 - [STDERR_REDIRECT] [Fatal Error] :1:1: Premature end of file.
2026-01-21 21:24:33,649 [ERROR] LogOutputStream:75 - [STDERR_REDIRECT] 
2026-01-21 21:24:34,626 [ERROR] LogOutputStream:75 - [STDERR_REDIRECT] [Fatal Error] :1:1: Premature end of file.
2026-01-21 21:24:34,626 [ERROR] LogOutputStream:75 - [STDERR_REDIRECT] 
2026-01-21 21:24:35,638 [ERROR] LogOutputStream:75 - [STDERR_REDIRECT] [Fatal Error] :1:1: Premature end of file.
2026-01-21 21:24:35,638 [ERROR] LogOutputStream:75 - [STDERR_REDIRECT] 
2026-01-21 21:24:36,638 [ERROR] LogOutputStream:75 - [STDERR_REDIRECT] [Fatal Error] :1:1: Premature end of file.
2026-01-21 21:24:36,638 [ERROR] LogOutputStream:75 - [STDERR_REDIRECT] 
2026-01-21 21:24:37,628 [ERROR] LogOutputStream:75 - [STDERR_REDIRECT] [Fatal Error] :1:1: Premature end of file.
2026-01-21 21:24:37,628 [ERROR] LogOutputStream:75 - [STDERR_REDIRECT] 
2026-01-21 21:24:38,631 [ERROR] LogOutputStream:75 - [STDERR_REDIRECT] [Fatal Error] :1:1: Premature end of file.
2026-01-21 21:24:38,631 [ERROR] LogOutputStream:75 - [STDERR_REDIRECT] 
2026-01-21 21:24:39,633 [ERROR] LogOutputStream:75 - [STDERR_REDIRECT] [Fatal Error] :1:1: Premature end of file.
2026-01-21 21:24:39,633 [ERROR] LogOutputStream:75 - [STDERR_REDIRECT] 
2026-01-21 21:24:40,624 [ERROR] LogOutputStream:75 - [STDERR_REDIRECT] [Fatal Error] :1:1: Premature end of file.
2026-01-21 21:24:40,624 [ERROR] LogOutputStream:75 - [STDERR_REDIRECT] 
2026-01-21 21:24:41,637 [ERROR] LogOutputStream:75 - [STDERR_REDIRECT] [Fatal Error] :1:1: Premature end of file.
2026-01-21 21:24:41,637 [ERROR] LogOutputStream:75 - [STDERR_REDIRECT] 
2026-01-21 21:24:42,637 [ERROR] LogOutputStream:75 - [STDERR_REDIRECT] [Fatal Error] :1:1: Premature end of file.
2026-01-21 21:24:42,637 [ERROR] LogOutputStream:75 - [STDERR_REDIRECT] 
2026-01-21 21:24:43,631 [ERROR] LogOutputStream:75 - [STDERR_REDIRECT] [Fatal Error] :1:1: Premature end of file.
2026-01-21 21:24:43,631 [ERROR] LogOutputStream:75 - [STDERR_REDIRECT] 
2026-01-21 21:24:44,623 [ERROR] LogOutputStream:75 - [STDERR_REDIRECT] [Fatal Error] :1:1: Premature end of file.
2026-01-21 21:24:44,623 [ERROR] LogOutputStream:75 - [STDERR_REDIRECT] 
2026-01-21 21:24:45,639 [ERROR] LogOutputStream:75 - [STDERR_REDIRECT] [Fatal Error] :1:1: Premature end of file.
2026-01-21 21:24:45,639 [ERROR] LogOutputStream:75 - [STDERR_REDIRECT] 
2026-01-21 21:24:46,631 [ERROR] LogOutputStream:75 - [STDERR_REDIRECT] [Fatal Error] :1:1: Premature end of file.
2026-01-21 21:24:46,631 [ERROR] LogOutputStream:75 - [STDERR_REDIRECT] 
2026-01-21 21:24:47,631 [ERROR] LogOutputStream:75 - [STDERR_REDIRECT] [Fatal Error] :1:1: Premature end of file.
2026-01-21 21:24:47,631 [ERROR] LogOutputStream:75 - [STDERR_REDIRECT] 
2026-01-21 21:24:48,633 [ERROR] LogOutputStream:75 - [STDERR_REDIRECT] [Fatal Error] :1:1: Premature end of file.
2026-01-21 21:24:48,633 [ERROR] LogOutputStream:75 - [STDERR_REDIRECT] 
2026-01-21 21:24:49,632 [ERROR] LogOutputStream:75 - [STDERR_REDIRECT] [Fatal Error] :1:1: Premature end of file.
2026-01-21 21:24:49,632 [ERROR] LogOutputStream:75 - [STDERR_REDIRECT] 
2026-01-21 21:24:50,632 [ERROR] LogOutputStream:75 - [STDERR_REDIRECT] [Fatal Error] :1:1: Premature end of file.
2026-01-21 21:24:50,632 [ERROR] LogOutputStream:75 - [STDERR_REDIRECT] 
2026-01-21 21:24:51,628 [ERROR] LogOutputStream:75 - [STDERR_REDIRECT] [Fatal Error] :1:1: Premature end of file.
2026-01-21 21:24:51,628 [ERROR] LogOutputStream:75 - [STDERR_REDIRECT] 
2026-01-21 21:24:52,628 [ERROR] LogOutputStream:75 - [STDERR_REDIRECT] [Fatal Error] :1:1: Premature end of file.
2026-01-21 21:24:52,628 [ERROR] LogOutputStream:75 - [STDERR_REDIRECT] 
2026-01-21 21:24:53,629 [ERROR] LogOutputStream:75 - [STDERR_REDIRECT] [Fatal Error] :1:1: Premature end of file.
2026-01-21 21:24:53,629 [ERROR] LogOutputStream:75 - [STDERR_REDIRECT] 
2026-01-21 21:24:54,634 [ERROR] LogOutputStream:75 - [STDERR_REDIRECT] [Fatal Error] :1:1: Premature end of file.
2026-01-21 21:24:54,634 [ERROR] LogOutputStream:75 - [STDERR_REDIRECT] 
2026-01-21 21:24:55,630 [ERROR] LogOutputStream:75 - [STDERR_REDIRECT] [Fatal Error] :1:1: Premature end of file.
2026-01-21 21:24:55,630 [ERROR] LogOutputStream:75 - [STDERR_REDIRECT] 
2026-01-21 21:24:56,638 [ERROR] LogOutputStream:75 - [STDERR_REDIRECT] [Fatal Error] :1:1: Premature end of file.
2026-01-21 21:24:56,638 [ERROR] LogOutputStream:75 - [STDERR_REDIRECT] 
2026-01-21 21:24:57,637 [ERROR] LogOutputStream:75 - [STDERR_REDIRECT] [Fatal Error] :1:1: Premature end of file.
2026-01-21 21:24:57,637 [ERROR] LogOutputStream:75 - [STDERR_REDIRECT] 
2026-01-21 21:24:58,637 [ERROR] LogOutputStream:75 - [STDERR_REDIRECT] [Fatal Error] :1:1: Premature end of file.
2026-01-21 21:24:58,637 [ERROR] LogOutputStream:75 - [STDERR_REDIRECT] 
2026-01-21 21:24:59,637 [ERROR] LogOutputStream:75 - [STDERR_REDIRECT] [Fatal Error] :1:1: Premature end of file.
2026-01-21 21:24:59,637 [ERROR] LogOutputStream:75 - [STDERR_REDIRECT] 
2026-01-21 21:25:00,635 [ERROR] LogOutputStream:75 - [STDERR_REDIRECT] [Fatal Error] :1:1: Premature end of file.
2026-01-21 21:25:00,635 [ERROR] LogOutputStream:75 - [STDERR_REDIRECT] 
2026-01-21 21:25:01,622 [ERROR] LogOutputStream:75 - [STDERR_REDIRECT] [Fatal Error] :1:1: Premature end of file.
2026-01-21 21:25:01,622 [ERROR] LogOutputStream:75 - [STDERR_REDIRECT] 
2026-01-21 21:25:02,634 [ERROR] LogOutputStream:75 - [STDERR_REDIRECT] [Fatal Error] :1:1: Premature end of file.
2026-01-21 21:25:02,634 [ERROR] LogOutputStream:75 - [STDERR_REDIRECT] 
2026-01-21 21:25:03,621 [ERROR] LogOutputStream:75 - [STDERR_REDIRECT] [Fatal Error] :1:1: Premature end of file.
2026-01-21 21:25:03,621 [ERROR] LogOutputStream:75 - [STDERR_REDIRECT] 
2026-01-21 21:25:04,637 [ERROR] LogOutputStream:75 - [STDERR_REDIRECT] [Fatal Error] :1:1: Premature end of file.
2026-01-21 21:25:04,637 [ERROR] LogOutputStream:75 - [STDERR_REDIRECT] 
2026-01-21 21:25:05,637 [ERROR] LogOutputStream:75 - [STDERR_REDIRECT] [Fatal Error] :1:1: Premature end of file.
2026-01-21 21:25:05,637 [ERROR] LogOutputStream:75 - [STDERR_REDIRECT] 
2026-01-21 21:25:06,637 [ERROR] LogOutputStream:75 - [STDERR_REDIRECT] [Fatal Error] :1:1: Premature end of file.
2026-01-21 21:25:06,637 [ERROR] LogOutputStream:75 - [STDERR_REDIRECT] 
2026-01-21 21:25:07,640 [ERROR] LogOutputStream:75 - [STDERR_REDIRECT] [Fatal Error] :1:1: Premature end of file.
2026-01-21 21:25:07,640 [ERROR] LogOutputStream:75 - [STDERR_REDIRECT] 
2026-01-21 21:25:08,629 [ERROR] LogOutputStream:75 - [STDERR_REDIRECT] [Fatal Error] :1:1: Premature end of file.
2026-01-21 21:25:08,629 [ERROR] LogOutputStream:75 - [STDERR_REDIRECT] 
2026-01-21 21:25:09,623 [ERROR] LogOutputStream:75 - [STDERR_REDIRECT] [Fatal Error] :1:1: Premature end of file.
2026-01-21 21:25:09,623 [ERROR] LogOutputStream:75 - [STDERR_REDIRECT] 
2026-01-21 21:25:10,626 [ERROR] LogOutputStream:75 - [STDERR_REDIRECT] [Fatal Error] :1:1: Premature end of file.
2026-01-21 21:25:10,626 [ERROR] LogOutputStream:75 - [STDERR_REDIRECT] 
2026-01-21 21:25:11,625 [ERROR] LogOutputStream:75 - [STDERR_REDIRECT] [Fatal Error] :1:1: Premature end of file.
2026-01-21 21:25:11,625 [ERROR] LogOutputStream:75 - [STDERR_REDIRECT] 
2026-01-21 21:25:12,625 [ERROR] LogOutputStream:75 - [STDERR_REDIRECT] [Fatal Error] :1:1: Premature end of file.
2026-01-21 21:25:12,625 [ERROR] LogOutputStream:75 - [STDERR_REDIRECT] 
2026-01-21 21:25:13,627 [ERROR] LogOutputStream:75 - [STDERR_REDIRECT] [Fatal Error] :1:1: Premature end of file.
2026-01-21 21:25:13,627 [ERROR] LogOutputStream:75 - [STDERR_REDIRECT] 
2026-01-21 21:25:14,629 [ERROR] LogOutputStream:75 - [STDERR_REDIRECT] [Fatal Error] :1:1: Premature end of file.
2026-01-21 21:25:14,629 [ERROR] LogOutputStream:75 - [STDERR_REDIRECT] 
2026-01-21 21:25:15,627 [ERROR] LogOutputStream:75 - [STDERR_REDIRECT] [Fatal Error] :1:1: Premature end of file.
2026-01-21 21:25:15,627 [ERROR] LogOutputStream:75 - [STDERR_REDIRECT] 
2026-01-21 21:25:16,632 [ERROR] LogOutputStream:75 - [STDERR_REDIRECT] [Fatal Error] :1:1: Premature end of file.
2026-01-21 21:25:16,632 [ERROR] LogOutputStream:75 - [STDERR_REDIRECT] 
2026-01-21 21:25:17,633 [ERROR] LogOutputStream:75 - [STDERR_REDIRECT] [Fatal Error] :1:1: Premature end of file.
2026-01-21 21:25:17,633 [ERROR] LogOutputStream:75 - [STDERR_REDIRECT] 
2026-01-21 21:25:18,625 [ERROR] LogOutputStream:75 - [STDERR_REDIRECT] [Fatal Error] :1:1: Premature end of file.
2026-01-21 21:25:18,625 [ERROR] LogOutputStream:75 - [STDERR_REDIRECT] 
2026-01-21 21:25:19,637 [ERROR] LogOutputStream:75 - [STDERR_REDIRECT] [Fatal Error] :1:1: Premature end of file.
2026-01-21 21:25:19,637 [ERROR] LogOutputStream:75 - [STDERR_REDIRECT] 
2026-01-21 21:25:20,622 [ERROR] LogOutputStream:75 - [STDERR_REDIRECT] [Fatal Error] :1:1: Premature end of file.
2026-01-21 21:25:20,622 [ERROR] LogOutputStream:75 - [STDERR_REDIRECT] 
2026-01-21 21:25:21,628 [ERROR] LogOutputStream:75 - [STDERR_REDIRECT] [Fatal Error] :1:1: Premature end of file.
2026-01-21 21:25:21,628 [ERROR] LogOutputStream:75 - [STDERR_REDIRECT] 
2026-01-21 21:25:22,628 [ERROR] LogOutputStream:75 - [STDERR_REDIRECT] [Fatal Error] :1:1: Premature end of file.
2026-01-21 21:25:22,628 [ERROR] LogOutputStream:75 - [STDERR_REDIRECT] 
2026-01-21 21:25:23,634 [ERROR] LogOutputStream:75 - [STDERR_REDIRECT] [Fatal Error] :1:1: Premature end of file.
2026-01-21 21:25:23,634 [ERROR] LogOutputStream:75 - [STDERR_REDIRECT] 
2026-01-21 21:25:24,623 [ERROR] LogOutputStream:75 - [STDERR_REDIRECT] [Fatal Error] :1:1: Premature end of file.
2026-01-21 21:25:24,623 [ERROR] LogOutputStream:75 - [STDERR_REDIRECT] 
2026-01-21 21:25:25,629 [ERROR] LogOutputStream:75 - [STDERR_REDIRECT] [Fatal Error] :1:1: Premature end of file.
2026-01-21 21:25:25,629 [ERROR] LogOutputStream:75 - [STDERR_REDIRECT] 
2026-01-21 21:25:26,631 [ERROR] LogOutputStream:75 - [STDERR_REDIRECT] [Fatal Error] :1:1: Premature end of file.
2026-01-21 21:25:26,631 [ERROR] LogOutputStream:75 - [STDERR_REDIRECT] 
2026-01-21 21:25:27,633 [ERROR] LogOutputStream:75 - [STDERR_REDIRECT] [Fatal Error] :1:1: Premature end of file.
2026-01-21 21:25:27,633 [ERROR] LogOutputStream:75 - [STDERR_REDIRECT] 
2026-01-21 21:25:28,621 [ERROR] LogOutputStream:75 - [STDERR_REDIRECT] [Fatal Error] :1:1: Premature end of file.
2026-01-21 21:25:28,621 [ERROR] LogOutputStream:75 - [STDERR_REDIRECT] 
2026-01-21 21:25:29,622 [ERROR] LogOutputStream:75 - [STDERR_REDIRECT] [Fatal Error] :1:1: Premature end of file.
2026-01-21 21:25:29,622 [ERROR] LogOutputStream:75 - [STDERR_REDIRECT] 
2026-01-21 21:25:30,623 [ERROR] LogOutputStream:75 - [STDERR_REDIRECT] [Fatal Error] :1:1: Premature end of file.
2026-01-21 21:25:30,623 [ERROR] LogOutputStream:75 - [STDERR_REDIRECT] 
2026-01-21 21:25:31,623 [ERROR] LogOutputStream:75 - [STDERR_REDIRECT] [Fatal Error] :1:1: Premature end of file.
2026-01-21 21:25:31,623 [ERROR] LogOutputStream:75 - [STDERR_REDIRECT] 
2026-01-21 21:25:32,626 [ERROR] LogOutputStream:75 - [STDERR_REDIRECT] [Fatal Error] :1:1: Premature end of file.
2026-01-21 21:25:32,626 [ERROR] LogOutputStream:75 - [STDERR_REDIRECT] 
2026-01-21 21:25:33,627 [ERROR] LogOutputStream:75 - [STDERR_REDIRECT] [Fatal Error] :1:1: Premature end of file.
2026-01-21 21:25:33,627 [ERROR] LogOutputStream:75 - [STDERR_REDIRECT] 
2026-01-21 21:25:34,630 [ERROR] LogOutputStream:75 - [STDERR_REDIRECT] [Fatal Error] :1:1: Premature end of file.
2026-01-21 21:25:34,630 [ERROR] LogOutputStream:75 - [STDERR_REDIRECT] 
2026-01-21 21:25:35,634 [ERROR] LogOutputStream:75 - [STDERR_REDIRECT] [Fatal Error] :1:1: Premature end of file.
2026-01-21 21:25:35,634 [ERROR] LogOutputStream:75 - [STDERR_REDIRECT] 
2026-01-21 21:25:36,622 [ERROR] LogOutputStream:75 - [STDERR_REDIRECT] [Fatal Error] :1:1: Premature end of file.
2026-01-21 21:25:36,622 [ERROR] LogOutputStream:75 - [STDERR_REDIRECT] 
2026-01-21 21:25:37,622 [ERROR] LogOutputStream:75 - [STDERR_REDIRECT] [Fatal Error] :1:1: Premature end of file.
2026-01-21 21:25:37,622 [ERROR] LogOutputStream:75 - [STDERR_REDIRECT] 
2026-01-21 21:25:38,625 [ERROR] LogOutputStream:75 - [STDERR_REDIRECT] [Fatal Error] :1:1: Premature end of file.
2026-01-21 21:25:38,625 [ERROR] LogOutputStream:75 - [STDERR_REDIRECT] 
2026-01-21 21:25:39,630 [ERROR] LogOutputStream:75 - [STDERR_REDIRECT] [Fatal Error] :1:1: Premature end of file.
2026-01-21 21:25:39,631 [ERROR] LogOutputStream:75 - [STDERR_REDIRECT] 
2026-01-21 21:25:40,624 [ERROR] LogOutputStream:75 - [STDERR_REDIRECT] [Fatal Error] :1:1: Premature end of file.
2026-01-21 21:25:40,624 [ERROR] LogOutputStream:75 - [STDERR_REDIRECT] 
2026-01-21 21:25:41,626 [ERROR] LogOutputStream:75 - [STDERR_REDIRECT] [Fatal Error] :1:1: Premature end of file.
2026-01-21 21:25:41,626 [ERROR] LogOutputStream:75 - [STDERR_REDIRECT] 
2026-01-21 21:25:42,624 [ERROR] LogOutputStream:75 - [STDERR_REDIRECT] [Fatal Error] :1:1: Premature end of file.
2026-01-21 21:25:42,624 [ERROR] LogOutputStream:75 - [STDERR_REDIRECT] 
2026-01-21 21:25:43,625 [ERROR] LogOutputStream:75 - [STDERR_REDIRECT] [Fatal Error] :1:1: Premature end of file.
2026-01-21 21:25:43,625 [ERROR] LogOutputStream:75 - [STDERR_REDIRECT] 
2026-01-21 21:25:44,626 [ERROR] LogOutputStream:75 - [STDERR_REDIRECT] [Fatal Error] :1:1: Premature end of file.
2026-01-21 21:25:44,626 [ERROR] LogOutputStream:75 - [STDERR_REDIRECT] 
2026-01-21 21:25:45,626 [ERROR] LogOutputStream:75 - [STDERR_REDIRECT] [Fatal Error] :1:1: Premature end of file.
2026-01-21 21:25:45,626 [ERROR] LogOutputStream:75 - [STDERR_REDIRECT] 
2026-01-21 21:25:46,627 [ERROR] LogOutputStream:75 - [STDERR_REDIRECT] [Fatal Error] :1:1: Premature end of file.
2026-01-21 21:25:46,627 [ERROR] LogOutputStream:75 - [STDERR_REDIRECT] 
2026-01-21 21:25:47,624 [ERROR] LogOutputStream:75 - [STDERR_REDIRECT] [Fatal Error] :1:1: Premature end of file.
2026-01-21 21:25:47,624 [ERROR] LogOutputStream:75 - [STDERR_REDIRECT] 
2026-01-21 21:25:48,635 [ERROR] LogOutputStream:75 - [STDERR_REDIRECT] [Fatal Error] :1:1: Premature end of file.
2026-01-21 21:25:48,635 [ERROR] LogOutputStream:75 - [STDERR_REDIRECT] 
2026-01-21 21:25:49,626 [ERROR] LogOutputStream:75 - [STDERR_REDIRECT] [Fatal Error] :1:1: Premature end of file.
2026-01-21 21:25:49,627 [ERROR] LogOutputStream:75 - [STDERR_REDIRECT] 
2026-01-21 21:25:50,624 [ERROR] LogOutputStream:75 - [STDERR_REDIRECT] [Fatal Error] :1:1: Premature end of file.
2026-01-21 21:25:50,624 [ERROR] LogOutputStream:75 - [STDERR_REDIRECT] 
2026-01-21 21:25:51,622 [ERROR] LogOutputStream:75 - [STDERR_REDIRECT] [Fatal Error] :1:1: Premature end of file.
2026-01-21 21:25:51,622 [ERROR] LogOutputStream:75 - [STDERR_REDIRECT] 
2026-01-21 21:25:52,638 [ERROR] LogOutputStream:75 - [STDERR_REDIRECT] [Fatal Error] :1:1: Premature end of file.
2026-01-21 21:25:52,638 [ERROR] LogOutputStream:75 - [STDERR_REDIRECT] 
2026-01-21 21:25:53,623 [ERROR] LogOutputStream:75 - [STDERR_REDIRECT] [Fatal Error] :1:1: Premature end of file.
2026-01-21 21:25:53,623 [ERROR] LogOutputStream:75 - [STDERR_REDIRECT] 
2026-01-21 21:25:54,639 [ERROR] LogOutputStream:75 - [STDERR_REDIRECT] [Fatal Error] :1:1: Premature end of file.
2026-01-21 21:25:54,639 [ERROR] LogOutputStream:75 - [STDERR_REDIRECT] 
2026-01-21 21:25:55,623 [ERROR] LogOutputStream:75 - [STDERR_REDIRECT] [Fatal Error] :1:1: Premature end of file.
2026-01-21 21:25:55,623 [ERROR] LogOutputStream:75 - [STDERR_REDIRECT] 
2026-01-21 21:25:56,647 [ERROR] LogOutputStream:75 - [STDERR_REDIRECT] [Fatal Error] :1:1: Premature end of file.
2026-01-21 21:25:56,647 [ERROR] LogOutputStream:75 - [STDERR_REDIRECT] 
2026-01-21 21:25:57,628 [ERROR] LogOutputStream:75 - [STDERR_REDIRECT] [Fatal Error] :1:1: Premature end of file.
2026-01-21 21:25:57,628 [ERROR] LogOutputStream:75 - [STDERR_REDIRECT] 
2026-01-21 21:25:58,627 [ERROR] LogOutputStream:75 - [STDERR_REDIRECT] [Fatal Error] :1:1: Premature end of file.
2026-01-21 21:25:58,627 [ERROR] LogOutputStream:75 - [STDERR_REDIRECT] 
2026-01-21 21:25:59,627 [ERROR] LogOutputStream:75 - [STDERR_REDIRECT] [Fatal Error] :1:1: Premature end of file.
2026-01-21 21:25:59,628 [ERROR] LogOutputStream:75 - [STDERR_REDIRECT] 
2026-01-21 21:26:00,624 [ERROR] LogOutputStream:75 - [STDERR_REDIRECT] [Fatal Error] :1:1: Premature end of file.
2026-01-21 21:26:00,624 [ERROR] LogOutputStream:75 - [STDERR_REDIRECT] 
2026-01-21 21:26:01,623 [ERROR] LogOutputStream:75 - [STDERR_REDIRECT] [Fatal Error] :1:1: Premature end of file.
2026-01-21 21:26:01,623 [ERROR] LogOutputStream:75 - [STDERR_REDIRECT] 
2026-01-21 21:26:02,626 [ERROR] LogOutputStream:75 - [STDERR_REDIRECT] [Fatal Error] :1:1: Premature end of file.
2026-01-21 21:26:02,626 [ERROR] LogOutputStream:75 - [STDERR_REDIRECT] 
2026-01-21 21:26:03,623 [ERROR] LogOutputStream:75 - [STDERR_REDIRECT] [Fatal Error] :1:1: Premature end of file.
2026-01-21 21:26:03,623 [ERROR] LogOutputStream:75 - [STDERR_REDIRECT] 
2026-01-21 21:26:04,627 [ERROR] LogOutputStream:75 - [STDERR_REDIRECT] [Fatal Error] :1:1: Premature end of file.
2026-01-21 21:26:04,627 [ERROR] LogOutputStream:75 - [STDERR_REDIRECT] 
2026-01-21 21:26:05,637 [ERROR] LogOutputStream:75 - [STDERR_REDIRECT] [Fatal Error] :1:1: Premature end of file.
2026-01-21 21:26:05,637 [ERROR] LogOutputStream:75 - [STDERR_REDIRECT] 
2026-01-21 21:26:06,624 [ERROR] LogOutputStream:75 - [STDERR_REDIRECT] [Fatal Error] :1:1: Premature end of file.
2026-01-21 21:26:06,624 [ERROR] LogOutputStream:75 - [STDERR_REDIRECT] 
2026-01-21 21:26:07,626 [ERROR] LogOutputStream:75 - [STDERR_REDIRECT] [Fatal Error] :1:1: Premature end of file.
2026-01-21 21:26:07,626 [ERROR] LogOutputStream:75 - [STDERR_REDIRECT] 
2026-01-21 21:26:08,638 [ERROR] LogOutputStream:75 - [STDERR_REDIRECT] [Fatal Error] :1:1: Premature end of file.
2026-01-21 21:26:08,638 [ERROR] LogOutputStream:75 - [STDERR_REDIRECT] 
2026-01-21 21:26:09,624 [ERROR] LogOutputStream:75 - [STDERR_REDIRECT] [Fatal Error] :1:1: Premature end of file.
2026-01-21 21:26:09,624 [ERROR] LogOutputStream:75 - [STDERR_REDIRECT] 
2026-01-21 21:26:10,632 [ERROR] LogOutputStream:75 - [STDERR_REDIRECT] [Fatal Error] :1:1: Premature end of file.
2026-01-21 21:26:10,632 [ERROR] LogOutputStream:75 - [STDERR_REDIRECT] 
2026-01-21 21:26:11,624 [ERROR] LogOutputStream:75 - [STDERR_REDIRECT] [Fatal Error] :1:1: Premature end of file.
2026-01-21 21:26:11,625 [ERROR] LogOutputStream:75 - [STDERR_REDIRECT] 
2026-01-21 21:26:12,625 [ERROR] LogOutputStream:75 - [STDERR_REDIRECT] [Fatal Error] :1:1: Premature end of file.
2026-01-21 21:26:12,625 [ERROR] LogOutputStream:75 - [STDERR_REDIRECT] 
2026-01-21 21:26:13,624 [ERROR] LogOutputStream:75 - [STDERR_REDIRECT] [Fatal Error] :1:1: Premature end of file.
2026-01-21 21:26:13,624 [ERROR] LogOutputStream:75 - [STDERR_REDIRECT] 
2026-01-21 21:26:14,625 [ERROR] LogOutputStream:75 - [STDERR_REDIRECT] [Fatal Error] :1:1: Premature end of file.
2026-01-21 21:26:14,626 [ERROR] LogOutputStream:75 - [STDERR_REDIRECT] 
2026-01-21 21:26:15,624 [ERROR] LogOutputStream:75 - [STDERR_REDIRECT] [Fatal Error] :1:1: Premature end of file.
2026-01-21 21:26:15,624 [ERROR] LogOutputStream:75 - [STDERR_REDIRECT] 
2026-01-21 21:26:16,626 [ERROR] LogOutputStream:75 - [STDERR_REDIRECT] [Fatal Error] :1:1: Premature end of file.
2026-01-21 21:26:16,626 [ERROR] LogOutputStream:75 - [STDERR_REDIRECT] 
2026-01-21 21:26:17,622 [ERROR] LogOutputStream:75 - [STDERR_REDIRECT] [Fatal Error] :1:1: Premature end of file.
2026-01-21 21:26:17,622 [ERROR] LogOutputStream:75 - [STDERR_REDIRECT] 
2026-01-21 21:26:18,626 [ERROR] LogOutputStream:75 - [STDERR_REDIRECT] [Fatal Error] :1:1: Premature end of file.
2026-01-21 21:26:18,627 [ERROR] LogOutputStream:75 - [STDERR_REDIRECT] 
2026-01-21 21:26:19,625 [ERROR] LogOutputStream:75 - [STDERR_REDIRECT] [Fatal Error] :1:1: Premature end of file.
2026-01-21 21:26:19,625 [ERROR] LogOutputStream:75 - [STDERR_REDIRECT] 
2026-01-21 21:26:20,624 [ERROR] LogOutputStream:75 - [STDERR_REDIRECT] [Fatal Error] :1:1: Premature end of file.
2026-01-21 21:26:20,624 [ERROR] LogOutputStream:75 - [STDERR_REDIRECT] 
2026-01-21 21:26:21,624 [ERROR] LogOutputStream:75 - [STDERR_REDIRECT] [Fatal Error] :1:1: Premature end of file.
2026-01-21 21:26:21,624 [ERROR] LogOutputStream:75 - [STDERR_REDIRECT] 
2026-01-21 21:26:22,624 [ERROR] LogOutputStream:75 - [STDERR_REDIRECT] [Fatal Error] :1:1: Premature end of file.
2026-01-21 21:26:22,624 [ERROR] LogOutputStream:75 - [STDERR_REDIRECT] 
2026-01-21 21:26:23,624 [ERROR] LogOutputStream:75 - [STDERR_REDIRECT] [Fatal Error] :1:1: Premature end of file.
2026-01-21 21:26:23,624 [ERROR] LogOutputStream:75 - [STDERR_REDIRECT] 
2026-01-21 21:26:24,623 [ERROR] LogOutputStream:75 - [STDERR_REDIRECT] [Fatal Error] :1:1: Premature end of file.
2026-01-21 21:26:24,624 [ERROR] LogOutputStream:75 - [STDERR_REDIRECT] 
2026-01-21 21:26:25,684 [ERROR] LogOutputStream:75 - [STDERR_REDIRECT] [Fatal Error] :1:1: Premature end of file.
2026-01-21 21:26:25,684 [ERROR] LogOutputStream:75 - [STDERR_REDIRECT] 
2026-01-21 21:26:26,625 [ERROR] LogOutputStream:75 - [STDERR_REDIRECT] [Fatal Error] :1:1: Premature end of file.
2026-01-21 21:26:26,625 [ERROR] LogOutputStream:75 - [STDERR_REDIRECT] 
2026-01-21 21:26:27,627 [ERROR] LogOutputStream:75 - [STDERR_REDIRECT] [Fatal Error] :1:1: Premature end of file.
2026-01-21 21:26:27,627 [ERROR] LogOutputStream:75 - [STDERR_REDIRECT] 
2026-01-21 21:26:28,626 [ERROR] LogOutputStream:75 - [STDERR_REDIRECT] [Fatal Error] :1:1: Premature end of file.
2026-01-21 21:26:28,626 [ERROR] LogOutputStream:75 - [STDERR_REDIRECT] 
2026-01-21 21:26:29,627 [ERROR] LogOutputStream:75 - [STDERR_REDIRECT] [Fatal Error] :1:1: Premature end of file.
2026-01-21 21:26:29,627 [ERROR] LogOutputStream:75 - [STDERR_REDIRECT] 
2026-01-21 21:26:30,627 [ERROR] LogOutputStream:75 - [STDERR_REDIRECT] [Fatal Error] :1:1: Premature end of file.
2026-01-21 21:26:30,627 [ERROR] LogOutputStream:75 - [STDERR_REDIRECT] 
2026-01-21 21:26:31,625 [ERROR] LogOutputStream:75 - [STDERR_REDIRECT] [Fatal Error] :1:1: Premature end of file.
2026-01-21 21:26:31,625 [ERROR] LogOutputStream:75 - [STDERR_REDIRECT] 
2026-01-21 21:26:32,624 [ERROR] LogOutputStream:75 - [STDERR_REDIRECT] [Fatal Error] :1:1: Premature end of file.
2026-01-21 21:26:32,624 [ERROR] LogOutputStream:75 - [STDERR_REDIRECT] 
2026-01-21 21:26:33,631 [ERROR] LogOutputStream:75 - [STDERR_REDIRECT] [Fatal Error] :1:1: Premature end of file.
2026-01-21 21:26:33,631 [ERROR] LogOutputStream:75 - [STDERR_REDIRECT] 
2026-01-21 21:26:34,628 [ERROR] LogOutputStream:75 - [STDERR_REDIRECT] [Fatal Error] :1:1: Premature end of file.
2026-01-21 21:26:34,628 [ERROR] LogOutputStream:75 - [STDERR_REDIRECT] 
2026-01-21 21:26:35,625 [ERROR] LogOutputStream:75 - [STDERR_REDIRECT] [Fatal Error] :1:1: Premature end of file.
2026-01-21 21:26:35,625 [ERROR] LogOutputStream:75 - [STDERR_REDIRECT] 
2026-01-21 21:26:36,626 [ERROR] LogOutputStream:75 - [STDERR_REDIRECT] [Fatal Error] :1:1: Premature end of file.
2026-01-21 21:26:36,626 [ERROR] LogOutputStream:75 - [STDERR_REDIRECT] 
2026-01-21 21:26:37,626 [ERROR] LogOutputStream:75 - [STDERR_REDIRECT] [Fatal Error] :1:1: Premature end of file.
2026-01-21 21:26:37,626 [ERROR] LogOutputStream:75 - [STDERR_REDIRECT] 
2026-01-21 21:26:38,625 [ERROR] LogOutputStream:75 - [STDERR_REDIRECT] [Fatal Error] :1:1: Premature end of file.
2026-01-21 21:26:38,626 [ERROR] LogOutputStream:75 - [STDERR_REDIRECT] 
2026-01-21 21:26:39,626 [ERROR] LogOutputStream:75 - [STDERR_REDIRECT] [Fatal Error] :1:1: Premature end of file.
2026-01-21 21:26:39,626 [ERROR] LogOutputStream:75 - [STDERR_REDIRECT] 
2026-01-21 21:26:40,790 [ERROR] LogOutputStream:75 - [STDERR_REDIRECT] [Fatal Error] :1:1: Premature end of file.
2026-01-21 21:26:40,790 [ERROR] LogOutputStream:75 - [STDERR_REDIRECT] 
2026-01-21 21:26:41,625 [ERROR] LogOutputStream:75 - [STDERR_REDIRECT] [Fatal Error] :1:1: Premature end of file.
2026-01-21 21:26:41,625 [ERROR] LogOutputStream:75 - [STDERR_REDIRECT] 
2026-01-21 21:26:42,624 [ERROR] LogOutputStream:75 - [STDERR_REDIRECT] [Fatal Error] :1:1: Premature end of file.
2026-01-21 21:26:42,624 [ERROR] LogOutputStream:75 - [STDERR_REDIRECT] 
2026-01-21 21:26:43,627 [ERROR] LogOutputStream:75 - [STDERR_REDIRECT] [Fatal Error] :1:1: Premature end of file.
2026-01-21 21:26:43,627 [ERROR] LogOutputStream:75 - [STDERR_REDIRECT] 
2026-01-21 21:26:44,625 [ERROR] LogOutputStream:75 - [STDERR_REDIRECT] [Fatal Error] :1:1: Premature end of file.
2026-01-21 21:26:44,626 [ERROR] LogOutputStream:75 - [STDERR_REDIRECT] 
2026-01-21 21:26:45,626 [ERROR] LogOutputStream:75 - [STDERR_REDIRECT] [Fatal Error] :1:1: Premature end of file.
2026-01-21 21:26:45,626 [ERROR] LogOutputStream:75 - [STDERR_REDIRECT] 
2026-01-21 21:26:46,625 [ERROR] LogOutputStream:75 - [STDERR_REDIRECT] [Fatal Error] :1:1: Premature end of file.
2026-01-21 21:26:46,625 [ERROR] LogOutputStream:75 - [STDERR_REDIRECT] 
2026-01-21 21:26:47,624 [ERROR] LogOutputStream:75 - [STDERR_REDIRECT] [Fatal Error] :1:1: Premature end of file.
2026-01-21 21:26:47,625 [ERROR] LogOutputStream:75 - [STDERR_REDIRECT] 
2026-01-21 21:26:48,625 [ERROR] LogOutputStream:75 - [STDERR_REDIRECT] [Fatal Error] :1:1: Premature end of file.
2026-01-21 21:26:48,625 [ERROR] LogOutputStream:75 - [STDERR_REDIRECT] 
2026-01-21 21:26:49,626 [ERROR] LogOutputStream:75 - [STDERR_REDIRECT] [Fatal Error] :1:1: Premature end of file.
2026-01-21 21:26:49,626 [ERROR] LogOutputStream:75 - [STDERR_REDIRECT] 
2026-01-21 21:26:50,627 [ERROR] LogOutputStream:75 - [STDERR_REDIRECT] [Fatal Error] :1:1: Premature end of file.
2026-01-21 21:26:50,627 [ERROR] LogOutputStream:75 - [STDERR_REDIRECT] 
2026-01-21 21:26:51,624 [ERROR] LogOutputStream:75 - [STDERR_REDIRECT] [Fatal Error] :1:1: Premature end of file.
2026-01-21 21:26:51,624 [ERROR] LogOutputStream:75 - [STDERR_REDIRECT] 
2026-01-21 21:26:52,623 [ERROR] LogOutputStream:75 - [STDERR_REDIRECT] [Fatal Error] :1:1: Premature end of file.
2026-01-21 21:26:52,623 [ERROR] LogOutputStream:75 - [STDERR_REDIRECT] 
2026-01-21 21:26:53,623 [ERROR] LogOutputStream:75 - [STDERR_REDIRECT] [Fatal Error] :1:1: Premature end of file.
2026-01-21 21:26:53,623 [ERROR] LogOutputStream:75 - [STDERR_REDIRECT] 
2026-01-21 21:26:54,625 [ERROR] LogOutputStream:75 - [STDERR_REDIRECT] [Fatal Error] :1:1: Premature end of file.
2026-01-21 21:26:54,625 [ERROR] LogOutputStream:75 - [STDERR_REDIRECT] 
2026-01-21 21:26:55,623 [ERROR] LogOutputStream:75 - [STDERR_REDIRECT] [Fatal Error] :1:1: Premature end of file.
2026-01-21 21:26:55,624 [ERROR] LogOutputStream:75 - [STDERR_REDIRECT] 
2026-01-21 21:26:56,623 [ERROR] LogOutputStream:75 - [STDERR_REDIRECT] [Fatal Error] :1:1: Premature end of file.
2026-01-21 21:26:56,623 [ERROR] LogOutputStream:75 - [STDERR_REDIRECT] 
2026-01-21 21:26:57,627 [ERROR] LogOutputStream:75 - [STDERR_REDIRECT] [Fatal Error] :1:1: Premature end of file.
2026-01-21 21:26:57,627 [ERROR] LogOutputStream:75 - [STDERR_REDIRECT] 
2026-01-21 21:26:58,621 [ERROR] LogOutputStream:75 - [STDERR_REDIRECT] [Fatal Error] :1:1: Premature end of file.
2026-01-21 21:26:58,621 [ERROR] LogOutputStream:75 - [STDERR_REDIRECT] 
2026-01-21 21:26:59,624 [ERROR] LogOutputStream:75 - [STDERR_REDIRECT] [Fatal Error] :1:1: Premature end of file.
2026-01-21 21:26:59,624 [ERROR] LogOutputStream:75 - [STDERR_REDIRECT] 
2026-01-21 21:27:00,621 [ERROR] LogOutputStream:75 - [STDERR_REDIRECT] [Fatal Error] :1:1: Premature end of file.
2026-01-21 21:27:00,621 [ERROR] LogOutputStream:75 - [STDERR_REDIRECT] 
2026-01-21 21:27:01,626 [ERROR] LogOutputStream:75 - [STDERR_REDIRECT] [Fatal Error] :1:1: Premature end of file.
2026-01-21 21:27:01,626 [ERROR] LogOutputStream:75 - [STDERR_REDIRECT] 
2026-01-21 21:27:02,625 [ERROR] LogOutputStream:75 - [STDERR_REDIRECT] [Fatal Error] :1:1: Premature end of file.
2026-01-21 21:27:02,625 [ERROR] LogOutputStream:75 - [STDERR_REDIRECT] 
2026-01-21 21:27:03,624 [ERROR] LogOutputStream:75 - [STDERR_REDIRECT] [Fatal Error] :1:1: Premature end of file.
2026-01-21 21:27:03,624 [ERROR] LogOutputStream:75 - [STDERR_REDIRECT] 
2026-01-21 21:27:04,647 [ERROR] LogOutputStream:75 - [STDERR_REDIRECT] [Fatal Error] :1:1: Premature end of file.
2026-01-21 21:27:04,647 [ERROR] LogOutputStream:75 - [STDERR_REDIRECT] 
2026-01-21 21:27:05,629 [ERROR] LogOutputStream:75 - [STDERR_REDIRECT] [Fatal Error] :1:1: Premature end of file.
2026-01-21 21:27:05,629 [ERROR] LogOutputStream:75 - [STDERR_REDIRECT] 
2026-01-21 21:27:06,628 [ERROR] LogOutputStream:75 - [STDERR_REDIRECT] [Fatal Error] :1:1: Premature end of file.
2026-01-21 21:27:06,628 [ERROR] LogOutputStream:75 - [STDERR_REDIRECT] 
2026-01-21 21:27:07,637 [ERROR] LogOutputStream:75 - [STDERR_REDIRECT] [Fatal Error] :1:1: Premature end of file.
2026-01-21 21:27:07,637 [ERROR] LogOutputStream:75 - [STDERR_REDIRECT] 
2026-01-21 21:27:08,647 [ERROR] LogOutputStream:75 - [STDERR_REDIRECT] [Fatal Error] :1:1: Premature end of file.
2026-01-21 21:27:08,647 [ERROR] LogOutputStream:75 - [STDERR_REDIRECT] 
2026-01-21 21:27:09,622 [ERROR] LogOutputStream:75 - [STDERR_REDIRECT] [Fatal Error] :1:1: Premature end of file.
2026-01-21 21:27:09,622 [ERROR] LogOutputStream:75 - [STDERR_REDIRECT] 
2026-01-21 21:27:10,623 [ERROR] LogOutputStream:75 - [STDERR_REDIRECT] [Fatal Error] :1:1: Premature end of file.
2026-01-21 21:27:10,623 [ERROR] LogOutputStream:75 - [STDERR_REDIRECT] 
2026-01-21 21:27:11,610 [ERROR] LogOutputStream:75 - [STDERR_REDIRECT] [Fatal Error] :1:1: Premature end of file.
2026-01-21 21:27:11,610 [ERROR] LogOutputStream:75 - [STDERR_REDIRECT] 
2026-01-21 21:27:12,626 [ERROR] LogOutputStream:75 - [STDERR_REDIRECT] [Fatal Error] :1:1: Premature end of file.
2026-01-21 21:27:12,626 [ERROR] LogOutputStream:75 - [STDERR_REDIRECT] 
2026-01-21 21:27:13,626 [ERROR] LogOutputStream:75 - [STDERR_REDIRECT] [Fatal Error] :1:1: Premature end of file.
2026-01-21 21:27:13,626 [ERROR] LogOutputStream:75 - [STDERR_REDIRECT] 
2026-01-21 21:27:14,626 [ERROR] LogOutputStream:75 - [STDERR_REDIRECT] [Fatal Error] :1:1: Premature end of file.
2026-01-21 21:27:14,626 [ERROR] LogOutputStream:75 - [STDERR_REDIRECT] 
2026-01-21 21:27:15,626 [ERROR] LogOutputStream:75 - [STDERR_REDIRECT] [Fatal Error] :1:1: Premature end of file.
2026-01-21 21:27:15,626 [ERROR] LogOutputStream:75 - [STDERR_REDIRECT] 
2026-01-21 21:27:16,623 [ERROR] LogOutputStream:75 - [STDERR_REDIRECT] [Fatal Error] :1:1: Premature end of file.
2026-01-21 21:27:16,623 [ERROR] LogOutputStream:75 - [STDERR_REDIRECT] 
2026-01-21 21:27:17,626 [ERROR] LogOutputStream:75 - [STDERR_REDIRECT] [Fatal Error] :1:1: Premature end of file.
2026-01-21 21:27:17,626 [ERROR] LogOutputStream:75 - [STDERR_REDIRECT] 
2026-01-21 21:27:18,634 [ERROR] LogOutputStream:75 - [STDERR_REDIRECT] [Fatal Error] :1:1: Premature end of file.
2026-01-21 21:27:18,634 [ERROR] LogOutputStream:75 - [STDERR_REDIRECT] 
2026-01-21 21:27:19,627 [ERROR] LogOutputStream:75 - [STDERR_REDIRECT] [Fatal Error] :1:1: Premature end of file.
2026-01-21 21:27:19,627 [ERROR] LogOutputStream:75 - [STDERR_REDIRECT] 
2026-01-21 21:27:20,627 [ERROR] LogOutputStream:75 - [STDERR_REDIRECT] [Fatal Error] :1:1: Premature end of file.
2026-01-21 21:27:20,627 [ERROR] LogOutputStream:75 - [STDERR_REDIRECT] 
2026-01-21 21:27:21,626 [ERROR] LogOutputStream:75 - [STDERR_REDIRECT] [Fatal Error] :1:1: Premature end of file.
2026-01-21 21:27:21,626 [ERROR] LogOutputStream:75 - [STDERR_REDIRECT] 
2026-01-21 21:27:22,626 [ERROR] LogOutputStream:75 - [STDERR_REDIRECT] [Fatal Error] :1:1: Premature end of file.
2026-01-21 21:27:22,626 [ERROR] LogOutputStream:75 - [STDERR_REDIRECT] 
2026-01-21 21:27:23,635 [ERROR] LogOutputStream:75 - [STDERR_REDIRECT] [Fatal Error] :1:1: Premature end of file.
2026-01-21 21:27:23,635 [ERROR] LogOutputStream:75 - [STDERR_REDIRECT] 
2026-01-21 21:27:24,626 [ERROR] LogOutputStream:75 - [STDERR_REDIRECT] [Fatal Error] :1:1: Premature end of file.
2026-01-21 21:27:24,626 [ERROR] LogOutputStream:75 - [STDERR_REDIRECT] 
2026-01-21 21:27:25,627 [ERROR] LogOutputStream:75 - [STDERR_REDIRECT] [Fatal Error] :1:1: Premature end of file.
2026-01-21 21:27:25,627 [ERROR] LogOutputStream:75 - [STDERR_REDIRECT] 
2026-01-21 21:27:26,626 [ERROR] LogOutputStream:75 - [STDERR_REDIRECT] [Fatal Error] :1:1: Premature end of file.
2026-01-21 21:27:26,626 [ERROR] LogOutputStream:75 - [STDERR_REDIRECT] 
2026-01-21 21:27:27,624 [ERROR] LogOutputStream:75 - [STDERR_REDIRECT] [Fatal Error] :1:1: Premature end of file.
2026-01-21 21:27:27,624 [ERROR] LogOutputStream:75 - [STDERR_REDIRECT] 
2026-01-21 21:27:28,627 [ERROR] LogOutputStream:75 - [STDERR_REDIRECT] [Fatal Error] :1:1: Premature end of file.
2026-01-21 21:27:28,627 [ERROR] LogOutputStream:75 - [STDERR_REDIRECT] 
2026-01-21 21:27:29,625 [ERROR] LogOutputStream:75 - [STDERR_REDIRECT] [Fatal Error] :1:1: Premature end of file.
2026-01-21 21:27:29,626 [ERROR] LogOutputStream:75 - [STDERR_REDIRECT] 
2026-01-21 21:27:30,626 [ERROR] LogOutputStream:75 - [STDERR_REDIRECT] [Fatal Error] :1:1: Premature end of file.
2026-01-21 21:27:30,627 [ERROR] LogOutputStream:75 - [STDERR_REDIRECT] 
2026-01-21 21:27:31,626 [ERROR] LogOutputStream:75 - [STDERR_REDIRECT] [Fatal Error] :1:1: Premature end of file.
2026-01-21 21:27:31,626 [ERROR] LogOutputStream:75 - [STDERR_REDIRECT] 
2026-01-21 21:27:32,625 [ERROR] LogOutputStream:75 - [STDERR_REDIRECT] [Fatal Error] :1:1: Premature end of file.
2026-01-21 21:27:32,625 [ERROR] LogOutputStream:75 - [STDERR_REDIRECT] 
2026-01-21 21:27:33,627 [ERROR] LogOutputStream:75 - [STDERR_REDIRECT] [Fatal Error] :1:1: Premature end of file.
2026-01-21 21:27:33,627 [ERROR] LogOutputStream:75 - [STDERR_REDIRECT] 
2026-01-21 21:27:34,626 [ERROR] LogOutputStream:75 - [STDERR_REDIRECT] [Fatal Error] :1:1: Premature end of file.
2026-01-21 21:27:34,627 [ERROR] LogOutputStream:75 - [STDERR_REDIRECT] 
2026-01-21 21:27:35,632 [ERROR] LogOutputStream:75 - [STDERR_REDIRECT] [Fatal Error] :1:1: Premature end of file.
2026-01-21 21:27:35,632 [ERROR] LogOutputStream:75 - [STDERR_REDIRECT] 
2026-01-21 21:27:36,627 [ERROR] LogOutputStream:75 - [STDERR_REDIRECT] [Fatal Error] :1:1: Premature end of file.
2026-01-21 21:27:36,627 [ERROR] LogOutputStream:75 - [STDERR_REDIRECT] 
2026-01-21 21:27:37,628 [ERROR] LogOutputStream:75 - [STDERR_REDIRECT] [Fatal Error] :1:1: Premature end of file.
2026-01-21 21:27:37,628 [ERROR] LogOutputStream:75 - [STDERR_REDIRECT] 
2026-01-21 21:27:38,631 [ERROR] LogOutputStream:75 - [STDERR_REDIRECT] [Fatal Error] :1:1: Premature end of file.
2026-01-21 21:27:38,631 [ERROR] LogOutputStream:75 - [STDERR_REDIRECT] 
2026-01-21 21:27:39,623 [ERROR] LogOutputStream:75 - [STDERR_REDIRECT] [Fatal Error] :1:1: Premature end of file.
2026-01-21 21:27:39,623 [ERROR] LogOutputStream:75 - [STDERR_REDIRECT] 
2026-01-21 21:27:40,628 [ERROR] LogOutputStream:75 - [STDERR_REDIRECT] [Fatal Error] :1:1: Premature end of file.
2026-01-21 21:27:40,628 [ERROR] LogOutputStream:75 - [STDERR_REDIRECT] 
2026-01-21 21:27:41,630 [ERROR] LogOutputStream:75 - [STDERR_REDIRECT] [Fatal Error] :1:1: Premature end of file.
2026-01-21 21:27:41,630 [ERROR] LogOutputStream:75 - [STDERR_REDIRECT] 
2026-01-21 21:27:42,626 [ERROR] LogOutputStream:75 - [STDERR_REDIRECT] [Fatal Error] :1:1: Premature end of file.
2026-01-21 21:27:42,626 [ERROR] LogOutputStream:75 - [STDERR_REDIRECT] 
2026-01-21 21:27:43,630 [ERROR] LogOutputStream:75 - [STDERR_REDIRECT] [Fatal Error] :1:1: Premature end of file.
2026-01-21 21:27:43,630 [ERROR] LogOutputStream:75 - [STDERR_REDIRECT] 
2026-01-21 21:27:44,625 [ERROR] LogOutputStream:75 - [STDERR_REDIRECT] [Fatal Error] :1:1: Premature end of file.
2026-01-21 21:27:44,625 [ERROR] LogOutputStream:75 - [STDERR_REDIRECT] 
2026-01-21 21:27:45,625 [ERROR] LogOutputStream:75 - [STDERR_REDIRECT] [Fatal Error] :1:1: Premature end of file.
2026-01-21 21:27:45,625 [ERROR] LogOutputStream:75 - [STDERR_REDIRECT] 
2026-01-21 21:27:46,626 [ERROR] LogOutputStream:75 - [STDERR_REDIRECT] [Fatal Error] :1:1: Premature end of file.
2026-01-21 21:27:46,626 [ERROR] LogOutputStream:75 - [STDERR_REDIRECT] 
2026-01-21 21:27:47,624 [ERROR] LogOutputStream:75 - [STDERR_REDIRECT] [Fatal Error] :1:1: Premature end of file.
2026-01-21 21:27:47,624 [ERROR] LogOutputStream:75 - [STDERR_REDIRECT] 
2026-01-21 21:27:48,625 [ERROR] LogOutputStream:75 - [STDERR_REDIRECT] [Fatal Error] :1:1: Premature end of file.
2026-01-21 21:27:48,625 [ERROR] LogOutputStream:75 - [STDERR_REDIRECT] 
2026-01-21 21:27:49,624 [ERROR] LogOutputStream:75 - [STDERR_REDIRECT] [Fatal Error] :1:1: Premature end of file.
2026-01-21 21:27:49,624 [ERROR] LogOutputStream:75 - [STDERR_REDIRECT] 
2026-01-21 21:27:50,628 [ERROR] LogOutputStream:75 - [STDERR_REDIRECT] [Fatal Error] :1:1: Premature end of file.
2026-01-21 21:27:50,628 [ERROR] LogOutputStream:75 - [STDERR_REDIRECT] 
2026-01-21 21:27:51,624 [ERROR] LogOutputStream:75 - [STDERR_REDIRECT] [Fatal Error] :1:1: Premature end of file.
2026-01-21 21:27:51,624 [ERROR] LogOutputStream:75 - [STDERR_REDIRECT] 
2026-01-21 21:27:52,625 [ERROR] LogOutputStream:75 - [STDERR_REDIRECT] [Fatal Error] :1:1: Premature end of file.
2026-01-21 21:27:52,625 [ERROR] LogOutputStream:75 - [STDERR_REDIRECT] 
2026-01-21 21:27:53,629 [ERROR] LogOutputStream:75 - [STDERR_REDIRECT] [Fatal Error] :1:1: Premature end of file.
2026-01-21 21:27:53,629 [ERROR] LogOutputStream:75 - [STDERR_REDIRECT] 
2026-01-21 21:27:54,625 [ERROR] LogOutputStream:75 - [STDERR_REDIRECT] [Fatal Error] :1:1: Premature end of file.
2026-01-21 21:27:54,625 [ERROR] LogOutputStream:75 - [STDERR_REDIRECT] 
2026-01-21 21:27:55,623 [ERROR] LogOutputStream:75 - [STDERR_REDIRECT] [Fatal Error] :1:1: Premature end of file.
2026-01-21 21:27:55,623 [ERROR] LogOutputStream:75 - [STDERR_REDIRECT] 
2026-01-21 21:27:56,626 [ERROR] LogOutputStream:75 - [STDERR_REDIRECT] [Fatal Error] :1:1: Premature end of file.
2026-01-21 21:27:56,626 [ERROR] LogOutputStream:75 - [STDERR_REDIRECT] 
2026-01-21 21:27:57,625 [ERROR] LogOutputStream:75 - [STDERR_REDIRECT] [Fatal Error] :1:1: Premature end of file.
2026-01-21 21:27:57,625 [ERROR] LogOutputStream:75 - [STDERR_REDIRECT] 
2026-01-21 21:27:58,625 [ERROR] LogOutputStream:75 - [STDERR_REDIRECT] [Fatal Error] :1:1: Premature end of file.
2026-01-21 21:27:58,625 [ERROR] LogOutputStream:75 - [STDERR_REDIRECT] 
2026-01-21 21:27:59,626 [ERROR] LogOutputStream:75 - [STDERR_REDIRECT] [Fatal Error] :1:1: Premature end of file.
2026-01-21 21:27:59,626 [ERROR] LogOutputStream:75 - [STDERR_REDIRECT] 
2026-01-21 21:28:00,631 [ERROR] LogOutputStream:75 - [STDERR_REDIRECT] [Fatal Error] :1:1: Premature end of file.
2026-01-21 21:28:00,631 [ERROR] LogOutputStream:75 - [STDERR_REDIRECT] 
2026-01-21 21:28:01,624 [ERROR] LogOutputStream:75 - [STDERR_REDIRECT] [Fatal Error] :1:1: Premature end of file.
2026-01-21 21:28:01,624 [ERROR] LogOutputStream:75 - [STDERR_REDIRECT] 
2026-01-21 21:28:02,623 [ERROR] LogOutputStream:75 - [STDERR_REDIRECT] [Fatal Error] :1:1: Premature end of file.
2026-01-21 21:28:02,623 [ERROR] LogOutputStream:75 - [STDERR_REDIRECT] 
2026-01-21 21:28:03,623 [ERROR] LogOutputStream:75 - [STDERR_REDIRECT] [Fatal Error] :1:1: Premature end of file.
2026-01-21 21:28:03,623 [ERROR] LogOutputStream:75 - [STDERR_REDIRECT] 
2026-01-21 21:28:04,624 [ERROR] LogOutputStream:75 - [STDERR_REDIRECT] [Fatal Error] :1:1: Premature end of file.
2026-01-21 21:28:04,624 [ERROR] LogOutputStream:75 - [STDERR_REDIRECT] 
2026-01-21 21:28:05,627 [ERROR] LogOutputStream:75 - [STDERR_REDIRECT] [Fatal Error] :1:1: Premature end of file.
2026-01-21 21:28:05,628 [ERROR] LogOutputStream:75 - [STDERR_REDIRECT] 
2026-01-21 21:28:06,627 [ERROR] LogOutputStream:75 - [STDERR_REDIRECT] [Fatal Error] :1:1: Premature end of file.
2026-01-21 21:28:06,627 [ERROR] LogOutputStream:75 - [STDERR_REDIRECT] 
2026-01-21 21:28:07,632 [ERROR] LogOutputStream:75 - [STDERR_REDIRECT] [Fatal Error] :1:1: Premature end of file.
2026-01-21 21:28:07,632 [ERROR] LogOutputStream:75 - [STDERR_REDIRECT] 
2026-01-21 21:28:08,624 [ERROR] LogOutputStream:75 - [STDERR_REDIRECT] [Fatal Error] :1:1: Premature end of file.
2026-01-21 21:28:08,624 [ERROR] LogOutputStream:75 - [STDERR_REDIRECT] 
2026-01-21 21:28:09,623 [ERROR] LogOutputStream:75 - [STDERR_REDIRECT] [Fatal Error] :1:1: Premature end of file.
2026-01-21 21:28:09,623 [ERROR] LogOutputStream:75 - [STDERR_REDIRECT] 
2026-01-21 21:28:10,625 [ERROR] LogOutputStream:75 - [STDERR_REDIRECT] [Fatal Error] :1:1: Premature end of file.
2026-01-21 21:28:10,625 [ERROR] LogOutputStream:75 - [STDERR_REDIRECT] 
2026-01-21 21:28:11,626 [ERROR] LogOutputStream:75 - [STDERR_REDIRECT] [Fatal Error] :1:1: Premature end of file.
2026-01-21 21:28:11,626 [ERROR] LogOutputStream:75 - [STDERR_REDIRECT] 
2026-01-21 21:28:12,624 [ERROR] LogOutputStream:75 - [STDERR_REDIRECT] [Fatal Error] :1:1: Premature end of file.
2026-01-21 21:28:12,624 [ERROR] LogOutputStream:75 - [STDERR_REDIRECT] 
2026-01-21 21:28:13,626 [ERROR] LogOutputStream:75 - [STDERR_REDIRECT] [Fatal Error] :1:1: Premature end of file.
2026-01-21 21:28:13,626 [ERROR] LogOutputStream:75 - [STDERR_REDIRECT] 
2026-01-21 21:28:14,624 [ERROR] LogOutputStream:75 - [STDERR_REDIRECT] [Fatal Error] :1:1: Premature end of file.
2026-01-21 21:28:14,624 [ERROR] LogOutputStream:75 - [STDERR_REDIRECT] 
2026-01-21 21:28:15,625 [ERROR] LogOutputStream:75 - [STDERR_REDIRECT] [Fatal Error] :1:1: Premature end of file.
2026-01-21 21:28:15,625 [ERROR] LogOutputStream:75 - [STDERR_REDIRECT] 
2026-01-21 21:28:16,623 [ERROR] LogOutputStream:75 - [STDERR_REDIRECT] [Fatal Error] :1:1: Premature end of file.
2026-01-21 21:28:16,623 [ERROR] LogOutputStream:75 - [STDERR_REDIRECT] 
2026-01-21 21:28:17,623 [ERROR] LogOutputStream:75 - [STDERR_REDIRECT] [Fatal Error] :1:1: Premature end of file.
2026-01-21 21:28:17,623 [ERROR] LogOutputStream:75 - [STDERR_REDIRECT] 
2026-01-21 21:28:18,624 [ERROR] LogOutputStream:75 - [STDERR_REDIRECT] [Fatal Error] :1:1: Premature end of file.
2026-01-21 21:28:18,624 [ERROR] LogOutputStream:75 - [STDERR_REDIRECT] 
2026-01-21 21:28:19,625 [ERROR] LogOutputStream:75 - [STDERR_REDIRECT] [Fatal Error] :1:1: Premature end of file.
2026-01-21 21:28:19,625 [ERROR] LogOutputStream:75 - [STDERR_REDIRECT] 
2026-01-21 21:28:20,623 [ERROR] LogOutputStream:75 - [STDERR_REDIRECT] [Fatal Error] :1:1: Premature end of file.
2026-01-21 21:28:20,623 [ERROR] LogOutputStream:75 - [STDERR_REDIRECT] 
2026-01-21 21:28:21,623 [ERROR] LogOutputStream:75 - [STDERR_REDIRECT] [Fatal Error] :1:1: Premature end of file.
2026-01-21 21:28:21,623 [ERROR] LogOutputStream:75 - [STDERR_REDIRECT] 
2026-01-21 21:28:22,624 [ERROR] LogOutputStream:75 - [STDERR_REDIRECT] [Fatal Error] :1:1: Premature end of file.
2026-01-21 21:28:22,624 [ERROR] LogOutputStream:75 - [STDERR_REDIRECT] 
2026-01-21 21:28:23,625 [ERROR] LogOutputStream:75 - [STDERR_REDIRECT] [Fatal Error] :1:1: Premature end of file.
2026-01-21 21:28:23,625 [ERROR] LogOutputStream:75 - [STDERR_REDIRECT] 
2026-01-21 21:28:24,624 [ERROR] LogOutputStream:75 - [STDERR_REDIRECT] [Fatal Error] :1:1: Premature end of file.
2026-01-21 21:28:24,625 [ERROR] LogOutputStream:75 - [STDERR_REDIRECT] 
2026-01-21 21:28:25,623 [ERROR] LogOutputStream:75 - [STDERR_REDIRECT] [Fatal Error] :1:1: Premature end of file.
2026-01-21 21:28:25,623 [ERROR] LogOutputStream:75 - [STDERR_REDIRECT] 
2026-01-21 21:28:26,625 [ERROR] LogOutputStream:75 - [STDERR_REDIRECT] [Fatal Error] :1:1: Premature end of file.
2026-01-21 21:28:26,625 [ERROR] LogOutputStream:75 - [STDERR_REDIRECT] 
2026-01-21 21:28:27,624 [ERROR] LogOutputStream:75 - [STDERR_REDIRECT] [Fatal Error] :1:1: Premature end of file.
2026-01-21 21:28:27,624 [ERROR] LogOutputStream:75 - [STDERR_REDIRECT] 
2026-01-21 21:28:28,625 [ERROR] LogOutputStream:75 - [STDERR_REDIRECT] [Fatal Error] :1:1: Premature end of file.
2026-01-21 21:28:28,625 [ERROR] LogOutputStream:75 - [STDERR_REDIRECT] 
2026-01-21 21:28:29,624 [ERROR] LogOutputStream:75 - [STDERR_REDIRECT] [Fatal Error] :1:1: Premature end of file.
2026-01-21 21:28:29,624 [ERROR] LogOutputStream:75 - [STDERR_REDIRECT] 
2026-01-21 21:28:30,624 [ERROR] LogOutputStream:75 - [STDERR_REDIRECT] [Fatal Error] :1:1: Premature end of file.
2026-01-21 21:28:30,624 [ERROR] LogOutputStream:75 - [STDERR_REDIRECT] 
2026-01-21 21:28:31,622 [ERROR] LogOutputStream:75 - [STDERR_REDIRECT] [Fatal Error] :1:1: Premature end of file.
2026-01-21 21:28:31,622 [ERROR] LogOutputStream:75 - [STDERR_REDIRECT] 
2026-01-21 21:28:32,626 [ERROR] LogOutputStream:75 - [STDERR_REDIRECT] [Fatal Error] :1:1: Premature end of file.
2026-01-21 21:28:32,626 [ERROR] LogOutputStream:75 - [STDERR_REDIRECT] 
2026-01-21 21:28:33,625 [ERROR] LogOutputStream:75 - [STDERR_REDIRECT] [Fatal Error] :1:1: Premature end of file.
2026-01-21 21:28:33,625 [ERROR] LogOutputStream:75 - [STDERR_REDIRECT] 
2026-01-21 21:28:34,625 [ERROR] LogOutputStream:75 - [STDERR_REDIRECT] [Fatal Error] :1:1: Premature end of file.
2026-01-21 21:28:34,625 [ERROR] LogOutputStream:75 - [STDERR_REDIRECT] 
2026-01-21 21:28:35,626 [ERROR] LogOutputStream:75 - [STDERR_REDIRECT] [Fatal Error] :1:1: Premature end of file.
2026-01-21 21:28:35,626 [ERROR] LogOutputStream:75 - [STDERR_REDIRECT] 
2026-01-21 21:28:36,624 [ERROR] LogOutputStream:75 - [STDERR_REDIRECT] [Fatal Error] :1:1: Premature end of file.
2026-01-21 21:28:36,624 [ERROR] LogOutputStream:75 - [STDERR_REDIRECT] 
2026-01-21 21:28:37,623 [ERROR] LogOutputStream:75 - [STDERR_REDIRECT] [Fatal Error] :1:1: Premature end of file.
2026-01-21 21:28:37,623 [ERROR] LogOutputStream:75 - [STDERR_REDIRECT] 
2026-01-21 21:28:38,623 [ERROR] LogOutputStream:75 - [STDERR_REDIRECT] [Fatal Error] :1:1: Premature end of file.
2026-01-21 21:28:38,623 [ERROR] LogOutputStream:75 - [STDERR_REDIRECT] 
2026-01-21 21:28:39,625 [ERROR] LogOutputStream:75 - [STDERR_REDIRECT] [Fatal Error] :1:1: Premature end of file.
2026-01-21 21:28:39,626 [ERROR] LogOutputStream:75 - [STDERR_REDIRECT] 
2026-01-21 21:28:40,625 [ERROR] LogOutputStream:75 - [STDERR_REDIRECT] [Fatal Error] :1:1: Premature end of file.
2026-01-21 21:28:40,625 [ERROR] LogOutputStream:75 - [STDERR_REDIRECT] 
2026-01-21 21:28:41,626 [ERROR] LogOutputStream:75 - [STDERR_REDIRECT] [Fatal Error] :1:1: Premature end of file.
2026-01-21 21:28:41,626 [ERROR] LogOutputStream:75 - [STDERR_REDIRECT] 
2026-01-21 21:28:42,625 [ERROR] LogOutputStream:75 - [STDERR_REDIRECT] [Fatal Error] :1:1: Premature end of file.
2026-01-21 21:28:42,625 [ERROR] LogOutputStream:75 - [STDERR_REDIRECT] 
2026-01-21 21:28:43,624 [ERROR] LogOutputStream:75 - [STDERR_REDIRECT] [Fatal Error] :1:1: Premature end of file.
2026-01-21 21:28:43,624 [ERROR] LogOutputStream:75 - [STDERR_REDIRECT] 
2026-01-21 21:28:44,624 [ERROR] LogOutputStream:75 - [STDERR_REDIRECT] [Fatal Error] :1:1: Premature end of file.
2026-01-21 21:28:44,624 [ERROR] LogOutputStream:75 - [STDERR_REDIRECT] 
2026-01-21 21:28:45,624 [ERROR] LogOutputStream:75 - [STDERR_REDIRECT] [Fatal Error] :1:1: Premature end of file.
2026-01-21 21:28:45,624 [ERROR] LogOutputStream:75 - [STDERR_REDIRECT] 
2026-01-21 21:28:46,624 [ERROR] LogOutputStream:75 - [STDERR_REDIRECT] [Fatal Error] :1:1: Premature end of file.
2026-01-21 21:28:46,624 [ERROR] LogOutputStream:75 - [STDERR_REDIRECT] 
2026-01-21 21:28:47,625 [ERROR] LogOutputStream:75 - [STDERR_REDIRECT] [Fatal Error] :1:1: Premature end of file.
2026-01-21 21:28:47,625 [ERROR] LogOutputStream:75 - [STDERR_REDIRECT] 
2026-01-21 21:28:48,624 [ERROR] LogOutputStream:75 - [STDERR_REDIRECT] [Fatal Error] :1:1: Premature end of file.
2026-01-21 21:28:48,625 [ERROR] LogOutputStream:75 - [STDERR_REDIRECT] 
2026-01-21 21:28:49,624 [ERROR] LogOutputStream:75 - [STDERR_REDIRECT] [Fatal Error] :1:1: Premature end of file.
2026-01-21 21:28:49,624 [ERROR] LogOutputStream:75 - [STDERR_REDIRECT] 
2026-01-21 21:28:50,624 [ERROR] LogOutputStream:75 - [STDERR_REDIRECT] [Fatal Error] :1:1: Premature end of file.
2026-01-21 21:28:50,624 [ERROR] LogOutputStream:75 - [STDERR_REDIRECT] 
2026-01-21 21:28:51,622 [ERROR] LogOutputStream:75 - [STDERR_REDIRECT] [Fatal Error] :1:1: Premature end of file.
2026-01-21 21:28:51,622 [ERROR] LogOutputStream:75 - [STDERR_REDIRECT] 
2026-01-21 21:28:52,623 [ERROR] LogOutputStream:75 - [STDERR_REDIRECT] [Fatal Error] :1:1: Premature end of file.
2026-01-21 21:28:52,624 [ERROR] LogOutputStream:75 - [STDERR_REDIRECT] 
2026-01-21 21:28:53,624 [ERROR] LogOutputStream:75 - [STDERR_REDIRECT] [Fatal Error] :1:1: Premature end of file.
2026-01-21 21:28:53,624 [ERROR] LogOutputStream:75 - [STDERR_REDIRECT] 
2026-01-21 21:28:54,625 [ERROR] LogOutputStream:75 - [STDERR_REDIRECT] [Fatal Error] :1:1: Premature end of file.
2026-01-21 21:28:54,625 [ERROR] LogOutputStream:75 - [STDERR_REDIRECT] 
2026-01-21 21:28:55,624 [ERROR] LogOutputStream:75 - [STDERR_REDIRECT] [Fatal Error] :1:1: Premature end of file.
2026-01-21 21:28:55,624 [ERROR] LogOutputStream:75 - [STDERR_REDIRECT] 
2026-01-21 21:28:56,627 [ERROR] LogOutputStream:75 - [STDERR_REDIRECT] [Fatal Error] :1:1: Premature end of file.
2026-01-21 21:28:56,627 [ERROR] LogOutputStream:75 - [STDERR_REDIRECT] 
2026-01-21 21:28:57,623 [ERROR] LogOutputStream:75 - [STDERR_REDIRECT] [Fatal Error] :1:1: Premature end of file.
2026-01-21 21:28:57,623 [ERROR] LogOutputStream:75 - [STDERR_REDIRECT] 
2026-01-21 21:28:58,631 [ERROR] LogOutputStream:75 - [STDERR_REDIRECT] [Fatal Error] :1:1: Premature end of file.
2026-01-21 21:28:58,631 [ERROR] LogOutputStream:75 - [STDERR_REDIRECT] 
2026-01-21 21:28:59,631 [ERROR] LogOutputStream:75 - [STDERR_REDIRECT] [Fatal Error] :1:1: Premature end of file.
2026-01-21 21:28:59,631 [ERROR] LogOutputStream:75 - [STDERR_REDIRECT] 
2026-01-21 21:29:00,632 [ERROR] LogOutputStream:75 - [STDERR_REDIRECT] [Fatal Error] :1:1: Premature end of file.
2026-01-21 21:29:00,632 [ERROR] LogOutputStream:75 - [STDERR_REDIRECT] 
2026-01-21 21:29:01,632 [ERROR] LogOutputStream:75 - [STDERR_REDIRECT] [Fatal Error] :1:1: Premature end of file.
2026-01-21 21:29:01,632 [ERROR] LogOutputStream:75 - [STDERR_REDIRECT] 
2026-01-21 21:29:02,631 [ERROR] LogOutputStream:75 - [STDERR_REDIRECT] [Fatal Error] :1:1: Premature end of file.
2026-01-21 21:29:02,631 [ERROR] LogOutputStream:75 - [STDERR_REDIRECT] 
2026-01-21 21:29:03,639 [ERROR] LogOutputStream:75 - [STDERR_REDIRECT] [Fatal Error] :1:1: Premature end of file.
2026-01-21 21:29:03,639 [ERROR] LogOutputStream:75 - [STDERR_REDIRECT] 
2026-01-21 21:29:04,630 [ERROR] LogOutputStream:75 - [STDERR_REDIRECT] [Fatal Error] :1:1: Premature end of file.
2026-01-21 21:29:04,630 [ERROR] LogOutputStream:75 - [STDERR_REDIRECT] 
2026-01-21 21:29:05,626 [ERROR] LogOutputStream:75 - [STDERR_REDIRECT] [Fatal Error] :1:1: Premature end of file.
2026-01-21 21:29:05,626 [ERROR] LogOutputStream:75 - [STDERR_REDIRECT] 
2026-01-21 21:29:06,626 [ERROR] LogOutputStream:75 - [STDERR_REDIRECT] [Fatal Error] :1:1: Premature end of file.
2026-01-21 21:29:06,626 [ERROR] LogOutputStream:75 - [STDERR_REDIRECT] 
2026-01-21 21:29:07,626 [ERROR] LogOutputStream:75 - [STDERR_REDIRECT] [Fatal Error] :1:1: Premature end of file.
2026-01-21 21:29:07,626 [ERROR] LogOutputStream:75 - [STDERR_REDIRECT] 
2026-01-21 21:29:08,627 [ERROR] LogOutputStream:75 - [STDERR_REDIRECT] [Fatal Error] :1:1: Premature end of file.
2026-01-21 21:29:08,627 [ERROR] LogOutputStream:75 - [STDERR_REDIRECT] 
2026-01-21 21:29:09,631 [ERROR] LogOutputStream:75 - [STDERR_REDIRECT] [Fatal Error] :1:1: Premature end of file.
2026-01-21 21:29:09,631 [ERROR] LogOutputStream:75 - [STDERR_REDIRECT] 
2026-01-21 21:29:10,633 [ERROR] LogOutputStream:75 - [STDERR_REDIRECT] [Fatal Error] :1:1: Premature end of file.
2026-01-21 21:29:10,633 [ERROR] LogOutputStream:75 - [STDERR_REDIRECT] 
2026-01-21 21:29:11,630 [ERROR] LogOutputStream:75 - [STDERR_REDIRECT] [Fatal Error] :1:1: Premature end of file.
2026-01-21 21:29:11,631 [ERROR] LogOutputStream:75 - [STDERR_REDIRECT] 
2026-01-21 21:29:12,631 [ERROR] LogOutputStream:75 - [STDERR_REDIRECT] [Fatal Error] :1:1: Premature end of file.
2026-01-21 21:29:12,631 [ERROR] LogOutputStream:75 - [STDERR_REDIRECT] 
2026-01-21 21:29:13,629 [ERROR] LogOutputStream:75 - [STDERR_REDIRECT] [Fatal Error] :1:1: Premature end of file.
2026-01-21 21:29:13,629 [ERROR] LogOutputStream:75 - [STDERR_REDIRECT] 
2026-01-21 21:29:14,631 [ERROR] LogOutputStream:75 - [STDERR_REDIRECT] [Fatal Error] :1:1: Premature end of file.
2026-01-21 21:29:14,631 [ERROR] LogOutputStream:75 - [STDERR_REDIRECT] 
2026-01-21 21:29:15,631 [ERROR] LogOutputStream:75 - [STDERR_REDIRECT] [Fatal Error] :1:1: Premature end of file.
2026-01-21 21:29:15,631 [ERROR] LogOutputStream:75 - [STDERR_REDIRECT] 
2026-01-21 21:29:16,631 [ERROR] LogOutputStream:75 - [STDERR_REDIRECT] [Fatal Error] :1:1: Premature end of file.
2026-01-21 21:29:16,631 [ERROR] LogOutputStream:75 - [STDERR_REDIRECT] 
2026-01-21 21:29:17,631 [ERROR] LogOutputStream:75 - [STDERR_REDIRECT] [Fatal Error] :1:1: Premature end of file.
2026-01-21 21:29:17,631 [ERROR] LogOutputStream:75 - [STDERR_REDIRECT] 
2026-01-21 21:29:18,631 [ERROR] LogOutputStream:75 - [STDERR_REDIRECT] [Fatal Error] :1:1: Premature end of file.
2026-01-21 21:29:18,631 [ERROR] LogOutputStream:75 - [STDERR_REDIRECT] 
2026-01-21 21:29:19,631 [ERROR] LogOutputStream:75 - [STDERR_REDIRECT] [Fatal Error] :1:1: Premature end of file.
2026-01-21 21:29:19,631 [ERROR] LogOutputStream:75 - [STDERR_REDIRECT] 
2026-01-21 21:29:20,631 [ERROR] LogOutputStream:75 - [STDERR_REDIRECT] [Fatal Error] :1:1: Premature end of file.
2026-01-21 21:29:20,631 [ERROR] LogOutputStream:75 - [STDERR_REDIRECT] 
2026-01-21 21:29:21,631 [ERROR] LogOutputStream:75 - [STDERR_REDIRECT] [Fatal Error] :1:1: Premature end of file.
2026-01-21 21:29:21,631 [ERROR] LogOutputStream:75 - [STDERR_REDIRECT] 
2026-01-21 21:29:22,632 [ERROR] LogOutputStream:75 - [STDERR_REDIRECT] [Fatal Error] :1:1: Premature end of file.
2026-01-21 21:29:22,633 [ERROR] LogOutputStream:75 - [STDERR_REDIRECT] 
2026-01-21 21:29:23,631 [ERROR] LogOutputStream:75 - [STDERR_REDIRECT] [Fatal Error] :1:1: Premature end of file.
2026-01-21 21:29:23,631 [ERROR] LogOutputStream:75 - [STDERR_REDIRECT] 
2026-01-21 21:29:24,631 [ERROR] LogOutputStream:75 - [STDERR_REDIRECT] [Fatal Error] :1:1: Premature end of file.
2026-01-21 21:29:24,631 [ERROR] LogOutputStream:75 - [STDERR_REDIRECT] 
2026-01-21 21:29:25,631 [ERROR] LogOutputStream:75 - [STDERR_REDIRECT] [Fatal Error] :1:1: Premature end of file.
2026-01-21 21:29:25,631 [ERROR] LogOutputStream:75 - [STDERR_REDIRECT] 
2026-01-21 21:29:26,631 [ERROR] LogOutputStream:75 - [STDERR_REDIRECT] [Fatal Error] :1:1: Premature end of file.
2026-01-21 21:29:26,631 [ERROR] LogOutputStream:75 - [STDERR_REDIRECT] 
2026-01-21 21:29:27,631 [ERROR] LogOutputStream:75 - [STDERR_REDIRECT] [Fatal Error] :1:1: Premature end of file.
2026-01-21 21:29:27,631 [ERROR] LogOutputStream:75 - [STDERR_REDIRECT] 
2026-01-21 21:29:28,633 [ERROR] LogOutputStream:75 - [STDERR_REDIRECT] [Fatal Error] :1:1: Premature end of file.
2026-01-21 21:29:28,633 [ERROR] LogOutputStream:75 - [STDERR_REDIRECT] 
2026-01-21 21:29:29,631 [ERROR] LogOutputStream:75 - [STDERR_REDIRECT] [Fatal Error] :1:1: Premature end of file.
2026-01-21 21:29:29,631 [ERROR] LogOutputStream:75 - [STDERR_REDIRECT] 
2026-01-21 21:29:30,632 [ERROR] LogOutputStream:75 - [STDERR_REDIRECT] [Fatal Error] :1:1: Premature end of file.
2026-01-21 21:29:30,632 [ERROR] LogOutputStream:75 - [STDERR_REDIRECT] 
2026-01-21 21:29:31,630 [ERROR] LogOutputStream:75 - [STDERR_REDIRECT] [Fatal Error] :1:1: Premature end of file.
2026-01-21 21:29:31,630 [ERROR] LogOutputStream:75 - [STDERR_REDIRECT] 
2026-01-21 21:29:32,624 [ERROR] LogOutputStream:75 - [STDERR_REDIRECT] [Fatal Error] :1:1: Premature end of file.
2026-01-21 21:29:32,624 [ERROR] LogOutputStream:75 - [STDERR_REDIRECT] 
2026-01-21 21:29:33,625 [ERROR] LogOutputStream:75 - [STDERR_REDIRECT] [Fatal Error] :1:1: Premature end of file.
2026-01-21 21:29:33,625 [ERROR] LogOutputStream:75 - [STDERR_REDIRECT] 
2026-01-21 21:29:34,624 [ERROR] LogOutputStream:75 - [STDERR_REDIRECT] [Fatal Error] :1:1: Premature end of file.
2026-01-21 21:29:34,625 [ERROR] LogOutputStream:75 - [STDERR_REDIRECT] 
2026-01-21 21:29:35,626 [ERROR] LogOutputStream:75 - [STDERR_REDIRECT] [Fatal Error] :1:1: Premature end of file.
2026-01-21 21:29:35,626 [ERROR] LogOutputStream:75 - [STDERR_REDIRECT] 
2026-01-21 21:29:36,633 [ERROR] LogOutputStream:75 - [STDERR_REDIRECT] [Fatal Error] :1:1: Premature end of file.
2026-01-21 21:29:36,633 [ERROR] LogOutputStream:75 - [STDERR_REDIRECT] 
2026-01-21 21:29:37,624 [ERROR] LogOutputStream:75 - [STDERR_REDIRECT] [Fatal Error] :1:1: Premature end of file.
2026-01-21 21:29:37,624 [ERROR] LogOutputStream:75 - [STDERR_REDIRECT] 
2026-01-21 21:29:38,635 [ERROR] LogOutputStream:75 - [STDERR_REDIRECT] [Fatal Error] :1:1: Premature end of file.
2026-01-21 21:29:38,635 [ERROR] LogOutputStream:75 - [STDERR_REDIRECT] 
2026-01-21 21:29:39,632 [ERROR] LogOutputStream:75 - [STDERR_REDIRECT] [Fatal Error] :1:1: Premature end of file.
2026-01-21 21:29:39,632 [ERROR] LogOutputStream:75 - [STDERR_REDIRECT] 
2026-01-21 21:29:40,632 [ERROR] LogOutputStream:75 - [STDERR_REDIRECT] [Fatal Error] :1:1: Premature end of file.
2026-01-21 21:29:40,632 [ERROR] LogOutputStream:75 - [STDERR_REDIRECT] 
2026-01-21 21:29:41,634 [ERROR] LogOutputStream:75 - [STDERR_REDIRECT] [Fatal Error] :1:1: Premature end of file.
2026-01-21 21:29:41,634 [ERROR] LogOutputStream:75 - [STDERR_REDIRECT] 
2026-01-21 21:29:42,626 [ERROR] LogOutputStream:75 - [STDERR_REDIRECT] [Fatal Error] :1:1: Premature end of file.
2026-01-21 21:29:42,626 [ERROR] LogOutputStream:75 - [STDERR_REDIRECT] 
2026-01-21 21:29:43,625 [ERROR] LogOutputStream:75 - [STDERR_REDIRECT] [Fatal Error] :1:1: Premature end of file.
2026-01-21 21:29:43,625 [ERROR] LogOutputStream:75 - [STDERR_REDIRECT] 
2026-01-21 21:29:44,624 [ERROR] LogOutputStream:75 - [STDERR_REDIRECT] [Fatal Error] :1:1: Premature end of file.
2026-01-21 21:29:44,624 [ERROR] LogOutputStream:75 - [STDERR_REDIRECT] 
2026-01-21 21:29:45,625 [ERROR] LogOutputStream:75 - [STDERR_REDIRECT] [Fatal Error] :1:1: Premature end of file.
2026-01-21 21:29:45,625 [ERROR] LogOutputStream:75 - [STDERR_REDIRECT] 
2026-01-21 21:29:46,626 [ERROR] LogOutputStream:75 - [STDERR_REDIRECT] [Fatal Error] :1:1: Premature end of file.
2026-01-21 21:29:46,626 [ERROR] LogOutputStream:75 - [STDERR_REDIRECT] 
2026-01-21 21:29:47,623 [ERROR] LogOutputStream:75 - [STDERR_REDIRECT] [Fatal Error] :1:1: Premature end of file.
2026-01-21 21:29:47,623 [ERROR] LogOutputStream:75 - [STDERR_REDIRECT] 
2026-01-21 21:29:48,624 [ERROR] LogOutputStream:75 - [STDERR_REDIRECT] [Fatal Error] :1:1: Premature end of file.
2026-01-21 21:29:48,624 [ERROR] LogOutputStream:75 - [STDERR_REDIRECT] 
2026-01-21 21:29:49,622 [ERROR] LogOutputStream:75 - [STDERR_REDIRECT] [Fatal Error] :1:1: Premature end of file.
2026-01-21 21:29:49,623 [ERROR] LogOutputStream:75 - [STDERR_REDIRECT] 
2026-01-21 21:29:50,637 [ERROR] LogOutputStream:75 - [STDERR_REDIRECT] [Fatal Error] :1:1: Premature end of file.
2026-01-21 21:29:50,637 [ERROR] LogOutputStream:75 - [STDERR_REDIRECT] 
2026-01-21 21:29:51,633 [ERROR] LogOutputStream:75 - [STDERR_REDIRECT] [Fatal Error] :1:1: Premature end of file.
2026-01-21 21:29:51,633 [ERROR] LogOutputStream:75 - [STDERR_REDIRECT] 
2026-01-21 21:29:52,634 [ERROR] LogOutputStream:75 - [STDERR_REDIRECT] [Fatal Error] :1:1: Premature end of file.
2026-01-21 21:29:52,634 [ERROR] LogOutputStream:75 - [STDERR_REDIRECT] 
2026-01-21 21:29:53,626 [ERROR] LogOutputStream:75 - [STDERR_REDIRECT] [Fatal Error] :1:1: Premature end of file.
2026-01-21 21:29:53,626 [ERROR] LogOutputStream:75 - [STDERR_REDIRECT] 
2026-01-21 21:29:54,627 [ERROR] LogOutputStream:75 - [STDERR_REDIRECT] [Fatal Error] :1:1: Premature end of file.
2026-01-21 21:29:54,627 [ERROR] LogOutputStream:75 - [STDERR_REDIRECT] 
2026-01-21 21:29:55,633 [ERROR] LogOutputStream:75 - [STDERR_REDIRECT] [Fatal Error] :1:1: Premature end of file.
2026-01-21 21:29:55,633 [ERROR] LogOutputStream:75 - [STDERR_REDIRECT] 
2026-01-21 21:29:56,633 [ERROR] LogOutputStream:75 - [STDERR_REDIRECT] [Fatal Error] :1:1: Premature end of file.
2026-01-21 21:29:56,633 [ERROR] LogOutputStream:75 - [STDERR_REDIRECT] 
2026-01-21 21:29:57,632 [ERROR] LogOutputStream:75 - [STDERR_REDIRECT] [Fatal Error] :1:1: Premature end of file.
2026-01-21 21:29:57,632 [ERROR] LogOutputStream:75 - [STDERR_REDIRECT] 
2026-01-21 21:29:58,630 [ERROR] LogOutputStream:75 - [STDERR_REDIRECT] [Fatal Error] :1:1: Premature end of file.
2026-01-21 21:29:58,630 [ERROR] LogOutputStream:75 - [STDERR_REDIRECT] 
2026-01-21 21:29:59,631 [ERROR] LogOutputStream:75 - [STDERR_REDIRECT] [Fatal Error] :1:1: Premature end of file.
2026-01-21 21:29:59,631 [ERROR] LogOutputStream:75 - [STDERR_REDIRECT] 
2026-01-21 21:30:00,630 [ERROR] LogOutputStream:75 - [STDERR_REDIRECT] [Fatal Error] :1:1: Premature end of file.
2026-01-21 21:30:00,630 [ERROR] LogOutputStream:75 - [STDERR_REDIRECT] 
2026-01-21 21:30:01,630 [ERROR] LogOutputStream:75 - [STDERR_REDIRECT] [Fatal Error] :1:1: Premature end of file.
2026-01-21 21:30:01,630 [ERROR] LogOutputStream:75 - [STDERR_REDIRECT] 
2026-01-21 21:30:02,632 [ERROR] LogOutputStream:75 - [STDERR_REDIRECT] [Fatal Error] :1:1: Premature end of file.
2026-01-21 21:30:02,632 [ERROR] LogOutputStream:75 - [STDERR_REDIRECT] 
2026-01-21 21:30:03,632 [ERROR] LogOutputStream:75 - [STDERR_REDIRECT] [Fatal Error] :1:1: Premature end of file.
2026-01-21 21:30:03,632 [ERROR] LogOutputStream:75 - [STDERR_REDIRECT] 
2026-01-21 21:30:04,633 [ERROR] LogOutputStream:75 - [STDERR_REDIRECT] [Fatal Error] :1:1: Premature end of file.
2026-01-21 21:30:04,633 [ERROR] LogOutputStream:75 - [STDERR_REDIRECT] 
2026-01-21 21:30:05,631 [ERROR] LogOutputStream:75 - [STDERR_REDIRECT] [Fatal Error] :1:1: Premature end of file.
2026-01-21 21:30:05,631 [ERROR] LogOutputStream:75 - [STDERR_REDIRECT] 
2026-01-21 21:30:06,616 [ERROR] LogOutputStream:75 - [STDERR_REDIRECT] [Fatal Error] :1:1: Premature end of file.
2026-01-21 21:30:06,616 [ERROR] LogOutputStream:75 - [STDERR_REDIRECT] 
2026-01-21 21:30:07,633 [ERROR] LogOutputStream:75 - [STDERR_REDIRECT] [Fatal Error] :1:1: Premature end of file.
2026-01-21 21:30:07,633 [ERROR] LogOutputStream:75 - [STDERR_REDIRECT] 
2026-01-21 21:30:08,631 [ERROR] LogOutputStream:75 - [STDERR_REDIRECT] [Fatal Error] :1:1: Premature end of file.
2026-01-21 21:30:08,631 [ERROR] LogOutputStream:75 - [STDERR_REDIRECT] 
2026-01-21 21:30:09,627 [ERROR] LogOutputStream:75 - [STDERR_REDIRECT] [Fatal Error] :1:1: Premature end of file.
2026-01-21 21:30:09,627 [ERROR] LogOutputStream:75 - [STDERR_REDIRECT] 
2026-01-21 21:30:10,627 [ERROR] LogOutputStream:75 - [STDERR_REDIRECT] [Fatal Error] :1:1: Premature end of file.
2026-01-21 21:30:10,627 [ERROR] LogOutputStream:75 - [STDERR_REDIRECT] 
2026-01-21 21:30:11,633 [ERROR] LogOutputStream:75 - [STDERR_REDIRECT] [Fatal Error] :1:1: Premature end of file.
2026-01-21 21:30:11,633 [ERROR] LogOutputStream:75 - [STDERR_REDIRECT] 
2026-01-21 21:30:12,632 [ERROR] LogOutputStream:75 - [STDERR_REDIRECT] [Fatal Error] :1:1: Premature end of file.
2026-01-21 21:30:12,632 [ERROR] LogOutputStream:75 - [STDERR_REDIRECT] 
2026-01-21 21:30:13,627 [ERROR] LogOutputStream:75 - [STDERR_REDIRECT] [Fatal Error] :1:1: Premature end of file.
2026-01-21 21:30:13,627 [ERROR] LogOutputStream:75 - [STDERR_REDIRECT] 
2026-01-21 21:30:14,625 [ERROR] LogOutputStream:75 - [STDERR_REDIRECT] [Fatal Error] :1:1: Premature end of file.
2026-01-21 21:30:14,625 [ERROR] LogOutputStream:75 - [STDERR_REDIRECT] 
2026-01-21 21:30:15,633 [ERROR] LogOutputStream:75 - [STDERR_REDIRECT] [Fatal Error] :1:1: Premature end of file.
2026-01-21 21:30:15,633 [ERROR] LogOutputStream:75 - [STDERR_REDIRECT] 
2026-01-21 21:30:16,626 [ERROR] LogOutputStream:75 - [STDERR_REDIRECT] [Fatal Error] :1:1: Premature end of file.
2026-01-21 21:30:16,626 [ERROR] LogOutputStream:75 - [STDERR_REDIRECT] 
2026-01-21 21:30:17,624 [ERROR] LogOutputStream:75 - [STDERR_REDIRECT] [Fatal Error] :1:1: Premature end of file.
2026-01-21 21:30:17,624 [ERROR] LogOutputStream:75 - [STDERR_REDIRECT] 
2026-01-21 21:30:18,624 [ERROR] LogOutputStream:75 - [STDERR_REDIRECT] [Fatal Error] :1:1: Premature end of file.
2026-01-21 21:30:18,624 [ERROR] LogOutputStream:75 - [STDERR_REDIRECT] 
2026-01-21 21:30:19,625 [ERROR] LogOutputStream:75 - [STDERR_REDIRECT] [Fatal Error] :1:1: Premature end of file.
2026-01-21 21:30:19,625 [ERROR] LogOutputStream:75 - [STDERR_REDIRECT] 
2026-01-21 21:30:20,624 [ERROR] LogOutputStream:75 - [STDERR_REDIRECT] [Fatal Error] :1:1: Premature end of file.
2026-01-21 21:30:20,624 [ERROR] LogOutputStream:75 - [STDERR_REDIRECT] 
2026-01-21 21:30:21,624 [ERROR] LogOutputStream:75 - [STDERR_REDIRECT] [Fatal Error] :1:1: Premature end of file.
2026-01-21 21:30:21,624 [ERROR] LogOutputStream:75 - [STDERR_REDIRECT] 
2026-01-21 21:30:22,625 [ERROR] LogOutputStream:75 - [STDERR_REDIRECT] [Fatal Error] :1:1: Premature end of file.
2026-01-21 21:30:22,625 [ERROR] LogOutputStream:75 - [STDERR_REDIRECT] 
2026-01-21 21:30:23,625 [ERROR] LogOutputStream:75 - [STDERR_REDIRECT] [Fatal Error] :1:1: Premature end of file.
2026-01-21 21:30:23,625 [ERROR] LogOutputStream:75 - [STDERR_REDIRECT] 
2026-01-21 21:30:24,625 [ERROR] LogOutputStream:75 - [STDERR_REDIRECT] [Fatal Error] :1:1: Premature end of file.
2026-01-21 21:30:24,625 [ERROR] LogOutputStream:75 - [STDERR_REDIRECT] 
2026-01-21 21:30:25,625 [ERROR] LogOutputStream:75 - [STDERR_REDIRECT] [Fatal Error] :1:1: Premature end of file.
2026-01-21 21:30:25,625 [ERROR] LogOutputStream:75 - [STDERR_REDIRECT] 
2026-01-21 21:30:26,625 [ERROR] LogOutputStream:75 - [STDERR_REDIRECT] [Fatal Error] :1:1: Premature end of file.
2026-01-21 21:30:26,625 [ERROR] LogOutputStream:75 - [STDERR_REDIRECT] 
2026-01-21 21:30:27,625 [ERROR] LogOutputStream:75 - [STDERR_REDIRECT] [Fatal Error] :1:1: Premature end of file.
2026-01-21 21:30:27,625 [ERROR] LogOutputStream:75 - [STDERR_REDIRECT] 
2026-01-21 21:30:28,624 [ERROR] LogOutputStream:75 - [STDERR_REDIRECT] [Fatal Error] :1:1: Premature end of file.
2026-01-21 21:30:28,625 [ERROR] LogOutputStream:75 - [STDERR_REDIRECT] 
2026-01-21 21:30:29,624 [ERROR] LogOutputStream:75 - [STDERR_REDIRECT] [Fatal Error] :1:1: Premature end of file.
2026-01-21 21:30:29,625 [ERROR] LogOutputStream:75 - [STDERR_REDIRECT] 
2026-01-21 21:30:30,625 [ERROR] LogOutputStream:75 - [STDERR_REDIRECT] [Fatal Error] :1:1: Premature end of file.
2026-01-21 21:30:30,625 [ERROR] LogOutputStream:75 - [STDERR_REDIRECT] 
2026-01-21 21:30:31,623 [ERROR] LogOutputStream:75 - [STDERR_REDIRECT] [Fatal Error] :1:1: Premature end of file.
2026-01-21 21:30:31,624 [ERROR] LogOutputStream:75 - [STDERR_REDIRECT] 
2026-01-21 21:30:32,625 [ERROR] LogOutputStream:75 - [STDERR_REDIRECT] [Fatal Error] :1:1: Premature end of file.
2026-01-21 21:30:32,625 [ERROR] LogOutputStream:75 - [STDERR_REDIRECT] 
2026-01-21 21:30:33,626 [ERROR] LogOutputStream:75 - [STDERR_REDIRECT] [Fatal Error] :1:1: Premature end of file.
2026-01-21 21:30:33,626 [ERROR] LogOutputStream:75 - [STDERR_REDIRECT] 
2026-01-21 21:30:34,626 [ERROR] LogOutputStream:75 - [STDERR_REDIRECT] [Fatal Error] :1:1: Premature end of file.
2026-01-21 21:30:34,626 [ERROR] LogOutputStream:75 - [STDERR_REDIRECT] 
2026-01-21 21:30:35,626 [ERROR] LogOutputStream:75 - [STDERR_REDIRECT] [Fatal Error] :1:1: Premature end of file.
2026-01-21 21:30:35,626 [ERROR] LogOutputStream:75 - [STDERR_REDIRECT] 
2026-01-21 21:30:36,627 [ERROR] LogOutputStream:75 - [STDERR_REDIRECT] [Fatal Error] :1:1: Premature end of file.
2026-01-21 21:30:36,627 [ERROR] LogOutputStream:75 - [STDERR_REDIRECT] 
2026-01-21 21:30:37,626 [ERROR] LogOutputStream:75 - [STDERR_REDIRECT] [Fatal Error] :1:1: Premature end of file.
2026-01-21 21:30:37,626 [ERROR] LogOutputStream:75 - [STDERR_REDIRECT] 
2026-01-21 21:30:38,626 [ERROR] LogOutputStream:75 - [STDERR_REDIRECT] [Fatal Error] :1:1: Premature end of file.
2026-01-21 21:30:38,626 [ERROR] LogOutputStream:75 - [STDERR_REDIRECT] 
2026-01-21 21:30:39,626 [ERROR] LogOutputStream:75 - [STDERR_REDIRECT] [Fatal Error] :1:1: Premature end of file.
2026-01-21 21:30:39,626 [ERROR] LogOutputStream:75 - [STDERR_REDIRECT] 
2026-01-21 21:30:40,625 [ERROR] LogOutputStream:75 - [STDERR_REDIRECT] [Fatal Error] :1:1: Premature end of file.
2026-01-21 21:30:40,626 [ERROR] LogOutputStream:75 - [STDERR_REDIRECT] 
2026-01-21 21:30:41,627 [ERROR] LogOutputStream:75 - [STDERR_REDIRECT] [Fatal Error] :1:1: Premature end of file.
2026-01-21 21:30:41,627 [ERROR] LogOutputStream:75 - [STDERR_REDIRECT] 
2026-01-21 21:30:42,627 [ERROR] LogOutputStream:75 - [STDERR_REDIRECT] [Fatal Error] :1:1: Premature end of file.
2026-01-21 21:30:42,627 [ERROR] LogOutputStream:75 - [STDERR_REDIRECT] 
2026-01-21 21:30:43,625 [ERROR] LogOutputStream:75 - [STDERR_REDIRECT] [Fatal Error] :1:1: Premature end of file.
2026-01-21 21:30:43,625 [ERROR] LogOutputStream:75 - [STDERR_REDIRECT] 
2026-01-21 21:30:44,624 [ERROR] LogOutputStream:75 - [STDERR_REDIRECT] [Fatal Error] :1:1: Premature end of file.
2026-01-21 21:30:44,625 [ERROR] LogOutputStream:75 - [STDERR_REDIRECT] 
2026-01-21 21:30:45,626 [ERROR] LogOutputStream:75 - [STDERR_REDIRECT] [Fatal Error] :1:1: Premature end of file.
2026-01-21 21:30:45,627 [ERROR] LogOutputStream:75 - [STDERR_REDIRECT] 
2026-01-21 21:30:46,625 [ERROR] LogOutputStream:75 - [STDERR_REDIRECT] [Fatal Error] :1:1: Premature end of file.
2026-01-21 21:30:46,625 [ERROR] LogOutputStream:75 - [STDERR_REDIRECT] 
2026-01-21 21:30:47,629 [ERROR] LogOutputStream:75 - [STDERR_REDIRECT] [Fatal Error] :1:1: Premature end of file.
2026-01-21 21:30:47,629 [ERROR] LogOutputStream:75 - [STDERR_REDIRECT] 
2026-01-21 21:30:48,627 [ERROR] LogOutputStream:75 - [STDERR_REDIRECT] [Fatal Error] :1:1: Premature end of file.
2026-01-21 21:30:48,627 [ERROR] LogOutputStream:75 - [STDERR_REDIRECT] 
2026-01-21 21:30:49,624 [ERROR] LogOutputStream:75 - [STDERR_REDIRECT] [Fatal Error] :1:1: Premature end of file.
2026-01-21 21:30:49,624 [ERROR] LogOutputStream:75 - [STDERR_REDIRECT] 
2026-01-21 21:30:50,629 [ERROR] LogOutputStream:75 - [STDERR_REDIRECT] [Fatal Error] :1:1: Premature end of file.
2026-01-21 21:30:50,629 [ERROR] LogOutputStream:75 - [STDERR_REDIRECT] 
2026-01-21 21:30:51,627 [ERROR] LogOutputStream:75 - [STDERR_REDIRECT] [Fatal Error] :1:1: Premature end of file.
2026-01-21 21:30:51,627 [ERROR] LogOutputStream:75 - [STDERR_REDIRECT] 
2026-01-21 21:30:52,623 [ERROR] LogOutputStream:75 - [STDERR_REDIRECT] [Fatal Error] :1:1: Premature end of file.
2026-01-21 21:30:52,623 [ERROR] LogOutputStream:75 - [STDERR_REDIRECT] 
2026-01-21 21:30:53,635 [ERROR] LogOutputStream:75 - [STDERR_REDIRECT] [Fatal Error] :1:1: Premature end of file.
2026-01-21 21:30:53,635 [ERROR] LogOutputStream:75 - [STDERR_REDIRECT] 
2026-01-21 21:30:54,624 [ERROR] LogOutputStream:75 - [STDERR_REDIRECT] [Fatal Error] :1:1: Premature end of file.
2026-01-21 21:30:54,624 [ERROR] LogOutputStream:75 - [STDERR_REDIRECT] 
2026-01-21 21:30:55,632 [ERROR] LogOutputStream:75 - [STDERR_REDIRECT] [Fatal Error] :1:1: Premature end of file.
2026-01-21 21:30:55,632 [ERROR] LogOutputStream:75 - [STDERR_REDIRECT] 
2026-01-21 21:30:56,635 [ERROR] LogOutputStream:75 - [STDERR_REDIRECT] [Fatal Error] :1:1: Premature end of file.
2026-01-21 21:30:56,635 [ERROR] LogOutputStream:75 - [STDERR_REDIRECT] 
2026-01-21 21:30:57,651 [ERROR] LogOutputStream:75 - [STDERR_REDIRECT] [Fatal Error] :1:1: Premature end of file.
2026-01-21 21:30:57,651 [ERROR] LogOutputStream:75 - [STDERR_REDIRECT] 
2026-01-21 21:30:58,625 [ERROR] LogOutputStream:75 - [STDERR_REDIRECT] [Fatal Error] :1:1: Premature end of file.
2026-01-21 21:30:58,625 [ERROR] LogOutputStream:75 - [STDERR_REDIRECT] 
2026-01-21 21:30:59,625 [ERROR] LogOutputStream:75 - [STDERR_REDIRECT] [Fatal Error] :1:1: Premature end of file.
2026-01-21 21:30:59,625 [ERROR] LogOutputStream:75 - [STDERR_REDIRECT] 
2026-01-21 21:31:00,672 [ERROR] LogOutputStream:75 - [STDERR_REDIRECT] [Fatal Error] :1:1: Premature end of file.
2026-01-21 21:31:00,672 [ERROR] LogOutputStream:75 - [STDERR_REDIRECT] 
2026-01-21 21:31:01,635 [ERROR] LogOutputStream:75 - [STDERR_REDIRECT] [Fatal Error] :1:1: Premature end of file.
2026-01-21 21:31:01,635 [ERROR] LogOutputStream:75 - [STDERR_REDIRECT] 
2026-01-21 21:31:02,629 [ERROR] LogOutputStream:75 - [STDERR_REDIRECT] [Fatal Error] :1:1: Premature end of file.
2026-01-21 21:31:02,629 [ERROR] LogOutputStream:75 - [STDERR_REDIRECT] 
2026-01-21 21:31:03,627 [ERROR] LogOutputStream:75 - [STDERR_REDIRECT] [Fatal Error] :1:1: Premature end of file.
2026-01-21 21:31:03,627 [ERROR] LogOutputStream:75 - [STDERR_REDIRECT] 
2026-01-21 21:31:04,629 [ERROR] LogOutputStream:75 - [STDERR_REDIRECT] [Fatal Error] :1:1: Premature end of file.
2026-01-21 21:31:04,629 [ERROR] LogOutputStream:75 - [STDERR_REDIRECT] 
2026-01-21 21:31:05,635 [ERROR] LogOutputStream:75 - [STDERR_REDIRECT] [Fatal Error] :1:1: Premature end of file.
2026-01-21 21:31:05,635 [ERROR] LogOutputStream:75 - [STDERR_REDIRECT] 
2026-01-21 21:31:06,632 [ERROR] LogOutputStream:75 - [STDERR_REDIRECT] [Fatal Error] :1:1: Premature end of file.
2026-01-21 21:31:06,632 [ERROR] LogOutputStream:75 - [STDERR_REDIRECT] 
2026-01-21 21:31:07,635 [ERROR] LogOutputStream:75 - [STDERR_REDIRECT] [Fatal Error] :1:1: Premature end of file.
2026-01-21 21:31:07,635 [ERROR] LogOutputStream:75 - [STDERR_REDIRECT] 
2026-01-21 21:31:08,628 [ERROR] LogOutputStream:75 - [STDERR_REDIRECT] [Fatal Error] :1:1: Premature end of file.
2026-01-21 21:31:08,628 [ERROR] LogOutputStream:75 - [STDERR_REDIRECT] 
2026-01-21 21:31:09,637 [ERROR] LogOutputStream:75 - [STDERR_REDIRECT] [Fatal Error] :1:1: Premature end of file.
2026-01-21 21:31:09,637 [ERROR] LogOutputStream:75 - [STDERR_REDIRECT] 
2026-01-21 21:31:10,635 [ERROR] LogOutputStream:75 - [STDERR_REDIRECT] [Fatal Error] :1:1: Premature end of file.
2026-01-21 21:31:10,635 [ERROR] LogOutputStream:75 - [STDERR_REDIRECT] 
2026-01-21 21:31:11,626 [ERROR] LogOutputStream:75 - [STDERR_REDIRECT] [Fatal Error] :1:1: Premature end of file.
2026-01-21 21:31:11,626 [ERROR] LogOutputStream:75 - [STDERR_REDIRECT] 
2026-01-21 21:31:12,636 [ERROR] LogOutputStream:75 - [STDERR_REDIRECT] [Fatal Error] :1:1: Premature end of file.
2026-01-21 21:31:12,636 [ERROR] LogOutputStream:75 - [STDERR_REDIRECT] 
2026-01-21 21:31:13,636 [ERROR] LogOutputStream:75 - [STDERR_REDIRECT] [Fatal Error] :1:1: Premature end of file.
2026-01-21 21:31:13,636 [ERROR] LogOutputStream:75 - [STDERR_REDIRECT] 
2026-01-21 21:31:14,638 [ERROR] LogOutputStream:75 - [STDERR_REDIRECT] [Fatal Error] :1:1: Premature end of file.
2026-01-21 21:31:14,638 [ERROR] LogOutputStream:75 - [STDERR_REDIRECT] 
2026-01-21 21:31:15,636 [ERROR] LogOutputStream:75 - [STDERR_REDIRECT] [Fatal Error] :1:1: Premature end of file.
2026-01-21 21:31:15,636 [ERROR] LogOutputStream:75 - [STDERR_REDIRECT] 
2026-01-21 21:31:16,620 [ERROR] LogOutputStream:75 - [STDERR_REDIRECT] [Fatal Error] :1:1: Premature end of file.
2026-01-21 21:31:16,620 [ERROR] LogOutputStream:75 - [STDERR_REDIRECT] 
2026-01-21 21:31:17,624 [ERROR] LogOutputStream:75 - [STDERR_REDIRECT] [Fatal Error] :1:1: Premature end of file.
2026-01-21 21:31:17,624 [ERROR] LogOutputStream:75 - [STDERR_REDIRECT] 
2026-01-21 21:31:18,626 [ERROR] LogOutputStream:75 - [STDERR_REDIRECT] [Fatal Error] :1:1: Premature end of file.
2026-01-21 21:31:18,627 [ERROR] LogOutputStream:75 - [STDERR_REDIRECT] 
2026-01-21 21:31:19,636 [ERROR] LogOutputStream:75 - [STDERR_REDIRECT] [Fatal Error] :1:1: Premature end of file.
2026-01-21 21:31:19,636 [ERROR] LogOutputStream:75 - [STDERR_REDIRECT] 
2026-01-21 21:31:20,627 [ERROR] LogOutputStream:75 - [STDERR_REDIRECT] [Fatal Error] :1:1: Premature end of file.
2026-01-21 21:31:20,628 [ERROR] LogOutputStream:75 - [STDERR_REDIRECT] 
2026-01-21 21:31:21,619 [ERROR] LogOutputStream:75 - [STDERR_REDIRECT] [Fatal Error] :1:1: Premature end of file.
2026-01-21 21:31:21,619 [ERROR] LogOutputStream:75 - [STDERR_REDIRECT] 
2026-01-21 21:31:22,635 [ERROR] LogOutputStream:75 - [STDERR_REDIRECT] [Fatal Error] :1:1: Premature end of file.
2026-01-21 21:31:22,635 [ERROR] LogOutputStream:75 - [STDERR_REDIRECT] 
2026-01-21 21:31:23,636 [ERROR] LogOutputStream:75 - [STDERR_REDIRECT] [Fatal Error] :1:1: Premature end of file.
2026-01-21 21:31:23,636 [ERROR] LogOutputStream:75 - [STDERR_REDIRECT] 
2026-01-21 21:31:24,634 [ERROR] LogOutputStream:75 - [STDERR_REDIRECT] [Fatal Error] :1:1: Premature end of file.
2026-01-21 21:31:24,634 [ERROR] LogOutputStream:75 - [STDERR_REDIRECT] 
2026-01-21 21:31:25,627 [ERROR] LogOutputStream:75 - [STDERR_REDIRECT] [Fatal Error] :1:1: Premature end of file.
2026-01-21 21:31:25,627 [ERROR] LogOutputStream:75 - [STDERR_REDIRECT] 
2026-01-21 21:31:26,634 [ERROR] LogOutputStream:75 - [STDERR_REDIRECT] [Fatal Error] :1:1: Premature end of file.
2026-01-21 21:31:26,634 [ERROR] LogOutputStream:75 - [STDERR_REDIRECT] 
2026-01-21 21:31:27,621 [ERROR] LogOutputStream:75 - [STDERR_REDIRECT] [Fatal Error] :1:1: Premature end of file.
2026-01-21 21:31:27,621 [ERROR] LogOutputStream:75 - [STDERR_REDIRECT] 
2026-01-21 21:31:28,630 [ERROR] LogOutputStream:75 - [STDERR_REDIRECT] [Fatal Error] :1:1: Premature end of file.
2026-01-21 21:31:28,630 [ERROR] LogOutputStream:75 - [STDERR_REDIRECT] 
2026-01-21 21:31:29,620 [ERROR] LogOutputStream:75 - [STDERR_REDIRECT] [Fatal Error] :1:1: Premature end of file.
2026-01-21 21:31:29,620 [ERROR] LogOutputStream:75 - [STDERR_REDIRECT] 
2026-01-21 21:31:30,627 [ERROR] LogOutputStream:75 - [STDERR_REDIRECT] [Fatal Error] :1:1: Premature end of file.
2026-01-21 21:31:30,627 [ERROR] LogOutputStream:75 - [STDERR_REDIRECT] 
2026-01-21 21:31:31,631 [ERROR] LogOutputStream:75 - [STDERR_REDIRECT] [Fatal Error] :1:1: Premature end of file.
2026-01-21 21:31:31,632 [ERROR] LogOutputStream:75 - [STDERR_REDIRECT] 
2026-01-21 21:31:32,635 [ERROR] LogOutputStream:75 - [STDERR_REDIRECT] [Fatal Error] :1:1: Premature end of file.
2026-01-21 21:31:32,635 [ERROR] LogOutputStream:75 - [STDERR_REDIRECT] 
2026-01-21 21:31:33,638 [ERROR] LogOutputStream:75 - [STDERR_REDIRECT] [Fatal Error] :1:1: Premature end of file.
2026-01-21 21:31:33,639 [ERROR] LogOutputStream:75 - [STDERR_REDIRECT] 
2026-01-21 21:31:34,637 [ERROR] LogOutputStream:75 - [STDERR_REDIRECT] [Fatal Error] :1:1: Premature end of file.
2026-01-21 21:31:34,637 [ERROR] LogOutputStream:75 - [STDERR_REDIRECT] 
2026-01-21 21:31:35,621 [ERROR] LogOutputStream:75 - [STDERR_REDIRECT] [Fatal Error] :1:1: Premature end of file.
2026-01-21 21:31:35,621 [ERROR] LogOutputStream:75 - [STDERR_REDIRECT] 
2026-01-21 21:31:36,635 [ERROR] LogOutputStream:75 - [STDERR_REDIRECT] [Fatal Error] :1:1: Premature end of file.
2026-01-21 21:31:36,635 [ERROR] LogOutputStream:75 - [STDERR_REDIRECT] 
2026-01-21 21:31:37,634 [ERROR] LogOutputStream:75 - [STDERR_REDIRECT] [Fatal Error] :1:1: Premature end of file.
2026-01-21 21:31:37,634 [ERROR] LogOutputStream:75 - [STDERR_REDIRECT] 
2026-01-21 21:31:38,621 [ERROR] LogOutputStream:75 - [STDERR_REDIRECT] [Fatal Error] :1:1: Premature end of file.
2026-01-21 21:31:38,621 [ERROR] LogOutputStream:75 - [STDERR_REDIRECT] 
2026-01-21 21:31:39,630 [ERROR] LogOutputStream:75 - [STDERR_REDIRECT] [Fatal Error] :1:1: Premature end of file.
2026-01-21 21:31:39,630 [ERROR] LogOutputStream:75 - [STDERR_REDIRECT] 
2026-01-21 21:31:40,638 [ERROR] LogOutputStream:75 - [STDERR_REDIRECT] [Fatal Error] :1:1: Premature end of file.
2026-01-21 21:31:40,638 [ERROR] LogOutputStream:75 - [STDERR_REDIRECT] 
2026-01-21 21:31:41,637 [ERROR] LogOutputStream:75 - [STDERR_REDIRECT] [Fatal Error] :1:1: Premature end of file.
2026-01-21 21:31:41,637 [ERROR] LogOutputStream:75 - [STDERR_REDIRECT] 
2026-01-21 21:31:42,620 [ERROR] LogOutputStream:75 - [STDERR_REDIRECT] [Fatal Error] :1:1: Premature end of file.
2026-01-21 21:31:42,620 [ERROR] LogOutputStream:75 - [STDERR_REDIRECT] 
2026-01-21 21:31:43,637 [ERROR] LogOutputStream:75 - [STDERR_REDIRECT] [Fatal Error] :1:1: Premature end of file.
2026-01-21 21:31:43,637 [ERROR] LogOutputStream:75 - [STDERR_REDIRECT] 
2026-01-21 21:31:44,632 [ERROR] LogOutputStream:75 - [STDERR_REDIRECT] [Fatal Error] :1:1: Premature end of file.
2026-01-21 21:31:44,632 [ERROR] LogOutputStream:75 - [STDERR_REDIRECT] 
2026-01-21 21:31:45,634 [ERROR] LogOutputStream:75 - [STDERR_REDIRECT] [Fatal Error] :1:1: Premature end of file.
2026-01-21 21:31:45,634 [ERROR] LogOutputStream:75 - [STDERR_REDIRECT] 
2026-01-21 21:31:46,633 [ERROR] LogOutputStream:75 - [STDERR_REDIRECT] [Fatal Error] :1:1: Premature end of file.
2026-01-21 21:31:46,633 [ERROR] LogOutputStream:75 - [STDERR_REDIRECT] 
2026-01-21 21:31:47,636 [ERROR] LogOutputStream:75 - [STDERR_REDIRECT] [Fatal Error] :1:1: Premature end of file.
2026-01-21 21:31:47,636 [ERROR] LogOutputStream:75 - [STDERR_REDIRECT] 
2026-01-21 21:31:48,634 [ERROR] LogOutputStream:75 - [STDERR_REDIRECT] [Fatal Error] :1:1: Premature end of file.
2026-01-21 21:31:48,634 [ERROR] LogOutputStream:75 - [STDERR_REDIRECT] 
2026-01-21 21:31:49,635 [ERROR] LogOutputStream:75 - [STDERR_REDIRECT] [Fatal Error] :1:1: Premature end of file.
2026-01-21 21:31:49,635 [ERROR] LogOutputStream:75 - [STDERR_REDIRECT] 
2026-01-21 21:31:50,638 [ERROR] LogOutputStream:75 - [STDERR_REDIRECT] [Fatal Error] :1:1: Premature end of file.
2026-01-21 21:31:50,638 [ERROR] LogOutputStream:75 - [STDERR_REDIRECT] 
2026-01-21 21:31:51,637 [ERROR] LogOutputStream:75 - [STDERR_REDIRECT] [Fatal Error] :1:1: Premature end of file.
2026-01-21 21:31:51,637 [ERROR] LogOutputStream:75 - [STDERR_REDIRECT] 
2026-01-21 21:31:52,621 [ERROR] LogOutputStream:75 - [STDERR_REDIRECT] [Fatal Error] :1:1: Premature end of file.
2026-01-21 21:31:52,621 [ERROR] LogOutputStream:75 - [STDERR_REDIRECT] 
2026-01-21 21:31:53,633 [ERROR] LogOutputStream:75 - [STDERR_REDIRECT] [Fatal Error] :1:1: Premature end of file.
2026-01-21 21:31:53,633 [ERROR] LogOutputStream:75 - [STDERR_REDIRECT] 
2026-01-21 21:31:54,626 [ERROR] LogOutputStream:75 - [STDERR_REDIRECT] [Fatal Error] :1:1: Premature end of file.
2026-01-21 21:31:54,626 [ERROR] LogOutputStream:75 - [STDERR_REDIRECT] 
2026-01-21 21:31:55,633 [ERROR] LogOutputStream:75 - [STDERR_REDIRECT] [Fatal Error] :1:1: Premature end of file.
2026-01-21 21:31:55,633 [ERROR] LogOutputStream:75 - [STDERR_REDIRECT] 
2026-01-21 21:31:56,625 [ERROR] LogOutputStream:75 - [STDERR_REDIRECT] [Fatal Error] :1:1: Premature end of file.
2026-01-21 21:31:56,625 [ERROR] LogOutputStream:75 - [STDERR_REDIRECT] 
2026-01-21 21:31:57,633 [ERROR] LogOutputStream:75 - [STDERR_REDIRECT] [Fatal Error] :1:1: Premature end of file.
2026-01-21 21:31:57,633 [ERROR] LogOutputStream:75 - [STDERR_REDIRECT] 
2026-01-21 21:31:58,638 [ERROR] LogOutputStream:75 - [STDERR_REDIRECT] [Fatal Error] :1:1: Premature end of file.
2026-01-21 21:31:58,638 [ERROR] LogOutputStream:75 - [STDERR_REDIRECT] 
2026-01-21 21:31:59,635 [ERROR] LogOutputStream:75 - [STDERR_REDIRECT] [Fatal Error] :1:1: Premature end of file.
2026-01-21 21:31:59,635 [ERROR] LogOutputStream:75 - [STDERR_REDIRECT] 
2026-01-21 21:32:00,638 [ERROR] LogOutputStream:75 - [STDERR_REDIRECT] [Fatal Error] :1:1: Premature end of file.
2026-01-21 21:32:00,638 [ERROR] LogOutputStream:75 - [STDERR_REDIRECT] 
2026-01-21 21:32:01,630 [ERROR] LogOutputStream:75 - [STDERR_REDIRECT] [Fatal Error] :1:1: Premature end of file.
2026-01-21 21:32:01,630 [ERROR] LogOutputStream:75 - [STDERR_REDIRECT] 
2026-01-21 21:32:02,636 [ERROR] LogOutputStream:75 - [STDERR_REDIRECT] [Fatal Error] :1:1: Premature end of file.
2026-01-21 21:32:02,636 [ERROR] LogOutputStream:75 - [STDERR_REDIRECT] 
2026-01-21 21:32:03,638 [ERROR] LogOutputStream:75 - [STDERR_REDIRECT] [Fatal Error] :1:1: Premature end of file.
2026-01-21 21:32:03,638 [ERROR] LogOutputStream:75 - [STDERR_REDIRECT] 
2026-01-21 21:32:04,634 [ERROR] LogOutputStream:75 - [STDERR_REDIRECT] [Fatal Error] :1:1: Premature end of file.
2026-01-21 21:32:04,634 [ERROR] LogOutputStream:75 - [STDERR_REDIRECT] 
2026-01-21 21:32:05,636 [ERROR] LogOutputStream:75 - [STDERR_REDIRECT] [Fatal Error] :1:1: Premature end of file.
2026-01-21 21:32:05,636 [ERROR] LogOutputStream:75 - [STDERR_REDIRECT] 
2026-01-21 21:32:06,635 [ERROR] LogOutputStream:75 - [STDERR_REDIRECT] [Fatal Error] :1:1: Premature end of file.
2026-01-21 21:32:06,635 [ERROR] LogOutputStream:75 - [STDERR_REDIRECT] 
2026-01-21 21:32:07,636 [ERROR] LogOutputStream:75 - [STDERR_REDIRECT] [Fatal Error] :1:1: Premature end of file.
2026-01-21 21:32:07,636 [ERROR] LogOutputStream:75 - [STDERR_REDIRECT] 
2026-01-21 21:32:08,637 [ERROR] LogOutputStream:75 - [STDERR_REDIRECT] [Fatal Error] :1:1: Premature end of file.
2026-01-21 21:32:08,637 [ERROR] LogOutputStream:75 - [STDERR_REDIRECT] 
2026-01-21 21:32:09,638 [ERROR] LogOutputStream:75 - [STDERR_REDIRECT] [Fatal Error] :1:1: Premature end of file.
2026-01-21 21:32:09,639 [ERROR] LogOutputStream:75 - [STDERR_REDIRECT] 
2026-01-21 21:32:10,640 [ERROR] LogOutputStream:75 - [STDERR_REDIRECT] [Fatal Error] :1:1: Premature end of file.
2026-01-21 21:32:10,640 [ERROR] LogOutputStream:75 - [STDERR_REDIRECT] 
2026-01-21 21:32:11,636 [ERROR] LogOutputStream:75 - [STDERR_REDIRECT] [Fatal Error] :1:1: Premature end of file.
2026-01-21 21:32:11,636 [ERROR] LogOutputStream:75 - [STDERR_REDIRECT] 
2026-01-21 21:32:12,638 [ERROR] LogOutputStream:75 - [STDERR_REDIRECT] [Fatal Error] :1:1: Premature end of file.
2026-01-21 21:32:12,639 [ERROR] LogOutputStream:75 - [STDERR_REDIRECT] 
2026-01-21 21:32:13,628 [ERROR] LogOutputStream:75 - [STDERR_REDIRECT] [Fatal Error] :1:1: Premature end of file.
2026-01-21 21:32:13,628 [ERROR] LogOutputStream:75 - [STDERR_REDIRECT] 
2026-01-21 21:32:14,632 [ERROR] LogOutputStream:75 - [STDERR_REDIRECT] [Fatal Error] :1:1: Premature end of file.
2026-01-21 21:32:14,632 [ERROR] LogOutputStream:75 - [STDERR_REDIRECT] 
2026-01-21 21:32:15,622 [ERROR] LogOutputStream:75 - [STDERR_REDIRECT] [Fatal Error] :1:1: Premature end of file.
2026-01-21 21:32:15,622 [ERROR] LogOutputStream:75 - [STDERR_REDIRECT] 
2026-01-21 21:32:16,640 [ERROR] LogOutputStream:75 - [STDERR_REDIRECT] [Fatal Error] :1:1: Premature end of file.
2026-01-21 21:32:16,640 [ERROR] LogOutputStream:75 - [STDERR_REDIRECT] 
2026-01-21 21:32:17,637 [ERROR] LogOutputStream:75 - [STDERR_REDIRECT] [Fatal Error] :1:1: Premature end of file.
2026-01-21 21:32:17,637 [ERROR] LogOutputStream:75 - [STDERR_REDIRECT] 
2026-01-21 21:32:18,639 [ERROR] LogOutputStream:75 - [STDERR_REDIRECT] [Fatal Error] :1:1: Premature end of file.
2026-01-21 21:32:18,639 [ERROR] LogOutputStream:75 - [STDERR_REDIRECT] 
2026-01-21 21:32:19,622 [ERROR] LogOutputStream:75 - [STDERR_REDIRECT] [Fatal Error] :1:1: Premature end of file.
2026-01-21 21:32:19,622 [ERROR] LogOutputStream:75 - [STDERR_REDIRECT] 
2026-01-21 21:32:20,638 [ERROR] LogOutputStream:75 - [STDERR_REDIRECT] [Fatal Error] :1:1: Premature end of file.
2026-01-21 21:32:20,638 [ERROR] LogOutputStream:75 - [STDERR_REDIRECT] 
2026-01-21 21:32:21,625 [ERROR] LogOutputStream:75 - [STDERR_REDIRECT] [Fatal Error] :1:1: Premature end of file.
2026-01-21 21:32:21,625 [ERROR] LogOutputStream:75 - [STDERR_REDIRECT] 
2026-01-21 21:32:22,623 [ERROR] LogOutputStream:75 - [STDERR_REDIRECT] [Fatal Error] :1:1: Premature end of file.
2026-01-21 21:32:22,623 [ERROR] LogOutputStream:75 - [STDERR_REDIRECT] 
2026-01-21 21:32:23,622 [ERROR] LogOutputStream:75 - [STDERR_REDIRECT] [Fatal Error] :1:1: Premature end of file.
2026-01-21 21:32:23,622 [ERROR] LogOutputStream:75 - [STDERR_REDIRECT] 
2026-01-21 21:32:24,625 [ERROR] LogOutputStream:75 - [STDERR_REDIRECT] [Fatal Error] :1:1: Premature end of file.
2026-01-21 21:32:24,625 [ERROR] LogOutputStream:75 - [STDERR_REDIRECT] 
2026-01-21 21:32:25,639 [ERROR] LogOutputStream:75 - [STDERR_REDIRECT] [Fatal Error] :1:1: Premature end of file.
2026-01-21 21:32:25,639 [ERROR] LogOutputStream:75 - [STDERR_REDIRECT] 
2026-01-21 21:32:26,623 [ERROR] LogOutputStream:75 - [STDERR_REDIRECT] [Fatal Error] :1:1: Premature end of file.
2026-01-21 21:32:26,623 [ERROR] LogOutputStream:75 - [STDERR_REDIRECT] 
2026-01-21 21:32:27,635 [ERROR] LogOutputStream:75 - [STDERR_REDIRECT] [Fatal Error] :1:1: Premature end of file.
2026-01-21 21:32:27,635 [ERROR] LogOutputStream:75 - [STDERR_REDIRECT] 
2026-01-21 21:32:28,637 [ERROR] LogOutputStream:75 - [STDERR_REDIRECT] [Fatal Error] :1:1: Premature end of file.
2026-01-21 21:32:28,637 [ERROR] LogOutputStream:75 - [STDERR_REDIRECT] 
2026-01-21 21:32:29,636 [ERROR] LogOutputStream:75 - [STDERR_REDIRECT] [Fatal Error] :1:1: Premature end of file.
2026-01-21 21:32:29,636 [ERROR] LogOutputStream:75 - [STDERR_REDIRECT] 
2026-01-21 21:32:30,638 [ERROR] LogOutputStream:75 - [STDERR_REDIRECT] [Fatal Error] :1:1: Premature end of file.
2026-01-21 21:32:30,638 [ERROR] LogOutputStream:75 - [STDERR_REDIRECT] 
2026-01-21 21:32:31,637 [ERROR] LogOutputStream:75 - [STDERR_REDIRECT] [Fatal Error] :1:1: Premature end of file.
2026-01-21 21:32:31,637 [ERROR] LogOutputStream:75 - [STDERR_REDIRECT] 
2026-01-21 21:32:32,637 [ERROR] LogOutputStream:75 - [STDERR_REDIRECT] [Fatal Error] :1:1: Premature end of file.
2026-01-21 21:32:32,637 [ERROR] LogOutputStream:75 - [STDERR_REDIRECT] 
2026-01-21 21:32:33,626 [ERROR] LogOutputStream:75 - [STDERR_REDIRECT] [Fatal Error] :1:1: Premature end of file.
2026-01-21 21:32:33,626 [ERROR] LogOutputStream:75 - [STDERR_REDIRECT] 
2026-01-21 21:32:34,638 [ERROR] LogOutputStream:75 - [STDERR_REDIRECT] [Fatal Error] :1:1: Premature end of file.
2026-01-21 21:32:34,638 [ERROR] LogOutputStream:75 - [STDERR_REDIRECT] 
2026-01-21 21:32:35,622 [ERROR] LogOutputStream:75 - [STDERR_REDIRECT] [Fatal Error] :1:1: Premature end of file.
2026-01-21 21:32:35,622 [ERROR] LogOutputStream:75 - [STDERR_REDIRECT] 
2026-01-21 21:32:36,623 [ERROR] LogOutputStream:75 - [STDERR_REDIRECT] [Fatal Error] :1:1: Premature end of file.
2026-01-21 21:32:36,623 [ERROR] LogOutputStream:75 - [STDERR_REDIRECT] 
2026-01-21 21:32:37,623 [ERROR] LogOutputStream:75 - [STDERR_REDIRECT] [Fatal Error] :1:1: Premature end of file.
2026-01-21 21:32:37,623 [ERROR] LogOutputStream:75 - [STDERR_REDIRECT] 
2026-01-21 21:32:38,626 [ERROR] LogOutputStream:75 - [STDERR_REDIRECT] [Fatal Error] :1:1: Premature end of file.
2026-01-21 21:32:38,626 [ERROR] LogOutputStream:75 - [STDERR_REDIRECT] 
2026-01-21 21:32:39,628 [ERROR] LogOutputStream:75 - [STDERR_REDIRECT] [Fatal Error] :1:1: Premature end of file.
2026-01-21 21:32:39,628 [ERROR] LogOutputStream:75 - [STDERR_REDIRECT] 
2026-01-21 21:32:40,631 [ERROR] LogOutputStream:75 - [STDERR_REDIRECT] [Fatal Error] :1:1: Premature end of file.
2026-01-21 21:32:40,631 [ERROR] LogOutputStream:75 - [STDERR_REDIRECT] 
2026-01-21 21:32:41,635 [ERROR] LogOutputStream:75 - [STDERR_REDIRECT] [Fatal Error] :1:1: Premature end of file.
2026-01-21 21:32:41,635 [ERROR] LogOutputStream:75 - [STDERR_REDIRECT] 
2026-01-21 21:32:42,624 [ERROR] LogOutputStream:75 - [STDERR_REDIRECT] [Fatal Error] :1:1: Premature end of file.
2026-01-21 21:32:42,624 [ERROR] LogOutputStream:75 - [STDERR_REDIRECT] 
2026-01-21 21:32:43,631 [ERROR] LogOutputStream:75 - [STDERR_REDIRECT] [Fatal Error] :1:1: Premature end of file.
2026-01-21 21:32:43,631 [ERROR] LogOutputStream:75 - [STDERR_REDIRECT] 
2026-01-21 21:32:44,634 [ERROR] LogOutputStream:75 - [STDERR_REDIRECT] [Fatal Error] :1:1: Premature end of file.
2026-01-21 21:32:44,634 [ERROR] LogOutputStream:75 - [STDERR_REDIRECT] 
2026-01-21 21:32:45,629 [ERROR] LogOutputStream:75 - [STDERR_REDIRECT] [Fatal Error] :1:1: Premature end of file.
2026-01-21 21:32:45,629 [ERROR] LogOutputStream:75 - [STDERR_REDIRECT] 
2026-01-21 21:32:46,624 [ERROR] LogOutputStream:75 - [STDERR_REDIRECT] [Fatal Error] :1:1: Premature end of file.
2026-01-21 21:32:46,624 [ERROR] LogOutputStream:75 - [STDERR_REDIRECT] 
2026-01-21 21:32:47,623 [ERROR] LogOutputStream:75 - [STDERR_REDIRECT] [Fatal Error] :1:1: Premature end of file.
2026-01-21 21:32:47,623 [ERROR] LogOutputStream:75 - [STDERR_REDIRECT] 
2026-01-21 21:32:48,626 [ERROR] LogOutputStream:75 - [STDERR_REDIRECT] [Fatal Error] :1:1: Premature end of file.
2026-01-21 21:32:48,626 [ERROR] LogOutputStream:75 - [STDERR_REDIRECT] 
2026-01-21 21:32:49,627 [ERROR] LogOutputStream:75 - [STDERR_REDIRECT] [Fatal Error] :1:1: Premature end of file.
2026-01-21 21:32:49,627 [ERROR] LogOutputStream:75 - [STDERR_REDIRECT] 
2026-01-21 21:32:50,629 [ERROR] LogOutputStream:75 - [STDERR_REDIRECT] [Fatal Error] :1:1: Premature end of file.
2026-01-21 21:32:50,629 [ERROR] LogOutputStream:75 - [STDERR_REDIRECT] 
2026-01-21 21:32:51,631 [ERROR] LogOutputStream:75 - [STDERR_REDIRECT] [Fatal Error] :1:1: Premature end of file.
2026-01-21 21:32:51,631 [ERROR] LogOutputStream:75 - [STDERR_REDIRECT] 
2026-01-21 21:32:52,627 [ERROR] LogOutputStream:75 - [STDERR_REDIRECT] [Fatal Error] :1:1: Premature end of file.
2026-01-21 21:32:52,627 [ERROR] LogOutputStream:75 - [STDERR_REDIRECT] 
2026-01-21 21:32:53,629 [ERROR] LogOutputStream:75 - [STDERR_REDIRECT] [Fatal Error] :1:1: Premature end of file.
2026-01-21 21:32:53,629 [ERROR] LogOutputStream:75 - [STDERR_REDIRECT] 
2026-01-21 21:32:54,633 [ERROR] LogOutputStream:75 - [STDERR_REDIRECT] [Fatal Error] :1:1: Premature end of file.
2026-01-21 21:32:54,633 [ERROR] LogOutputStream:75 - [STDERR_REDIRECT] 
2026-01-21 21:32:55,623 [ERROR] LogOutputStream:75 - [STDERR_REDIRECT] [Fatal Error] :1:1: Premature end of file.
2026-01-21 21:32:55,623 [ERROR] LogOutputStream:75 - [STDERR_REDIRECT] 
2026-01-21 21:32:56,634 [ERROR] LogOutputStream:75 - [STDERR_REDIRECT] [Fatal Error] :1:1: Premature end of file.
2026-01-21 21:32:56,634 [ERROR] LogOutputStream:75 - [STDERR_REDIRECT] 
2026-01-21 21:32:57,625 [ERROR] LogOutputStream:75 - [STDERR_REDIRECT] [Fatal Error] :1:1: Premature end of file.
2026-01-21 21:32:57,625 [ERROR] LogOutputStream:75 - [STDERR_REDIRECT] 
2026-01-21 21:32:58,626 [ERROR] LogOutputStream:75 - [STDERR_REDIRECT] [Fatal Error] :1:1: Premature end of file.
2026-01-21 21:32:58,626 [ERROR] LogOutputStream:75 - [STDERR_REDIRECT] 
2026-01-21 21:32:59,638 [ERROR] LogOutputStream:75 - [STDERR_REDIRECT] [Fatal Error] :1:1: Premature end of file.
2026-01-21 21:32:59,638 [ERROR] LogOutputStream:75 - [STDERR_REDIRECT] 
2026-01-21 21:33:00,660 [ERROR] LogOutputStream:75 - [STDERR_REDIRECT] [Fatal Error] :1:1: Premature end of file.
2026-01-21 21:33:00,660 [ERROR] LogOutputStream:75 - [STDERR_REDIRECT] 
2026-01-21 21:33:01,624 [ERROR] LogOutputStream:75 - [STDERR_REDIRECT] [Fatal Error] :1:1: Premature end of file.
2026-01-21 21:33:01,624 [ERROR] LogOutputStream:75 - [STDERR_REDIRECT] 
2026-01-21 21:33:02,624 [ERROR] LogOutputStream:75 - [STDERR_REDIRECT] [Fatal Error] :1:1: Premature end of file.
2026-01-21 21:33:02,624 [ERROR] LogOutputStream:75 - [STDERR_REDIRECT] 
2026-01-21 21:33:03,623 [ERROR] LogOutputStream:75 - [STDERR_REDIRECT] [Fatal Error] :1:1: Premature end of file.
2026-01-21 21:33:03,623 [ERROR] LogOutputStream:75 - [STDERR_REDIRECT] 
2026-01-21 21:33:04,624 [ERROR] LogOutputStream:75 - [STDERR_REDIRECT] [Fatal Error] :1:1: Premature end of file.
2026-01-21 21:33:04,624 [ERROR] LogOutputStream:75 - [STDERR_REDIRECT] 
2026-01-21 21:33:05,628 [ERROR] LogOutputStream:75 - [STDERR_REDIRECT] [Fatal Error] :1:1: Premature end of file.
2026-01-21 21:33:05,628 [ERROR] LogOutputStream:75 - [STDERR_REDIRECT] 
2026-01-21 21:33:06,624 [ERROR] LogOutputStream:75 - [STDERR_REDIRECT] [Fatal Error] :1:1: Premature end of file.
2026-01-21 21:33:06,624 [ERROR] LogOutputStream:75 - [STDERR_REDIRECT] 
2026-01-21 21:33:07,625 [ERROR] LogOutputStream:75 - [STDERR_REDIRECT] [Fatal Error] :1:1: Premature end of file.
2026-01-21 21:33:07,625 [ERROR] LogOutputStream:75 - [STDERR_REDIRECT] 
2026-01-21 21:33:08,636 [ERROR] LogOutputStream:75 - [STDERR_REDIRECT] [Fatal Error] :1:1: Premature end of file.
2026-01-21 21:33:08,636 [ERROR] LogOutputStream:75 - [STDERR_REDIRECT] 
2026-01-21 21:33:09,640 [ERROR] LogOutputStream:75 - [STDERR_REDIRECT] [Fatal Error] :1:1: Premature end of file.
2026-01-21 21:33:09,640 [ERROR] LogOutputStream:75 - [STDERR_REDIRECT] 
2026-01-21 21:33:10,624 [ERROR] LogOutputStream:75 - [STDERR_REDIRECT] [Fatal Error] :1:1: Premature end of file.
2026-01-21 21:33:10,624 [ERROR] LogOutputStream:75 - [STDERR_REDIRECT] 
2026-01-21 21:33:11,628 [ERROR] LogOutputStream:75 - [STDERR_REDIRECT] [Fatal Error] :1:1: Premature end of file.
2026-01-21 21:33:11,628 [ERROR] LogOutputStream:75 - [STDERR_REDIRECT] 
2026-01-21 21:33:12,636 [ERROR] LogOutputStream:75 - [STDERR_REDIRECT] [Fatal Error] :1:1: Premature end of file.
2026-01-21 21:33:12,636 [ERROR] LogOutputStream:75 - [STDERR_REDIRECT] 
2026-01-21 21:33:13,624 [ERROR] LogOutputStream:75 - [STDERR_REDIRECT] [Fatal Error] :1:1: Premature end of file.
2026-01-21 21:33:13,624 [ERROR] LogOutputStream:75 - [STDERR_REDIRECT] 
2026-01-21 21:33:14,633 [ERROR] LogOutputStream:75 - [STDERR_REDIRECT] [Fatal Error] :1:1: Premature end of file.
2026-01-21 21:33:14,633 [ERROR] LogOutputStream:75 - [STDERR_REDIRECT] 
2026-01-21 21:33:15,639 [ERROR] LogOutputStream:75 - [STDERR_REDIRECT] [Fatal Error] :1:1: Premature end of file.
2026-01-21 21:33:15,639 [ERROR] LogOutputStream:75 - [STDERR_REDIRECT] 
2026-01-21 21:33:16,626 [ERROR] LogOutputStream:75 - [STDERR_REDIRECT] [Fatal Error] :1:1: Premature end of file.
2026-01-21 21:33:16,626 [ERROR] LogOutputStream:75 - [STDERR_REDIRECT] 
2026-01-21 21:33:17,632 [ERROR] LogOutputStream:75 - [STDERR_REDIRECT] [Fatal Error] :1:1: Premature end of file.
2026-01-21 21:33:17,632 [ERROR] LogOutputStream:75 - [STDERR_REDIRECT] 
2026-01-21 21:33:18,628 [ERROR] LogOutputStream:75 - [STDERR_REDIRECT] [Fatal Error] :1:1: Premature end of file.
2026-01-21 21:33:18,628 [ERROR] LogOutputStream:75 - [STDERR_REDIRECT] 
2026-01-21 21:33:19,630 [ERROR] LogOutputStream:75 - [STDERR_REDIRECT] [Fatal Error] :1:1: Premature end of file.
2026-01-21 21:33:19,630 [ERROR] LogOutputStream:75 - [STDERR_REDIRECT] 
2026-01-21 21:33:20,627 [ERROR] LogOutputStream:75 - [STDERR_REDIRECT] [Fatal Error] :1:1: Premature end of file.
2026-01-21 21:33:20,627 [ERROR] LogOutputStream:75 - [STDERR_REDIRECT] 
2026-01-21 21:33:21,624 [ERROR] LogOutputStream:75 - [STDERR_REDIRECT] [Fatal Error] :1:1: Premature end of file.
2026-01-21 21:33:21,624 [ERROR] LogOutputStream:75 - [STDERR_REDIRECT] 
2026-01-21 21:33:22,633 [ERROR] LogOutputStream:75 - [STDERR_REDIRECT] [Fatal Error] :1:1: Premature end of file.
2026-01-21 21:33:22,633 [ERROR] LogOutputStream:75 - [STDERR_REDIRECT] 
2026-01-21 21:33:23,622 [ERROR] LogOutputStream:75 - [STDERR_REDIRECT] [Fatal Error] :1:1: Premature end of file.
2026-01-21 21:33:23,622 [ERROR] LogOutputStream:75 - [STDERR_REDIRECT] 
2026-01-21 21:33:24,627 [ERROR] LogOutputStream:75 - [STDERR_REDIRECT] [Fatal Error] :1:1: Premature end of file.
2026-01-21 21:33:24,627 [ERROR] LogOutputStream:75 - [STDERR_REDIRECT] 
2026-01-21 21:33:25,625 [ERROR] LogOutputStream:75 - [STDERR_REDIRECT] [Fatal Error] :1:1: Premature end of file.
2026-01-21 21:33:25,625 [ERROR] LogOutputStream:75 - [STDERR_REDIRECT] 
2026-01-21 21:33:26,634 [ERROR] LogOutputStream:75 - [STDERR_REDIRECT] [Fatal Error] :1:1: Premature end of file.
2026-01-21 21:33:26,634 [ERROR] LogOutputStream:75 - [STDERR_REDIRECT] 
2026-01-21 21:33:27,623 [ERROR] LogOutputStream:75 - [STDERR_REDIRECT] [Fatal Error] :1:1: Premature end of file.
2026-01-21 21:33:27,623 [ERROR] LogOutputStream:75 - [STDERR_REDIRECT] 
2026-01-21 21:33:28,626 [ERROR] LogOutputStream:75 - [STDERR_REDIRECT] [Fatal Error] :1:1: Premature end of file.
2026-01-21 21:33:28,626 [ERROR] LogOutputStream:75 - [STDERR_REDIRECT] 
2026-01-21 21:33:29,624 [ERROR] LogOutputStream:75 - [STDERR_REDIRECT] [Fatal Error] :1:1: Premature end of file.
2026-01-21 21:33:29,624 [ERROR] LogOutputStream:75 - [STDERR_REDIRECT] 
2026-01-21 21:33:30,631 [ERROR] LogOutputStream:75 - [STDERR_REDIRECT] [Fatal Error] :1:1: Premature end of file.
2026-01-21 21:33:30,631 [ERROR] LogOutputStream:75 - [STDERR_REDIRECT] 
2026-01-21 21:33:31,635 [ERROR] LogOutputStream:75 - [STDERR_REDIRECT] [Fatal Error] :1:1: Premature end of file.
2026-01-21 21:33:31,635 [ERROR] LogOutputStream:75 - [STDERR_REDIRECT] 
2026-01-21 21:33:32,623 [ERROR] LogOutputStream:75 - [STDERR_REDIRECT] [Fatal Error] :1:1: Premature end of file.
2026-01-21 21:33:32,623 [ERROR] LogOutputStream:75 - [STDERR_REDIRECT] 
2026-01-21 21:33:33,625 [ERROR] LogOutputStream:75 - [STDERR_REDIRECT] [Fatal Error] :1:1: Premature end of file.
2026-01-21 21:33:33,625 [ERROR] LogOutputStream:75 - [STDERR_REDIRECT] 
2026-01-21 21:33:34,626 [ERROR] LogOutputStream:75 - [STDERR_REDIRECT] [Fatal Error] :1:1: Premature end of file.
2026-01-21 21:33:34,626 [ERROR] LogOutputStream:75 - [STDERR_REDIRECT] 
2026-01-21 21:33:35,626 [ERROR] LogOutputStream:75 - [STDERR_REDIRECT] [Fatal Error] :1:1: Premature end of file.
2026-01-21 21:33:35,626 [ERROR] LogOutputStream:75 - [STDERR_REDIRECT] 
2026-01-21 21:33:36,624 [ERROR] LogOutputStream:75 - [STDERR_REDIRECT] [Fatal Error] :1:1: Premature end of file.
2026-01-21 21:33:36,624 [ERROR] LogOutputStream:75 - [STDERR_REDIRECT] 
2026-01-21 21:33:37,625 [ERROR] LogOutputStream:75 - [STDERR_REDIRECT] [Fatal Error] :1:1: Premature end of file.
2026-01-21 21:33:37,625 [ERROR] LogOutputStream:75 - [STDERR_REDIRECT] 
2026-01-21 21:33:38,635 [ERROR] LogOutputStream:75 - [STDERR_REDIRECT] [Fatal Error] :1:1: Premature end of file.
2026-01-21 21:33:38,635 [ERROR] LogOutputStream:75 - [STDERR_REDIRECT] 
2026-01-21 21:33:39,628 [ERROR] LogOutputStream:75 - [STDERR_REDIRECT] [Fatal Error] :1:1: Premature end of file.
2026-01-21 21:33:39,628 [ERROR] LogOutputStream:75 - [STDERR_REDIRECT] 
2026-01-21 21:33:40,626 [ERROR] LogOutputStream:75 - [STDERR_REDIRECT] [Fatal Error] :1:1: Premature end of file.
2026-01-21 21:33:40,626 [ERROR] LogOutputStream:75 - [STDERR_REDIRECT] 
2026-01-21 21:33:41,625 [ERROR] LogOutputStream:75 - [STDERR_REDIRECT] [Fatal Error] :1:1: Premature end of file.
2026-01-21 21:33:41,625 [ERROR] LogOutputStream:75 - [STDERR_REDIRECT] 
2026-01-21 21:33:42,624 [ERROR] LogOutputStream:75 - [STDERR_REDIRECT] [Fatal Error] :1:1: Premature end of file.
2026-01-21 21:33:42,624 [ERROR] LogOutputStream:75 - [STDERR_REDIRECT] 
2026-01-21 21:33:43,624 [ERROR] LogOutputStream:75 - [STDERR_REDIRECT] [Fatal Error] :1:1: Premature end of file.
2026-01-21 21:33:43,624 [ERROR] LogOutputStream:75 - [STDERR_REDIRECT] 
2026-01-21 21:33:44,624 [ERROR] LogOutputStream:75 - [STDERR_REDIRECT] [Fatal Error] :1:1: Premature end of file.
2026-01-21 21:33:44,624 [ERROR] LogOutputStream:75 - [STDERR_REDIRECT] 
2026-01-21 21:33:45,624 [ERROR] LogOutputStream:75 - [STDERR_REDIRECT] [Fatal Error] :1:1: Premature end of file.
2026-01-21 21:33:45,624 [ERROR] LogOutputStream:75 - [STDERR_REDIRECT] 
2026-01-21 21:33:46,625 [ERROR] LogOutputStream:75 - [STDERR_REDIRECT] [Fatal Error] :1:1: Premature end of file.
2026-01-21 21:33:46,625 [ERROR] LogOutputStream:75 - [STDERR_REDIRECT] 
2026-01-21 21:33:47,624 [ERROR] LogOutputStream:75 - [STDERR_REDIRECT] [Fatal Error] :1:1: Premature end of file.
2026-01-21 21:33:47,624 [ERROR] LogOutputStream:75 - [STDERR_REDIRECT] 
2026-01-21 21:33:48,628 [ERROR] LogOutputStream:75 - [STDERR_REDIRECT] [Fatal Error] :1:1: Premature end of file.
2026-01-21 21:33:48,628 [ERROR] LogOutputStream:75 - [STDERR_REDIRECT] 
2026-01-21 21:33:49,624 [ERROR] LogOutputStream:75 - [STDERR_REDIRECT] [Fatal Error] :1:1: Premature end of file.
2026-01-21 21:33:49,624 [ERROR] LogOutputStream:75 - [STDERR_REDIRECT] 
2026-01-21 21:33:50,645 [ERROR] LogOutputStream:75 - [STDERR_REDIRECT] [Fatal Error] :1:1: Premature end of file.
2026-01-21 21:33:50,645 [ERROR] LogOutputStream:75 - [STDERR_REDIRECT] 
2026-01-21 21:33:51,625 [ERROR] LogOutputStream:75 - [STDERR_REDIRECT] [Fatal Error] :1:1: Premature end of file.
2026-01-21 21:33:51,625 [ERROR] LogOutputStream:75 - [STDERR_REDIRECT] 
2026-01-21 21:33:52,625 [ERROR] LogOutputStream:75 - [STDERR_REDIRECT] [Fatal Error] :1:1: Premature end of file.
2026-01-21 21:33:52,625 [ERROR] LogOutputStream:75 - [STDERR_REDIRECT] 
2026-01-21 21:33:53,624 [ERROR] LogOutputStream:75 - [STDERR_REDIRECT] [Fatal Error] :1:1: Premature end of file.
2026-01-21 21:33:53,624 [ERROR] LogOutputStream:75 - [STDERR_REDIRECT] 
2026-01-21 21:33:54,625 [ERROR] LogOutputStream:75 - [STDERR_REDIRECT] [Fatal Error] :1:1: Premature end of file.
2026-01-21 21:33:54,625 [ERROR] LogOutputStream:75 - [STDERR_REDIRECT] 
2026-01-21 21:33:55,625 [ERROR] LogOutputStream:75 - [STDERR_REDIRECT] [Fatal Error] :1:1: Premature end of file.
2026-01-21 21:33:55,625 [ERROR] LogOutputStream:75 - [STDERR_REDIRECT] 
2026-01-21 21:33:56,624 [ERROR] LogOutputStream:75 - [STDERR_REDIRECT] [Fatal Error] :1:1: Premature end of file.
2026-01-21 21:33:56,624 [ERROR] LogOutputStream:75 - [STDERR_REDIRECT] 
2026-01-21 21:33:57,630 [ERROR] LogOutputStream:75 - [STDERR_REDIRECT] [Fatal Error] :1:1: Premature end of file.
2026-01-21 21:33:57,630 [ERROR] LogOutputStream:75 - [STDERR_REDIRECT] 
2026-01-21 21:33:58,624 [ERROR] LogOutputStream:75 - [STDERR_REDIRECT] [Fatal Error] :1:1: Premature end of file.
2026-01-21 21:33:58,624 [ERROR] LogOutputStream:75 - [STDERR_REDIRECT] 
2026-01-21 21:33:59,638 [ERROR] LogOutputStream:75 - [STDERR_REDIRECT] [Fatal Error] :1:1: Premature end of file.
2026-01-21 21:33:59,638 [ERROR] LogOutputStream:75 - [STDERR_REDIRECT] 
2026-01-21 21:34:00,633 [ERROR] LogOutputStream:75 - [STDERR_REDIRECT] [Fatal Error] :1:1: Premature end of file.
2026-01-21 21:34:00,633 [ERROR] LogOutputStream:75 - [STDERR_REDIRECT] 
2026-01-21 21:34:01,626 [ERROR] LogOutputStream:75 - [STDERR_REDIRECT] [Fatal Error] :1:1: Premature end of file.
2026-01-21 21:34:01,626 [ERROR] LogOutputStream:75 - [STDERR_REDIRECT] 
2026-01-21 21:34:02,626 [ERROR] LogOutputStream:75 - [STDERR_REDIRECT] [Fatal Error] :1:1: Premature end of file.
2026-01-21 21:34:02,626 [ERROR] LogOutputStream:75 - [STDERR_REDIRECT] 
2026-01-21 21:34:03,628 [ERROR] LogOutputStream:75 - [STDERR_REDIRECT] [Fatal Error] :1:1: Premature end of file.
2026-01-21 21:34:03,628 [ERROR] LogOutputStream:75 - [STDERR_REDIRECT] 
2026-01-21 21:34:04,626 [ERROR] LogOutputStream:75 - [STDERR_REDIRECT] [Fatal Error] :1:1: Premature end of file.
2026-01-21 21:34:04,626 [ERROR] LogOutputStream:75 - [STDERR_REDIRECT] 
2026-01-21 21:34:05,627 [ERROR] LogOutputStream:75 - [STDERR_REDIRECT] [Fatal Error] :1:1: Premature end of file.
2026-01-21 21:34:05,627 [ERROR] LogOutputStream:75 - [STDERR_REDIRECT] 
2026-01-21 21:34:06,626 [ERROR] LogOutputStream:75 - [STDERR_REDIRECT] [Fatal Error] :1:1: Premature end of file.
2026-01-21 21:34:06,626 [ERROR] LogOutputStream:75 - [STDERR_REDIRECT] 
2026-01-21 21:34:07,626 [ERROR] LogOutputStream:75 - [STDERR_REDIRECT] [Fatal Error] :1:1: Premature end of file.
2026-01-21 21:34:07,626 [ERROR] LogOutputStream:75 - [STDERR_REDIRECT] 
2026-01-21 21:34:08,633 [ERROR] LogOutputStream:75 - [STDERR_REDIRECT] [Fatal Error] :1:1: Premature end of file.
2026-01-21 21:34:08,633 [ERROR] LogOutputStream:75 - [STDERR_REDIRECT] 
2026-01-21 21:34:09,623 [ERROR] LogOutputStream:75 - [STDERR_REDIRECT] [Fatal Error] :1:1: Premature end of file.
2026-01-21 21:34:09,623 [ERROR] LogOutputStream:75 - [STDERR_REDIRECT] 
2026-01-21 21:34:10,622 [ERROR] LogOutputStream:75 - [STDERR_REDIRECT] [Fatal Error] :1:1: Premature end of file.
2026-01-21 21:34:10,622 [ERROR] LogOutputStream:75 - [STDERR_REDIRECT] 
2026-01-21 21:34:11,623 [ERROR] LogOutputStream:75 - [STDERR_REDIRECT] [Fatal Error] :1:1: Premature end of file.
2026-01-21 21:34:11,623 [ERROR] LogOutputStream:75 - [STDERR_REDIRECT] 
2026-01-21 21:34:12,626 [ERROR] LogOutputStream:75 - [STDERR_REDIRECT] [Fatal Error] :1:1: Premature end of file.
2026-01-21 21:34:12,626 [ERROR] LogOutputStream:75 - [STDERR_REDIRECT] 
2026-01-21 21:34:13,623 [ERROR] LogOutputStream:75 - [STDERR_REDIRECT] [Fatal Error] :1:1: Premature end of file.
2026-01-21 21:34:13,623 [ERROR] LogOutputStream:75 - [STDERR_REDIRECT] 
2026-01-21 21:34:14,626 [ERROR] LogOutputStream:75 - [STDERR_REDIRECT] [Fatal Error] :1:1: Premature end of file.
2026-01-21 21:34:14,626 [ERROR] LogOutputStream:75 - [STDERR_REDIRECT] 
2026-01-21 21:34:15,636 [ERROR] LogOutputStream:75 - [STDERR_REDIRECT] [Fatal Error] :1:1: Premature end of file.
2026-01-21 21:34:15,636 [ERROR] LogOutputStream:75 - [STDERR_REDIRECT] 
2026-01-21 21:34:16,621 [ERROR] LogOutputStream:75 - [STDERR_REDIRECT] [Fatal Error] :1:1: Premature end of file.
2026-01-21 21:34:16,621 [ERROR] LogOutputStream:75 - [STDERR_REDIRECT] 
2026-01-21 21:34:17,636 [ERROR] LogOutputStream:75 - [STDERR_REDIRECT] [Fatal Error] :1:1: Premature end of file.
2026-01-21 21:34:17,636 [ERROR] LogOutputStream:75 - [STDERR_REDIRECT] 
2026-01-21 21:34:18,622 [ERROR] LogOutputStream:75 - [STDERR_REDIRECT] [Fatal Error] :1:1: Premature end of file.
2026-01-21 21:34:18,622 [ERROR] LogOutputStream:75 - [STDERR_REDIRECT] 
2026-01-21 21:34:19,624 [ERROR] LogOutputStream:75 - [STDERR_REDIRECT] [Fatal Error] :1:1: Premature end of file.
2026-01-21 21:34:19,624 [ERROR] LogOutputStream:75 - [STDERR_REDIRECT] 
2026-01-21 21:34:20,623 [ERROR] LogOutputStream:75 - [STDERR_REDIRECT] [Fatal Error] :1:1: Premature end of file.
2026-01-21 21:34:20,623 [ERROR] LogOutputStream:75 - [STDERR_REDIRECT] 
2026-01-21 21:34:21,622 [ERROR] LogOutputStream:75 - [STDERR_REDIRECT] [Fatal Error] :1:1: Premature end of file.
2026-01-21 21:34:21,622 [ERROR] LogOutputStream:75 - [STDERR_REDIRECT] 
2026-01-21 21:34:22,610 [ERROR] LogOutputStream:75 - [STDERR_REDIRECT] [Fatal Error] :1:1: Premature end of file.
2026-01-21 21:34:22,610 [ERROR] LogOutputStream:75 - [STDERR_REDIRECT] 
2026-01-21 21:34:23,639 [ERROR] LogOutputStream:75 - [STDERR_REDIRECT] [Fatal Error] :1:1: Premature end of file.
2026-01-21 21:34:23,639 [ERROR] LogOutputStream:75 - [STDERR_REDIRECT] 
2026-01-21 21:34:24,620 [ERROR] LogOutputStream:75 - [STDERR_REDIRECT] [Fatal Error] :1:1: Premature end of file.
2026-01-21 21:34:24,620 [ERROR] LogOutputStream:75 - [STDERR_REDIRECT] 
2026-01-21 21:34:25,622 [ERROR] LogOutputStream:75 - [STDERR_REDIRECT] [Fatal Error] :1:1: Premature end of file.
2026-01-21 21:34:25,622 [ERROR] LogOutputStream:75 - [STDERR_REDIRECT] 
2026-01-21 21:34:26,637 [ERROR] LogOutputStream:75 - [STDERR_REDIRECT] [Fatal Error] :1:1: Premature end of file.
2026-01-21 21:34:26,637 [ERROR] LogOutputStream:75 - [STDERR_REDIRECT] 
2026-01-21 21:34:27,626 [ERROR] LogOutputStream:75 - [STDERR_REDIRECT] [Fatal Error] :1:1: Premature end of file.
2026-01-21 21:34:27,626 [ERROR] LogOutputStream:75 - [STDERR_REDIRECT] 
2026-01-21 21:34:28,624 [ERROR] LogOutputStream:75 - [STDERR_REDIRECT] [Fatal Error] :1:1: Premature end of file.
2026-01-21 21:34:28,624 [ERROR] LogOutputStream:75 - [STDERR_REDIRECT] 
2026-01-21 21:34:29,621 [ERROR] LogOutputStream:75 - [STDERR_REDIRECT] [Fatal Error] :1:1: Premature end of file.
2026-01-21 21:34:29,621 [ERROR] LogOutputStream:75 - [STDERR_REDIRECT] 
2026-01-21 21:34:30,627 [ERROR] LogOutputStream:75 - [STDERR_REDIRECT] [Fatal Error] :1:1: Premature end of file.
2026-01-21 21:34:30,627 [ERROR] LogOutputStream:75 - [STDERR_REDIRECT] 
2026-01-21 21:34:31,638 [ERROR] LogOutputStream:75 - [STDERR_REDIRECT] [Fatal Error] :1:1: Premature end of file.
2026-01-21 21:34:31,638 [ERROR] LogOutputStream:75 - [STDERR_REDIRECT] 
2026-01-21 21:34:32,634 [ERROR] LogOutputStream:75 - [STDERR_REDIRECT] [Fatal Error] :1:1: Premature end of file.
2026-01-21 21:34:32,634 [ERROR] LogOutputStream:75 - [STDERR_REDIRECT] 
2026-01-21 21:34:33,629 [ERROR] LogOutputStream:75 - [STDERR_REDIRECT] [Fatal Error] :1:1: Premature end of file.
2026-01-21 21:34:33,629 [ERROR] LogOutputStream:75 - [STDERR_REDIRECT] 
2026-01-21 21:34:34,625 [ERROR] LogOutputStream:75 - [STDERR_REDIRECT] [Fatal Error] :1:1: Premature end of file.
2026-01-21 21:34:34,625 [ERROR] LogOutputStream:75 - [STDERR_REDIRECT] 
2026-01-21 21:34:35,627 [ERROR] LogOutputStream:75 - [STDERR_REDIRECT] [Fatal Error] :1:1: Premature end of file.
2026-01-21 21:34:35,627 [ERROR] LogOutputStream:75 - [STDERR_REDIRECT] 
2026-01-21 21:34:36,628 [ERROR] LogOutputStream:75 - [STDERR_REDIRECT] [Fatal Error] :1:1: Premature end of file.
2026-01-21 21:34:36,628 [ERROR] LogOutputStream:75 - [STDERR_REDIRECT] 
2026-01-21 21:34:37,623 [ERROR] LogOutputStream:75 - [STDERR_REDIRECT] [Fatal Error] :1:1: Premature end of file.
2026-01-21 21:34:37,623 [ERROR] LogOutputStream:75 - [STDERR_REDIRECT] 
2026-01-21 21:34:38,631 [ERROR] LogOutputStream:75 - [STDERR_REDIRECT] [Fatal Error] :1:1: Premature end of file.
2026-01-21 21:34:38,631 [ERROR] LogOutputStream:75 - [STDERR_REDIRECT] 
2026-01-21 21:34:39,631 [ERROR] LogOutputStream:75 - [STDERR_REDIRECT] [Fatal Error] :1:1: Premature end of file.
2026-01-21 21:34:39,631 [ERROR] LogOutputStream:75 - [STDERR_REDIRECT] 
2026-01-21 21:34:40,636 [ERROR] LogOutputStream:75 - [STDERR_REDIRECT] [Fatal Error] :1:1: Premature end of file.
2026-01-21 21:34:40,636 [ERROR] LogOutputStream:75 - [STDERR_REDIRECT] 
2026-01-21 21:34:41,616 [ERROR] LogOutputStream:75 - [STDERR_REDIRECT] [Fatal Error] :1:1: Premature end of file.
2026-01-21 21:34:41,616 [ERROR] LogOutputStream:75 - [STDERR_REDIRECT] 
2026-01-21 21:34:42,612 [ERROR] LogOutputStream:75 - [STDERR_REDIRECT] [Fatal Error] :1:1: Premature end of file.
2026-01-21 21:34:42,612 [ERROR] LogOutputStream:75 - [STDERR_REDIRECT] 
2026-01-21 21:34:43,611 [ERROR] LogOutputStream:75 - [STDERR_REDIRECT] [Fatal Error] :1:1: Premature end of file.
2026-01-21 21:34:43,611 [ERROR] LogOutputStream:75 - [STDERR_REDIRECT] 
2026-01-21 21:34:44,628 [ERROR] LogOutputStream:75 - [STDERR_REDIRECT] [Fatal Error] :1:1: Premature end of file.
2026-01-21 21:34:44,628 [ERROR] LogOutputStream:75 - [STDERR_REDIRECT] 
2026-01-21 21:34:45,628 [ERROR] LogOutputStream:75 - [STDERR_REDIRECT] [Fatal Error] :1:1: Premature end of file.
2026-01-21 21:34:45,628 [ERROR] LogOutputStream:75 - [STDERR_REDIRECT] 
2026-01-21 21:34:46,628 [ERROR] LogOutputStream:75 - [STDERR_REDIRECT] [Fatal Error] :1:1: Premature end of file.
2026-01-21 21:34:46,628 [ERROR] LogOutputStream:75 - [STDERR_REDIRECT] 
2026-01-21 21:34:47,628 [ERROR] LogOutputStream:75 - [STDERR_REDIRECT] [Fatal Error] :1:1: Premature end of file.
2026-01-21 21:34:47,628 [ERROR] LogOutputStream:75 - [STDERR_REDIRECT] 
2026-01-21 21:34:48,628 [ERROR] LogOutputStream:75 - [STDERR_REDIRECT] [Fatal Error] :1:1: Premature end of file.
2026-01-21 21:34:48,628 [ERROR] LogOutputStream:75 - [STDERR_REDIRECT] 
2026-01-21 21:34:49,624 [ERROR] LogOutputStream:75 - [STDERR_REDIRECT] [Fatal Error] :1:1: Premature end of file.
2026-01-21 21:34:49,624 [ERROR] LogOutputStream:75 - [STDERR_REDIRECT] 
2026-01-21 21:34:50,634 [ERROR] LogOutputStream:75 - [STDERR_REDIRECT] [Fatal Error] :1:1: Premature end of file.
2026-01-21 21:34:50,634 [ERROR] LogOutputStream:75 - [STDERR_REDIRECT] 
2026-01-21 21:34:51,634 [ERROR] LogOutputStream:75 - [STDERR_REDIRECT] [Fatal Error] :1:1: Premature end of file.
2026-01-21 21:34:51,634 [ERROR] LogOutputStream:75 - [STDERR_REDIRECT] 
2026-01-21 21:34:52,637 [ERROR] LogOutputStream:75 - [STDERR_REDIRECT] [Fatal Error] :1:1: Premature end of file.
2026-01-21 21:34:52,637 [ERROR] LogOutputStream:75 - [STDERR_REDIRECT] 
2026-01-21 21:34:53,625 [ERROR] LogOutputStream:75 - [STDERR_REDIRECT] [Fatal Error] :1:1: Premature end of file.
2026-01-21 21:34:53,625 [ERROR] LogOutputStream:75 - [STDERR_REDIRECT] 
2026-01-21 21:34:54,624 [ERROR] LogOutputStream:75 - [STDERR_REDIRECT] [Fatal Error] :1:1: Premature end of file.
2026-01-21 21:34:54,624 [ERROR] LogOutputStream:75 - [STDERR_REDIRECT] 
2026-01-21 21:34:55,628 [ERROR] LogOutputStream:75 - [STDERR_REDIRECT] [Fatal Error] :1:1: Premature end of file.
2026-01-21 21:34:55,628 [ERROR] LogOutputStream:75 - [STDERR_REDIRECT] 
2026-01-21 21:34:56,628 [ERROR] LogOutputStream:75 - [STDERR_REDIRECT] [Fatal Error] :1:1: Premature end of file.
2026-01-21 21:34:56,628 [ERROR] LogOutputStream:75 - [STDERR_REDIRECT] 
2026-01-21 21:34:57,628 [ERROR] LogOutputStream:75 - [STDERR_REDIRECT] [Fatal Error] :1:1: Premature end of file.
2026-01-21 21:34:57,628 [ERROR] LogOutputStream:75 - [STDERR_REDIRECT] 
2026-01-21 21:34:58,628 [ERROR] LogOutputStream:75 - [STDERR_REDIRECT] [Fatal Error] :1:1: Premature end of file.
2026-01-21 21:34:58,628 [ERROR] LogOutputStream:75 - [STDERR_REDIRECT] 
2026-01-21 21:34:59,628 [ERROR] LogOutputStream:75 - [STDERR_REDIRECT] [Fatal Error] :1:1: Premature end of file.
2026-01-21 21:34:59,628 [ERROR] LogOutputStream:75 - [STDERR_REDIRECT] 
2026-01-21 21:35:00,629 [ERROR] LogOutputStream:75 - [STDERR_REDIRECT] [Fatal Error] :1:1: Premature end of file.
2026-01-21 21:35:00,629 [ERROR] LogOutputStream:75 - [STDERR_REDIRECT] 
2026-01-21 21:35:01,626 [ERROR] LogOutputStream:75 - [STDERR_REDIRECT] [Fatal Error] :1:1: Premature end of file.
2026-01-21 21:35:01,627 [ERROR] LogOutputStream:75 - [STDERR_REDIRECT] 
2026-01-21 21:35:02,629 [ERROR] LogOutputStream:75 - [STDERR_REDIRECT] [Fatal Error] :1:1: Premature end of file.
2026-01-21 21:35:02,629 [ERROR] LogOutputStream:75 - [STDERR_REDIRECT] 
2026-01-21 21:35:03,628 [ERROR] LogOutputStream:75 - [STDERR_REDIRECT] [Fatal Error] :1:1: Premature end of file.
2026-01-21 21:35:03,628 [ERROR] LogOutputStream:75 - [STDERR_REDIRECT] 
2026-01-21 21:35:04,629 [ERROR] LogOutputStream:75 - [STDERR_REDIRECT] [Fatal Error] :1:1: Premature end of file.
2026-01-21 21:35:04,629 [ERROR] LogOutputStream:75 - [STDERR_REDIRECT] 
2026-01-21 21:35:05,620 [ERROR] LogOutputStream:75 - [STDERR_REDIRECT] [Fatal Error] :1:1: Premature end of file.
2026-01-21 21:35:05,620 [ERROR] LogOutputStream:75 - [STDERR_REDIRECT] 
2026-01-21 21:35:06,624 [ERROR] LogOutputStream:75 - [STDERR_REDIRECT] [Fatal Error] :1:1: Premature end of file.
2026-01-21 21:35:06,624 [ERROR] LogOutputStream:75 - [STDERR_REDIRECT] 
2026-01-21 21:35:07,625 [ERROR] LogOutputStream:75 - [STDERR_REDIRECT] [Fatal Error] :1:1: Premature end of file.
2026-01-21 21:35:07,625 [ERROR] LogOutputStream:75 - [STDERR_REDIRECT] 
2026-01-21 21:35:08,630 [ERROR] LogOutputStream:75 - [STDERR_REDIRECT] [Fatal Error] :1:1: Premature end of file.
2026-01-21 21:35:08,630 [ERROR] LogOutputStream:75 - [STDERR_REDIRECT] 
2026-01-21 21:35:09,631 [ERROR] LogOutputStream:75 - [STDERR_REDIRECT] [Fatal Error] :1:1: Premature end of file.
2026-01-21 21:35:09,631 [ERROR] LogOutputStream:75 - [STDERR_REDIRECT] 
2026-01-21 21:35:10,629 [ERROR] LogOutputStream:75 - [STDERR_REDIRECT] [Fatal Error] :1:1: Premature end of file.
2026-01-21 21:35:10,629 [ERROR] LogOutputStream:75 - [STDERR_REDIRECT] 
2026-01-21 21:35:11,629 [ERROR] LogOutputStream:75 - [STDERR_REDIRECT] [Fatal Error] :1:1: Premature end of file.
2026-01-21 21:35:11,629 [ERROR] LogOutputStream:75 - [STDERR_REDIRECT] 
2026-01-21 21:35:12,622 [ERROR] LogOutputStream:75 - [STDERR_REDIRECT] [Fatal Error] :1:1: Premature end of file.
2026-01-21 21:35:12,622 [ERROR] LogOutputStream:75 - [STDERR_REDIRECT] 
2026-01-21 21:35:13,626 [ERROR] LogOutputStream:75 - [STDERR_REDIRECT] [Fatal Error] :1:1: Premature end of file.
2026-01-21 21:35:13,626 [ERROR] LogOutputStream:75 - [STDERR_REDIRECT] 
2026-01-21 21:35:14,627 [ERROR] LogOutputStream:75 - [STDERR_REDIRECT] [Fatal Error] :1:1: Premature end of file.
2026-01-21 21:35:14,627 [ERROR] LogOutputStream:75 - [STDERR_REDIRECT] 
2026-01-21 21:35:15,631 [ERROR] LogOutputStream:75 - [STDERR_REDIRECT] [Fatal Error] :1:1: Premature end of file.
2026-01-21 21:35:15,631 [ERROR] LogOutputStream:75 - [STDERR_REDIRECT] 
2026-01-21 21:35:16,629 [ERROR] LogOutputStream:75 - [STDERR_REDIRECT] [Fatal Error] :1:1: Premature end of file.
2026-01-21 21:35:16,629 [ERROR] LogOutputStream:75 - [STDERR_REDIRECT] 
2026-01-21 21:35:17,629 [ERROR] LogOutputStream:75 - [STDERR_REDIRECT] [Fatal Error] :1:1: Premature end of file.
2026-01-21 21:35:17,629 [ERROR] LogOutputStream:75 - [STDERR_REDIRECT] 
2026-01-21 21:35:18,629 [ERROR] LogOutputStream:75 - [STDERR_REDIRECT] [Fatal Error] :1:1: Premature end of file.
2026-01-21 21:35:18,629 [ERROR] LogOutputStream:75 - [STDERR_REDIRECT] 
2026-01-21 21:35:19,633 [ERROR] LogOutputStream:75 - [STDERR_REDIRECT] [Fatal Error] :1:1: Premature end of file.
2026-01-21 21:35:19,633 [ERROR] LogOutputStream:75 - [STDERR_REDIRECT] 
2026-01-21 21:35:20,630 [ERROR] LogOutputStream:75 - [STDERR_REDIRECT] [Fatal Error] :1:1: Premature end of file.
2026-01-21 21:35:20,630 [ERROR] LogOutputStream:75 - [STDERR_REDIRECT] 
2026-01-21 21:35:21,628 [ERROR] LogOutputStream:75 - [STDERR_REDIRECT] [Fatal Error] :1:1: Premature end of file.
2026-01-21 21:35:21,628 [ERROR] LogOutputStream:75 - [STDERR_REDIRECT] 
2026-01-21 21:35:22,630 [ERROR] LogOutputStream:75 - [STDERR_REDIRECT] [Fatal Error] :1:1: Premature end of file.
2026-01-21 21:35:22,630 [ERROR] LogOutputStream:75 - [STDERR_REDIRECT] 
2026-01-21 21:35:23,624 [ERROR] LogOutputStream:75 - [STDERR_REDIRECT] [Fatal Error] :1:1: Premature end of file.
2026-01-21 21:35:23,624 [ERROR] LogOutputStream:75 - [STDERR_REDIRECT] 
2026-01-21 21:35:24,631 [ERROR] LogOutputStream:75 - [STDERR_REDIRECT] [Fatal Error] :1:1: Premature end of file.
2026-01-21 21:35:24,631 [ERROR] LogOutputStream:75 - [STDERR_REDIRECT] 
2026-01-21 21:35:25,630 [ERROR] LogOutputStream:75 - [STDERR_REDIRECT] [Fatal Error] :1:1: Premature end of file.
2026-01-21 21:35:25,630 [ERROR] LogOutputStream:75 - [STDERR_REDIRECT] 
2026-01-21 21:35:26,630 [ERROR] LogOutputStream:75 - [STDERR_REDIRECT] [Fatal Error] :1:1: Premature end of file.
2026-01-21 21:35:26,630 [ERROR] LogOutputStream:75 - [STDERR_REDIRECT] 
2026-01-21 21:35:27,624 [ERROR] LogOutputStream:75 - [STDERR_REDIRECT] [Fatal Error] :1:1: Premature end of file.
2026-01-21 21:35:27,624 [ERROR] LogOutputStream:75 - [STDERR_REDIRECT] 
2026-01-21 21:35:28,631 [ERROR] LogOutputStream:75 - [STDERR_REDIRECT] [Fatal Error] :1:1: Premature end of file.
2026-01-21 21:35:28,631 [ERROR] LogOutputStream:75 - [STDERR_REDIRECT] 
2026-01-21 21:35:29,630 [ERROR] LogOutputStream:75 - [STDERR_REDIRECT] [Fatal Error] :1:1: Premature end of file.
2026-01-21 21:35:29,630 [ERROR] LogOutputStream:75 - [STDERR_REDIRECT] 
2026-01-21 21:35:30,630 [ERROR] LogOutputStream:75 - [STDERR_REDIRECT] [Fatal Error] :1:1: Premature end of file.
2026-01-21 21:35:30,630 [ERROR] LogOutputStream:75 - [STDERR_REDIRECT] 
2026-01-21 21:35:31,630 [ERROR] LogOutputStream:75 - [STDERR_REDIRECT] [Fatal Error] :1:1: Premature end of file.
2026-01-21 21:35:31,630 [ERROR] LogOutputStream:75 - [STDERR_REDIRECT] 
2026-01-21 21:35:32,631 [ERROR] LogOutputStream:75 - [STDERR_REDIRECT] [Fatal Error] :1:1: Premature end of file.
2026-01-21 21:35:32,631 [ERROR] LogOutputStream:75 - [STDERR_REDIRECT] 
2026-01-21 21:35:33,626 [ERROR] LogOutputStream:75 - [STDERR_REDIRECT] [Fatal Error] :1:1: Premature end of file.
2026-01-21 21:35:33,626 [ERROR] LogOutputStream:75 - [STDERR_REDIRECT] 
2026-01-21 21:35:34,633 [ERROR] LogOutputStream:75 - [STDERR_REDIRECT] [Fatal Error] :1:1: Premature end of file.
2026-01-21 21:35:34,633 [ERROR] LogOutputStream:75 - [STDERR_REDIRECT] 
2026-01-21 21:35:35,624 [ERROR] LogOutputStream:75 - [STDERR_REDIRECT] [Fatal Error] :1:1: Premature end of file.
2026-01-21 21:35:35,624 [ERROR] LogOutputStream:75 - [STDERR_REDIRECT] 
2026-01-21 21:35:36,631 [ERROR] LogOutputStream:75 - [STDERR_REDIRECT] [Fatal Error] :1:1: Premature end of file.
2026-01-21 21:35:36,631 [ERROR] LogOutputStream:75 - [STDERR_REDIRECT] 
2026-01-21 21:35:37,635 [ERROR] LogOutputStream:75 - [STDERR_REDIRECT] [Fatal Error] :1:1: Premature end of file.
2026-01-21 21:35:37,635 [ERROR] LogOutputStream:75 - [STDERR_REDIRECT] 
2026-01-21 21:35:38,627 [ERROR] LogOutputStream:75 - [STDERR_REDIRECT] [Fatal Error] :1:1: Premature end of file.
2026-01-21 21:35:38,627 [ERROR] LogOutputStream:75 - [STDERR_REDIRECT] 
2026-01-21 21:35:39,632 [ERROR] LogOutputStream:75 - [STDERR_REDIRECT] [Fatal Error] :1:1: Premature end of file.
2026-01-21 21:35:39,632 [ERROR] LogOutputStream:75 - [STDERR_REDIRECT] 
2026-01-21 21:35:40,634 [ERROR] LogOutputStream:75 - [STDERR_REDIRECT] [Fatal Error] :1:1: Premature end of file.
2026-01-21 21:35:40,634 [ERROR] LogOutputStream:75 - [STDERR_REDIRECT] 
2026-01-21 21:35:41,623 [ERROR] LogOutputStream:75 - [STDERR_REDIRECT] [Fatal Error] :1:1: Premature end of file.
2026-01-21 21:35:41,623 [ERROR] LogOutputStream:75 - [STDERR_REDIRECT] 
2026-01-21 21:35:42,628 [ERROR] LogOutputStream:75 - [STDERR_REDIRECT] [Fatal Error] :1:1: Premature end of file.
2026-01-21 21:35:42,628 [ERROR] LogOutputStream:75 - [STDERR_REDIRECT] 
2026-01-21 21:35:43,634 [ERROR] LogOutputStream:75 - [STDERR_REDIRECT] [Fatal Error] :1:1: Premature end of file.
2026-01-21 21:35:43,634 [ERROR] LogOutputStream:75 - [STDERR_REDIRECT] 
2026-01-21 21:35:44,624 [ERROR] LogOutputStream:75 - [STDERR_REDIRECT] [Fatal Error] :1:1: Premature end of file.
2026-01-21 21:35:44,624 [ERROR] LogOutputStream:75 - [STDERR_REDIRECT] 
2026-01-21 21:35:45,630 [ERROR] LogOutputStream:75 - [STDERR_REDIRECT] [Fatal Error] :1:1: Premature end of file.
2026-01-21 21:35:45,630 [ERROR] LogOutputStream:75 - [STDERR_REDIRECT] 
2026-01-21 21:35:46,637 [ERROR] LogOutputStream:75 - [STDERR_REDIRECT] [Fatal Error] :1:1: Premature end of file.
2026-01-21 21:35:46,637 [ERROR] LogOutputStream:75 - [STDERR_REDIRECT] 
2026-01-21 21:35:47,628 [ERROR] LogOutputStream:75 - [STDERR_REDIRECT] [Fatal Error] :1:1: Premature end of file.
2026-01-21 21:35:47,628 [ERROR] LogOutputStream:75 - [STDERR_REDIRECT] 
2026-01-21 21:35:48,635 [ERROR] LogOutputStream:75 - [STDERR_REDIRECT] [Fatal Error] :1:1: Premature end of file.
2026-01-21 21:35:48,635 [ERROR] LogOutputStream:75 - [STDERR_REDIRECT] 
2026-01-21 21:35:49,626 [ERROR] LogOutputStream:75 - [STDERR_REDIRECT] [Fatal Error] :1:1: Premature end of file.
2026-01-21 21:35:49,626 [ERROR] LogOutputStream:75 - [STDERR_REDIRECT] 
2026-01-21 21:35:50,632 [ERROR] LogOutputStream:75 - [STDERR_REDIRECT] [Fatal Error] :1:1: Premature end of file.
2026-01-21 21:35:50,632 [ERROR] LogOutputStream:75 - [STDERR_REDIRECT] 
2026-01-21 21:35:51,625 [ERROR] LogOutputStream:75 - [STDERR_REDIRECT] [Fatal Error] :1:1: Premature end of file.
2026-01-21 21:35:51,625 [ERROR] LogOutputStream:75 - [STDERR_REDIRECT] 
2026-01-21 21:35:52,630 [ERROR] LogOutputStream:75 - [STDERR_REDIRECT] [Fatal Error] :1:1: Premature end of file.
2026-01-21 21:35:52,630 [ERROR] LogOutputStream:75 - [STDERR_REDIRECT] 
2026-01-21 21:35:53,630 [ERROR] LogOutputStream:75 - [STDERR_REDIRECT] [Fatal Error] :1:1: Premature end of file.
2026-01-21 21:35:53,630 [ERROR] LogOutputStream:75 - [STDERR_REDIRECT] 
2026-01-21 21:35:54,634 [ERROR] LogOutputStream:75 - [STDERR_REDIRECT] [Fatal Error] :1:1: Premature end of file.
2026-01-21 21:35:54,634 [ERROR] LogOutputStream:75 - [STDERR_REDIRECT] 
2026-01-21 21:35:55,625 [ERROR] LogOutputStream:75 - [STDERR_REDIRECT] [Fatal Error] :1:1: Premature end of file.
2026-01-21 21:35:55,625 [ERROR] LogOutputStream:75 - [STDERR_REDIRECT] 
2026-01-21 21:35:56,636 [ERROR] LogOutputStream:75 - [STDERR_REDIRECT] [Fatal Error] :1:1: Premature end of file.
2026-01-21 21:35:56,636 [ERROR] LogOutputStream:75 - [STDERR_REDIRECT] 
2026-01-21 21:35:57,631 [ERROR] LogOutputStream:75 - [STDERR_REDIRECT] [Fatal Error] :1:1: Premature end of file.
2026-01-21 21:35:57,631 [ERROR] LogOutputStream:75 - [STDERR_REDIRECT] 
2026-01-21 21:35:58,636 [ERROR] LogOutputStream:75 - [STDERR_REDIRECT] [Fatal Error] :1:1: Premature end of file.
2026-01-21 21:35:58,636 [ERROR] LogOutputStream:75 - [STDERR_REDIRECT] 
2026-01-21 21:35:59,621 [ERROR] LogOutputStream:75 - [STDERR_REDIRECT] [Fatal Error] :1:1: Premature end of file.
2026-01-21 21:35:59,621 [ERROR] LogOutputStream:75 - [STDERR_REDIRECT] 
2026-01-21 21:36:00,628 [ERROR] LogOutputStream:75 - [STDERR_REDIRECT] [Fatal Error] :1:1: Premature end of file.
2026-01-21 21:36:00,628 [ERROR] LogOutputStream:75 - [STDERR_REDIRECT] 
2026-01-21 21:36:01,631 [ERROR] LogOutputStream:75 - [STDERR_REDIRECT] [Fatal Error] :1:1: Premature end of file.
2026-01-21 21:36:01,631 [ERROR] LogOutputStream:75 - [STDERR_REDIRECT] 
2026-01-21 21:36:02,628 [ERROR] LogOutputStream:75 - [STDERR_REDIRECT] [Fatal Error] :1:1: Premature end of file.
2026-01-21 21:36:02,628 [ERROR] LogOutputStream:75 - [STDERR_REDIRECT] 
2026-01-21 21:36:03,635 [ERROR] LogOutputStream:75 - [STDERR_REDIRECT] [Fatal Error] :1:1: Premature end of file.
2026-01-21 21:36:03,635 [ERROR] LogOutputStream:75 - [STDERR_REDIRECT] 
2026-01-21 21:36:04,625 [ERROR] LogOutputStream:75 - [STDERR_REDIRECT] [Fatal Error] :1:1: Premature end of file.
2026-01-21 21:36:04,625 [ERROR] LogOutputStream:75 - [STDERR_REDIRECT] 
2026-01-21 21:36:05,626 [ERROR] LogOutputStream:75 - [STDERR_REDIRECT] [Fatal Error] :1:1: Premature end of file.
2026-01-21 21:36:05,626 [ERROR] LogOutputStream:75 - [STDERR_REDIRECT] 
2026-01-21 21:36:06,631 [ERROR] LogOutputStream:75 - [STDERR_REDIRECT] [Fatal Error] :1:1: Premature end of file.
2026-01-21 21:36:06,631 [ERROR] LogOutputStream:75 - [STDERR_REDIRECT] 
2026-01-21 21:36:07,629 [ERROR] LogOutputStream:75 - [STDERR_REDIRECT] [Fatal Error] :1:1: Premature end of file.
2026-01-21 21:36:07,629 [ERROR] LogOutputStream:75 - [STDERR_REDIRECT] 
2026-01-21 21:36:08,631 [ERROR] LogOutputStream:75 - [STDERR_REDIRECT] [Fatal Error] :1:1: Premature end of file.
2026-01-21 21:36:08,631 [ERROR] LogOutputStream:75 - [STDERR_REDIRECT] 
2026-01-21 21:36:09,623 [ERROR] LogOutputStream:75 - [STDERR_REDIRECT] [Fatal Error] :1:1: Premature end of file.
2026-01-21 21:36:09,623 [ERROR] LogOutputStream:75 - [STDERR_REDIRECT] 
2026-01-21 21:36:10,629 [ERROR] LogOutputStream:75 - [STDERR_REDIRECT] [Fatal Error] :1:1: Premature end of file.
2026-01-21 21:36:10,629 [ERROR] LogOutputStream:75 - [STDERR_REDIRECT] 
2026-01-21 21:36:11,635 [ERROR] LogOutputStream:75 - [STDERR_REDIRECT] [Fatal Error] :1:1: Premature end of file.
2026-01-21 21:36:11,635 [ERROR] LogOutputStream:75 - [STDERR_REDIRECT] 
2026-01-21 21:36:12,626 [ERROR] LogOutputStream:75 - [STDERR_REDIRECT] [Fatal Error] :1:1: Premature end of file.
2026-01-21 21:36:12,626 [ERROR] LogOutputStream:75 - [STDERR_REDIRECT] 
2026-01-21 21:36:13,626 [ERROR] LogOutputStream:75 - [STDERR_REDIRECT] [Fatal Error] :1:1: Premature end of file.
2026-01-21 21:36:13,626 [ERROR] LogOutputStream:75 - [STDERR_REDIRECT] 
2026-01-21 21:36:14,631 [ERROR] LogOutputStream:75 - [STDERR_REDIRECT] [Fatal Error] :1:1: Premature end of file.
2026-01-21 21:36:14,631 [ERROR] LogOutputStream:75 - [STDERR_REDIRECT] 
2026-01-21 21:36:15,624 [ERROR] LogOutputStream:75 - [STDERR_REDIRECT] [Fatal Error] :1:1: Premature end of file.
2026-01-21 21:36:15,624 [ERROR] LogOutputStream:75 - [STDERR_REDIRECT] 
2026-01-21 21:36:16,627 [ERROR] LogOutputStream:75 - [STDERR_REDIRECT] [Fatal Error] :1:1: Premature end of file.
2026-01-21 21:36:16,627 [ERROR] LogOutputStream:75 - [STDERR_REDIRECT] 
2026-01-21 21:36:17,635 [ERROR] LogOutputStream:75 - [STDERR_REDIRECT] [Fatal Error] :1:1: Premature end of file.
2026-01-21 21:36:17,635 [ERROR] LogOutputStream:75 - [STDERR_REDIRECT] 
2026-01-21 21:36:18,631 [ERROR] LogOutputStream:75 - [STDERR_REDIRECT] [Fatal Error] :1:1: Premature end of file.
2026-01-21 21:36:18,631 [ERROR] LogOutputStream:75 - [STDERR_REDIRECT] 
2026-01-21 21:36:19,627 [ERROR] LogOutputStream:75 - [STDERR_REDIRECT] [Fatal Error] :1:1: Premature end of file.
2026-01-21 21:36:19,627 [ERROR] LogOutputStream:75 - [STDERR_REDIRECT] 
2026-01-21 21:36:20,625 [ERROR] LogOutputStream:75 - [STDERR_REDIRECT] [Fatal Error] :1:1: Premature end of file.
2026-01-21 21:36:20,625 [ERROR] LogOutputStream:75 - [STDERR_REDIRECT] 
2026-01-21 21:36:21,631 [ERROR] LogOutputStream:75 - [STDERR_REDIRECT] [Fatal Error] :1:1: Premature end of file.
2026-01-21 21:36:21,631 [ERROR] LogOutputStream:75 - [STDERR_REDIRECT] 
2026-01-21 21:36:22,632 [ERROR] LogOutputStream:75 - [STDERR_REDIRECT] [Fatal Error] :1:1: Premature end of file.
2026-01-21 21:36:22,632 [ERROR] LogOutputStream:75 - [STDERR_REDIRECT] 
2026-01-21 21:36:23,633 [ERROR] LogOutputStream:75 - [STDERR_REDIRECT] [Fatal Error] :1:1: Premature end of file.
2026-01-21 21:36:23,633 [ERROR] LogOutputStream:75 - [STDERR_REDIRECT] 
2026-01-21 21:36:24,632 [ERROR] LogOutputStream:75 - [STDERR_REDIRECT] [Fatal Error] :1:1: Premature end of file.
2026-01-21 21:36:24,632 [ERROR] LogOutputStream:75 - [STDERR_REDIRECT] 
2026-01-21 21:36:25,625 [ERROR] LogOutputStream:75 - [STDERR_REDIRECT] [Fatal Error] :1:1: Premature end of file.
2026-01-21 21:36:25,625 [ERROR] LogOutputStream:75 - [STDERR_REDIRECT] 
2026-01-21 21:36:26,629 [ERROR] LogOutputStream:75 - [STDERR_REDIRECT] [Fatal Error] :1:1: Premature end of file.
2026-01-21 21:36:26,629 [ERROR] LogOutputStream:75 - [STDERR_REDIRECT] 
2026-01-21 21:36:27,633 [ERROR] LogOutputStream:75 - [STDERR_REDIRECT] [Fatal Error] :1:1: Premature end of file.
2026-01-21 21:36:27,634 [ERROR] LogOutputStream:75 - [STDERR_REDIRECT] 
2026-01-21 21:36:28,626 [ERROR] LogOutputStream:75 - [STDERR_REDIRECT] [Fatal Error] :1:1: Premature end of file.
2026-01-21 21:36:28,626 [ERROR] LogOutputStream:75 - [STDERR_REDIRECT] 
2026-01-21 21:36:29,632 [ERROR] LogOutputStream:75 - [STDERR_REDIRECT] [Fatal Error] :1:1: Premature end of file.
2026-01-21 21:36:29,632 [ERROR] LogOutputStream:75 - [STDERR_REDIRECT] 
2026-01-21 21:36:30,625 [ERROR] LogOutputStream:75 - [STDERR_REDIRECT] [Fatal Error] :1:1: Premature end of file.
2026-01-21 21:36:30,631 [ERROR] LogOutputStream:75 - [STDERR_REDIRECT] 
2026-01-21 21:36:31,615 [ERROR] LogOutputStream:75 - [STDERR_REDIRECT] [Fatal Error] :1:1: Premature end of file.
2026-01-21 21:36:31,615 [ERROR] LogOutputStream:75 - [STDERR_REDIRECT] 
2026-01-21 21:36:32,632 [ERROR] LogOutputStream:75 - [STDERR_REDIRECT] [Fatal Error] :1:1: Premature end of file.
2026-01-21 21:36:32,632 [ERROR] LogOutputStream:75 - [STDERR_REDIRECT] 
2026-01-21 21:36:33,616 [ERROR] LogOutputStream:75 - [STDERR_REDIRECT] [Fatal Error] :1:1: Premature end of file.
2026-01-21 21:36:33,616 [ERROR] LogOutputStream:75 - [STDERR_REDIRECT] 
2026-01-21 21:36:34,632 [ERROR] LogOutputStream:75 - [STDERR_REDIRECT] [Fatal Error] :1:1: Premature end of file.
2026-01-21 21:36:34,632 [ERROR] LogOutputStream:75 - [STDERR_REDIRECT] 
2026-01-21 21:36:35,634 [ERROR] LogOutputStream:75 - [STDERR_REDIRECT] [Fatal Error] :1:1: Premature end of file.
2026-01-21 21:36:35,634 [ERROR] LogOutputStream:75 - [STDERR_REDIRECT] 
2026-01-21 21:36:36,631 [ERROR] LogOutputStream:75 - [STDERR_REDIRECT] [Fatal Error] :1:1: Premature end of file.
2026-01-21 21:36:36,631 [ERROR] LogOutputStream:75 - [STDERR_REDIRECT] 
2026-01-21 21:36:37,635 [ERROR] LogOutputStream:75 - [STDERR_REDIRECT] [Fatal Error] :1:1: Premature end of file.
2026-01-21 21:36:37,635 [ERROR] LogOutputStream:75 - [STDERR_REDIRECT] 
2026-01-21 21:36:38,632 [ERROR] LogOutputStream:75 - [STDERR_REDIRECT] [Fatal Error] :1:1: Premature end of file.
2026-01-21 21:36:38,632 [ERROR] LogOutputStream:75 - [STDERR_REDIRECT] 
2026-01-21 21:36:39,636 [ERROR] LogOutputStream:75 - [STDERR_REDIRECT] [Fatal Error] :1:1: Premature end of file.
2026-01-21 21:36:39,636 [ERROR] LogOutputStream:75 - [STDERR_REDIRECT] 
2026-01-21 21:36:40,629 [ERROR] LogOutputStream:75 - [STDERR_REDIRECT] [Fatal Error] :1:1: Premature end of file.
2026-01-21 21:36:40,629 [ERROR] LogOutputStream:75 - [STDERR_REDIRECT] 
2026-01-21 21:36:41,624 [ERROR] LogOutputStream:75 - [STDERR_REDIRECT] [Fatal Error] :1:1: Premature end of file.
2026-01-21 21:36:41,624 [ERROR] LogOutputStream:75 - [STDERR_REDIRECT] 
2026-01-21 21:36:42,625 [ERROR] LogOutputStream:75 - [STDERR_REDIRECT] [Fatal Error] :1:1: Premature end of file.
2026-01-21 21:36:42,625 [ERROR] LogOutputStream:75 - [STDERR_REDIRECT] 
2026-01-21 21:36:43,623 [ERROR] LogOutputStream:75 - [STDERR_REDIRECT] [Fatal Error] :1:1: Premature end of file.
2026-01-21 21:36:43,623 [ERROR] LogOutputStream:75 - [STDERR_REDIRECT] 
2026-01-21 21:36:44,624 [ERROR] LogOutputStream:75 - [STDERR_REDIRECT] [Fatal Error] :1:1: Premature end of file.
2026-01-21 21:36:44,624 [ERROR] LogOutputStream:75 - [STDERR_REDIRECT] 
2026-01-21 21:36:45,626 [ERROR] LogOutputStream:75 - [STDERR_REDIRECT] [Fatal Error] :1:1: Premature end of file.
2026-01-21 21:36:45,626 [ERROR] LogOutputStream:75 - [STDERR_REDIRECT] 
2026-01-21 21:36:46,625 [ERROR] LogOutputStream:75 - [STDERR_REDIRECT] [Fatal Error] :1:1: Premature end of file.
2026-01-21 21:36:46,625 [ERROR] LogOutputStream:75 - [STDERR_REDIRECT] 
2026-01-21 21:36:47,625 [ERROR] LogOutputStream:75 - [STDERR_REDIRECT] [Fatal Error] :1:1: Premature end of file.
2026-01-21 21:36:47,625 [ERROR] LogOutputStream:75 - [STDERR_REDIRECT] 
2026-01-21 21:36:48,633 [ERROR] LogOutputStream:75 - [STDERR_REDIRECT] [Fatal Error] :1:1: Premature end of file.
2026-01-21 21:36:48,633 [ERROR] LogOutputStream:75 - [STDERR_REDIRECT] 
2026-01-21 21:36:49,633 [ERROR] LogOutputStream:75 - [STDERR_REDIRECT] [Fatal Error] :1:1: Premature end of file.
2026-01-21 21:36:49,633 [ERROR] LogOutputStream:75 - [STDERR_REDIRECT] 
2026-01-21 21:36:50,633 [ERROR] LogOutputStream:75 - [STDERR_REDIRECT] [Fatal Error] :1:1: Premature end of file.
2026-01-21 21:36:50,633 [ERROR] LogOutputStream:75 - [STDERR_REDIRECT] 
2026-01-21 21:36:51,633 [ERROR] LogOutputStream:75 - [STDERR_REDIRECT] [Fatal Error] :1:1: Premature end of file.
2026-01-21 21:36:51,633 [ERROR] LogOutputStream:75 - [STDERR_REDIRECT] 
2026-01-21 21:36:52,618 [ERROR] LogOutputStream:75 - [STDERR_REDIRECT] [Fatal Error] :1:1: Premature end of file.
2026-01-21 21:36:52,618 [ERROR] LogOutputStream:75 - [STDERR_REDIRECT] 
2026-01-21 21:36:53,633 [ERROR] LogOutputStream:75 - [STDERR_REDIRECT] [Fatal Error] :1:1: Premature end of file.
2026-01-21 21:36:53,633 [ERROR] LogOutputStream:75 - [STDERR_REDIRECT] 
2026-01-21 21:36:54,633 [ERROR] LogOutputStream:75 - [STDERR_REDIRECT] [Fatal Error] :1:1: Premature end of file.
2026-01-21 21:36:54,633 [ERROR] LogOutputStream:75 - [STDERR_REDIRECT] 
2026-01-21 21:36:55,626 [ERROR] LogOutputStream:75 - [STDERR_REDIRECT] [Fatal Error] :1:1: Premature end of file.
2026-01-21 21:36:55,626 [ERROR] LogOutputStream:75 - [STDERR_REDIRECT] 
2026-01-21 21:36:56,633 [ERROR] LogOutputStream:75 - [STDERR_REDIRECT] [Fatal Error] :1:1: Premature end of file.
2026-01-21 21:36:56,633 [ERROR] LogOutputStream:75 - [STDERR_REDIRECT] 
2026-01-21 21:36:57,633 [ERROR] LogOutputStream:75 - [STDERR_REDIRECT] [Fatal Error] :1:1: Premature end of file.
2026-01-21 21:36:57,633 [ERROR] LogOutputStream:75 - [STDERR_REDIRECT] 
2026-01-21 21:36:58,633 [ERROR] LogOutputStream:75 - [STDERR_REDIRECT] [Fatal Error] :1:1: Premature end of file.
2026-01-21 21:36:58,633 [ERROR] LogOutputStream:75 - [STDERR_REDIRECT] 
2026-01-21 21:36:59,633 [ERROR] LogOutputStream:75 - [STDERR_REDIRECT] [Fatal Error] :1:1: Premature end of file.
2026-01-21 21:36:59,633 [ERROR] LogOutputStream:75 - [STDERR_REDIRECT] 
2026-01-21 21:37:00,637 [ERROR] LogOutputStream:75 - [STDERR_REDIRECT] [Fatal Error] :1:1: Premature end of file.
2026-01-21 21:37:00,637 [ERROR] LogOutputStream:75 - [STDERR_REDIRECT] 
2026-01-21 21:37:01,632 [ERROR] LogOutputStream:75 - [STDERR_REDIRECT] [Fatal Error] :1:1: Premature end of file.
2026-01-21 21:37:01,632 [ERROR] LogOutputStream:75 - [STDERR_REDIRECT] 
2026-01-21 21:37:02,639 [ERROR] LogOutputStream:75 - [STDERR_REDIRECT] [Fatal Error] :1:1: Premature end of file.
2026-01-21 21:37:02,639 [ERROR] LogOutputStream:75 - [STDERR_REDIRECT] 
2026-01-21 21:37:03,625 [ERROR] LogOutputStream:75 - [STDERR_REDIRECT] [Fatal Error] :1:1: Premature end of file.
2026-01-21 21:37:03,625 [ERROR] LogOutputStream:75 - [STDERR_REDIRECT] 
2026-01-21 21:37:04,627 [ERROR] LogOutputStream:75 - [STDERR_REDIRECT] [Fatal Error] :1:1: Premature end of file.
2026-01-21 21:37:04,627 [ERROR] LogOutputStream:75 - [STDERR_REDIRECT] 
2026-01-21 21:37:05,624 [ERROR] LogOutputStream:75 - [STDERR_REDIRECT] [Fatal Error] :1:1: Premature end of file.
2026-01-21 21:37:05,624 [ERROR] LogOutputStream:75 - [STDERR_REDIRECT] 
2026-01-21 21:37:06,634 [ERROR] LogOutputStream:75 - [STDERR_REDIRECT] [Fatal Error] :1:1: Premature end of file.
2026-01-21 21:37:06,634 [ERROR] LogOutputStream:75 - [STDERR_REDIRECT] 
2026-01-21 21:37:07,633 [ERROR] LogOutputStream:75 - [STDERR_REDIRECT] [Fatal Error] :1:1: Premature end of file.
2026-01-21 21:37:07,633 [ERROR] LogOutputStream:75 - [STDERR_REDIRECT] 
2026-01-21 21:37:08,630 [ERROR] LogOutputStream:75 - [STDERR_REDIRECT] [Fatal Error] :1:1: Premature end of file.
2026-01-21 21:37:08,630 [ERROR] LogOutputStream:75 - [STDERR_REDIRECT] 
2026-01-21 21:37:09,626 [ERROR] LogOutputStream:75 - [STDERR_REDIRECT] [Fatal Error] :1:1: Premature end of file.
2026-01-21 21:37:09,626 [ERROR] LogOutputStream:75 - [STDERR_REDIRECT] 
2026-01-21 21:37:10,634 [ERROR] LogOutputStream:75 - [STDERR_REDIRECT] [Fatal Error] :1:1: Premature end of file.
2026-01-21 21:37:10,634 [ERROR] LogOutputStream:75 - [STDERR_REDIRECT] 
2026-01-21 21:37:11,629 [ERROR] LogOutputStream:75 - [STDERR_REDIRECT] [Fatal Error] :1:1: Premature end of file.
2026-01-21 21:37:11,629 [ERROR] LogOutputStream:75 - [STDERR_REDIRECT] 
2026-01-21 21:37:12,636 [ERROR] LogOutputStream:75 - [STDERR_REDIRECT] [Fatal Error] :1:1: Premature end of file.
2026-01-21 21:37:12,636 [ERROR] LogOutputStream:75 - [STDERR_REDIRECT] 
2026-01-21 21:37:13,633 [ERROR] LogOutputStream:75 - [STDERR_REDIRECT] [Fatal Error] :1:1: Premature end of file.
2026-01-21 21:37:13,633 [ERROR] LogOutputStream:75 - [STDERR_REDIRECT] 
2026-01-21 21:37:14,621 [ERROR] LogOutputStream:75 - [STDERR_REDIRECT] [Fatal Error] :1:1: Premature end of file.
2026-01-21 21:37:14,621 [ERROR] LogOutputStream:75 - [STDERR_REDIRECT] 
2026-01-21 21:37:15,627 [ERROR] LogOutputStream:75 - [STDERR_REDIRECT] [Fatal Error] :1:1: Premature end of file.
2026-01-21 21:37:15,627 [ERROR] LogOutputStream:75 - [STDERR_REDIRECT] 
2026-01-21 21:37:16,628 [ERROR] LogOutputStream:75 - [STDERR_REDIRECT] [Fatal Error] :1:1: Premature end of file.
2026-01-21 21:37:16,628 [ERROR] LogOutputStream:75 - [STDERR_REDIRECT] 
2026-01-21 21:37:17,635 [ERROR] LogOutputStream:75 - [STDERR_REDIRECT] [Fatal Error] :1:1: Premature end of file.
2026-01-21 21:37:17,635 [ERROR] LogOutputStream:75 - [STDERR_REDIRECT] 
2026-01-21 21:37:18,634 [ERROR] LogOutputStream:75 - [STDERR_REDIRECT] [Fatal Error] :1:1: Premature end of file.
2026-01-21 21:37:18,634 [ERROR] LogOutputStream:75 - [STDERR_REDIRECT] 
2026-01-21 21:37:19,627 [ERROR] LogOutputStream:75 - [STDERR_REDIRECT] [Fatal Error] :1:1: Premature end of file.
2026-01-21 21:37:19,627 [ERROR] LogOutputStream:75 - [STDERR_REDIRECT] 
2026-01-21 21:37:20,628 [ERROR] LogOutputStream:75 - [STDERR_REDIRECT] [Fatal Error] :1:1: Premature end of file.
2026-01-21 21:37:20,628 [ERROR] LogOutputStream:75 - [STDERR_REDIRECT] 
2026-01-21 21:37:21,624 [ERROR] LogOutputStream:75 - [STDERR_REDIRECT] [Fatal Error] :1:1: Premature end of file.
2026-01-21 21:37:21,624 [ERROR] LogOutputStream:75 - [STDERR_REDIRECT] 
2026-01-21 21:37:22,624 [ERROR] LogOutputStream:75 - [STDERR_REDIRECT] [Fatal Error] :1:1: Premature end of file.
2026-01-21 21:37:22,624 [ERROR] LogOutputStream:75 - [STDERR_REDIRECT] 
2026-01-21 21:37:23,624 [ERROR] LogOutputStream:75 - [STDERR_REDIRECT] [Fatal Error] :1:1: Premature end of file.
2026-01-21 21:37:23,624 [ERROR] LogOutputStream:75 - [STDERR_REDIRECT] 
2026-01-21 21:37:24,624 [ERROR] LogOutputStream:75 - [STDERR_REDIRECT] [Fatal Error] :1:1: Premature end of file.
2026-01-21 21:37:24,624 [ERROR] LogOutputStream:75 - [STDERR_REDIRECT] 
2026-01-21 21:37:25,625 [ERROR] LogOutputStream:75 - [STDERR_REDIRECT] [Fatal Error] :1:1: Premature end of file.
2026-01-21 21:37:25,625 [ERROR] LogOutputStream:75 - [STDERR_REDIRECT] 
2026-01-21 21:37:26,627 [ERROR] LogOutputStream:75 - [STDERR_REDIRECT] [Fatal Error] :1:1: Premature end of file.
2026-01-21 21:37:26,627 [ERROR] LogOutputStream:75 - [STDERR_REDIRECT] 
2026-01-21 21:37:27,625 [ERROR] LogOutputStream:75 - [STDERR_REDIRECT] [Fatal Error] :1:1: Premature end of file.
2026-01-21 21:37:27,625 [ERROR] LogOutputStream:75 - [STDERR_REDIRECT] 
2026-01-21 21:37:28,625 [ERROR] LogOutputStream:75 - [STDERR_REDIRECT] [Fatal Error] :1:1: Premature end of file.
2026-01-21 21:37:28,625 [ERROR] LogOutputStream:75 - [STDERR_REDIRECT] 
2026-01-21 21:37:29,624 [ERROR] LogOutputStream:75 - [STDERR_REDIRECT] [Fatal Error] :1:1: Premature end of file.
2026-01-21 21:37:29,625 [ERROR] LogOutputStream:75 - [STDERR_REDIRECT] 
2026-01-21 21:37:30,626 [ERROR] LogOutputStream:75 - [STDERR_REDIRECT] [Fatal Error] :1:1: Premature end of file.
2026-01-21 21:37:30,626 [ERROR] LogOutputStream:75 - [STDERR_REDIRECT] 
2026-01-21 21:37:31,623 [ERROR] LogOutputStream:75 - [STDERR_REDIRECT] [Fatal Error] :1:1: Premature end of file.
2026-01-21 21:37:31,623 [ERROR] LogOutputStream:75 - [STDERR_REDIRECT] 
2026-01-21 21:37:32,625 [ERROR] LogOutputStream:75 - [STDERR_REDIRECT] [Fatal Error] :1:1: Premature end of file.
2026-01-21 21:37:32,625 [ERROR] LogOutputStream:75 - [STDERR_REDIRECT] 
2026-01-21 21:37:33,623 [ERROR] LogOutputStream:75 - [STDERR_REDIRECT] [Fatal Error] :1:1: Premature end of file.
2026-01-21 21:37:33,623 [ERROR] LogOutputStream:75 - [STDERR_REDIRECT] 
2026-01-21 21:37:34,623 [ERROR] LogOutputStream:75 - [STDERR_REDIRECT] [Fatal Error] :1:1: Premature end of file.
2026-01-21 21:37:34,624 [ERROR] LogOutputStream:75 - [STDERR_REDIRECT] 
2026-01-21 21:37:35,624 [ERROR] LogOutputStream:75 - [STDERR_REDIRECT] [Fatal Error] :1:1: Premature end of file.
2026-01-21 21:37:35,624 [ERROR] LogOutputStream:75 - [STDERR_REDIRECT] 
2026-01-21 21:37:36,625 [ERROR] LogOutputStream:75 - [STDERR_REDIRECT] [Fatal Error] :1:1: Premature end of file.
2026-01-21 21:37:36,625 [ERROR] LogOutputStream:75 - [STDERR_REDIRECT] 
2026-01-21 21:37:37,623 [ERROR] LogOutputStream:75 - [STDERR_REDIRECT] [Fatal Error] :1:1: Premature end of file.
2026-01-21 21:37:37,623 [ERROR] LogOutputStream:75 - [STDERR_REDIRECT] 
2026-01-21 21:37:38,626 [ERROR] LogOutputStream:75 - [STDERR_REDIRECT] [Fatal Error] :1:1: Premature end of file.
2026-01-21 21:37:38,626 [ERROR] LogOutputStream:75 - [STDERR_REDIRECT] 
2026-01-21 21:37:39,635 [ERROR] LogOutputStream:75 - [STDERR_REDIRECT] [Fatal Error] :1:1: Premature end of file.
2026-01-21 21:37:39,635 [ERROR] LogOutputStream:75 - [STDERR_REDIRECT] 
2026-01-21 21:37:40,635 [ERROR] LogOutputStream:75 - [STDERR_REDIRECT] [Fatal Error] :1:1: Premature end of file.
2026-01-21 21:37:40,635 [ERROR] LogOutputStream:75 - [STDERR_REDIRECT] 
2026-01-21 21:37:41,628 [ERROR] LogOutputStream:75 - [STDERR_REDIRECT] [Fatal Error] :1:1: Premature end of file.
2026-01-21 21:37:41,628 [ERROR] LogOutputStream:75 - [STDERR_REDIRECT] 
2026-01-21 21:37:42,635 [ERROR] LogOutputStream:75 - [STDERR_REDIRECT] [Fatal Error] :1:1: Premature end of file.
2026-01-21 21:37:42,635 [ERROR] LogOutputStream:75 - [STDERR_REDIRECT] 
2026-01-21 21:37:43,635 [ERROR] LogOutputStream:75 - [STDERR_REDIRECT] [Fatal Error] :1:1: Premature end of file.
2026-01-21 21:37:43,635 [ERROR] LogOutputStream:75 - [STDERR_REDIRECT] 
2026-01-21 21:37:44,636 [ERROR] LogOutputStream:75 - [STDERR_REDIRECT] [Fatal Error] :1:1: Premature end of file.
2026-01-21 21:37:44,636 [ERROR] LogOutputStream:75 - [STDERR_REDIRECT] 
2026-01-21 21:37:45,635 [ERROR] LogOutputStream:75 - [STDERR_REDIRECT] [Fatal Error] :1:1: Premature end of file.
2026-01-21 21:37:45,635 [ERROR] LogOutputStream:75 - [STDERR_REDIRECT] 
2026-01-21 21:37:46,635 [ERROR] LogOutputStream:75 - [STDERR_REDIRECT] [Fatal Error] :1:1: Premature end of file.
2026-01-21 21:37:46,635 [ERROR] LogOutputStream:75 - [STDERR_REDIRECT] 
2026-01-21 21:37:47,635 [ERROR] LogOutputStream:75 - [STDERR_REDIRECT] [Fatal Error] :1:1: Premature end of file.
2026-01-21 21:37:47,635 [ERROR] LogOutputStream:75 - [STDERR_REDIRECT] 
2026-01-21 21:37:48,635 [ERROR] LogOutputStream:75 - [STDERR_REDIRECT] [Fatal Error] :1:1: Premature end of file.
2026-01-21 21:37:48,635 [ERROR] LogOutputStream:75 - [STDERR_REDIRECT] 
2026-01-21 21:37:49,635 [ERROR] LogOutputStream:75 - [STDERR_REDIRECT] [Fatal Error] :1:1: Premature end of file.
2026-01-21 21:37:49,635 [ERROR] LogOutputStream:75 - [STDERR_REDIRECT] 
2026-01-21 21:37:50,635 [ERROR] LogOutputStream:75 - [STDERR_REDIRECT] [Fatal Error] :1:1: Premature end of file.
2026-01-21 21:37:50,635 [ERROR] LogOutputStream:75 - [STDERR_REDIRECT] 
2026-01-21 21:37:51,636 [ERROR] LogOutputStream:75 - [STDERR_REDIRECT] [Fatal Error] :1:1: Premature end of file.
2026-01-21 21:37:51,636 [ERROR] LogOutputStream:75 - [STDERR_REDIRECT] 
2026-01-21 21:37:52,635 [ERROR] LogOutputStream:75 - [STDERR_REDIRECT] [Fatal Error] :1:1: Premature end of file.
2026-01-21 21:37:52,635 [ERROR] LogOutputStream:75 - [STDERR_REDIRECT] 
2026-01-21 21:37:53,635 [ERROR] LogOutputStream:75 - [STDERR_REDIRECT] [Fatal Error] :1:1: Premature end of file.
2026-01-21 21:37:53,635 [ERROR] LogOutputStream:75 - [STDERR_REDIRECT] 
2026-01-21 21:37:54,635 [ERROR] LogOutputStream:75 - [STDERR_REDIRECT] [Fatal Error] :1:1: Premature end of file.
2026-01-21 21:37:54,635 [ERROR] LogOutputStream:75 - [STDERR_REDIRECT] 
2026-01-21 21:37:55,636 [ERROR] LogOutputStream:75 - [STDERR_REDIRECT] [Fatal Error] :1:1: Premature end of file.
2026-01-21 21:37:55,636 [ERROR] LogOutputStream:75 - [STDERR_REDIRECT] 
2026-01-21 21:37:56,637 [ERROR] LogOutputStream:75 - [STDERR_REDIRECT] [Fatal Error] :1:1: Premature end of file.
2026-01-21 21:37:56,637 [ERROR] LogOutputStream:75 - [STDERR_REDIRECT] 
2026-01-21 21:37:57,636 [ERROR] LogOutputStream:75 - [STDERR_REDIRECT] [Fatal Error] :1:1: Premature end of file.
2026-01-21 21:37:57,636 [ERROR] LogOutputStream:75 - [STDERR_REDIRECT] 
2026-01-21 21:37:58,636 [ERROR] LogOutputStream:75 - [STDERR_REDIRECT] [Fatal Error] :1:1: Premature end of file.
2026-01-21 21:37:58,636 [ERROR] LogOutputStream:75 - [STDERR_REDIRECT] 
2026-01-21 21:37:59,636 [ERROR] LogOutputStream:75 - [STDERR_REDIRECT] [Fatal Error] :1:1: Premature end of file.
2026-01-21 21:37:59,636 [ERROR] LogOutputStream:75 - [STDERR_REDIRECT] 
2026-01-21 21:38:00,637 [ERROR] LogOutputStream:75 - [STDERR_REDIRECT] [Fatal Error] :1:1: Premature end of file.
2026-01-21 21:38:00,637 [ERROR] LogOutputStream:75 - [STDERR_REDIRECT] 
2026-01-21 21:38:01,636 [ERROR] LogOutputStream:75 - [STDERR_REDIRECT] [Fatal Error] :1:1: Premature end of file.
2026-01-21 21:38:01,636 [ERROR] LogOutputStream:75 - [STDERR_REDIRECT] 
2026-01-21 21:38:02,636 [ERROR] LogOutputStream:75 - [STDERR_REDIRECT] [Fatal Error] :1:1: Premature end of file.
2026-01-21 21:38:02,636 [ERROR] LogOutputStream:75 - [STDERR_REDIRECT] 
2026-01-21 21:38:03,636 [ERROR] LogOutputStream:75 - [STDERR_REDIRECT] [Fatal Error] :1:1: Premature end of file.
2026-01-21 21:38:03,636 [ERROR] LogOutputStream:75 - [STDERR_REDIRECT] 
2026-01-21 21:38:04,622 [ERROR] LogOutputStream:75 - [STDERR_REDIRECT] [Fatal Error] :1:1: Premature end of file.
2026-01-21 21:38:04,622 [ERROR] LogOutputStream:75 - [STDERR_REDIRECT] 
2026-01-21 21:38:05,635 [ERROR] LogOutputStream:75 - [STDERR_REDIRECT] [Fatal Error] :1:1: Premature end of file.
2026-01-21 21:38:05,635 [ERROR] LogOutputStream:75 - [STDERR_REDIRECT] 
2026-01-21 21:38:06,624 [ERROR] LogOutputStream:75 - [STDERR_REDIRECT] [Fatal Error] :1:1: Premature end of file.
2026-01-21 21:38:06,624 [ERROR] LogOutputStream:75 - [STDERR_REDIRECT] 
2026-01-21 21:38:07,625 [ERROR] LogOutputStream:75 - [STDERR_REDIRECT] [Fatal Error] :1:1: Premature end of file.
2026-01-21 21:38:07,625 [ERROR] LogOutputStream:75 - [STDERR_REDIRECT] 
2026-01-21 21:38:08,625 [ERROR] LogOutputStream:75 - [STDERR_REDIRECT] [Fatal Error] :1:1: Premature end of file.
2026-01-21 21:38:08,625 [ERROR] LogOutputStream:75 - [STDERR_REDIRECT] 
2026-01-21 21:38:09,623 [ERROR] LogOutputStream:75 - [STDERR_REDIRECT] [Fatal Error] :1:1: Premature end of file.
2026-01-21 21:38:09,623 [ERROR] LogOutputStream:75 - [STDERR_REDIRECT] 
2026-01-21 21:38:10,624 [ERROR] LogOutputStream:75 - [STDERR_REDIRECT] [Fatal Error] :1:1: Premature end of file.
2026-01-21 21:38:10,624 [ERROR] LogOutputStream:75 - [STDERR_REDIRECT] 
2026-01-21 21:38:11,623 [ERROR] LogOutputStream:75 - [STDERR_REDIRECT] [Fatal Error] :1:1: Premature end of file.
2026-01-21 21:38:11,623 [ERROR] LogOutputStream:75 - [STDERR_REDIRECT] 
2026-01-21 21:38:12,624 [ERROR] LogOutputStream:75 - [STDERR_REDIRECT] [Fatal Error] :1:1: Premature end of file.
2026-01-21 21:38:12,625 [ERROR] LogOutputStream:75 - [STDERR_REDIRECT] 
2026-01-21 21:38:13,623 [ERROR] LogOutputStream:75 - [STDERR_REDIRECT] [Fatal Error] :1:1: Premature end of file.
2026-01-21 21:38:13,623 [ERROR] LogOutputStream:75 - [STDERR_REDIRECT] 
2026-01-21 21:38:14,625 [ERROR] LogOutputStream:75 - [STDERR_REDIRECT] [Fatal Error] :1:1: Premature end of file.
2026-01-21 21:38:14,625 [ERROR] LogOutputStream:75 - [STDERR_REDIRECT] 
2026-01-21 21:38:15,624 [ERROR] LogOutputStream:75 - [STDERR_REDIRECT] [Fatal Error] :1:1: Premature end of file.
2026-01-21 21:38:15,624 [ERROR] LogOutputStream:75 - [STDERR_REDIRECT] 
2026-01-21 21:38:16,626 [ERROR] LogOutputStream:75 - [STDERR_REDIRECT] [Fatal Error] :1:1: Premature end of file.
2026-01-21 21:38:16,626 [ERROR] LogOutputStream:75 - [STDERR_REDIRECT] 
2026-01-21 21:38:17,623 [ERROR] LogOutputStream:75 - [STDERR_REDIRECT] [Fatal Error] :1:1: Premature end of file.
2026-01-21 21:38:17,623 [ERROR] LogOutputStream:75 - [STDERR_REDIRECT] 
2026-01-21 21:38:18,622 [ERROR] LogOutputStream:75 - [STDERR_REDIRECT] [Fatal Error] :1:1: Premature end of file.
2026-01-21 21:38:18,622 [ERROR] LogOutputStream:75 - [STDERR_REDIRECT] 
2026-01-21 21:38:19,637 [ERROR] LogOutputStream:75 - [STDERR_REDIRECT] [Fatal Error] :1:1: Premature end of file.
2026-01-21 21:38:19,637 [ERROR] LogOutputStream:75 - [STDERR_REDIRECT] 
2026-01-21 21:38:20,636 [ERROR] LogOutputStream:75 - [STDERR_REDIRECT] [Fatal Error] :1:1: Premature end of file.
2026-01-21 21:38:20,636 [ERROR] LogOutputStream:75 - [STDERR_REDIRECT] 
2026-01-21 21:38:21,638 [ERROR] LogOutputStream:75 - [STDERR_REDIRECT] [Fatal Error] :1:1: Premature end of file.
2026-01-21 21:38:21,638 [ERROR] LogOutputStream:75 - [STDERR_REDIRECT] 
2026-01-21 21:38:22,631 [ERROR] LogOutputStream:75 - [STDERR_REDIRECT] [Fatal Error] :1:1: Premature end of file.
2026-01-21 21:38:22,631 [ERROR] LogOutputStream:75 - [STDERR_REDIRECT] 
2026-01-21 21:38:23,629 [ERROR] LogOutputStream:75 - [STDERR_REDIRECT] [Fatal Error] :1:1: Premature end of file.
2026-01-21 21:38:23,629 [ERROR] LogOutputStream:75 - [STDERR_REDIRECT] 
2026-01-21 21:38:24,631 [ERROR] LogOutputStream:75 - [STDERR_REDIRECT] [Fatal Error] :1:1: Premature end of file.
2026-01-21 21:38:24,631 [ERROR] LogOutputStream:75 - [STDERR_REDIRECT] 
2026-01-21 21:38:25,634 [ERROR] LogOutputStream:75 - [STDERR_REDIRECT] [Fatal Error] :1:1: Premature end of file.
2026-01-21 21:38:25,634 [ERROR] LogOutputStream:75 - [STDERR_REDIRECT] 
2026-01-21 21:38:26,633 [ERROR] LogOutputStream:75 - [STDERR_REDIRECT] [Fatal Error] :1:1: Premature end of file.
2026-01-21 21:38:26,633 [ERROR] LogOutputStream:75 - [STDERR_REDIRECT] 
2026-01-21 21:38:27,640 [ERROR] LogOutputStream:75 - [STDERR_REDIRECT] [Fatal Error] :1:1: Premature end of file.
2026-01-21 21:38:27,640 [ERROR] LogOutputStream:75 - [STDERR_REDIRECT] 
2026-01-21 21:38:28,626 [ERROR] LogOutputStream:75 - [STDERR_REDIRECT] [Fatal Error] :1:1: Premature end of file.
2026-01-21 21:38:28,626 [ERROR] LogOutputStream:75 - [STDERR_REDIRECT] 
2026-01-21 21:38:29,640 [ERROR] LogOutputStream:75 - [STDERR_REDIRECT] [Fatal Error] :1:1: Premature end of file.
2026-01-21 21:38:29,640 [ERROR] LogOutputStream:75 - [STDERR_REDIRECT] 
2026-01-21 21:38:30,624 [ERROR] LogOutputStream:75 - [STDERR_REDIRECT] [Fatal Error] :1:1: Premature end of file.
2026-01-21 21:38:30,624 [ERROR] LogOutputStream:75 - [STDERR_REDIRECT] 
2026-01-21 21:38:31,624 [ERROR] LogOutputStream:75 - [STDERR_REDIRECT] [Fatal Error] :1:1: Premature end of file.
2026-01-21 21:38:31,624 [ERROR] LogOutputStream:75 - [STDERR_REDIRECT] 
2026-01-21 21:38:32,625 [ERROR] LogOutputStream:75 - [STDERR_REDIRECT] [Fatal Error] :1:1: Premature end of file.
2026-01-21 21:38:32,625 [ERROR] LogOutputStream:75 - [STDERR_REDIRECT] 
2026-01-21 21:38:33,626 [ERROR] LogOutputStream:75 - [STDERR_REDIRECT] [Fatal Error] :1:1: Premature end of file.
2026-01-21 21:38:33,626 [ERROR] LogOutputStream:75 - [STDERR_REDIRECT] 
2026-01-21 21:38:34,623 [ERROR] LogOutputStream:75 - [STDERR_REDIRECT] [Fatal Error] :1:1: Premature end of file.
2026-01-21 21:38:34,623 [ERROR] LogOutputStream:75 - [STDERR_REDIRECT] 
2026-01-21 21:38:35,624 [ERROR] LogOutputStream:75 - [STDERR_REDIRECT] [Fatal Error] :1:1: Premature end of file.
2026-01-21 21:38:35,624 [ERROR] LogOutputStream:75 - [STDERR_REDIRECT] 
2026-01-21 21:38:36,637 [ERROR] LogOutputStream:75 - [STDERR_REDIRECT] [Fatal Error] :1:1: Premature end of file.
2026-01-21 21:38:36,637 [ERROR] LogOutputStream:75 - [STDERR_REDIRECT] 
2026-01-21 21:38:37,638 [ERROR] LogOutputStream:75 - [STDERR_REDIRECT] [Fatal Error] :1:1: Premature end of file.
2026-01-21 21:38:37,638 [ERROR] LogOutputStream:75 - [STDERR_REDIRECT] 
2026-01-21 21:38:38,631 [ERROR] LogOutputStream:75 - [STDERR_REDIRECT] [Fatal Error] :1:1: Premature end of file.
2026-01-21 21:38:38,631 [ERROR] LogOutputStream:75 - [STDERR_REDIRECT] 
2026-01-21 21:38:39,628 [ERROR] LogOutputStream:75 - [STDERR_REDIRECT] [Fatal Error] :1:1: Premature end of file.
2026-01-21 21:38:39,628 [ERROR] LogOutputStream:75 - [STDERR_REDIRECT] 
2026-01-21 21:38:40,627 [ERROR] LogOutputStream:75 - [STDERR_REDIRECT] [Fatal Error] :1:1: Premature end of file.
2026-01-21 21:38:40,627 [ERROR] LogOutputStream:75 - [STDERR_REDIRECT] 
2026-01-21 21:38:41,640 [ERROR] LogOutputStream:75 - [STDERR_REDIRECT] [Fatal Error] :1:1: Premature end of file.
2026-01-21 21:38:41,640 [ERROR] LogOutputStream:75 - [STDERR_REDIRECT] 
2026-01-21 21:38:42,632 [ERROR] LogOutputStream:75 - [STDERR_REDIRECT] [Fatal Error] :1:1: Premature end of file.
2026-01-21 21:38:42,632 [ERROR] LogOutputStream:75 - [STDERR_REDIRECT] 
2026-01-21 21:38:43,644 [ERROR] LogOutputStream:75 - [STDERR_REDIRECT] [Fatal Error] :1:1: Premature end of file.
2026-01-21 21:38:43,645 [ERROR] LogOutputStream:75 - [STDERR_REDIRECT] 
2026-01-21 21:38:44,638 [ERROR] LogOutputStream:75 - [STDERR_REDIRECT] [Fatal Error] :1:1: Premature end of file.
2026-01-21 21:38:44,638 [ERROR] LogOutputStream:75 - [STDERR_REDIRECT] 
2026-01-21 21:38:45,625 [ERROR] LogOutputStream:75 - [STDERR_REDIRECT] [Fatal Error] :1:1: Premature end of file.
2026-01-21 21:38:45,625 [ERROR] LogOutputStream:75 - [STDERR_REDIRECT] 
2026-01-21 21:38:46,638 [ERROR] LogOutputStream:75 - [STDERR_REDIRECT] [Fatal Error] :1:1: Premature end of file.
2026-01-21 21:38:46,638 [ERROR] LogOutputStream:75 - [STDERR_REDIRECT] 
2026-01-21 21:38:47,636 [ERROR] LogOutputStream:75 - [STDERR_REDIRECT] [Fatal Error] :1:1: Premature end of file.
2026-01-21 21:38:47,636 [ERROR] LogOutputStream:75 - [STDERR_REDIRECT] 
2026-01-21 21:38:48,636 [ERROR] LogOutputStream:75 - [STDERR_REDIRECT] [Fatal Error] :1:1: Premature end of file.
2026-01-21 21:38:48,636 [ERROR] LogOutputStream:75 - [STDERR_REDIRECT] 
2026-01-21 21:38:49,635 [ERROR] LogOutputStream:75 - [STDERR_REDIRECT] [Fatal Error] :1:1: Premature end of file.
2026-01-21 21:38:49,635 [ERROR] LogOutputStream:75 - [STDERR_REDIRECT] 
2026-01-21 21:38:50,631 [ERROR] LogOutputStream:75 - [STDERR_REDIRECT] [Fatal Error] :1:1: Premature end of file.
2026-01-21 21:38:50,631 [ERROR] LogOutputStream:75 - [STDERR_REDIRECT] 
2026-01-21 21:38:51,638 [ERROR] LogOutputStream:75 - [STDERR_REDIRECT] [Fatal Error] :1:1: Premature end of file.
2026-01-21 21:38:51,638 [ERROR] LogOutputStream:75 - [STDERR_REDIRECT] 
2026-01-21 21:38:52,634 [ERROR] LogOutputStream:75 - [STDERR_REDIRECT] [Fatal Error] :1:1: Premature end of file.
2026-01-21 21:38:52,634 [ERROR] LogOutputStream:75 - [STDERR_REDIRECT] 
2026-01-21 21:38:53,631 [ERROR] LogOutputStream:75 - [STDERR_REDIRECT] [Fatal Error] :1:1: Premature end of file.
2026-01-21 21:38:53,631 [ERROR] LogOutputStream:75 - [STDERR_REDIRECT] 
2026-01-21 21:38:54,639 [ERROR] LogOutputStream:75 - [STDERR_REDIRECT] [Fatal Error] :1:1: Premature end of file.
2026-01-21 21:38:54,639 [ERROR] LogOutputStream:75 - [STDERR_REDIRECT] 
2026-01-21 21:38:55,635 [ERROR] LogOutputStream:75 - [STDERR_REDIRECT] [Fatal Error] :1:1: Premature end of file.
2026-01-21 21:38:55,636 [ERROR] LogOutputStream:75 - [STDERR_REDIRECT] 
2026-01-21 21:38:56,636 [ERROR] LogOutputStream:75 - [STDERR_REDIRECT] [Fatal Error] :1:1: Premature end of file.
2026-01-21 21:38:56,636 [ERROR] LogOutputStream:75 - [STDERR_REDIRECT] 
2026-01-21 21:38:57,639 [ERROR] LogOutputStream:75 - [STDERR_REDIRECT] [Fatal Error] :1:1: Premature end of file.
2026-01-21 21:38:57,639 [ERROR] LogOutputStream:75 - [STDERR_REDIRECT] 
2026-01-21 21:38:58,638 [ERROR] LogOutputStream:75 - [STDERR_REDIRECT] [Fatal Error] :1:1: Premature end of file.
2026-01-21 21:38:58,638 [ERROR] LogOutputStream:75 - [STDERR_REDIRECT] 
2026-01-21 21:38:59,635 [ERROR] LogOutputStream:75 - [STDERR_REDIRECT] [Fatal Error] :1:1: Premature end of file.
2026-01-21 21:38:59,635 [ERROR] LogOutputStream:75 - [STDERR_REDIRECT] 
2026-01-21 21:39:00,639 [ERROR] LogOutputStream:75 - [STDERR_REDIRECT] [Fatal Error] :1:1: Premature end of file.
2026-01-21 21:39:00,639 [ERROR] LogOutputStream:75 - [STDERR_REDIRECT] 
2026-01-21 21:39:01,621 [ERROR] LogOutputStream:75 - [STDERR_REDIRECT] [Fatal Error] :1:1: Premature end of file.
2026-01-21 21:39:01,621 [ERROR] LogOutputStream:75 - [STDERR_REDIRECT] 
2026-01-21 21:39:02,625 [ERROR] LogOutputStream:75 - [STDERR_REDIRECT] [Fatal Error] :1:1: Premature end of file.
2026-01-21 21:39:02,625 [ERROR] LogOutputStream:75 - [STDERR_REDIRECT] 
2026-01-21 21:39:03,638 [ERROR] LogOutputStream:75 - [STDERR_REDIRECT] [Fatal Error] :1:1: Premature end of file.
2026-01-21 21:39:03,638 [ERROR] LogOutputStream:75 - [STDERR_REDIRECT] 
2026-01-21 21:39:04,622 [ERROR] LogOutputStream:75 - [STDERR_REDIRECT] [Fatal Error] :1:1: Premature end of file.
2026-01-21 21:39:04,622 [ERROR] LogOutputStream:75 - [STDERR_REDIRECT] 
2026-01-21 21:39:05,638 [ERROR] LogOutputStream:75 - [STDERR_REDIRECT] [Fatal Error] :1:1: Premature end of file.
2026-01-21 21:39:05,638 [ERROR] LogOutputStream:75 - [STDERR_REDIRECT] 
2026-01-21 21:39:06,629 [ERROR] LogOutputStream:75 - [STDERR_REDIRECT] [Fatal Error] :1:1: Premature end of file.
2026-01-21 21:39:06,629 [ERROR] LogOutputStream:75 - [STDERR_REDIRECT] 
2026-01-21 21:39:07,629 [ERROR] LogOutputStream:75 - [STDERR_REDIRECT] [Fatal Error] :1:1: Premature end of file.
2026-01-21 21:39:07,629 [ERROR] LogOutputStream:75 - [STDERR_REDIRECT] 
2026-01-21 21:39:08,622 [ERROR] LogOutputStream:75 - [STDERR_REDIRECT] [Fatal Error] :1:1: Premature end of file.
2026-01-21 21:39:08,622 [ERROR] LogOutputStream:75 - [STDERR_REDIRECT] 
2026-01-21 21:39:09,624 [ERROR] LogOutputStream:75 - [STDERR_REDIRECT] [Fatal Error] :1:1: Premature end of file.
2026-01-21 21:39:09,624 [ERROR] LogOutputStream:75 - [STDERR_REDIRECT] 
2026-01-21 21:39:10,636 [ERROR] LogOutputStream:75 - [STDERR_REDIRECT] [Fatal Error] :1:1: Premature end of file.
2026-01-21 21:39:10,637 [ERROR] LogOutputStream:75 - [STDERR_REDIRECT] 
2026-01-21 21:39:11,639 [ERROR] LogOutputStream:75 - [STDERR_REDIRECT] [Fatal Error] :1:1: Premature end of file.
2026-01-21 21:39:11,639 [ERROR] LogOutputStream:75 - [STDERR_REDIRECT] 
2026-01-21 21:39:12,625 [ERROR] LogOutputStream:75 - [STDERR_REDIRECT] [Fatal Error] :1:1: Premature end of file.
2026-01-21 21:39:12,625 [ERROR] LogOutputStream:75 - [STDERR_REDIRECT] 
2026-01-21 21:39:13,640 [ERROR] LogOutputStream:75 - [STDERR_REDIRECT] [Fatal Error] :1:1: Premature end of file.
2026-01-21 21:39:13,640 [ERROR] LogOutputStream:75 - [STDERR_REDIRECT] 
2026-01-21 21:39:14,637 [ERROR] LogOutputStream:75 - [STDERR_REDIRECT] [Fatal Error] :1:1: Premature end of file.
2026-01-21 21:39:14,637 [ERROR] LogOutputStream:75 - [STDERR_REDIRECT] 
2026-01-21 21:39:15,628 [ERROR] LogOutputStream:75 - [STDERR_REDIRECT] [Fatal Error] :1:1: Premature end of file.
2026-01-21 21:39:15,628 [ERROR] LogOutputStream:75 - [STDERR_REDIRECT] 
2026-01-21 21:39:16,624 [ERROR] LogOutputStream:75 - [STDERR_REDIRECT] [Fatal Error] :1:1: Premature end of file.
2026-01-21 21:39:16,624 [ERROR] LogOutputStream:75 - [STDERR_REDIRECT] 
2026-01-21 21:39:17,620 [ERROR] LogOutputStream:75 - [STDERR_REDIRECT] [Fatal Error] :1:1: Premature end of file.
2026-01-21 21:39:17,620 [ERROR] LogOutputStream:75 - [STDERR_REDIRECT] 
2026-01-21 21:39:18,625 [ERROR] LogOutputStream:75 - [STDERR_REDIRECT] [Fatal Error] :1:1: Premature end of file.
2026-01-21 21:39:18,625 [ERROR] LogOutputStream:75 - [STDERR_REDIRECT] 
2026-01-21 21:39:19,639 [ERROR] LogOutputStream:75 - [STDERR_REDIRECT] [Fatal Error] :1:1: Premature end of file.
2026-01-21 21:39:19,639 [ERROR] LogOutputStream:75 - [STDERR_REDIRECT] 
2026-01-21 21:39:20,626 [ERROR] LogOutputStream:75 - [STDERR_REDIRECT] [Fatal Error] :1:1: Premature end of file.
2026-01-21 21:39:20,626 [ERROR] LogOutputStream:75 - [STDERR_REDIRECT] 
2026-01-21 21:39:21,622 [ERROR] LogOutputStream:75 - [STDERR_REDIRECT] [Fatal Error] :1:1: Premature end of file.
2026-01-21 21:39:21,622 [ERROR] LogOutputStream:75 - [STDERR_REDIRECT] 
2026-01-21 21:39:22,640 [ERROR] LogOutputStream:75 - [STDERR_REDIRECT] [Fatal Error] :1:1: Premature end of file.
2026-01-21 21:39:22,640 [ERROR] LogOutputStream:75 - [STDERR_REDIRECT] 
2026-01-21 21:39:23,623 [ERROR] LogOutputStream:75 - [STDERR_REDIRECT] [Fatal Error] :1:1: Premature end of file.
2026-01-21 21:39:23,623 [ERROR] LogOutputStream:75 - [STDERR_REDIRECT] 
2026-01-21 21:39:24,640 [ERROR] LogOutputStream:75 - [STDERR_REDIRECT] [Fatal Error] :1:1: Premature end of file.
2026-01-21 21:39:24,640 [ERROR] LogOutputStream:75 - [STDERR_REDIRECT] 
2026-01-21 21:39:25,623 [ERROR] LogOutputStream:75 - [STDERR_REDIRECT] [Fatal Error] :1:1: Premature end of file.
2026-01-21 21:39:25,623 [ERROR] LogOutputStream:75 - [STDERR_REDIRECT] 
2026-01-21 21:39:26,624 [ERROR] LogOutputStream:75 - [STDERR_REDIRECT] [Fatal Error] :1:1: Premature end of file.
2026-01-21 21:39:26,624 [ERROR] LogOutputStream:75 - [STDERR_REDIRECT] 
2026-01-21 21:39:27,623 [ERROR] LogOutputStream:75 - [STDERR_REDIRECT] [Fatal Error] :1:1: Premature end of file.
2026-01-21 21:39:27,623 [ERROR] LogOutputStream:75 - [STDERR_REDIRECT] 
2026-01-21 21:39:28,625 [ERROR] LogOutputStream:75 - [STDERR_REDIRECT] [Fatal Error] :1:1: Premature end of file.
2026-01-21 21:39:28,625 [ERROR] LogOutputStream:75 - [STDERR_REDIRECT] 
2026-01-21 21:39:29,637 [ERROR] LogOutputStream:75 - [STDERR_REDIRECT] [Fatal Error] :1:1: Premature end of file.
2026-01-21 21:39:29,637 [ERROR] LogOutputStream:75 - [STDERR_REDIRECT] 
2026-01-21 21:39:30,635 [ERROR] LogOutputStream:75 - [STDERR_REDIRECT] [Fatal Error] :1:1: Premature end of file.
2026-01-21 21:39:30,635 [ERROR] LogOutputStream:75 - [STDERR_REDIRECT] 
2026-01-21 21:39:31,624 [ERROR] LogOutputStream:75 - [STDERR_REDIRECT] [Fatal Error] :1:1: Premature end of file.
2026-01-21 21:39:31,624 [ERROR] LogOutputStream:75 - [STDERR_REDIRECT] 
2026-01-21 21:39:32,623 [ERROR] LogOutputStream:75 - [STDERR_REDIRECT] [Fatal Error] :1:1: Premature end of file.
2026-01-21 21:39:32,623 [ERROR] LogOutputStream:75 - [STDERR_REDIRECT] 
2026-01-21 21:39:33,630 [ERROR] LogOutputStream:75 - [STDERR_REDIRECT] [Fatal Error] :1:1: Premature end of file.
2026-01-21 21:39:33,630 [ERROR] LogOutputStream:75 - [STDERR_REDIRECT] 
2026-01-21 21:39:34,635 [ERROR] LogOutputStream:75 - [STDERR_REDIRECT] [Fatal Error] :1:1: Premature end of file.
2026-01-21 21:39:34,635 [ERROR] LogOutputStream:75 - [STDERR_REDIRECT] 
2026-01-21 21:39:35,623 [ERROR] LogOutputStream:75 - [STDERR_REDIRECT] [Fatal Error] :1:1: Premature end of file.
2026-01-21 21:39:35,623 [ERROR] LogOutputStream:75 - [STDERR_REDIRECT] 
2026-01-21 21:39:36,628 [ERROR] LogOutputStream:75 - [STDERR_REDIRECT] [Fatal Error] :1:1: Premature end of file.
2026-01-21 21:39:36,628 [ERROR] LogOutputStream:75 - [STDERR_REDIRECT] 
2026-01-21 21:39:37,631 [ERROR] LogOutputStream:75 - [STDERR_REDIRECT] [Fatal Error] :1:1: Premature end of file.
2026-01-21 21:39:37,631 [ERROR] LogOutputStream:75 - [STDERR_REDIRECT] 
2026-01-21 21:39:38,635 [ERROR] LogOutputStream:75 - [STDERR_REDIRECT] [Fatal Error] :1:1: Premature end of file.
2026-01-21 21:39:38,635 [ERROR] LogOutputStream:75 - [STDERR_REDIRECT] 
2026-01-21 21:39:39,634 [ERROR] LogOutputStream:75 - [STDERR_REDIRECT] [Fatal Error] :1:1: Premature end of file.
2026-01-21 21:39:39,634 [ERROR] LogOutputStream:75 - [STDERR_REDIRECT] 
2026-01-21 21:39:40,638 [ERROR] LogOutputStream:75 - [STDERR_REDIRECT] [Fatal Error] :1:1: Premature end of file.
2026-01-21 21:39:40,639 [ERROR] LogOutputStream:75 - [STDERR_REDIRECT] 
2026-01-21 21:39:41,636 [ERROR] LogOutputStream:75 - [STDERR_REDIRECT] [Fatal Error] :1:1: Premature end of file.
2026-01-21 21:39:41,636 [ERROR] LogOutputStream:75 - [STDERR_REDIRECT] 
2026-01-21 21:39:42,627 [ERROR] LogOutputStream:75 - [STDERR_REDIRECT] [Fatal Error] :1:1: Premature end of file.
2026-01-21 21:39:42,627 [ERROR] LogOutputStream:75 - [STDERR_REDIRECT] 
2026-01-21 21:39:43,636 [ERROR] LogOutputStream:75 - [STDERR_REDIRECT] [Fatal Error] :1:1: Premature end of file.
2026-01-21 21:39:43,636 [ERROR] LogOutputStream:75 - [STDERR_REDIRECT] 
2026-01-21 21:39:44,633 [ERROR] LogOutputStream:75 - [STDERR_REDIRECT] [Fatal Error] :1:1: Premature end of file.
2026-01-21 21:39:44,633 [ERROR] LogOutputStream:75 - [STDERR_REDIRECT] 
2026-01-21 21:39:45,624 [ERROR] LogOutputStream:75 - [STDERR_REDIRECT] [Fatal Error] :1:1: Premature end of file.
2026-01-21 21:39:45,624 [ERROR] LogOutputStream:75 - [STDERR_REDIRECT] 
2026-01-21 21:39:46,623 [ERROR] LogOutputStream:75 - [STDERR_REDIRECT] [Fatal Error] :1:1: Premature end of file.
2026-01-21 21:39:46,623 [ERROR] LogOutputStream:75 - [STDERR_REDIRECT] 
2026-01-21 21:39:47,622 [ERROR] LogOutputStream:75 - [STDERR_REDIRECT] [Fatal Error] :1:1: Premature end of file.
2026-01-21 21:39:47,622 [ERROR] LogOutputStream:75 - [STDERR_REDIRECT] 
2026-01-21 21:39:48,624 [ERROR] LogOutputStream:75 - [STDERR_REDIRECT] [Fatal Error] :1:1: Premature end of file.
2026-01-21 21:39:48,624 [ERROR] LogOutputStream:75 - [STDERR_REDIRECT] 
2026-01-21 21:39:49,624 [ERROR] LogOutputStream:75 - [STDERR_REDIRECT] [Fatal Error] :1:1: Premature end of file.
2026-01-21 21:39:49,624 [ERROR] LogOutputStream:75 - [STDERR_REDIRECT] 
2026-01-21 21:39:50,635 [ERROR] LogOutputStream:75 - [STDERR_REDIRECT] [Fatal Error] :1:1: Premature end of file.
2026-01-21 21:39:50,635 [ERROR] LogOutputStream:75 - [STDERR_REDIRECT] 
2026-01-21 21:39:51,624 [ERROR] LogOutputStream:75 - [STDERR_REDIRECT] [Fatal Error] :1:1: Premature end of file.
2026-01-21 21:39:51,624 [ERROR] LogOutputStream:75 - [STDERR_REDIRECT] 
2026-01-21 21:39:52,623 [ERROR] LogOutputStream:75 - [STDERR_REDIRECT] [Fatal Error] :1:1: Premature end of file.
2026-01-21 21:39:52,623 [ERROR] LogOutputStream:75 - [STDERR_REDIRECT] 
2026-01-21 21:39:53,629 [ERROR] LogOutputStream:75 - [STDERR_REDIRECT] [Fatal Error] :1:1: Premature end of file.
2026-01-21 21:39:53,629 [ERROR] LogOutputStream:75 - [STDERR_REDIRECT] 
2026-01-21 21:39:54,625 [ERROR] LogOutputStream:75 - [STDERR_REDIRECT] [Fatal Error] :1:1: Premature end of file.
2026-01-21 21:39:54,625 [ERROR] LogOutputStream:75 - [STDERR_REDIRECT] 
2026-01-21 21:39:55,631 [ERROR] LogOutputStream:75 - [STDERR_REDIRECT] [Fatal Error] :1:1: Premature end of file.
2026-01-21 21:39:55,631 [ERROR] LogOutputStream:75 - [STDERR_REDIRECT] 
2026-01-21 21:39:56,626 [ERROR] LogOutputStream:75 - [STDERR_REDIRECT] [Fatal Error] :1:1: Premature end of file.
2026-01-21 21:39:56,626 [ERROR] LogOutputStream:75 - [STDERR_REDIRECT] 
2026-01-21 21:39:57,624 [ERROR] LogOutputStream:75 - [STDERR_REDIRECT] [Fatal Error] :1:1: Premature end of file.
2026-01-21 21:39:57,624 [ERROR] LogOutputStream:75 - [STDERR_REDIRECT] 
2026-01-21 21:39:58,634 [ERROR] LogOutputStream:75 - [STDERR_REDIRECT] [Fatal Error] :1:1: Premature end of file.
2026-01-21 21:39:58,634 [ERROR] LogOutputStream:75 - [STDERR_REDIRECT] 
2026-01-21 21:39:59,627 [ERROR] LogOutputStream:75 - [STDERR_REDIRECT] [Fatal Error] :1:1: Premature end of file.
2026-01-21 21:39:59,627 [ERROR] LogOutputStream:75 - [STDERR_REDIRECT] 
2026-01-21 21:40:00,636 [ERROR] LogOutputStream:75 - [STDERR_REDIRECT] [Fatal Error] :1:1: Premature end of file.
2026-01-21 21:40:00,636 [ERROR] LogOutputStream:75 - [STDERR_REDIRECT] 
2026-01-21 21:40:01,625 [ERROR] LogOutputStream:75 - [STDERR_REDIRECT] [Fatal Error] :1:1: Premature end of file.
2026-01-21 21:40:01,625 [ERROR] LogOutputStream:75 - [STDERR_REDIRECT] 
2026-01-21 21:40:02,626 [ERROR] LogOutputStream:75 - [STDERR_REDIRECT] [Fatal Error] :1:1: Premature end of file.
2026-01-21 21:40:02,626 [ERROR] LogOutputStream:75 - [STDERR_REDIRECT] 
2026-01-21 21:40:03,632 [ERROR] LogOutputStream:75 - [STDERR_REDIRECT] [Fatal Error] :1:1: Premature end of file.
2026-01-21 21:40:03,632 [ERROR] LogOutputStream:75 - [STDERR_REDIRECT] 
2026-01-21 21:40:04,625 [ERROR] LogOutputStream:75 - [STDERR_REDIRECT] [Fatal Error] :1:1: Premature end of file.
2026-01-21 21:40:04,625 [ERROR] LogOutputStream:75 - [STDERR_REDIRECT] 
2026-01-21 21:40:05,623 [ERROR] LogOutputStream:75 - [STDERR_REDIRECT] [Fatal Error] :1:1: Premature end of file.
2026-01-21 21:40:05,623 [ERROR] LogOutputStream:75 - [STDERR_REDIRECT] 
2026-01-21 21:40:06,623 [ERROR] LogOutputStream:75 - [STDERR_REDIRECT] [Fatal Error] :1:1: Premature end of file.
2026-01-21 21:40:06,623 [ERROR] LogOutputStream:75 - [STDERR_REDIRECT] 
2026-01-21 21:40:07,628 [ERROR] LogOutputStream:75 - [STDERR_REDIRECT] [Fatal Error] :1:1: Premature end of file.
2026-01-21 21:40:07,629 [ERROR] LogOutputStream:75 - [STDERR_REDIRECT] 
2026-01-21 21:40:08,621 [ERROR] LogOutputStream:75 - [STDERR_REDIRECT] [Fatal Error] :1:1: Premature end of file.
2026-01-21 21:40:08,621 [ERROR] LogOutputStream:75 - [STDERR_REDIRECT] 
2026-01-21 21:40:09,622 [ERROR] LogOutputStream:75 - [STDERR_REDIRECT] [Fatal Error] :1:1: Premature end of file.
2026-01-21 21:40:09,622 [ERROR] LogOutputStream:75 - [STDERR_REDIRECT] 
2026-01-21 21:40:10,624 [ERROR] LogOutputStream:75 - [STDERR_REDIRECT] [Fatal Error] :1:1: Premature end of file.
2026-01-21 21:40:10,624 [ERROR] LogOutputStream:75 - [STDERR_REDIRECT] 
2026-01-21 21:40:11,624 [ERROR] LogOutputStream:75 - [STDERR_REDIRECT] [Fatal Error] :1:1: Premature end of file.
2026-01-21 21:40:11,624 [ERROR] LogOutputStream:75 - [STDERR_REDIRECT] 
2026-01-21 21:40:12,628 [ERROR] LogOutputStream:75 - [STDERR_REDIRECT] [Fatal Error] :1:1: Premature end of file.
2026-01-21 21:40:12,628 [ERROR] LogOutputStream:75 - [STDERR_REDIRECT] 
2026-01-21 21:40:13,628 [ERROR] LogOutputStream:75 - [STDERR_REDIRECT] [Fatal Error] :1:1: Premature end of file.
2026-01-21 21:40:13,628 [ERROR] LogOutputStream:75 - [STDERR_REDIRECT] 
2026-01-21 21:40:14,632 [ERROR] LogOutputStream:75 - [STDERR_REDIRECT] [Fatal Error] :1:1: Premature end of file.
2026-01-21 21:40:14,632 [ERROR] LogOutputStream:75 - [STDERR_REDIRECT] 
2026-01-21 21:40:15,636 [ERROR] LogOutputStream:75 - [STDERR_REDIRECT] [Fatal Error] :1:1: Premature end of file.
2026-01-21 21:40:15,636 [ERROR] LogOutputStream:75 - [STDERR_REDIRECT] 
2026-01-21 21:40:16,623 [ERROR] LogOutputStream:75 - [STDERR_REDIRECT] [Fatal Error] :1:1: Premature end of file.
2026-01-21 21:40:16,623 [ERROR] LogOutputStream:75 - [STDERR_REDIRECT] 
2026-01-21 21:40:17,627 [ERROR] LogOutputStream:75 - [STDERR_REDIRECT] [Fatal Error] :1:1: Premature end of file.
2026-01-21 21:40:17,627 [ERROR] LogOutputStream:75 - [STDERR_REDIRECT] 
2026-01-21 21:40:18,631 [ERROR] LogOutputStream:75 - [STDERR_REDIRECT] [Fatal Error] :1:1: Premature end of file.
2026-01-21 21:40:18,631 [ERROR] LogOutputStream:75 - [STDERR_REDIRECT] 
2026-01-21 21:40:19,635 [ERROR] LogOutputStream:75 - [STDERR_REDIRECT] [Fatal Error] :1:1: Premature end of file.
2026-01-21 21:40:19,635 [ERROR] LogOutputStream:75 - [STDERR_REDIRECT] 
2026-01-21 21:40:20,622 [ERROR] LogOutputStream:75 - [STDERR_REDIRECT] [Fatal Error] :1:1: Premature end of file.
2026-01-21 21:40:20,622 [ERROR] LogOutputStream:75 - [STDERR_REDIRECT] 
2026-01-21 21:40:21,625 [ERROR] LogOutputStream:75 - [STDERR_REDIRECT] [Fatal Error] :1:1: Premature end of file.
2026-01-21 21:40:21,625 [ERROR] LogOutputStream:75 - [STDERR_REDIRECT] 
2026-01-21 21:40:22,631 [ERROR] LogOutputStream:75 - [STDERR_REDIRECT] [Fatal Error] :1:1: Premature end of file.
2026-01-21 21:40:22,631 [ERROR] LogOutputStream:75 - [STDERR_REDIRECT] 
2026-01-21 21:40:23,633 [ERROR] LogOutputStream:75 - [STDERR_REDIRECT] [Fatal Error] :1:1: Premature end of file.
2026-01-21 21:40:23,633 [ERROR] LogOutputStream:75 - [STDERR_REDIRECT] 
2026-01-21 21:40:24,621 [ERROR] LogOutputStream:75 - [STDERR_REDIRECT] [Fatal Error] :1:1: Premature end of file.
2026-01-21 21:40:24,621 [ERROR] LogOutputStream:75 - [STDERR_REDIRECT] 
2026-01-21 21:40:25,627 [ERROR] LogOutputStream:75 - [STDERR_REDIRECT] [Fatal Error] :1:1: Premature end of file.
2026-01-21 21:40:25,627 [ERROR] LogOutputStream:75 - [STDERR_REDIRECT] 
2026-01-21 21:40:26,630 [ERROR] LogOutputStream:75 - [STDERR_REDIRECT] [Fatal Error] :1:1: Premature end of file.
2026-01-21 21:40:26,630 [ERROR] LogOutputStream:75 - [STDERR_REDIRECT] 
2026-01-21 21:40:27,637 [ERROR] LogOutputStream:75 - [STDERR_REDIRECT] [Fatal Error] :1:1: Premature end of file.
2026-01-21 21:40:27,637 [ERROR] LogOutputStream:75 - [STDERR_REDIRECT] 
2026-01-21 21:40:28,621 [ERROR] LogOutputStream:75 - [STDERR_REDIRECT] [Fatal Error] :1:1: Premature end of file.
2026-01-21 21:40:28,621 [ERROR] LogOutputStream:75 - [STDERR_REDIRECT] 
2026-01-21 21:40:29,630 [ERROR] LogOutputStream:75 - [STDERR_REDIRECT] [Fatal Error] :1:1: Premature end of file.
2026-01-21 21:40:29,630 [ERROR] LogOutputStream:75 - [STDERR_REDIRECT] 
2026-01-21 21:40:30,621 [ERROR] LogOutputStream:75 - [STDERR_REDIRECT] [Fatal Error] :1:1: Premature end of file.
2026-01-21 21:40:30,621 [ERROR] LogOutputStream:75 - [STDERR_REDIRECT] 
2026-01-21 21:40:31,627 [ERROR] LogOutputStream:75 - [STDERR_REDIRECT] [Fatal Error] :1:1: Premature end of file.
2026-01-21 21:40:31,627 [ERROR] LogOutputStream:75 - [STDERR_REDIRECT] 
2026-01-21 21:40:32,632 [ERROR] LogOutputStream:75 - [STDERR_REDIRECT] [Fatal Error] :1:1: Premature end of file.
2026-01-21 21:40:32,632 [ERROR] LogOutputStream:75 - [STDERR_REDIRECT] 
2026-01-21 21:40:33,634 [ERROR] LogOutputStream:75 - [STDERR_REDIRECT] [Fatal Error] :1:1: Premature end of file.
2026-01-21 21:40:33,634 [ERROR] LogOutputStream:75 - [STDERR_REDIRECT] 
2026-01-21 21:40:34,623 [ERROR] LogOutputStream:75 - [STDERR_REDIRECT] [Fatal Error] :1:1: Premature end of file.
2026-01-21 21:40:34,623 [ERROR] LogOutputStream:75 - [STDERR_REDIRECT] 
2026-01-21 21:40:35,628 [ERROR] LogOutputStream:75 - [STDERR_REDIRECT] [Fatal Error] :1:1: Premature end of file.
2026-01-21 21:40:35,628 [ERROR] LogOutputStream:75 - [STDERR_REDIRECT] 
2026-01-21 21:40:36,636 [ERROR] LogOutputStream:75 - [STDERR_REDIRECT] [Fatal Error] :1:1: Premature end of file.
2026-01-21 21:40:36,636 [ERROR] LogOutputStream:75 - [STDERR_REDIRECT] 
2026-01-21 21:40:37,623 [ERROR] LogOutputStream:75 - [STDERR_REDIRECT] [Fatal Error] :1:1: Premature end of file.
2026-01-21 21:40:37,623 [ERROR] LogOutputStream:75 - [STDERR_REDIRECT] 
2026-01-21 21:40:38,626 [ERROR] LogOutputStream:75 - [STDERR_REDIRECT] [Fatal Error] :1:1: Premature end of file.
2026-01-21 21:40:38,626 [ERROR] LogOutputStream:75 - [STDERR_REDIRECT] 
2026-01-21 21:40:39,635 [ERROR] LogOutputStream:75 - [STDERR_REDIRECT] [Fatal Error] :1:1: Premature end of file.
2026-01-21 21:40:39,635 [ERROR] LogOutputStream:75 - [STDERR_REDIRECT] 
2026-01-21 21:40:40,626 [ERROR] LogOutputStream:75 - [STDERR_REDIRECT] [Fatal Error] :1:1: Premature end of file.
2026-01-21 21:40:40,626 [ERROR] LogOutputStream:75 - [STDERR_REDIRECT] 
2026-01-21 21:40:41,622 [ERROR] LogOutputStream:75 - [STDERR_REDIRECT] [Fatal Error] :1:1: Premature end of file.
2026-01-21 21:40:41,622 [ERROR] LogOutputStream:75 - [STDERR_REDIRECT] 
2026-01-21 21:40:42,636 [ERROR] LogOutputStream:75 - [STDERR_REDIRECT] [Fatal Error] :1:1: Premature end of file.
2026-01-21 21:40:42,636 [ERROR] LogOutputStream:75 - [STDERR_REDIRECT] 
2026-01-21 21:40:43,625 [ERROR] LogOutputStream:75 - [STDERR_REDIRECT] [Fatal Error] :1:1: Premature end of file.
2026-01-21 21:40:43,625 [ERROR] LogOutputStream:75 - [STDERR_REDIRECT] 
2026-01-21 21:40:44,632 [ERROR] LogOutputStream:75 - [STDERR_REDIRECT] [Fatal Error] :1:1: Premature end of file.
2026-01-21 21:40:44,632 [ERROR] LogOutputStream:75 - [STDERR_REDIRECT] 
2026-01-21 21:40:45,636 [ERROR] LogOutputStream:75 - [STDERR_REDIRECT] [Fatal Error] :1:1: Premature end of file.
2026-01-21 21:40:45,636 [ERROR] LogOutputStream:75 - [STDERR_REDIRECT] 
2026-01-21 21:40:46,622 [ERROR] LogOutputStream:75 - [STDERR_REDIRECT] [Fatal Error] :1:1: Premature end of file.
2026-01-21 21:40:46,622 [ERROR] LogOutputStream:75 - [STDERR_REDIRECT] 
2026-01-21 21:40:47,627 [ERROR] LogOutputStream:75 - [STDERR_REDIRECT] [Fatal Error] :1:1: Premature end of file.
2026-01-21 21:40:47,627 [ERROR] LogOutputStream:75 - [STDERR_REDIRECT] 
2026-01-21 21:40:48,634 [ERROR] LogOutputStream:75 - [STDERR_REDIRECT] [Fatal Error] :1:1: Premature end of file.
2026-01-21 21:40:48,634 [ERROR] LogOutputStream:75 - [STDERR_REDIRECT] 
2026-01-21 21:40:49,636 [ERROR] LogOutputStream:75 - [STDERR_REDIRECT] [Fatal Error] :1:1: Premature end of file.
2026-01-21 21:40:49,636 [ERROR] LogOutputStream:75 - [STDERR_REDIRECT] 
2026-01-21 21:40:50,624 [ERROR] LogOutputStream:75 - [STDERR_REDIRECT] [Fatal Error] :1:1: Premature end of file.
2026-01-21 21:40:50,624 [ERROR] LogOutputStream:75 - [STDERR_REDIRECT] 
2026-01-21 21:40:51,624 [ERROR] LogOutputStream:75 - [STDERR_REDIRECT] [Fatal Error] :1:1: Premature end of file.
2026-01-21 21:40:51,624 [ERROR] LogOutputStream:75 - [STDERR_REDIRECT] 
2026-01-21 21:40:52,625 [ERROR] LogOutputStream:75 - [STDERR_REDIRECT] [Fatal Error] :1:1: Premature end of file.
2026-01-21 21:40:52,625 [ERROR] LogOutputStream:75 - [STDERR_REDIRECT] 
2026-01-21 21:40:53,624 [ERROR] LogOutputStream:75 - [STDERR_REDIRECT] [Fatal Error] :1:1: Premature end of file.
2026-01-21 21:40:53,625 [ERROR] LogOutputStream:75 - [STDERR_REDIRECT] 
2026-01-21 21:40:54,631 [ERROR] LogOutputStream:75 - [STDERR_REDIRECT] [Fatal Error] :1:1: Premature end of file.
2026-01-21 21:40:54,631 [ERROR] LogOutputStream:75 - [STDERR_REDIRECT] 
2026-01-21 21:40:55,622 [ERROR] LogOutputStream:75 - [STDERR_REDIRECT] [Fatal Error] :1:1: Premature end of file.
2026-01-21 21:40:55,622 [ERROR] LogOutputStream:75 - [STDERR_REDIRECT] 
2026-01-21 21:40:56,624 [ERROR] LogOutputStream:75 - [STDERR_REDIRECT] [Fatal Error] :1:1: Premature end of file.
2026-01-21 21:40:56,624 [ERROR] LogOutputStream:75 - [STDERR_REDIRECT] 
2026-01-21 21:40:57,637 [ERROR] LogOutputStream:75 - [STDERR_REDIRECT] [Fatal Error] :1:1: Premature end of file.
2026-01-21 21:40:57,637 [ERROR] LogOutputStream:75 - [STDERR_REDIRECT] 
2026-01-21 21:40:58,622 [ERROR] LogOutputStream:75 - [STDERR_REDIRECT] [Fatal Error] :1:1: Premature end of file.
2026-01-21 21:40:58,622 [ERROR] LogOutputStream:75 - [STDERR_REDIRECT] 
2026-01-21 21:40:59,629 [ERROR] LogOutputStream:75 - [STDERR_REDIRECT] [Fatal Error] :1:1: Premature end of file.
2026-01-21 21:40:59,629 [ERROR] LogOutputStream:75 - [STDERR_REDIRECT] 
2026-01-21 21:41:00,624 [ERROR] LogOutputStream:75 - [STDERR_REDIRECT] [Fatal Error] :1:1: Premature end of file.
2026-01-21 21:41:00,624 [ERROR] LogOutputStream:75 - [STDERR_REDIRECT] 
2026-01-21 21:41:01,636 [ERROR] LogOutputStream:75 - [STDERR_REDIRECT] [Fatal Error] :1:1: Premature end of file.
2026-01-21 21:41:01,636 [ERROR] LogOutputStream:75 - [STDERR_REDIRECT] 
2026-01-21 21:41:02,624 [ERROR] LogOutputStream:75 - [STDERR_REDIRECT] [Fatal Error] :1:1: Premature end of file.
2026-01-21 21:41:02,624 [ERROR] LogOutputStream:75 - [STDERR_REDIRECT] 
2026-01-21 21:41:03,632 [ERROR] LogOutputStream:75 - [STDERR_REDIRECT] [Fatal Error] :1:1: Premature end of file.
2026-01-21 21:41:03,632 [ERROR] LogOutputStream:75 - [STDERR_REDIRECT] 
2026-01-21 21:41:04,623 [ERROR] LogOutputStream:75 - [STDERR_REDIRECT] [Fatal Error] :1:1: Premature end of file.
2026-01-21 21:41:04,623 [ERROR] LogOutputStream:75 - [STDERR_REDIRECT] 
2026-01-21 21:41:05,640 [ERROR] LogOutputStream:75 - [STDERR_REDIRECT] [Fatal Error] :1:1: Premature end of file.
2026-01-21 21:41:05,640 [ERROR] LogOutputStream:75 - [STDERR_REDIRECT] 
2026-01-21 21:41:06,622 [ERROR] LogOutputStream:75 - [STDERR_REDIRECT] [Fatal Error] :1:1: Premature end of file.
2026-01-21 21:41:06,622 [ERROR] LogOutputStream:75 - [STDERR_REDIRECT] 
2026-01-21 21:41:07,629 [ERROR] LogOutputStream:75 - [STDERR_REDIRECT] [Fatal Error] :1:1: Premature end of file.
2026-01-21 21:41:07,629 [ERROR] LogOutputStream:75 - [STDERR_REDIRECT] 
2026-01-21 21:41:08,637 [ERROR] LogOutputStream:75 - [STDERR_REDIRECT] [Fatal Error] :1:1: Premature end of file.
2026-01-21 21:41:08,637 [ERROR] LogOutputStream:75 - [STDERR_REDIRECT] 
2026-01-21 21:41:09,624 [ERROR] LogOutputStream:75 - [STDERR_REDIRECT] [Fatal Error] :1:1: Premature end of file.
2026-01-21 21:41:09,624 [ERROR] LogOutputStream:75 - [STDERR_REDIRECT] 
2026-01-21 21:41:10,628 [ERROR] LogOutputStream:75 - [STDERR_REDIRECT] [Fatal Error] :1:1: Premature end of file.
2026-01-21 21:41:10,628 [ERROR] LogOutputStream:75 - [STDERR_REDIRECT] 
2026-01-21 21:41:11,634 [ERROR] LogOutputStream:75 - [STDERR_REDIRECT] [Fatal Error] :1:1: Premature end of file.
2026-01-21 21:41:11,634 [ERROR] LogOutputStream:75 - [STDERR_REDIRECT] 
2026-01-21 21:41:12,625 [ERROR] LogOutputStream:75 - [STDERR_REDIRECT] [Fatal Error] :1:1: Premature end of file.
2026-01-21 21:41:12,625 [ERROR] LogOutputStream:75 - [STDERR_REDIRECT] 
2026-01-21 21:41:13,628 [ERROR] LogOutputStream:75 - [STDERR_REDIRECT] [Fatal Error] :1:1: Premature end of file.
2026-01-21 21:41:13,628 [ERROR] LogOutputStream:75 - [STDERR_REDIRECT] 
2026-01-21 21:41:14,633 [ERROR] LogOutputStream:75 - [STDERR_REDIRECT] [Fatal Error] :1:1: Premature end of file.
2026-01-21 21:41:14,633 [ERROR] LogOutputStream:75 - [STDERR_REDIRECT] 
2026-01-21 21:41:15,625 [ERROR] LogOutputStream:75 - [STDERR_REDIRECT] [Fatal Error] :1:1: Premature end of file.
2026-01-21 21:41:15,625 [ERROR] LogOutputStream:75 - [STDERR_REDIRECT] 
2026-01-21 21:41:16,632 [ERROR] LogOutputStream:75 - [STDERR_REDIRECT] [Fatal Error] :1:1: Premature end of file.
2026-01-21 21:41:16,632 [ERROR] LogOutputStream:75 - [STDERR_REDIRECT] 
2026-01-21 21:41:17,624 [ERROR] LogOutputStream:75 - [STDERR_REDIRECT] [Fatal Error] :1:1: Premature end of file.
2026-01-21 21:41:17,624 [ERROR] LogOutputStream:75 - [STDERR_REDIRECT] 
2026-01-21 21:41:18,630 [ERROR] LogOutputStream:75 - [STDERR_REDIRECT] [Fatal Error] :1:1: Premature end of file.
2026-01-21 21:41:18,630 [ERROR] LogOutputStream:75 - [STDERR_REDIRECT] 
2026-01-21 21:41:19,622 [ERROR] LogOutputStream:75 - [STDERR_REDIRECT] [Fatal Error] :1:1: Premature end of file.
2026-01-21 21:41:19,622 [ERROR] LogOutputStream:75 - [STDERR_REDIRECT] 
2026-01-21 21:41:20,625 [ERROR] LogOutputStream:75 - [STDERR_REDIRECT] [Fatal Error] :1:1: Premature end of file.
2026-01-21 21:41:20,625 [ERROR] LogOutputStream:75 - [STDERR_REDIRECT] 
2026-01-21 21:41:21,635 [ERROR] LogOutputStream:75 - [STDERR_REDIRECT] [Fatal Error] :1:1: Premature end of file.
2026-01-21 21:41:21,635 [ERROR] LogOutputStream:75 - [STDERR_REDIRECT] 
2026-01-21 21:41:22,625 [ERROR] LogOutputStream:75 - [STDERR_REDIRECT] [Fatal Error] :1:1: Premature end of file.
2026-01-21 21:41:22,625 [ERROR] LogOutputStream:75 - [STDERR_REDIRECT] 
2026-01-21 21:41:23,630 [ERROR] LogOutputStream:75 - [STDERR_REDIRECT] [Fatal Error] :1:1: Premature end of file.
2026-01-21 21:41:23,630 [ERROR] LogOutputStream:75 - [STDERR_REDIRECT] 
2026-01-21 21:41:24,635 [ERROR] LogOutputStream:75 - [STDERR_REDIRECT] [Fatal Error] :1:1: Premature end of file.
2026-01-21 21:41:24,635 [ERROR] LogOutputStream:75 - [STDERR_REDIRECT] 
2026-01-21 21:41:25,624 [ERROR] LogOutputStream:75 - [STDERR_REDIRECT] [Fatal Error] :1:1: Premature end of file.
2026-01-21 21:41:25,624 [ERROR] LogOutputStream:75 - [STDERR_REDIRECT] 
2026-01-21 21:41:26,627 [ERROR] LogOutputStream:75 - [STDERR_REDIRECT] [Fatal Error] :1:1: Premature end of file.
2026-01-21 21:41:26,627 [ERROR] LogOutputStream:75 - [STDERR_REDIRECT] 
2026-01-21 21:41:27,626 [ERROR] LogOutputStream:75 - [STDERR_REDIRECT] [Fatal Error] :1:1: Premature end of file.
2026-01-21 21:41:27,627 [ERROR] LogOutputStream:75 - [STDERR_REDIRECT] 
2026-01-21 21:41:28,628 [ERROR] LogOutputStream:75 - [STDERR_REDIRECT] [Fatal Error] :1:1: Premature end of file.
2026-01-21 21:41:28,628 [ERROR] LogOutputStream:75 - [STDERR_REDIRECT] 
2026-01-21 21:41:29,627 [ERROR] LogOutputStream:75 - [STDERR_REDIRECT] [Fatal Error] :1:1: Premature end of file.
2026-01-21 21:41:29,627 [ERROR] LogOutputStream:75 - [STDERR_REDIRECT] 
2026-01-21 21:41:30,628 [ERROR] LogOutputStream:75 - [STDERR_REDIRECT] [Fatal Error] :1:1: Premature end of file.
2026-01-21 21:41:30,628 [ERROR] LogOutputStream:75 - [STDERR_REDIRECT] 
2026-01-21 21:41:31,628 [ERROR] LogOutputStream:75 - [STDERR_REDIRECT] [Fatal Error] :1:1: Premature end of file.
2026-01-21 21:41:31,628 [ERROR] LogOutputStream:75 - [STDERR_REDIRECT] 
2026-01-21 21:41:32,628 [ERROR] LogOutputStream:75 - [STDERR_REDIRECT] [Fatal Error] :1:1: Premature end of file.
2026-01-21 21:41:32,628 [ERROR] LogOutputStream:75 - [STDERR_REDIRECT] 
2026-01-21 21:41:33,631 [ERROR] LogOutputStream:75 - [STDERR_REDIRECT] [Fatal Error] :1:1: Premature end of file.
2026-01-21 21:41:33,631 [ERROR] LogOutputStream:75 - [STDERR_REDIRECT] 
2026-01-21 21:41:34,628 [ERROR] LogOutputStream:75 - [STDERR_REDIRECT] [Fatal Error] :1:1: Premature end of file.
2026-01-21 21:41:34,628 [ERROR] LogOutputStream:75 - [STDERR_REDIRECT] 
2026-01-21 21:41:35,630 [ERROR] LogOutputStream:75 - [STDERR_REDIRECT] [Fatal Error] :1:1: Premature end of file.
2026-01-21 21:41:35,630 [ERROR] LogOutputStream:75 - [STDERR_REDIRECT] 
2026-01-21 21:41:36,628 [ERROR] LogOutputStream:75 - [STDERR_REDIRECT] [Fatal Error] :1:1: Premature end of file.
2026-01-21 21:41:36,628 [ERROR] LogOutputStream:75 - [STDERR_REDIRECT] 
2026-01-21 21:41:37,625 [ERROR] LogOutputStream:75 - [STDERR_REDIRECT] [Fatal Error] :1:1: Premature end of file.
2026-01-21 21:41:37,625 [ERROR] LogOutputStream:75 - [STDERR_REDIRECT] 
2026-01-21 21:41:38,628 [ERROR] LogOutputStream:75 - [STDERR_REDIRECT] [Fatal Error] :1:1: Premature end of file.
2026-01-21 21:41:38,628 [ERROR] LogOutputStream:75 - [STDERR_REDIRECT] 
2026-01-21 21:41:39,627 [ERROR] LogOutputStream:75 - [STDERR_REDIRECT] [Fatal Error] :1:1: Premature end of file.
2026-01-21 21:41:39,628 [ERROR] LogOutputStream:75 - [STDERR_REDIRECT] 
2026-01-21 21:41:40,624 [ERROR] LogOutputStream:75 - [STDERR_REDIRECT] [Fatal Error] :1:1: Premature end of file.
2026-01-21 21:41:40,624 [ERROR] LogOutputStream:75 - [STDERR_REDIRECT] 
2026-01-21 21:41:41,630 [ERROR] LogOutputStream:75 - [STDERR_REDIRECT] [Fatal Error] :1:1: Premature end of file.
2026-01-21 21:41:41,630 [ERROR] LogOutputStream:75 - [STDERR_REDIRECT] 
2026-01-21 21:41:42,628 [ERROR] LogOutputStream:75 - [STDERR_REDIRECT] [Fatal Error] :1:1: Premature end of file.
2026-01-21 21:41:42,628 [ERROR] LogOutputStream:75 - [STDERR_REDIRECT] 
2026-01-21 21:41:43,628 [ERROR] LogOutputStream:75 - [STDERR_REDIRECT] [Fatal Error] :1:1: Premature end of file.
2026-01-21 21:41:43,628 [ERROR] LogOutputStream:75 - [STDERR_REDIRECT] 
2026-01-21 21:41:44,612 [ERROR] LogOutputStream:75 - [STDERR_REDIRECT] [Fatal Error] :1:1: Premature end of file.
2026-01-21 21:41:44,612 [ERROR] LogOutputStream:75 - [STDERR_REDIRECT] 
2026-01-21 21:41:45,625 [ERROR] LogOutputStream:75 - [STDERR_REDIRECT] [Fatal Error] :1:1: Premature end of file.
2026-01-21 21:41:45,625 [ERROR] LogOutputStream:75 - [STDERR_REDIRECT] 
2026-01-21 21:41:46,627 [ERROR] LogOutputStream:75 - [STDERR_REDIRECT] [Fatal Error] :1:1: Premature end of file.
2026-01-21 21:41:46,627 [ERROR] LogOutputStream:75 - [STDERR_REDIRECT] 
2026-01-21 21:41:47,622 [ERROR] LogOutputStream:75 - [STDERR_REDIRECT] [Fatal Error] :1:1: Premature end of file.
2026-01-21 21:41:47,622 [ERROR] LogOutputStream:75 - [STDERR_REDIRECT] 
2026-01-21 21:41:48,627 [ERROR] LogOutputStream:75 - [STDERR_REDIRECT] [Fatal Error] :1:1: Premature end of file.
2026-01-21 21:41:48,627 [ERROR] LogOutputStream:75 - [STDERR_REDIRECT] 
2026-01-21 21:41:49,625 [ERROR] LogOutputStream:75 - [STDERR_REDIRECT] [Fatal Error] :1:1: Premature end of file.
2026-01-21 21:41:49,625 [ERROR] LogOutputStream:75 - [STDERR_REDIRECT] 
2026-01-21 21:41:50,631 [ERROR] LogOutputStream:75 - [STDERR_REDIRECT] [Fatal Error] :1:1: Premature end of file.
2026-01-21 21:41:50,631 [ERROR] LogOutputStream:75 - [STDERR_REDIRECT] 
2026-01-21 21:41:51,621 [ERROR] LogOutputStream:75 - [STDERR_REDIRECT] [Fatal Error] :1:1: Premature end of file.
2026-01-21 21:41:51,621 [ERROR] LogOutputStream:75 - [STDERR_REDIRECT] 
2026-01-21 21:41:52,616 [ERROR] LogOutputStream:75 - [STDERR_REDIRECT] [Fatal Error] :1:1: Premature end of file.
2026-01-21 21:41:52,616 [ERROR] LogOutputStream:75 - [STDERR_REDIRECT] 
2026-01-21 21:41:53,631 [ERROR] LogOutputStream:75 - [STDERR_REDIRECT] [Fatal Error] :1:1: Premature end of file.
2026-01-21 21:41:53,631 [ERROR] LogOutputStream:75 - [STDERR_REDIRECT] 
2026-01-21 21:41:54,628 [ERROR] LogOutputStream:75 - [STDERR_REDIRECT] [Fatal Error] :1:1: Premature end of file.
2026-01-21 21:41:54,628 [ERROR] LogOutputStream:75 - [STDERR_REDIRECT] 
2026-01-21 21:41:55,631 [ERROR] LogOutputStream:75 - [STDERR_REDIRECT] [Fatal Error] :1:1: Premature end of file.
2026-01-21 21:41:55,631 [ERROR] LogOutputStream:75 - [STDERR_REDIRECT] 
2026-01-21 21:41:56,637 [ERROR] LogOutputStream:75 - [STDERR_REDIRECT] [Fatal Error] :1:1: Premature end of file.
2026-01-21 21:41:56,637 [ERROR] LogOutputStream:75 - [STDERR_REDIRECT] 
2026-01-21 21:41:57,622 [ERROR] LogOutputStream:75 - [STDERR_REDIRECT] [Fatal Error] :1:1: Premature end of file.
2026-01-21 21:41:57,622 [ERROR] LogOutputStream:75 - [STDERR_REDIRECT] 
2026-01-21 21:41:58,630 [ERROR] LogOutputStream:75 - [STDERR_REDIRECT] [Fatal Error] :1:1: Premature end of file.
2026-01-21 21:41:58,630 [ERROR] LogOutputStream:75 - [STDERR_REDIRECT] 
2026-01-21 21:41:59,630 [ERROR] LogOutputStream:75 - [STDERR_REDIRECT] [Fatal Error] :1:1: Premature end of file.
2026-01-21 21:41:59,630 [ERROR] LogOutputStream:75 - [STDERR_REDIRECT] 
2026-01-21 21:42:00,628 [ERROR] LogOutputStream:75 - [STDERR_REDIRECT] [Fatal Error] :1:1: Premature end of file.
2026-01-21 21:42:00,628 [ERROR] LogOutputStream:75 - [STDERR_REDIRECT] 
2026-01-21 21:42:01,628 [ERROR] LogOutputStream:75 - [STDERR_REDIRECT] [Fatal Error] :1:1: Premature end of file.
2026-01-21 21:42:01,628 [ERROR] LogOutputStream:75 - [STDERR_REDIRECT] 
2026-01-21 21:42:02,629 [ERROR] LogOutputStream:75 - [STDERR_REDIRECT] [Fatal Error] :1:1: Premature end of file.
2026-01-21 21:42:02,629 [ERROR] LogOutputStream:75 - [STDERR_REDIRECT] 
2026-01-21 21:42:03,629 [ERROR] LogOutputStream:75 - [STDERR_REDIRECT] [Fatal Error] :1:1: Premature end of file.
2026-01-21 21:42:03,629 [ERROR] LogOutputStream:75 - [STDERR_REDIRECT] 
2026-01-21 21:42:04,613 [ERROR] LogOutputStream:75 - [STDERR_REDIRECT] [Fatal Error] :1:1: Premature end of file.
2026-01-21 21:42:04,613 [ERROR] LogOutputStream:75 - [STDERR_REDIRECT] 
2026-01-21 21:42:05,629 [ERROR] LogOutputStream:75 - [STDERR_REDIRECT] [Fatal Error] :1:1: Premature end of file.
2026-01-21 21:42:05,629 [ERROR] LogOutputStream:75 - [STDERR_REDIRECT] 
2026-01-21 21:42:06,613 [ERROR] LogOutputStream:75 - [STDERR_REDIRECT] [Fatal Error] :1:1: Premature end of file.
2026-01-21 21:42:06,613 [ERROR] LogOutputStream:75 - [STDERR_REDIRECT] 
2026-01-21 21:42:07,630 [ERROR] LogOutputStream:75 - [STDERR_REDIRECT] [Fatal Error] :1:1: Premature end of file.
2026-01-21 21:42:07,630 [ERROR] LogOutputStream:75 - [STDERR_REDIRECT] 
2026-01-21 21:42:08,629 [ERROR] LogOutputStream:75 - [STDERR_REDIRECT] [Fatal Error] :1:1: Premature end of file.
2026-01-21 21:42:08,629 [ERROR] LogOutputStream:75 - [STDERR_REDIRECT] 
2026-01-21 21:42:09,629 [ERROR] LogOutputStream:75 - [STDERR_REDIRECT] [Fatal Error] :1:1: Premature end of file.
2026-01-21 21:42:09,629 [ERROR] LogOutputStream:75 - [STDERR_REDIRECT] 
2026-01-21 21:42:10,623 [ERROR] LogOutputStream:75 - [STDERR_REDIRECT] [Fatal Error] :1:1: Premature end of file.
2026-01-21 21:42:10,623 [ERROR] LogOutputStream:75 - [STDERR_REDIRECT] 
2026-01-21 21:42:11,632 [ERROR] LogOutputStream:75 - [STDERR_REDIRECT] [Fatal Error] :1:1: Premature end of file.
2026-01-21 21:42:11,632 [ERROR] LogOutputStream:75 - [STDERR_REDIRECT] 
2026-01-21 21:42:12,631 [ERROR] LogOutputStream:75 - [STDERR_REDIRECT] [Fatal Error] :1:1: Premature end of file.
2026-01-21 21:42:12,631 [ERROR] LogOutputStream:75 - [STDERR_REDIRECT] 
2026-01-21 21:42:13,641 [ERROR] LogOutputStream:75 - [STDERR_REDIRECT] [Fatal Error] :1:1: Premature end of file.
2026-01-21 21:42:13,642 [ERROR] LogOutputStream:75 - [STDERR_REDIRECT] 
2026-01-21 21:42:14,622 [ERROR] LogOutputStream:75 - [STDERR_REDIRECT] [Fatal Error] :1:1: Premature end of file.
2026-01-21 21:42:14,622 [ERROR] LogOutputStream:75 - [STDERR_REDIRECT] 
2026-01-21 21:42:15,624 [ERROR] LogOutputStream:75 - [STDERR_REDIRECT] [Fatal Error] :1:1: Premature end of file.
2026-01-21 21:42:15,624 [ERROR] LogOutputStream:75 - [STDERR_REDIRECT] 
2026-01-21 21:42:16,626 [ERROR] LogOutputStream:75 - [STDERR_REDIRECT] [Fatal Error] :1:1: Premature end of file.
2026-01-21 21:42:16,626 [ERROR] LogOutputStream:75 - [STDERR_REDIRECT] 
2026-01-21 21:42:17,631 [ERROR] LogOutputStream:75 - [STDERR_REDIRECT] [Fatal Error] :1:1: Premature end of file.
2026-01-21 21:42:17,631 [ERROR] LogOutputStream:75 - [STDERR_REDIRECT] 
2026-01-21 21:42:18,640 [ERROR] LogOutputStream:75 - [STDERR_REDIRECT] [Fatal Error] :1:1: Premature end of file.
2026-01-21 21:42:18,640 [ERROR] LogOutputStream:75 - [STDERR_REDIRECT] 
2026-01-21 21:42:19,626 [ERROR] LogOutputStream:75 - [STDERR_REDIRECT] [Fatal Error] :1:1: Premature end of file.
2026-01-21 21:42:19,626 [ERROR] LogOutputStream:75 - [STDERR_REDIRECT] 
2026-01-21 21:42:20,624 [ERROR] LogOutputStream:75 - [STDERR_REDIRECT] [Fatal Error] :1:1: Premature end of file.
2026-01-21 21:42:20,624 [ERROR] LogOutputStream:75 - [STDERR_REDIRECT] 
2026-01-21 21:42:21,627 [ERROR] LogOutputStream:75 - [STDERR_REDIRECT] [Fatal Error] :1:1: Premature end of file.
2026-01-21 21:42:21,627 [ERROR] LogOutputStream:75 - [STDERR_REDIRECT] 
2026-01-21 21:42:22,632 [ERROR] LogOutputStream:75 - [STDERR_REDIRECT] [Fatal Error] :1:1: Premature end of file.
2026-01-21 21:42:22,633 [ERROR] LogOutputStream:75 - [STDERR_REDIRECT] 
2026-01-21 21:42:23,628 [ERROR] LogOutputStream:75 - [STDERR_REDIRECT] [Fatal Error] :1:1: Premature end of file.
2026-01-21 21:42:23,628 [ERROR] LogOutputStream:75 - [STDERR_REDIRECT] 
2026-01-21 21:42:24,626 [ERROR] LogOutputStream:75 - [STDERR_REDIRECT] [Fatal Error] :1:1: Premature end of file.
2026-01-21 21:42:24,626 [ERROR] LogOutputStream:75 - [STDERR_REDIRECT] 
2026-01-21 21:42:25,627 [ERROR] LogOutputStream:75 - [STDERR_REDIRECT] [Fatal Error] :1:1: Premature end of file.
2026-01-21 21:42:25,627 [ERROR] LogOutputStream:75 - [STDERR_REDIRECT] 
2026-01-21 21:42:26,630 [ERROR] LogOutputStream:75 - [STDERR_REDIRECT] [Fatal Error] :1:1: Premature end of file.
2026-01-21 21:42:26,630 [ERROR] LogOutputStream:75 - [STDERR_REDIRECT] 
2026-01-21 21:42:27,631 [ERROR] LogOutputStream:75 - [STDERR_REDIRECT] [Fatal Error] :1:1: Premature end of file.
2026-01-21 21:42:27,631 [ERROR] LogOutputStream:75 - [STDERR_REDIRECT] 
2026-01-21 21:42:28,628 [ERROR] LogOutputStream:75 - [STDERR_REDIRECT] [Fatal Error] :1:1: Premature end of file.
2026-01-21 21:42:28,628 [ERROR] LogOutputStream:75 - [STDERR_REDIRECT] 
2026-01-21 21:42:29,628 [ERROR] LogOutputStream:75 - [STDERR_REDIRECT] [Fatal Error] :1:1: Premature end of file.
2026-01-21 21:42:29,628 [ERROR] LogOutputStream:75 - [STDERR_REDIRECT] 
2026-01-21 21:42:30,630 [ERROR] LogOutputStream:75 - [STDERR_REDIRECT] [Fatal Error] :1:1: Premature end of file.
2026-01-21 21:42:30,630 [ERROR] LogOutputStream:75 - [STDERR_REDIRECT] 
2026-01-21 21:42:31,629 [ERROR] LogOutputStream:75 - [STDERR_REDIRECT] [Fatal Error] :1:1: Premature end of file.
2026-01-21 21:42:31,629 [ERROR] LogOutputStream:75 - [STDERR_REDIRECT] 
2026-01-21 21:42:32,629 [ERROR] LogOutputStream:75 - [STDERR_REDIRECT] [Fatal Error] :1:1: Premature end of file.
2026-01-21 21:42:32,629 [ERROR] LogOutputStream:75 - [STDERR_REDIRECT] 
2026-01-21 21:42:33,614 [ERROR] LogOutputStream:75 - [STDERR_REDIRECT] [Fatal Error] :1:1: Premature end of file.
2026-01-21 21:42:33,614 [ERROR] LogOutputStream:75 - [STDERR_REDIRECT] 
2026-01-21 21:42:34,630 [ERROR] LogOutputStream:75 - [STDERR_REDIRECT] [Fatal Error] :1:1: Premature end of file.
2026-01-21 21:42:34,630 [ERROR] LogOutputStream:75 - [STDERR_REDIRECT] 
2026-01-21 21:42:35,631 [ERROR] LogOutputStream:75 - [STDERR_REDIRECT] [Fatal Error] :1:1: Premature end of file.
2026-01-21 21:42:35,631 [ERROR] LogOutputStream:75 - [STDERR_REDIRECT] 
2026-01-21 21:42:36,630 [ERROR] LogOutputStream:75 - [STDERR_REDIRECT] [Fatal Error] :1:1: Premature end of file.
2026-01-21 21:42:36,630 [ERROR] LogOutputStream:75 - [STDERR_REDIRECT] 
2026-01-21 21:42:37,627 [ERROR] LogOutputStream:75 - [STDERR_REDIRECT] [Fatal Error] :1:1: Premature end of file.
2026-01-21 21:42:37,627 [ERROR] LogOutputStream:75 - [STDERR_REDIRECT] 
2026-01-21 21:42:38,628 [ERROR] LogOutputStream:75 - [STDERR_REDIRECT] [Fatal Error] :1:1: Premature end of file.
2026-01-21 21:42:38,628 [ERROR] LogOutputStream:75 - [STDERR_REDIRECT] 
2026-01-21 21:42:39,630 [ERROR] LogOutputStream:75 - [STDERR_REDIRECT] [Fatal Error] :1:1: Premature end of file.
2026-01-21 21:42:39,630 [ERROR] LogOutputStream:75 - [STDERR_REDIRECT] 
2026-01-21 21:42:40,631 [ERROR] LogOutputStream:75 - [STDERR_REDIRECT] [Fatal Error] :1:1: Premature end of file.
2026-01-21 21:42:40,631 [ERROR] LogOutputStream:75 - [STDERR_REDIRECT] 
2026-01-21 21:42:41,633 [ERROR] LogOutputStream:75 - [STDERR_REDIRECT] [Fatal Error] :1:1: Premature end of file.
2026-01-21 21:42:41,633 [ERROR] LogOutputStream:75 - [STDERR_REDIRECT] 
2026-01-21 21:42:42,631 [ERROR] LogOutputStream:75 - [STDERR_REDIRECT] [Fatal Error] :1:1: Premature end of file.
2026-01-21 21:42:42,631 [ERROR] LogOutputStream:75 - [STDERR_REDIRECT] 
2026-01-21 21:42:43,634 [ERROR] LogOutputStream:75 - [STDERR_REDIRECT] [Fatal Error] :1:1: Premature end of file.
2026-01-21 21:42:43,634 [ERROR] LogOutputStream:75 - [STDERR_REDIRECT] 
2026-01-21 21:42:44,633 [ERROR] LogOutputStream:75 - [STDERR_REDIRECT] [Fatal Error] :1:1: Premature end of file.
2026-01-21 21:42:44,633 [ERROR] LogOutputStream:75 - [STDERR_REDIRECT] 
2026-01-21 21:42:45,625 [ERROR] LogOutputStream:75 - [STDERR_REDIRECT] [Fatal Error] :1:1: Premature end of file.
2026-01-21 21:42:45,625 [ERROR] LogOutputStream:75 - [STDERR_REDIRECT] 
2026-01-21 21:42:46,629 [ERROR] LogOutputStream:75 - [STDERR_REDIRECT] [Fatal Error] :1:1: Premature end of file.
2026-01-21 21:42:46,629 [ERROR] LogOutputStream:75 - [STDERR_REDIRECT] 
2026-01-21 21:42:47,630 [ERROR] LogOutputStream:75 - [STDERR_REDIRECT] [Fatal Error] :1:1: Premature end of file.
2026-01-21 21:42:47,630 [ERROR] LogOutputStream:75 - [STDERR_REDIRECT] 
2026-01-21 21:42:48,634 [ERROR] LogOutputStream:75 - [STDERR_REDIRECT] [Fatal Error] :1:1: Premature end of file.
2026-01-21 21:42:48,634 [ERROR] LogOutputStream:75 - [STDERR_REDIRECT] 
2026-01-21 21:42:49,631 [ERROR] LogOutputStream:75 - [STDERR_REDIRECT] [Fatal Error] :1:1: Premature end of file.
2026-01-21 21:42:49,631 [ERROR] LogOutputStream:75 - [STDERR_REDIRECT] 
2026-01-21 21:42:50,624 [ERROR] LogOutputStream:75 - [STDERR_REDIRECT] [Fatal Error] :1:1: Premature end of file.
2026-01-21 21:42:50,625 [ERROR] LogOutputStream:75 - [STDERR_REDIRECT] 
2026-01-21 21:42:51,624 [ERROR] LogOutputStream:75 - [STDERR_REDIRECT] [Fatal Error] :1:1: Premature end of file.
2026-01-21 21:42:51,624 [ERROR] LogOutputStream:75 - [STDERR_REDIRECT] 
2026-01-21 21:42:52,625 [ERROR] LogOutputStream:75 - [STDERR_REDIRECT] [Fatal Error] :1:1: Premature end of file.
2026-01-21 21:42:52,625 [ERROR] LogOutputStream:75 - [STDERR_REDIRECT] 
2026-01-21 21:42:53,625 [ERROR] LogOutputStream:75 - [STDERR_REDIRECT] [Fatal Error] :1:1: Premature end of file.
2026-01-21 21:42:53,625 [ERROR] LogOutputStream:75 - [STDERR_REDIRECT] 
2026-01-21 21:42:54,632 [ERROR] LogOutputStream:75 - [STDERR_REDIRECT] [Fatal Error] :1:1: Premature end of file.
2026-01-21 21:42:54,632 [ERROR] LogOutputStream:75 - [STDERR_REDIRECT] 
2026-01-21 21:42:55,631 [ERROR] LogOutputStream:75 - [STDERR_REDIRECT] [Fatal Error] :1:1: Premature end of file.
2026-01-21 21:42:55,631 [ERROR] LogOutputStream:75 - [STDERR_REDIRECT] 
2026-01-21 21:42:56,632 [ERROR] LogOutputStream:75 - [STDERR_REDIRECT] [Fatal Error] :1:1: Premature end of file.
2026-01-21 21:42:56,632 [ERROR] LogOutputStream:75 - [STDERR_REDIRECT] 
2026-01-21 21:42:57,631 [ERROR] LogOutputStream:75 - [STDERR_REDIRECT] [Fatal Error] :1:1: Premature end of file.
2026-01-21 21:42:57,631 [ERROR] LogOutputStream:75 - [STDERR_REDIRECT] 
2026-01-21 21:42:58,634 [ERROR] LogOutputStream:75 - [STDERR_REDIRECT] [Fatal Error] :1:1: Premature end of file.
2026-01-21 21:42:58,634 [ERROR] LogOutputStream:75 - [STDERR_REDIRECT] 
2026-01-21 21:42:59,631 [ERROR] LogOutputStream:75 - [STDERR_REDIRECT] [Fatal Error] :1:1: Premature end of file.
2026-01-21 21:42:59,631 [ERROR] LogOutputStream:75 - [STDERR_REDIRECT] 
2026-01-21 21:43:00,633 [ERROR] LogOutputStream:75 - [STDERR_REDIRECT] [Fatal Error] :1:1: Premature end of file.
2026-01-21 21:43:00,633 [ERROR] LogOutputStream:75 - [STDERR_REDIRECT] 
2026-01-21 21:43:01,632 [ERROR] LogOutputStream:75 - [STDERR_REDIRECT] [Fatal Error] :1:1: Premature end of file.
2026-01-21 21:43:01,632 [ERROR] LogOutputStream:75 - [STDERR_REDIRECT] 
2026-01-21 21:43:02,632 [ERROR] LogOutputStream:75 - [STDERR_REDIRECT] [Fatal Error] :1:1: Premature end of file.
2026-01-21 21:43:02,632 [ERROR] LogOutputStream:75 - [STDERR_REDIRECT] 
2026-01-21 21:43:03,627 [ERROR] LogOutputStream:75 - [STDERR_REDIRECT] [Fatal Error] :1:1: Premature end of file.
2026-01-21 21:43:03,627 [ERROR] LogOutputStream:75 - [STDERR_REDIRECT] 
2026-01-21 21:43:04,626 [ERROR] LogOutputStream:75 - [STDERR_REDIRECT] [Fatal Error] :1:1: Premature end of file.
2026-01-21 21:43:04,626 [ERROR] LogOutputStream:75 - [STDERR_REDIRECT] 
2026-01-21 21:43:05,632 [ERROR] LogOutputStream:75 - [STDERR_REDIRECT] [Fatal Error] :1:1: Premature end of file.
2026-01-21 21:43:05,632 [ERROR] LogOutputStream:75 - [STDERR_REDIRECT] 
2026-01-21 21:43:06,632 [ERROR] LogOutputStream:75 - [STDERR_REDIRECT] [Fatal Error] :1:1: Premature end of file.
2026-01-21 21:43:06,632 [ERROR] LogOutputStream:75 - [STDERR_REDIRECT] 
2026-01-21 21:43:07,632 [ERROR] LogOutputStream:75 - [STDERR_REDIRECT] [Fatal Error] :1:1: Premature end of file.
2026-01-21 21:43:07,632 [ERROR] LogOutputStream:75 - [STDERR_REDIRECT] 
2026-01-21 21:43:08,626 [ERROR] LogOutputStream:75 - [STDERR_REDIRECT] [Fatal Error] :1:1: Premature end of file.
2026-01-21 21:43:08,626 [ERROR] LogOutputStream:75 - [STDERR_REDIRECT] 
2026-01-21 21:43:09,634 [ERROR] LogOutputStream:75 - [STDERR_REDIRECT] [Fatal Error] :1:1: Premature end of file.
2026-01-21 21:43:09,635 [ERROR] LogOutputStream:75 - [STDERR_REDIRECT] 
2026-01-21 21:43:10,630 [ERROR] LogOutputStream:75 - [STDERR_REDIRECT] [Fatal Error] :1:1: Premature end of file.
2026-01-21 21:43:10,630 [ERROR] LogOutputStream:75 - [STDERR_REDIRECT] 
2026-01-21 21:43:11,630 [ERROR] LogOutputStream:75 - [STDERR_REDIRECT] [Fatal Error] :1:1: Premature end of file.
2026-01-21 21:43:11,630 [ERROR] LogOutputStream:75 - [STDERR_REDIRECT] 
2026-01-21 21:43:12,632 [ERROR] LogOutputStream:75 - [STDERR_REDIRECT] [Fatal Error] :1:1: Premature end of file.
2026-01-21 21:43:12,632 [ERROR] LogOutputStream:75 - [STDERR_REDIRECT] 
2026-01-21 21:43:13,629 [ERROR] LogOutputStream:75 - [STDERR_REDIRECT] [Fatal Error] :1:1: Premature end of file.
2026-01-21 21:43:13,629 [ERROR] LogOutputStream:75 - [STDERR_REDIRECT] 
2026-01-21 21:43:14,634 [ERROR] LogOutputStream:75 - [STDERR_REDIRECT] [Fatal Error] :1:1: Premature end of file.
2026-01-21 21:43:14,634 [ERROR] LogOutputStream:75 - [STDERR_REDIRECT] 
2026-01-21 21:43:15,633 [ERROR] LogOutputStream:75 - [STDERR_REDIRECT] [Fatal Error] :1:1: Premature end of file.
2026-01-21 21:43:15,633 [ERROR] LogOutputStream:75 - [STDERR_REDIRECT] 
2026-01-21 21:43:16,633 [ERROR] LogOutputStream:75 - [STDERR_REDIRECT] [Fatal Error] :1:1: Premature end of file.
2026-01-21 21:43:16,633 [ERROR] LogOutputStream:75 - [STDERR_REDIRECT] 
2026-01-21 21:43:17,632 [ERROR] LogOutputStream:75 - [STDERR_REDIRECT] [Fatal Error] :1:1: Premature end of file.
2026-01-21 21:43:17,632 [ERROR] LogOutputStream:75 - [STDERR_REDIRECT] 
2026-01-21 21:43:18,635 [ERROR] LogOutputStream:75 - [STDERR_REDIRECT] [Fatal Error] :1:1: Premature end of file.
2026-01-21 21:43:18,635 [ERROR] LogOutputStream:75 - [STDERR_REDIRECT] 
2026-01-21 21:43:19,624 [ERROR] LogOutputStream:75 - [STDERR_REDIRECT] [Fatal Error] :1:1: Premature end of file.
2026-01-21 21:43:19,624 [ERROR] LogOutputStream:75 - [STDERR_REDIRECT] 
2026-01-21 21:43:20,632 [ERROR] LogOutputStream:75 - [STDERR_REDIRECT] [Fatal Error] :1:1: Premature end of file.
2026-01-21 21:43:20,632 [ERROR] LogOutputStream:75 - [STDERR_REDIRECT] 
2026-01-21 21:43:21,635 [ERROR] LogOutputStream:75 - [STDERR_REDIRECT] [Fatal Error] :1:1: Premature end of file.
2026-01-21 21:43:21,635 [ERROR] LogOutputStream:75 - [STDERR_REDIRECT] 
2026-01-21 21:43:22,632 [ERROR] LogOutputStream:75 - [STDERR_REDIRECT] [Fatal Error] :1:1: Premature end of file.
2026-01-21 21:43:22,632 [ERROR] LogOutputStream:75 - [STDERR_REDIRECT] 
2026-01-21 21:43:23,628 [ERROR] LogOutputStream:75 - [STDERR_REDIRECT] [Fatal Error] :1:1: Premature end of file.
2026-01-21 21:43:23,628 [ERROR] LogOutputStream:75 - [STDERR_REDIRECT] 
2026-01-21 21:43:24,627 [ERROR] LogOutputStream:75 - [STDERR_REDIRECT] [Fatal Error] :1:1: Premature end of file.
2026-01-21 21:43:24,627 [ERROR] LogOutputStream:75 - [STDERR_REDIRECT] 
2026-01-21 21:43:25,635 [ERROR] LogOutputStream:75 - [STDERR_REDIRECT] [Fatal Error] :1:1: Premature end of file.
2026-01-21 21:43:25,635 [ERROR] LogOutputStream:75 - [STDERR_REDIRECT] 
2026-01-21 21:43:26,631 [ERROR] LogOutputStream:75 - [STDERR_REDIRECT] [Fatal Error] :1:1: Premature end of file.
2026-01-21 21:43:26,631 [ERROR] LogOutputStream:75 - [STDERR_REDIRECT] 
2026-01-21 21:43:27,633 [ERROR] LogOutputStream:75 - [STDERR_REDIRECT] [Fatal Error] :1:1: Premature end of file.
2026-01-21 21:43:27,633 [ERROR] LogOutputStream:75 - [STDERR_REDIRECT] 
2026-01-21 21:43:28,622 [ERROR] LogOutputStream:75 - [STDERR_REDIRECT] [Fatal Error] :1:1: Premature end of file.
2026-01-21 21:43:28,622 [ERROR] LogOutputStream:75 - [STDERR_REDIRECT] 
2026-01-21 21:43:29,625 [ERROR] LogOutputStream:75 - [STDERR_REDIRECT] [Fatal Error] :1:1: Premature end of file.
2026-01-21 21:43:29,625 [ERROR] LogOutputStream:75 - [STDERR_REDIRECT] 
2026-01-21 21:43:30,630 [ERROR] LogOutputStream:75 - [STDERR_REDIRECT] [Fatal Error] :1:1: Premature end of file.
2026-01-21 21:43:30,630 [ERROR] LogOutputStream:75 - [STDERR_REDIRECT] 
2026-01-21 21:43:31,637 [ERROR] LogOutputStream:75 - [STDERR_REDIRECT] [Fatal Error] :1:1: Premature end of file.
2026-01-21 21:43:31,637 [ERROR] LogOutputStream:75 - [STDERR_REDIRECT] 
2026-01-21 21:43:32,635 [ERROR] LogOutputStream:75 - [STDERR_REDIRECT] [Fatal Error] :1:1: Premature end of file.
2026-01-21 21:43:32,636 [ERROR] LogOutputStream:75 - [STDERR_REDIRECT] 
2026-01-21 21:43:33,624 [ERROR] LogOutputStream:75 - [STDERR_REDIRECT] [Fatal Error] :1:1: Premature end of file.
2026-01-21 21:43:33,624 [ERROR] LogOutputStream:75 - [STDERR_REDIRECT] 
2026-01-21 21:43:34,627 [ERROR] LogOutputStream:75 - [STDERR_REDIRECT] [Fatal Error] :1:1: Premature end of file.
2026-01-21 21:43:34,627 [ERROR] LogOutputStream:75 - [STDERR_REDIRECT] 
2026-01-21 21:43:35,633 [ERROR] LogOutputStream:75 - [STDERR_REDIRECT] [Fatal Error] :1:1: Premature end of file.
2026-01-21 21:43:35,633 [ERROR] LogOutputStream:75 - [STDERR_REDIRECT] 
2026-01-21 21:43:36,624 [ERROR] LogOutputStream:75 - [STDERR_REDIRECT] [Fatal Error] :1:1: Premature end of file.
2026-01-21 21:43:36,624 [ERROR] LogOutputStream:75 - [STDERR_REDIRECT] 
2026-01-21 21:43:37,633 [ERROR] LogOutputStream:75 - [STDERR_REDIRECT] [Fatal Error] :1:1: Premature end of file.
2026-01-21 21:43:37,633 [ERROR] LogOutputStream:75 - [STDERR_REDIRECT] 
2026-01-21 21:43:38,636 [ERROR] LogOutputStream:75 - [STDERR_REDIRECT] [Fatal Error] :1:1: Premature end of file.
2026-01-21 21:43:38,636 [ERROR] LogOutputStream:75 - [STDERR_REDIRECT] 
2026-01-21 21:43:39,627 [ERROR] LogOutputStream:75 - [STDERR_REDIRECT] [Fatal Error] :1:1: Premature end of file.
2026-01-21 21:43:39,627 [ERROR] LogOutputStream:75 - [STDERR_REDIRECT] 
2026-01-21 21:43:40,631 [ERROR] LogOutputStream:75 - [STDERR_REDIRECT] [Fatal Error] :1:1: Premature end of file.
2026-01-21 21:43:40,631 [ERROR] LogOutputStream:75 - [STDERR_REDIRECT] 
2026-01-21 21:43:41,633 [ERROR] LogOutputStream:75 - [STDERR_REDIRECT] [Fatal Error] :1:1: Premature end of file.
2026-01-21 21:43:41,633 [ERROR] LogOutputStream:75 - [STDERR_REDIRECT] 
2026-01-21 21:43:42,622 [ERROR] LogOutputStream:75 - [STDERR_REDIRECT] [Fatal Error] :1:1: Premature end of file.
2026-01-21 21:43:42,622 [ERROR] LogOutputStream:75 - [STDERR_REDIRECT] 
2026-01-21 21:43:43,617 [ERROR] LogOutputStream:75 - [STDERR_REDIRECT] [Fatal Error] :1:1: Premature end of file.
2026-01-21 21:43:43,617 [ERROR] LogOutputStream:75 - [STDERR_REDIRECT] 
2026-01-21 21:43:44,636 [ERROR] LogOutputStream:75 - [STDERR_REDIRECT] [Fatal Error] :1:1: Premature end of file.
2026-01-21 21:43:44,636 [ERROR] LogOutputStream:75 - [STDERR_REDIRECT] 
2026-01-21 21:43:45,624 [ERROR] LogOutputStream:75 - [STDERR_REDIRECT] [Fatal Error] :1:1: Premature end of file.
2026-01-21 21:43:45,624 [ERROR] LogOutputStream:75 - [STDERR_REDIRECT] 
2026-01-21 21:43:46,632 [ERROR] LogOutputStream:75 - [STDERR_REDIRECT] [Fatal Error] :1:1: Premature end of file.
2026-01-21 21:43:46,632 [ERROR] LogOutputStream:75 - [STDERR_REDIRECT] 
2026-01-21 21:43:47,633 [ERROR] LogOutputStream:75 - [STDERR_REDIRECT] [Fatal Error] :1:1: Premature end of file.
2026-01-21 21:43:47,633 [ERROR] LogOutputStream:75 - [STDERR_REDIRECT] 
2026-01-21 21:43:48,634 [ERROR] LogOutputStream:75 - [STDERR_REDIRECT] [Fatal Error] :1:1: Premature end of file.
2026-01-21 21:43:48,634 [ERROR] LogOutputStream:75 - [STDERR_REDIRECT] 
2026-01-21 21:43:49,635 [ERROR] LogOutputStream:75 - [STDERR_REDIRECT] [Fatal Error] :1:1: Premature end of file.
2026-01-21 21:43:49,635 [ERROR] LogOutputStream:75 - [STDERR_REDIRECT] 
2026-01-21 21:43:50,630 [ERROR] LogOutputStream:75 - [STDERR_REDIRECT] [Fatal Error] :1:1: Premature end of file.
2026-01-21 21:43:50,630 [ERROR] LogOutputStream:75 - [STDERR_REDIRECT] 
2026-01-21 21:43:51,631 [ERROR] LogOutputStream:75 - [STDERR_REDIRECT] [Fatal Error] :1:1: Premature end of file.
2026-01-21 21:43:51,631 [ERROR] LogOutputStream:75 - [STDERR_REDIRECT] 
2026-01-21 21:43:52,622 [ERROR] LogOutputStream:75 - [STDERR_REDIRECT] [Fatal Error] :1:1: Premature end of file.
2026-01-21 21:43:52,622 [ERROR] LogOutputStream:75 - [STDERR_REDIRECT] 
2026-01-21 21:43:53,623 [ERROR] LogOutputStream:75 - [STDERR_REDIRECT] [Fatal Error] :1:1: Premature end of file.
2026-01-21 21:43:53,623 [ERROR] LogOutputStream:75 - [STDERR_REDIRECT] 
2026-01-21 21:43:54,631 [ERROR] LogOutputStream:75 - [STDERR_REDIRECT] [Fatal Error] :1:1: Premature end of file.
2026-01-21 21:43:54,631 [ERROR] LogOutputStream:75 - [STDERR_REDIRECT] 
2026-01-21 21:43:55,632 [ERROR] LogOutputStream:75 - [STDERR_REDIRECT] [Fatal Error] :1:1: Premature end of file.
2026-01-21 21:43:55,632 [ERROR] LogOutputStream:75 - [STDERR_REDIRECT] 
2026-01-21 21:43:56,633 [ERROR] LogOutputStream:75 - [STDERR_REDIRECT] [Fatal Error] :1:1: Premature end of file.
2026-01-21 21:43:56,633 [ERROR] LogOutputStream:75 - [STDERR_REDIRECT] 
2026-01-21 21:43:57,635 [ERROR] LogOutputStream:75 - [STDERR_REDIRECT] [Fatal Error] :1:1: Premature end of file.
2026-01-21 21:43:57,635 [ERROR] LogOutputStream:75 - [STDERR_REDIRECT] 
2026-01-21 21:43:58,626 [ERROR] LogOutputStream:75 - [STDERR_REDIRECT] [Fatal Error] :1:1: Premature end of file.
2026-01-21 21:43:58,626 [ERROR] LogOutputStream:75 - [STDERR_REDIRECT] 
2026-01-21 21:43:59,631 [ERROR] LogOutputStream:75 - [STDERR_REDIRECT] [Fatal Error] :1:1: Premature end of file.
2026-01-21 21:43:59,631 [ERROR] LogOutputStream:75 - [STDERR_REDIRECT] 
2026-01-21 21:44:00,636 [ERROR] LogOutputStream:75 - [STDERR_REDIRECT] [Fatal Error] :1:1: Premature end of file.
2026-01-21 21:44:00,636 [ERROR] LogOutputStream:75 - [STDERR_REDIRECT] 
2026-01-21 21:44:01,634 [ERROR] LogOutputStream:75 - [STDERR_REDIRECT] [Fatal Error] :1:1: Premature end of file.
2026-01-21 21:44:01,634 [ERROR] LogOutputStream:75 - [STDERR_REDIRECT] 
2026-01-21 21:44:02,635 [ERROR] LogOutputStream:75 - [STDERR_REDIRECT] [Fatal Error] :1:1: Premature end of file.
2026-01-21 21:44:02,635 [ERROR] LogOutputStream:75 - [STDERR_REDIRECT] 
2026-01-21 21:44:03,632 [ERROR] LogOutputStream:75 - [STDERR_REDIRECT] [Fatal Error] :1:1: Premature end of file.
2026-01-21 21:44:03,632 [ERROR] LogOutputStream:75 - [STDERR_REDIRECT] 
2026-01-21 21:44:04,635 [ERROR] LogOutputStream:75 - [STDERR_REDIRECT] [Fatal Error] :1:1: Premature end of file.
2026-01-21 21:44:04,635 [ERROR] LogOutputStream:75 - [STDERR_REDIRECT] 
2026-01-21 21:44:05,636 [ERROR] LogOutputStream:75 - [STDERR_REDIRECT] [Fatal Error] :1:1: Premature end of file.
2026-01-21 21:44:05,636 [ERROR] LogOutputStream:75 - [STDERR_REDIRECT] 
2026-01-21 21:44:06,633 [ERROR] LogOutputStream:75 - [STDERR_REDIRECT] [Fatal Error] :1:1: Premature end of file.
2026-01-21 21:44:06,633 [ERROR] LogOutputStream:75 - [STDERR_REDIRECT] 
2026-01-21 21:44:07,621 [ERROR] LogOutputStream:75 - [STDERR_REDIRECT] [Fatal Error] :1:1: Premature end of file.
2026-01-21 21:44:07,621 [ERROR] LogOutputStream:75 - [STDERR_REDIRECT] 
2026-01-21 21:44:08,634 [ERROR] LogOutputStream:75 - [STDERR_REDIRECT] [Fatal Error] :1:1: Premature end of file.
2026-01-21 21:44:08,634 [ERROR] LogOutputStream:75 - [STDERR_REDIRECT] 
2026-01-21 21:44:09,627 [ERROR] LogOutputStream:75 - [STDERR_REDIRECT] [Fatal Error] :1:1: Premature end of file.
2026-01-21 21:44:09,627 [ERROR] LogOutputStream:75 - [STDERR_REDIRECT] 
2026-01-21 21:44:10,634 [ERROR] LogOutputStream:75 - [STDERR_REDIRECT] [Fatal Error] :1:1: Premature end of file.
2026-01-21 21:44:10,634 [ERROR] LogOutputStream:75 - [STDERR_REDIRECT] 
2026-01-21 21:44:11,632 [ERROR] LogOutputStream:75 - [STDERR_REDIRECT] [Fatal Error] :1:1: Premature end of file.
2026-01-21 21:44:11,632 [ERROR] LogOutputStream:75 - [STDERR_REDIRECT] 
2026-01-21 21:44:12,630 [ERROR] LogOutputStream:75 - [STDERR_REDIRECT] [Fatal Error] :1:1: Premature end of file.
2026-01-21 21:44:12,631 [ERROR] LogOutputStream:75 - [STDERR_REDIRECT] 
2026-01-21 21:44:13,632 [ERROR] LogOutputStream:75 - [STDERR_REDIRECT] [Fatal Error] :1:1: Premature end of file.
2026-01-21 21:44:13,632 [ERROR] LogOutputStream:75 - [STDERR_REDIRECT] 
2026-01-21 21:44:14,625 [ERROR] LogOutputStream:75 - [STDERR_REDIRECT] [Fatal Error] :1:1: Premature end of file.
2026-01-21 21:44:14,625 [ERROR] LogOutputStream:75 - [STDERR_REDIRECT] 
2026-01-21 21:44:15,626 [ERROR] LogOutputStream:75 - [STDERR_REDIRECT] [Fatal Error] :1:1: Premature end of file.
2026-01-21 21:44:15,626 [ERROR] LogOutputStream:75 - [STDERR_REDIRECT] 
2026-01-21 21:44:16,632 [ERROR] LogOutputStream:75 - [STDERR_REDIRECT] [Fatal Error] :1:1: Premature end of file.
2026-01-21 21:44:16,632 [ERROR] LogOutputStream:75 - [STDERR_REDIRECT] 
2026-01-21 21:44:17,626 [ERROR] LogOutputStream:75 - [STDERR_REDIRECT] [Fatal Error] :1:1: Premature end of file.
2026-01-21 21:44:17,626 [ERROR] LogOutputStream:75 - [STDERR_REDIRECT] 
2026-01-21 21:44:18,628 [ERROR] LogOutputStream:75 - [STDERR_REDIRECT] [Fatal Error] :1:1: Premature end of file.
2026-01-21 21:44:18,628 [ERROR] LogOutputStream:75 - [STDERR_REDIRECT] 
2026-01-21 21:44:19,635 [ERROR] LogOutputStream:75 - [STDERR_REDIRECT] [Fatal Error] :1:1: Premature end of file.
2026-01-21 21:44:19,635 [ERROR] LogOutputStream:75 - [STDERR_REDIRECT] 
2026-01-21 21:44:20,631 [ERROR] LogOutputStream:75 - [STDERR_REDIRECT] [Fatal Error] :1:1: Premature end of file.
2026-01-21 21:44:20,631 [ERROR] LogOutputStream:75 - [STDERR_REDIRECT] 
2026-01-21 21:44:21,636 [ERROR] LogOutputStream:75 - [STDERR_REDIRECT] [Fatal Error] :1:1: Premature end of file.
2026-01-21 21:44:21,636 [ERROR] LogOutputStream:75 - [STDERR_REDIRECT] 
2026-01-21 21:44:22,626 [ERROR] LogOutputStream:75 - [STDERR_REDIRECT] [Fatal Error] :1:1: Premature end of file.
2026-01-21 21:44:22,626 [ERROR] LogOutputStream:75 - [STDERR_REDIRECT] 
2026-01-21 21:44:23,635 [ERROR] LogOutputStream:75 - [STDERR_REDIRECT] [Fatal Error] :1:1: Premature end of file.
2026-01-21 21:44:23,635 [ERROR] LogOutputStream:75 - [STDERR_REDIRECT] 
2026-01-21 21:44:24,618 [ERROR] LogOutputStream:75 - [STDERR_REDIRECT] [Fatal Error] :1:1: Premature end of file.
2026-01-21 21:44:24,618 [ERROR] LogOutputStream:75 - [STDERR_REDIRECT] 
2026-01-21 21:44:25,636 [ERROR] LogOutputStream:75 - [STDERR_REDIRECT] [Fatal Error] :1:1: Premature end of file.
2026-01-21 21:44:25,636 [ERROR] LogOutputStream:75 - [STDERR_REDIRECT] 
2026-01-21 21:44:26,635 [ERROR] LogOutputStream:75 - [STDERR_REDIRECT] [Fatal Error] :1:1: Premature end of file.
2026-01-21 21:44:26,635 [ERROR] LogOutputStream:75 - [STDERR_REDIRECT] 
2026-01-21 21:44:27,627 [ERROR] LogOutputStream:75 - [STDERR_REDIRECT] [Fatal Error] :1:1: Premature end of file.
2026-01-21 21:44:27,627 [ERROR] LogOutputStream:75 - [STDERR_REDIRECT] 
2026-01-21 21:44:28,638 [ERROR] LogOutputStream:75 - [STDERR_REDIRECT] [Fatal Error] :1:1: Premature end of file.
2026-01-21 21:44:28,638 [ERROR] LogOutputStream:75 - [STDERR_REDIRECT] 
2026-01-21 21:44:29,632 [ERROR] LogOutputStream:75 - [STDERR_REDIRECT] [Fatal Error] :1:1: Premature end of file.
2026-01-21 21:44:29,632 [ERROR] LogOutputStream:75 - [STDERR_REDIRECT] 
2026-01-21 21:44:30,634 [ERROR] LogOutputStream:75 - [STDERR_REDIRECT] [Fatal Error] :1:1: Premature end of file.
2026-01-21 21:44:30,634 [ERROR] LogOutputStream:75 - [STDERR_REDIRECT] 
2026-01-21 21:44:31,628 [ERROR] LogOutputStream:75 - [STDERR_REDIRECT] [Fatal Error] :1:1: Premature end of file.
2026-01-21 21:44:31,628 [ERROR] LogOutputStream:75 - [STDERR_REDIRECT] 
2026-01-21 21:44:32,635 [ERROR] LogOutputStream:75 - [STDERR_REDIRECT] [Fatal Error] :1:1: Premature end of file.
2026-01-21 21:44:32,635 [ERROR] LogOutputStream:75 - [STDERR_REDIRECT] 
2026-01-21 21:44:33,639 [ERROR] LogOutputStream:75 - [STDERR_REDIRECT] [Fatal Error] :1:1: Premature end of file.
2026-01-21 21:44:33,639 [ERROR] LogOutputStream:75 - [STDERR_REDIRECT] 
2026-01-21 21:44:34,633 [ERROR] LogOutputStream:75 - [STDERR_REDIRECT] [Fatal Error] :1:1: Premature end of file.
2026-01-21 21:44:34,634 [ERROR] LogOutputStream:75 - [STDERR_REDIRECT] 
2026-01-21 21:44:35,636 [ERROR] LogOutputStream:75 - [STDERR_REDIRECT] [Fatal Error] :1:1: Premature end of file.
2026-01-21 21:44:35,636 [ERROR] LogOutputStream:75 - [STDERR_REDIRECT] 
2026-01-21 21:44:36,637 [ERROR] LogOutputStream:75 - [STDERR_REDIRECT] [Fatal Error] :1:1: Premature end of file.
2026-01-21 21:44:36,637 [ERROR] LogOutputStream:75 - [STDERR_REDIRECT] 
2026-01-21 21:44:37,639 [ERROR] LogOutputStream:75 - [STDERR_REDIRECT] [Fatal Error] :1:1: Premature end of file.
2026-01-21 21:44:37,639 [ERROR] LogOutputStream:75 - [STDERR_REDIRECT] 
2026-01-21 21:44:38,637 [ERROR] LogOutputStream:75 - [STDERR_REDIRECT] [Fatal Error] :1:1: Premature end of file.
2026-01-21 21:44:38,637 [ERROR] LogOutputStream:75 - [STDERR_REDIRECT] 
2026-01-21 21:44:39,635 [ERROR] LogOutputStream:75 - [STDERR_REDIRECT] [Fatal Error] :1:1: Premature end of file.
2026-01-21 21:44:39,635 [ERROR] LogOutputStream:75 - [STDERR_REDIRECT] 
2026-01-21 21:44:40,637 [ERROR] LogOutputStream:75 - [STDERR_REDIRECT] [Fatal Error] :1:1: Premature end of file.
2026-01-21 21:44:40,637 [ERROR] LogOutputStream:75 - [STDERR_REDIRECT] 
2026-01-21 21:44:41,638 [ERROR] LogOutputStream:75 - [STDERR_REDIRECT] [Fatal Error] :1:1: Premature end of file.
2026-01-21 21:44:41,638 [ERROR] LogOutputStream:75 - [STDERR_REDIRECT] 
2026-01-21 21:44:42,634 [ERROR] LogOutputStream:75 - [STDERR_REDIRECT] [Fatal Error] :1:1: Premature end of file.
2026-01-21 21:44:42,634 [ERROR] LogOutputStream:75 - [STDERR_REDIRECT] 
2026-01-21 21:44:43,636 [ERROR] LogOutputStream:75 - [STDERR_REDIRECT] [Fatal Error] :1:1: Premature end of file.
2026-01-21 21:44:43,636 [ERROR] LogOutputStream:75 - [STDERR_REDIRECT] 
2026-01-21 21:44:44,636 [ERROR] LogOutputStream:75 - [STDERR_REDIRECT] [Fatal Error] :1:1: Premature end of file.
2026-01-21 21:44:44,636 [ERROR] LogOutputStream:75 - [STDERR_REDIRECT] 
2026-01-21 21:44:45,635 [ERROR] LogOutputStream:75 - [STDERR_REDIRECT] [Fatal Error] :1:1: Premature end of file.
2026-01-21 21:44:45,635 [ERROR] LogOutputStream:75 - [STDERR_REDIRECT] 
2026-01-21 21:44:46,638 [ERROR] LogOutputStream:75 - [STDERR_REDIRECT] [Fatal Error] :1:1: Premature end of file.
2026-01-21 21:44:46,639 [ERROR] LogOutputStream:75 - [STDERR_REDIRECT] 
2026-01-21 21:44:47,634 [ERROR] LogOutputStream:75 - [STDERR_REDIRECT] [Fatal Error] :1:1: Premature end of file.
2026-01-21 21:44:47,634 [ERROR] LogOutputStream:75 - [STDERR_REDIRECT] 
2026-01-21 21:44:48,640 [ERROR] LogOutputStream:75 - [STDERR_REDIRECT] [Fatal Error] :1:1: Premature end of file.
2026-01-21 21:44:48,640 [ERROR] LogOutputStream:75 - [STDERR_REDIRECT] 
2026-01-21 21:44:49,623 [ERROR] LogOutputStream:75 - [STDERR_REDIRECT] [Fatal Error] :1:1: Premature end of file.
2026-01-21 21:44:49,623 [ERROR] LogOutputStream:75 - [STDERR_REDIRECT] 
2026-01-21 21:44:50,635 [ERROR] LogOutputStream:75 - [STDERR_REDIRECT] [Fatal Error] :1:1: Premature end of file.
2026-01-21 21:44:50,635 [ERROR] LogOutputStream:75 - [STDERR_REDIRECT] 
2026-01-21 21:44:51,634 [ERROR] LogOutputStream:75 - [STDERR_REDIRECT] [Fatal Error] :1:1: Premature end of file.
2026-01-21 21:44:51,634 [ERROR] LogOutputStream:75 - [STDERR_REDIRECT] 
2026-01-21 21:44:52,628 [ERROR] LogOutputStream:75 - [STDERR_REDIRECT] [Fatal Error] :1:1: Premature end of file.
2026-01-21 21:44:52,628 [ERROR] LogOutputStream:75 - [STDERR_REDIRECT] 
2026-01-21 21:44:53,619 [ERROR] LogOutputStream:75 - [STDERR_REDIRECT] [Fatal Error] :1:1: Premature end of file.
2026-01-21 21:44:53,619 [ERROR] LogOutputStream:75 - [STDERR_REDIRECT] 
2026-01-21 21:44:54,620 [ERROR] LogOutputStream:75 - [STDERR_REDIRECT] [Fatal Error] :1:1: Premature end of file.
2026-01-21 21:44:54,620 [ERROR] LogOutputStream:75 - [STDERR_REDIRECT] 
2026-01-21 21:44:55,632 [ERROR] LogOutputStream:75 - [STDERR_REDIRECT] [Fatal Error] :1:1: Premature end of file.
2026-01-21 21:44:55,632 [ERROR] LogOutputStream:75 - [STDERR_REDIRECT] 
2026-01-21 21:44:56,634 [ERROR] LogOutputStream:75 - [STDERR_REDIRECT] [Fatal Error] :1:1: Premature end of file.
2026-01-21 21:44:56,634 [ERROR] LogOutputStream:75 - [STDERR_REDIRECT] 
2026-01-21 21:44:57,637 [ERROR] LogOutputStream:75 - [STDERR_REDIRECT] [Fatal Error] :1:1: Premature end of file.
2026-01-21 21:44:57,637 [ERROR] LogOutputStream:75 - [STDERR_REDIRECT] 
2026-01-21 21:44:58,639 [ERROR] LogOutputStream:75 - [STDERR_REDIRECT] [Fatal Error] :1:1: Premature end of file.
2026-01-21 21:44:58,639 [ERROR] LogOutputStream:75 - [STDERR_REDIRECT] 
2026-01-21 21:44:59,640 [ERROR] LogOutputStream:75 - [STDERR_REDIRECT] [Fatal Error] :1:1: Premature end of file.
2026-01-21 21:44:59,640 [ERROR] LogOutputStream:75 - [STDERR_REDIRECT] 
2026-01-21 21:45:00,638 [ERROR] LogOutputStream:75 - [STDERR_REDIRECT] [Fatal Error] :1:1: Premature end of file.
2026-01-21 21:45:00,638 [ERROR] LogOutputStream:75 - [STDERR_REDIRECT] 
2026-01-21 21:45:01,637 [ERROR] LogOutputStream:75 - [STDERR_REDIRECT] [Fatal Error] :1:1: Premature end of file.
2026-01-21 21:45:01,637 [ERROR] LogOutputStream:75 - [STDERR_REDIRECT] 
2026-01-21 21:45:02,637 [ERROR] LogOutputStream:75 - [STDERR_REDIRECT] [Fatal Error] :1:1: Premature end of file.
2026-01-21 21:45:02,637 [ERROR] LogOutputStream:75 - [STDERR_REDIRECT] 
2026-01-21 21:45:03,639 [ERROR] LogOutputStream:75 - [STDERR_REDIRECT] [Fatal Error] :1:1: Premature end of file.
2026-01-21 21:45:03,639 [ERROR] LogOutputStream:75 - [STDERR_REDIRECT] 
2026-01-21 21:45:04,633 [ERROR] LogOutputStream:75 - [STDERR_REDIRECT] [Fatal Error] :1:1: Premature end of file.
2026-01-21 21:45:04,633 [ERROR] LogOutputStream:75 - [STDERR_REDIRECT] 
2026-01-21 21:45:05,637 [ERROR] LogOutputStream:75 - [STDERR_REDIRECT] [Fatal Error] :1:1: Premature end of file.
2026-01-21 21:45:05,637 [ERROR] LogOutputStream:75 - [STDERR_REDIRECT] 
2026-01-21 21:45:06,639 [ERROR] LogOutputStream:75 - [STDERR_REDIRECT] [Fatal Error] :1:1: Premature end of file.
2026-01-21 21:45:06,639 [ERROR] LogOutputStream:75 - [STDERR_REDIRECT] 
2026-01-21 21:45:07,638 [ERROR] LogOutputStream:75 - [STDERR_REDIRECT] [Fatal Error] :1:1: Premature end of file.
2026-01-21 21:45:07,638 [ERROR] LogOutputStream:75 - [STDERR_REDIRECT] 
2026-01-21 21:45:08,637 [ERROR] LogOutputStream:75 - [STDERR_REDIRECT] [Fatal Error] :1:1: Premature end of file.
2026-01-21 21:45:08,637 [ERROR] LogOutputStream:75 - [STDERR_REDIRECT] 
2026-01-21 21:45:09,637 [ERROR] LogOutputStream:75 - [STDERR_REDIRECT] [Fatal Error] :1:1: Premature end of file.
2026-01-21 21:45:09,637 [ERROR] LogOutputStream:75 - [STDERR_REDIRECT] 
2026-01-21 21:45:10,638 [ERROR] LogOutputStream:75 - [STDERR_REDIRECT] [Fatal Error] :1:1: Premature end of file.
2026-01-21 21:45:10,638 [ERROR] LogOutputStream:75 - [STDERR_REDIRECT] 
2026-01-21 21:45:11,637 [ERROR] LogOutputStream:75 - [STDERR_REDIRECT] [Fatal Error] :1:1: Premature end of file.
2026-01-21 21:45:11,637 [ERROR] LogOutputStream:75 - [STDERR_REDIRECT] 
2026-01-21 21:45:12,636 [ERROR] LogOutputStream:75 - [STDERR_REDIRECT] [Fatal Error] :1:1: Premature end of file.
2026-01-21 21:45:12,636 [ERROR] LogOutputStream:75 - [STDERR_REDIRECT] 
2026-01-21 21:45:13,637 [ERROR] LogOutputStream:75 - [STDERR_REDIRECT] [Fatal Error] :1:1: Premature end of file.
2026-01-21 21:45:13,637 [ERROR] LogOutputStream:75 - [STDERR_REDIRECT] 
2026-01-21 21:45:14,638 [ERROR] LogOutputStream:75 - [STDERR_REDIRECT] [Fatal Error] :1:1: Premature end of file.
2026-01-21 21:45:14,638 [ERROR] LogOutputStream:75 - [STDERR_REDIRECT] 
2026-01-21 21:45:15,644 [ERROR] LogOutputStream:75 - [STDERR_REDIRECT] [Fatal Error] :1:1: Premature end of file.
2026-01-21 21:45:15,644 [ERROR] LogOutputStream:75 - [STDERR_REDIRECT] 
2026-01-21 21:45:16,630 [ERROR] LogOutputStream:75 - [STDERR_REDIRECT] [Fatal Error] :1:1: Premature end of file.
2026-01-21 21:45:16,631 [ERROR] LogOutputStream:75 - [STDERR_REDIRECT] 
2026-01-21 21:45:17,637 [ERROR] LogOutputStream:75 - [STDERR_REDIRECT] [Fatal Error] :1:1: Premature end of file.
2026-01-21 21:45:17,637 [ERROR] LogOutputStream:75 - [STDERR_REDIRECT] 
2026-01-21 21:45:18,637 [ERROR] LogOutputStream:75 - [STDERR_REDIRECT] [Fatal Error] :1:1: Premature end of file.
2026-01-21 21:45:18,638 [ERROR] LogOutputStream:75 - [STDERR_REDIRECT] 
2026-01-21 21:45:19,638 [ERROR] LogOutputStream:75 - [STDERR_REDIRECT] [Fatal Error] :1:1: Premature end of file.
2026-01-21 21:45:19,638 [ERROR] LogOutputStream:75 - [STDERR_REDIRECT] 
2026-01-21 21:45:20,628 [ERROR] LogOutputStream:75 - [STDERR_REDIRECT] [Fatal Error] :1:1: Premature end of file.
2026-01-21 21:45:20,628 [ERROR] LogOutputStream:75 - [STDERR_REDIRECT] 
2026-01-21 21:45:21,631 [ERROR] LogOutputStream:75 - [STDERR_REDIRECT] [Fatal Error] :1:1: Premature end of file.
2026-01-21 21:45:21,631 [ERROR] LogOutputStream:75 - [STDERR_REDIRECT] 
2026-01-21 21:45:22,631 [ERROR] LogOutputStream:75 - [STDERR_REDIRECT] [Fatal Error] :1:1: Premature end of file.
2026-01-21 21:45:22,631 [ERROR] LogOutputStream:75 - [STDERR_REDIRECT] 
2026-01-21 21:45:23,627 [ERROR] LogOutputStream:75 - [STDERR_REDIRECT] [Fatal Error] :1:1: Premature end of file.
2026-01-21 21:45:23,627 [ERROR] LogOutputStream:75 - [STDERR_REDIRECT] 
2026-01-21 21:45:24,635 [ERROR] LogOutputStream:75 - [STDERR_REDIRECT] [Fatal Error] :1:1: Premature end of file.
2026-01-21 21:45:24,635 [ERROR] LogOutputStream:75 - [STDERR_REDIRECT] 
2026-01-21 21:45:25,635 [ERROR] LogOutputStream:75 - [STDERR_REDIRECT] [Fatal Error] :1:1: Premature end of file.
2026-01-21 21:45:25,635 [ERROR] LogOutputStream:75 - [STDERR_REDIRECT] 
2026-01-21 21:45:26,638 [ERROR] LogOutputStream:75 - [STDERR_REDIRECT] [Fatal Error] :1:1: Premature end of file.
2026-01-21 21:45:26,638 [ERROR] LogOutputStream:75 - [STDERR_REDIRECT] 
2026-01-21 21:45:27,640 [ERROR] LogOutputStream:75 - [STDERR_REDIRECT] [Fatal Error] :1:1: Premature end of file.
2026-01-21 21:45:27,640 [ERROR] LogOutputStream:75 - [STDERR_REDIRECT] 
2026-01-21 21:45:28,635 [ERROR] LogOutputStream:75 - [STDERR_REDIRECT] [Fatal Error] :1:1: Premature end of file.
2026-01-21 21:45:28,635 [ERROR] LogOutputStream:75 - [STDERR_REDIRECT] 
2026-01-21 21:45:29,622 [ERROR] LogOutputStream:75 - [STDERR_REDIRECT] [Fatal Error] :1:1: Premature end of file.
2026-01-21 21:45:29,622 [ERROR] LogOutputStream:75 - [STDERR_REDIRECT] 
2026-01-21 21:45:30,635 [ERROR] LogOutputStream:75 - [STDERR_REDIRECT] [Fatal Error] :1:1: Premature end of file.
2026-01-21 21:45:30,635 [ERROR] LogOutputStream:75 - [STDERR_REDIRECT] 
2026-01-21 21:45:31,625 [ERROR] LogOutputStream:75 - [STDERR_REDIRECT] [Fatal Error] :1:1: Premature end of file.
2026-01-21 21:45:31,625 [ERROR] LogOutputStream:75 - [STDERR_REDIRECT] 
2026-01-21 21:45:32,633 [ERROR] LogOutputStream:75 - [STDERR_REDIRECT] [Fatal Error] :1:1: Premature end of file.
2026-01-21 21:45:32,633 [ERROR] LogOutputStream:75 - [STDERR_REDIRECT] 
2026-01-21 21:45:33,636 [ERROR] LogOutputStream:75 - [STDERR_REDIRECT] [Fatal Error] :1:1: Premature end of file.
2026-01-21 21:45:33,636 [ERROR] LogOutputStream:75 - [STDERR_REDIRECT] 
2026-01-21 21:45:34,636 [ERROR] LogOutputStream:75 - [STDERR_REDIRECT] [Fatal Error] :1:1: Premature end of file.
2026-01-21 21:45:34,636 [ERROR] LogOutputStream:75 - [STDERR_REDIRECT] 
2026-01-21 21:45:35,638 [ERROR] LogOutputStream:75 - [STDERR_REDIRECT] [Fatal Error] :1:1: Premature end of file.
2026-01-21 21:45:35,638 [ERROR] LogOutputStream:75 - [STDERR_REDIRECT] 
2026-01-21 21:45:36,638 [ERROR] LogOutputStream:75 - [STDERR_REDIRECT] [Fatal Error] :1:1: Premature end of file.
2026-01-21 21:45:36,638 [ERROR] LogOutputStream:75 - [STDERR_REDIRECT] 
2026-01-21 21:45:37,639 [ERROR] LogOutputStream:75 - [STDERR_REDIRECT] [Fatal Error] :1:1: Premature end of file.
2026-01-21 21:45:37,639 [ERROR] LogOutputStream:75 - [STDERR_REDIRECT] 
2026-01-21 21:45:38,638 [ERROR] LogOutputStream:75 - [STDERR_REDIRECT] [Fatal Error] :1:1: Premature end of file.
2026-01-21 21:45:38,638 [ERROR] LogOutputStream:75 - [STDERR_REDIRECT] 
2026-01-21 21:45:39,641 [ERROR] LogOutputStream:75 - [STDERR_REDIRECT] [Fatal Error] :1:1: Premature end of file.
2026-01-21 21:45:39,641 [ERROR] LogOutputStream:75 - [STDERR_REDIRECT] 
2026-01-21 21:45:40,650 [ERROR] LogOutputStream:75 - [STDERR_REDIRECT] [Fatal Error] :1:1: Premature end of file.
2026-01-21 21:45:40,650 [ERROR] LogOutputStream:75 - [STDERR_REDIRECT] 
2026-01-21 21:45:41,641 [ERROR] LogOutputStream:75 - [STDERR_REDIRECT] [Fatal Error] :1:1: Premature end of file.
2026-01-21 21:45:41,641 [ERROR] LogOutputStream:75 - [STDERR_REDIRECT] 
2026-01-21 21:45:42,635 [ERROR] LogOutputStream:75 - [STDERR_REDIRECT] [Fatal Error] :1:1: Premature end of file.
2026-01-21 21:45:42,635 [ERROR] LogOutputStream:75 - [STDERR_REDIRECT] 
2026-01-21 21:45:43,642 [ERROR] LogOutputStream:75 - [STDERR_REDIRECT] [Fatal Error] :1:1: Premature end of file.
2026-01-21 21:45:43,642 [ERROR] LogOutputStream:75 - [STDERR_REDIRECT] 
2026-01-21 21:45:44,630 [ERROR] LogOutputStream:75 - [STDERR_REDIRECT] [Fatal Error] :1:1: Premature end of file.
2026-01-21 21:45:44,630 [ERROR] LogOutputStream:75 - [STDERR_REDIRECT] 
2026-01-21 21:45:45,638 [ERROR] LogOutputStream:75 - [STDERR_REDIRECT] [Fatal Error] :1:1: Premature end of file.
2026-01-21 21:45:45,638 [ERROR] LogOutputStream:75 - [STDERR_REDIRECT] 
2026-01-21 21:45:46,638 [ERROR] LogOutputStream:75 - [STDERR_REDIRECT] [Fatal Error] :1:1: Premature end of file.
2026-01-21 21:45:46,638 [ERROR] LogOutputStream:75 - [STDERR_REDIRECT] 
2026-01-21 21:45:47,622 [ERROR] LogOutputStream:75 - [STDERR_REDIRECT] [Fatal Error] :1:1: Premature end of file.
2026-01-21 21:45:47,622 [ERROR] LogOutputStream:75 - [STDERR_REDIRECT] 
2026-01-21 21:45:48,638 [ERROR] LogOutputStream:75 - [STDERR_REDIRECT] [Fatal Error] :1:1: Premature end of file.
2026-01-21 21:45:48,638 [ERROR] LogOutputStream:75 - [STDERR_REDIRECT] 
2026-01-21 21:45:49,642 [ERROR] LogOutputStream:75 - [STDERR_REDIRECT] [Fatal Error] :1:1: Premature end of file.
2026-01-21 21:45:49,642 [ERROR] LogOutputStream:75 - [STDERR_REDIRECT] 
2026-01-21 21:45:50,638 [ERROR] LogOutputStream:75 - [STDERR_REDIRECT] [Fatal Error] :1:1: Premature end of file.
2026-01-21 21:45:50,638 [ERROR] LogOutputStream:75 - [STDERR_REDIRECT] 
2026-01-21 21:45:51,637 [ERROR] LogOutputStream:75 - [STDERR_REDIRECT] [Fatal Error] :1:1: Premature end of file.
2026-01-21 21:45:51,637 [ERROR] LogOutputStream:75 - [STDERR_REDIRECT] 
2026-01-21 21:45:52,633 [ERROR] LogOutputStream:75 - [STDERR_REDIRECT] [Fatal Error] :1:1: Premature end of file.
2026-01-21 21:45:52,633 [ERROR] LogOutputStream:75 - [STDERR_REDIRECT] 
2026-01-21 21:45:53,635 [ERROR] LogOutputStream:75 - [STDERR_REDIRECT] [Fatal Error] :1:1: Premature end of file.
2026-01-21 21:45:53,635 [ERROR] LogOutputStream:75 - [STDERR_REDIRECT] 
2026-01-21 21:45:54,624 [ERROR] LogOutputStream:75 - [STDERR_REDIRECT] [Fatal Error] :1:1: Premature end of file.
2026-01-21 21:45:54,624 [ERROR] LogOutputStream:75 - [STDERR_REDIRECT] 
2026-01-21 21:45:55,628 [ERROR] LogOutputStream:75 - [STDERR_REDIRECT] [Fatal Error] :1:1: Premature end of file.
2026-01-21 21:45:55,628 [ERROR] LogOutputStream:75 - [STDERR_REDIRECT] 
2026-01-21 21:45:56,628 [ERROR] LogOutputStream:75 - [STDERR_REDIRECT] [Fatal Error] :1:1: Premature end of file.
2026-01-21 21:45:56,628 [ERROR] LogOutputStream:75 - [STDERR_REDIRECT] 
2026-01-21 21:45:57,631 [ERROR] LogOutputStream:75 - [STDERR_REDIRECT] [Fatal Error] :1:1: Premature end of file.
2026-01-21 21:45:57,631 [ERROR] LogOutputStream:75 - [STDERR_REDIRECT] 
2026-01-21 21:45:58,635 [ERROR] LogOutputStream:75 - [STDERR_REDIRECT] [Fatal Error] :1:1: Premature end of file.
2026-01-21 21:45:58,635 [ERROR] LogOutputStream:75 - [STDERR_REDIRECT] 
2026-01-21 21:45:59,627 [ERROR] LogOutputStream:75 - [STDERR_REDIRECT] [Fatal Error] :1:1: Premature end of file.
2026-01-21 21:45:59,627 [ERROR] LogOutputStream:75 - [STDERR_REDIRECT] 
2026-01-21 21:46:00,633 [ERROR] LogOutputStream:75 - [STDERR_REDIRECT] [Fatal Error] :1:1: Premature end of file.
2026-01-21 21:46:00,633 [ERROR] LogOutputStream:75 - [STDERR_REDIRECT] 
2026-01-21 21:46:01,639 [ERROR] LogOutputStream:75 - [STDERR_REDIRECT] [Fatal Error] :1:1: Premature end of file.
2026-01-21 21:46:01,639 [ERROR] LogOutputStream:75 - [STDERR_REDIRECT] 
2026-01-21 21:46:02,624 [ERROR] LogOutputStream:75 - [STDERR_REDIRECT] [Fatal Error] :1:1: Premature end of file.
2026-01-21 21:46:02,624 [ERROR] LogOutputStream:75 - [STDERR_REDIRECT] 
2026-01-21 21:46:03,630 [ERROR] LogOutputStream:75 - [STDERR_REDIRECT] [Fatal Error] :1:1: Premature end of file.
2026-01-21 21:46:03,630 [ERROR] LogOutputStream:75 - [STDERR_REDIRECT] 
2026-01-21 21:46:04,638 [ERROR] LogOutputStream:75 - [STDERR_REDIRECT] [Fatal Error] :1:1: Premature end of file.
2026-01-21 21:46:04,638 [ERROR] LogOutputStream:75 - [STDERR_REDIRECT] 
2026-01-21 21:46:05,624 [ERROR] LogOutputStream:75 - [STDERR_REDIRECT] [Fatal Error] :1:1: Premature end of file.
2026-01-21 21:46:05,624 [ERROR] LogOutputStream:75 - [STDERR_REDIRECT] 
2026-01-21 21:46:06,631 [ERROR] LogOutputStream:75 - [STDERR_REDIRECT] [Fatal Error] :1:1: Premature end of file.
2026-01-21 21:46:06,631 [ERROR] LogOutputStream:75 - [STDERR_REDIRECT] 
2026-01-21 21:46:07,638 [ERROR] LogOutputStream:75 - [STDERR_REDIRECT] [Fatal Error] :1:1: Premature end of file.
2026-01-21 21:46:07,638 [ERROR] LogOutputStream:75 - [STDERR_REDIRECT] 
2026-01-21 21:46:08,624 [ERROR] LogOutputStream:75 - [STDERR_REDIRECT] [Fatal Error] :1:1: Premature end of file.
2026-01-21 21:46:08,624 [ERROR] LogOutputStream:75 - [STDERR_REDIRECT] 
2026-01-21 21:46:09,638 [ERROR] LogOutputStream:75 - [STDERR_REDIRECT] [Fatal Error] :1:1: Premature end of file.
2026-01-21 21:46:09,638 [ERROR] LogOutputStream:75 - [STDERR_REDIRECT] 
2026-01-21 21:46:10,623 [ERROR] LogOutputStream:75 - [STDERR_REDIRECT] [Fatal Error] :1:1: Premature end of file.
2026-01-21 21:46:10,623 [ERROR] LogOutputStream:75 - [STDERR_REDIRECT] 
2026-01-21 21:46:11,625 [ERROR] LogOutputStream:75 - [STDERR_REDIRECT] [Fatal Error] :1:1: Premature end of file.
2026-01-21 21:46:11,625 [ERROR] LogOutputStream:75 - [STDERR_REDIRECT] 
2026-01-21 21:46:12,623 [ERROR] LogOutputStream:75 - [STDERR_REDIRECT] [Fatal Error] :1:1: Premature end of file.
2026-01-21 21:46:12,623 [ERROR] LogOutputStream:75 - [STDERR_REDIRECT] 
2026-01-21 21:46:13,623 [ERROR] LogOutputStream:75 - [STDERR_REDIRECT] [Fatal Error] :1:1: Premature end of file.
2026-01-21 21:46:13,623 [ERROR] LogOutputStream:75 - [STDERR_REDIRECT] 
2026-01-21 21:46:14,623 [ERROR] LogOutputStream:75 - [STDERR_REDIRECT] [Fatal Error] :1:1: Premature end of file.
2026-01-21 21:46:14,623 [ERROR] LogOutputStream:75 - [STDERR_REDIRECT] 
2026-01-21 21:46:15,623 [ERROR] LogOutputStream:75 - [STDERR_REDIRECT] [Fatal Error] :1:1: Premature end of file.
2026-01-21 21:46:15,623 [ERROR] LogOutputStream:75 - [STDERR_REDIRECT] 
2026-01-21 21:46:16,623 [ERROR] LogOutputStream:75 - [STDERR_REDIRECT] [Fatal Error] :1:1: Premature end of file.
2026-01-21 21:46:16,623 [ERROR] LogOutputStream:75 - [STDERR_REDIRECT] 
2026-01-21 21:46:17,623 [ERROR] LogOutputStream:75 - [STDERR_REDIRECT] [Fatal Error] :1:1: Premature end of file.
2026-01-21 21:46:17,623 [ERROR] LogOutputStream:75 - [STDERR_REDIRECT] 
2026-01-21 21:46:18,623 [ERROR] LogOutputStream:75 - [STDERR_REDIRECT] [Fatal Error] :1:1: Premature end of file.
2026-01-21 21:46:18,623 [ERROR] LogOutputStream:75 - [STDERR_REDIRECT] 
2026-01-21 21:46:19,623 [ERROR] LogOutputStream:75 - [STDERR_REDIRECT] [Fatal Error] :1:1: Premature end of file.
2026-01-21 21:46:19,623 [ERROR] LogOutputStream:75 - [STDERR_REDIRECT] 
2026-01-21 21:46:20,623 [ERROR] LogOutputStream:75 - [STDERR_REDIRECT] [Fatal Error] :1:1: Premature end of file.
2026-01-21 21:46:20,623 [ERROR] LogOutputStream:75 - [STDERR_REDIRECT] 
2026-01-21 21:46:21,622 [ERROR] LogOutputStream:75 - [STDERR_REDIRECT] [Fatal Error] :1:1: Premature end of file.
2026-01-21 21:46:21,623 [ERROR] LogOutputStream:75 - [STDERR_REDIRECT] 
2026-01-21 21:46:22,623 [ERROR] LogOutputStream:75 - [STDERR_REDIRECT] [Fatal Error] :1:1: Premature end of file.
2026-01-21 21:46:22,623 [ERROR] LogOutputStream:75 - [STDERR_REDIRECT] 
2026-01-21 21:46:23,625 [ERROR] LogOutputStream:75 - [STDERR_REDIRECT] [Fatal Error] :1:1: Premature end of file.
2026-01-21 21:46:23,625 [ERROR] LogOutputStream:75 - [STDERR_REDIRECT] 
2026-01-21 21:46:24,625 [ERROR] LogOutputStream:75 - [STDERR_REDIRECT] [Fatal Error] :1:1: Premature end of file.
2026-01-21 21:46:24,625 [ERROR] LogOutputStream:75 - [STDERR_REDIRECT] 
2026-01-21 21:46:25,626 [ERROR] LogOutputStream:75 - [STDERR_REDIRECT] [Fatal Error] :1:1: Premature end of file.
2026-01-21 21:46:25,626 [ERROR] LogOutputStream:75 - [STDERR_REDIRECT] 
2026-01-21 21:46:26,624 [ERROR] LogOutputStream:75 - [STDERR_REDIRECT] [Fatal Error] :1:1: Premature end of file.
2026-01-21 21:46:26,624 [ERROR] LogOutputStream:75 - [STDERR_REDIRECT] 
2026-01-21 21:46:27,629 [ERROR] LogOutputStream:75 - [STDERR_REDIRECT] [Fatal Error] :1:1: Premature end of file.
2026-01-21 21:46:27,629 [ERROR] LogOutputStream:75 - [STDERR_REDIRECT] 
2026-01-21 21:46:28,624 [ERROR] LogOutputStream:75 - [STDERR_REDIRECT] [Fatal Error] :1:1: Premature end of file.
2026-01-21 21:46:28,624 [ERROR] LogOutputStream:75 - [STDERR_REDIRECT] 
2026-01-21 21:46:29,624 [ERROR] LogOutputStream:75 - [STDERR_REDIRECT] [Fatal Error] :1:1: Premature end of file.
2026-01-21 21:46:29,624 [ERROR] LogOutputStream:75 - [STDERR_REDIRECT] 
2026-01-21 21:46:30,624 [ERROR] LogOutputStream:75 - [STDERR_REDIRECT] [Fatal Error] :1:1: Premature end of file.
2026-01-21 21:46:30,624 [ERROR] LogOutputStream:75 - [STDERR_REDIRECT] 
2026-01-21 21:46:31,623 [ERROR] LogOutputStream:75 - [STDERR_REDIRECT] [Fatal Error] :1:1: Premature end of file.
2026-01-21 21:46:31,623 [ERROR] LogOutputStream:75 - [STDERR_REDIRECT] 
2026-01-21 21:46:32,623 [ERROR] LogOutputStream:75 - [STDERR_REDIRECT] [Fatal Error] :1:1: Premature end of file.
2026-01-21 21:46:32,623 [ERROR] LogOutputStream:75 - [STDERR_REDIRECT] 
2026-01-21 21:46:33,643 [ERROR] LogOutputStream:75 - [STDERR_REDIRECT] [Fatal Error] :1:1: Premature end of file.
2026-01-21 21:46:33,643 [ERROR] LogOutputStream:75 - [STDERR_REDIRECT] 
2026-01-21 21:46:34,628 [ERROR] LogOutputStream:75 - [STDERR_REDIRECT] [Fatal Error] :1:1: Premature end of file.
2026-01-21 21:46:34,628 [ERROR] LogOutputStream:75 - [STDERR_REDIRECT] 
2026-01-21 21:46:35,626 [ERROR] LogOutputStream:75 - [STDERR_REDIRECT] [Fatal Error] :1:1: Premature end of file.
2026-01-21 21:46:35,626 [ERROR] LogOutputStream:75 - [STDERR_REDIRECT] 
2026-01-21 21:46:36,624 [ERROR] LogOutputStream:75 - [STDERR_REDIRECT] [Fatal Error] :1:1: Premature end of file.
2026-01-21 21:46:36,624 [ERROR] LogOutputStream:75 - [STDERR_REDIRECT] 
2026-01-21 21:46:37,634 [ERROR] LogOutputStream:75 - [STDERR_REDIRECT] [Fatal Error] :1:1: Premature end of file.
2026-01-21 21:46:37,634 [ERROR] LogOutputStream:75 - [STDERR_REDIRECT] 
2026-01-21 21:46:38,624 [ERROR] LogOutputStream:75 - [STDERR_REDIRECT] [Fatal Error] :1:1: Premature end of file.
2026-01-21 21:46:38,624 [ERROR] LogOutputStream:75 - [STDERR_REDIRECT] 
2026-01-21 21:46:39,624 [ERROR] LogOutputStream:75 - [STDERR_REDIRECT] [Fatal Error] :1:1: Premature end of file.
2026-01-21 21:46:39,624 [ERROR] LogOutputStream:75 - [STDERR_REDIRECT] 
2026-01-21 21:46:40,608 [ERROR] LogOutputStream:75 - [STDERR_REDIRECT] [Fatal Error] :1:1: Premature end of file.
2026-01-21 21:46:40,608 [ERROR] LogOutputStream:75 - [STDERR_REDIRECT] 
2026-01-21 21:46:41,624 [ERROR] LogOutputStream:75 - [STDERR_REDIRECT] [Fatal Error] :1:1: Premature end of file.
2026-01-21 21:46:41,624 [ERROR] LogOutputStream:75 - [STDERR_REDIRECT] 
2026-01-21 21:46:42,623 [ERROR] LogOutputStream:75 - [STDERR_REDIRECT] [Fatal Error] :1:1: Premature end of file.
2026-01-21 21:46:42,623 [ERROR] LogOutputStream:75 - [STDERR_REDIRECT] 
2026-01-21 21:46:43,624 [ERROR] LogOutputStream:75 - [STDERR_REDIRECT] [Fatal Error] :1:1: Premature end of file.
2026-01-21 21:46:43,624 [ERROR] LogOutputStream:75 - [STDERR_REDIRECT] 
2026-01-21 21:46:44,636 [ERROR] LogOutputStream:75 - [STDERR_REDIRECT] [Fatal Error] :1:1: Premature end of file.
2026-01-21 21:46:44,636 [ERROR] LogOutputStream:75 - [STDERR_REDIRECT] 
2026-01-21 21:46:45,626 [ERROR] LogOutputStream:75 - [STDERR_REDIRECT] [Fatal Error] :1:1: Premature end of file.
2026-01-21 21:46:45,626 [ERROR] LogOutputStream:75 - [STDERR_REDIRECT] 
2026-01-21 21:46:46,624 [ERROR] LogOutputStream:75 - [STDERR_REDIRECT] [Fatal Error] :1:1: Premature end of file.
2026-01-21 21:46:46,624 [ERROR] LogOutputStream:75 - [STDERR_REDIRECT] 
2026-01-21 21:46:47,629 [ERROR] LogOutputStream:75 - [STDERR_REDIRECT] [Fatal Error] :1:1: Premature end of file.
2026-01-21 21:46:47,629 [ERROR] LogOutputStream:75 - [STDERR_REDIRECT] 
2026-01-21 21:46:48,628 [ERROR] LogOutputStream:75 - [STDERR_REDIRECT] [Fatal Error] :1:1: Premature end of file.
2026-01-21 21:46:48,628 [ERROR] LogOutputStream:75 - [STDERR_REDIRECT] 
2026-01-21 21:46:49,624 [ERROR] LogOutputStream:75 - [STDERR_REDIRECT] [Fatal Error] :1:1: Premature end of file.
2026-01-21 21:46:49,624 [ERROR] LogOutputStream:75 - [STDERR_REDIRECT] 
2026-01-21 21:46:50,632 [ERROR] LogOutputStream:75 - [STDERR_REDIRECT] [Fatal Error] :1:1: Premature end of file.
2026-01-21 21:46:50,632 [ERROR] LogOutputStream:75 - [STDERR_REDIRECT] 
2026-01-21 21:46:51,624 [ERROR] LogOutputStream:75 - [STDERR_REDIRECT] [Fatal Error] :1:1: Premature end of file.
2026-01-21 21:46:51,624 [ERROR] LogOutputStream:75 - [STDERR_REDIRECT] 
2026-01-21 21:46:52,625 [ERROR] LogOutputStream:75 - [STDERR_REDIRECT] [Fatal Error] :1:1: Premature end of file.
2026-01-21 21:46:52,625 [ERROR] LogOutputStream:75 - [STDERR_REDIRECT] 
2026-01-21 21:46:53,627 [ERROR] LogOutputStream:75 - [STDERR_REDIRECT] [Fatal Error] :1:1: Premature end of file.
2026-01-21 21:46:53,627 [ERROR] LogOutputStream:75 - [STDERR_REDIRECT] 
2026-01-21 21:46:54,637 [ERROR] LogOutputStream:75 - [STDERR_REDIRECT] [Fatal Error] :1:1: Premature end of file.
2026-01-21 21:46:54,637 [ERROR] LogOutputStream:75 - [STDERR_REDIRECT] 
2026-01-21 21:46:55,625 [ERROR] LogOutputStream:75 - [STDERR_REDIRECT] [Fatal Error] :1:1: Premature end of file.
2026-01-21 21:46:55,625 [ERROR] LogOutputStream:75 - [STDERR_REDIRECT] 
2026-01-21 21:46:56,632 [ERROR] LogOutputStream:75 - [STDERR_REDIRECT] [Fatal Error] :1:1: Premature end of file.
2026-01-21 21:46:56,632 [ERROR] LogOutputStream:75 - [STDERR_REDIRECT] 
2026-01-21 21:46:57,625 [ERROR] LogOutputStream:75 - [STDERR_REDIRECT] [Fatal Error] :1:1: Premature end of file.
2026-01-21 21:46:57,625 [ERROR] LogOutputStream:75 - [STDERR_REDIRECT] 
2026-01-21 21:46:58,631 [ERROR] LogOutputStream:75 - [STDERR_REDIRECT] [Fatal Error] :1:1: Premature end of file.
2026-01-21 21:46:58,631 [ERROR] LogOutputStream:75 - [STDERR_REDIRECT] 
2026-01-21 21:46:59,623 [ERROR] LogOutputStream:75 - [STDERR_REDIRECT] [Fatal Error] :1:1: Premature end of file.
2026-01-21 21:46:59,623 [ERROR] LogOutputStream:75 - [STDERR_REDIRECT] 
2026-01-21 21:47:00,623 [ERROR] LogOutputStream:75 - [STDERR_REDIRECT] [Fatal Error] :1:1: Premature end of file.
2026-01-21 21:47:00,623 [ERROR] LogOutputStream:75 - [STDERR_REDIRECT] 
2026-01-21 21:47:01,626 [ERROR] LogOutputStream:75 - [STDERR_REDIRECT] [Fatal Error] :1:1: Premature end of file.
2026-01-21 21:47:01,626 [ERROR] LogOutputStream:75 - [STDERR_REDIRECT] 
2026-01-21 21:47:02,624 [ERROR] LogOutputStream:75 - [STDERR_REDIRECT] [Fatal Error] :1:1: Premature end of file.
2026-01-21 21:47:02,624 [ERROR] LogOutputStream:75 - [STDERR_REDIRECT] 
2026-01-21 21:47:03,624 [ERROR] LogOutputStream:75 - [STDERR_REDIRECT] [Fatal Error] :1:1: Premature end of file.
2026-01-21 21:47:03,624 [ERROR] LogOutputStream:75 - [STDERR_REDIRECT] 
2026-01-21 21:47:04,624 [ERROR] LogOutputStream:75 - [STDERR_REDIRECT] [Fatal Error] :1:1: Premature end of file.
2026-01-21 21:47:04,624 [ERROR] LogOutputStream:75 - [STDERR_REDIRECT] 
2026-01-21 21:47:05,627 [ERROR] LogOutputStream:75 - [STDERR_REDIRECT] [Fatal Error] :1:1: Premature end of file.
2026-01-21 21:47:05,627 [ERROR] LogOutputStream:75 - [STDERR_REDIRECT] 
2026-01-21 21:47:06,624 [ERROR] LogOutputStream:75 - [STDERR_REDIRECT] [Fatal Error] :1:1: Premature end of file.
2026-01-21 21:47:06,624 [ERROR] LogOutputStream:75 - [STDERR_REDIRECT] 
2026-01-21 21:47:07,624 [ERROR] LogOutputStream:75 - [STDERR_REDIRECT] [Fatal Error] :1:1: Premature end of file.
2026-01-21 21:47:07,625 [ERROR] LogOutputStream:75 - [STDERR_REDIRECT] 
2026-01-21 21:47:08,625 [ERROR] LogOutputStream:75 - [STDERR_REDIRECT] [Fatal Error] :1:1: Premature end of file.
2026-01-21 21:47:08,625 [ERROR] LogOutputStream:75 - [STDERR_REDIRECT] 
2026-01-21 21:47:09,626 [ERROR] LogOutputStream:75 - [STDERR_REDIRECT] [Fatal Error] :1:1: Premature end of file.
2026-01-21 21:47:09,626 [ERROR] LogOutputStream:75 - [STDERR_REDIRECT] 
2026-01-21 21:47:10,625 [ERROR] LogOutputStream:75 - [STDERR_REDIRECT] [Fatal Error] :1:1: Premature end of file.
2026-01-21 21:47:10,625 [ERROR] LogOutputStream:75 - [STDERR_REDIRECT] 
2026-01-21 21:47:11,621 [ERROR] LogOutputStream:75 - [STDERR_REDIRECT] [Fatal Error] :1:1: Premature end of file.
2026-01-21 21:47:11,621 [ERROR] LogOutputStream:75 - [STDERR_REDIRECT] 
2026-01-21 21:47:12,629 [ERROR] LogOutputStream:75 - [STDERR_REDIRECT] [Fatal Error] :1:1: Premature end of file.
2026-01-21 21:47:12,629 [ERROR] LogOutputStream:75 - [STDERR_REDIRECT] 
2026-01-21 21:47:13,635 [ERROR] LogOutputStream:75 - [STDERR_REDIRECT] [Fatal Error] :1:1: Premature end of file.
2026-01-21 21:47:13,635 [ERROR] LogOutputStream:75 - [STDERR_REDIRECT] 
2026-01-21 21:47:14,626 [ERROR] LogOutputStream:75 - [STDERR_REDIRECT] [Fatal Error] :1:1: Premature end of file.
2026-01-21 21:47:14,626 [ERROR] LogOutputStream:75 - [STDERR_REDIRECT] 
2026-01-21 21:47:15,625 [ERROR] LogOutputStream:75 - [STDERR_REDIRECT] [Fatal Error] :1:1: Premature end of file.
2026-01-21 21:47:15,625 [ERROR] LogOutputStream:75 - [STDERR_REDIRECT] 
2026-01-21 21:47:16,626 [ERROR] LogOutputStream:75 - [STDERR_REDIRECT] [Fatal Error] :1:1: Premature end of file.
2026-01-21 21:47:16,626 [ERROR] LogOutputStream:75 - [STDERR_REDIRECT] 
2026-01-21 21:47:17,627 [ERROR] LogOutputStream:75 - [STDERR_REDIRECT] [Fatal Error] :1:1: Premature end of file.
2026-01-21 21:47:17,627 [ERROR] LogOutputStream:75 - [STDERR_REDIRECT] 
2026-01-21 21:47:18,626 [ERROR] LogOutputStream:75 - [STDERR_REDIRECT] [Fatal Error] :1:1: Premature end of file.
2026-01-21 21:47:18,626 [ERROR] LogOutputStream:75 - [STDERR_REDIRECT] 
2026-01-21 21:47:19,631 [ERROR] LogOutputStream:75 - [STDERR_REDIRECT] [Fatal Error] :1:1: Premature end of file.
2026-01-21 21:47:19,631 [ERROR] LogOutputStream:75 - [STDERR_REDIRECT] 
2026-01-21 21:47:20,621 [ERROR] LogOutputStream:75 - [STDERR_REDIRECT] [Fatal Error] :1:1: Premature end of file.
2026-01-21 21:47:20,621 [ERROR] LogOutputStream:75 - [STDERR_REDIRECT] 
2026-01-21 21:47:21,625 [ERROR] LogOutputStream:75 - [STDERR_REDIRECT] [Fatal Error] :1:1: Premature end of file.
2026-01-21 21:47:21,625 [ERROR] LogOutputStream:75 - [STDERR_REDIRECT] 
2026-01-21 21:47:22,634 [ERROR] LogOutputStream:75 - [STDERR_REDIRECT] [Fatal Error] :1:1: Premature end of file.
2026-01-21 21:47:22,634 [ERROR] LogOutputStream:75 - [STDERR_REDIRECT] 
2026-01-21 21:47:23,635 [ERROR] LogOutputStream:75 - [STDERR_REDIRECT] [Fatal Error] :1:1: Premature end of file.
2026-01-21 21:47:23,635 [ERROR] LogOutputStream:75 - [STDERR_REDIRECT] 
2026-01-21 21:47:24,639 [ERROR] LogOutputStream:75 - [STDERR_REDIRECT] [Fatal Error] :1:1: Premature end of file.
2026-01-21 21:47:24,639 [ERROR] LogOutputStream:75 - [STDERR_REDIRECT] 
2026-01-21 21:47:25,625 [ERROR] LogOutputStream:75 - [STDERR_REDIRECT] [Fatal Error] :1:1: Premature end of file.
2026-01-21 21:47:25,625 [ERROR] LogOutputStream:75 - [STDERR_REDIRECT] 
2026-01-21 21:47:26,627 [ERROR] LogOutputStream:75 - [STDERR_REDIRECT] [Fatal Error] :1:1: Premature end of file.
2026-01-21 21:47:26,627 [ERROR] LogOutputStream:75 - [STDERR_REDIRECT] 
2026-01-21 21:47:27,627 [ERROR] LogOutputStream:75 - [STDERR_REDIRECT] [Fatal Error] :1:1: Premature end of file.
2026-01-21 21:47:27,627 [ERROR] LogOutputStream:75 - [STDERR_REDIRECT] 
2026-01-21 21:47:28,622 [ERROR] LogOutputStream:75 - [STDERR_REDIRECT] [Fatal Error] :1:1: Premature end of file.
2026-01-21 21:47:28,622 [ERROR] LogOutputStream:75 - [STDERR_REDIRECT] 
2026-01-21 21:47:29,623 [ERROR] LogOutputStream:75 - [STDERR_REDIRECT] [Fatal Error] :1:1: Premature end of file.
2026-01-21 21:47:29,623 [ERROR] LogOutputStream:75 - [STDERR_REDIRECT] 
2026-01-21 21:47:30,623 [ERROR] LogOutputStream:75 - [STDERR_REDIRECT] [Fatal Error] :1:1: Premature end of file.
2026-01-21 21:47:30,623 [ERROR] LogOutputStream:75 - [STDERR_REDIRECT] 
2026-01-21 21:47:31,624 [ERROR] LogOutputStream:75 - [STDERR_REDIRECT] [Fatal Error] :1:1: Premature end of file.
2026-01-21 21:47:31,624 [ERROR] LogOutputStream:75 - [STDERR_REDIRECT] 
2026-01-21 21:47:32,623 [ERROR] LogOutputStream:75 - [STDERR_REDIRECT] [Fatal Error] :1:1: Premature end of file.
2026-01-21 21:47:32,623 [ERROR] LogOutputStream:75 - [STDERR_REDIRECT] 
2026-01-21 21:47:33,636 [ERROR] LogOutputStream:75 - [STDERR_REDIRECT] [Fatal Error] :1:1: Premature end of file.
2026-01-21 21:47:33,636 [ERROR] LogOutputStream:75 - [STDERR_REDIRECT] 
2026-01-21 21:47:34,624 [ERROR] LogOutputStream:75 - [STDERR_REDIRECT] [Fatal Error] :1:1: Premature end of file.
2026-01-21 21:47:34,624 [ERROR] LogOutputStream:75 - [STDERR_REDIRECT] 
2026-01-21 21:47:35,623 [ERROR] LogOutputStream:75 - [STDERR_REDIRECT] [Fatal Error] :1:1: Premature end of file.
2026-01-21 21:47:35,623 [ERROR] LogOutputStream:75 - [STDERR_REDIRECT] 
2026-01-21 21:47:36,629 [ERROR] LogOutputStream:75 - [STDERR_REDIRECT] [Fatal Error] :1:1: Premature end of file.
2026-01-21 21:47:36,629 [ERROR] LogOutputStream:75 - [STDERR_REDIRECT] 
2026-01-21 21:47:37,622 [ERROR] LogOutputStream:75 - [STDERR_REDIRECT] [Fatal Error] :1:1: Premature end of file.
2026-01-21 21:47:37,622 [ERROR] LogOutputStream:75 - [STDERR_REDIRECT] 
2026-01-21 21:47:38,641 [ERROR] LogOutputStream:75 - [STDERR_REDIRECT] [Fatal Error] :1:1: Premature end of file.
2026-01-21 21:47:38,641 [ERROR] LogOutputStream:75 - [STDERR_REDIRECT] 
2026-01-21 21:47:39,623 [ERROR] LogOutputStream:75 - [STDERR_REDIRECT] [Fatal Error] :1:1: Premature end of file.
2026-01-21 21:47:39,623 [ERROR] LogOutputStream:75 - [STDERR_REDIRECT] 
2026-01-21 21:47:40,632 [ERROR] LogOutputStream:75 - [STDERR_REDIRECT] [Fatal Error] :1:1: Premature end of file.
2026-01-21 21:47:40,632 [ERROR] LogOutputStream:75 - [STDERR_REDIRECT] 
2026-01-21 21:47:41,626 [ERROR] LogOutputStream:75 - [STDERR_REDIRECT] [Fatal Error] :1:1: Premature end of file.
2026-01-21 21:47:41,626 [ERROR] LogOutputStream:75 - [STDERR_REDIRECT] 
2026-01-21 21:47:42,634 [ERROR] LogOutputStream:75 - [STDERR_REDIRECT] [Fatal Error] :1:1: Premature end of file.
2026-01-21 21:47:42,634 [ERROR] LogOutputStream:75 - [STDERR_REDIRECT] 
2026-01-21 21:47:43,623 [ERROR] LogOutputStream:75 - [STDERR_REDIRECT] [Fatal Error] :1:1: Premature end of file.
2026-01-21 21:47:43,623 [ERROR] LogOutputStream:75 - [STDERR_REDIRECT] 
2026-01-21 21:47:44,611 [ERROR] LogOutputStream:75 - [STDERR_REDIRECT] [Fatal Error] :1:1: Premature end of file.
2026-01-21 21:47:44,611 [ERROR] LogOutputStream:75 - [STDERR_REDIRECT] 
2026-01-21 21:47:45,627 [ERROR] LogOutputStream:75 - [STDERR_REDIRECT] [Fatal Error] :1:1: Premature end of file.
2026-01-21 21:47:45,627 [ERROR] LogOutputStream:75 - [STDERR_REDIRECT] 
2026-01-21 21:47:46,636 [ERROR] LogOutputStream:75 - [STDERR_REDIRECT] [Fatal Error] :1:1: Premature end of file.
2026-01-21 21:47:46,636 [ERROR] LogOutputStream:75 - [STDERR_REDIRECT] 
2026-01-21 21:47:47,622 [ERROR] LogOutputStream:75 - [STDERR_REDIRECT] [Fatal Error] :1:1: Premature end of file.
2026-01-21 21:47:47,622 [ERROR] LogOutputStream:75 - [STDERR_REDIRECT] 
2026-01-21 21:47:48,625 [ERROR] LogOutputStream:75 - [STDERR_REDIRECT] [Fatal Error] :1:1: Premature end of file.
2026-01-21 21:47:48,625 [ERROR] LogOutputStream:75 - [STDERR_REDIRECT] 
2026-01-21 21:47:49,625 [ERROR] LogOutputStream:75 - [STDERR_REDIRECT] [Fatal Error] :1:1: Premature end of file.
2026-01-21 21:47:49,625 [ERROR] LogOutputStream:75 - [STDERR_REDIRECT] 
2026-01-21 21:47:50,628 [ERROR] LogOutputStream:75 - [STDERR_REDIRECT] [Fatal Error] :1:1: Premature end of file.
2026-01-21 21:47:50,628 [ERROR] LogOutputStream:75 - [STDERR_REDIRECT] 
2026-01-21 21:47:51,630 [ERROR] LogOutputStream:75 - [STDERR_REDIRECT] [Fatal Error] :1:1: Premature end of file.
2026-01-21 21:47:51,630 [ERROR] LogOutputStream:75 - [STDERR_REDIRECT] 
2026-01-21 21:47:52,636 [ERROR] LogOutputStream:75 - [STDERR_REDIRECT] [Fatal Error] :1:1: Premature end of file.
2026-01-21 21:47:52,636 [ERROR] LogOutputStream:75 - [STDERR_REDIRECT] 
2026-01-21 21:47:53,625 [ERROR] LogOutputStream:75 - [STDERR_REDIRECT] [Fatal Error] :1:1: Premature end of file.
2026-01-21 21:47:53,625 [ERROR] LogOutputStream:75 - [STDERR_REDIRECT] 
2026-01-21 21:47:54,627 [ERROR] LogOutputStream:75 - [STDERR_REDIRECT] [Fatal Error] :1:1: Premature end of file.
2026-01-21 21:47:54,627 [ERROR] LogOutputStream:75 - [STDERR_REDIRECT] 
2026-01-21 21:47:55,621 [ERROR] LogOutputStream:75 - [STDERR_REDIRECT] [Fatal Error] :1:1: Premature end of file.
2026-01-21 21:47:55,621 [ERROR] LogOutputStream:75 - [STDERR_REDIRECT] 
2026-01-21 21:47:56,631 [ERROR] LogOutputStream:75 - [STDERR_REDIRECT] [Fatal Error] :1:1: Premature end of file.
2026-01-21 21:47:56,631 [ERROR] LogOutputStream:75 - [STDERR_REDIRECT] 
2026-01-21 21:47:57,622 [ERROR] LogOutputStream:75 - [STDERR_REDIRECT] [Fatal Error] :1:1: Premature end of file.
2026-01-21 21:47:57,622 [ERROR] LogOutputStream:75 - [STDERR_REDIRECT] 
2026-01-21 21:47:58,627 [ERROR] LogOutputStream:75 - [STDERR_REDIRECT] [Fatal Error] :1:1: Premature end of file.
2026-01-21 21:47:58,627 [ERROR] LogOutputStream:75 - [STDERR_REDIRECT] 
2026-01-21 21:47:59,621 [ERROR] LogOutputStream:75 - [STDERR_REDIRECT] [Fatal Error] :1:1: Premature end of file.
2026-01-21 21:47:59,621 [ERROR] LogOutputStream:75 - [STDERR_REDIRECT] 
2026-01-21 21:48:00,627 [ERROR] LogOutputStream:75 - [STDERR_REDIRECT] [Fatal Error] :1:1: Premature end of file.
2026-01-21 21:48:00,627 [ERROR] LogOutputStream:75 - [STDERR_REDIRECT] 
2026-01-21 21:48:01,629 [ERROR] LogOutputStream:75 - [STDERR_REDIRECT] [Fatal Error] :1:1: Premature end of file.
2026-01-21 21:48:01,629 [ERROR] LogOutputStream:75 - [STDERR_REDIRECT] 
2026-01-21 21:48:02,632 [ERROR] LogOutputStream:75 - [STDERR_REDIRECT] [Fatal Error] :1:1: Premature end of file.
2026-01-21 21:48:02,632 [ERROR] LogOutputStream:75 - [STDERR_REDIRECT] 
2026-01-21 21:48:03,622 [ERROR] LogOutputStream:75 - [STDERR_REDIRECT] [Fatal Error] :1:1: Premature end of file.
2026-01-21 21:48:03,622 [ERROR] LogOutputStream:75 - [STDERR_REDIRECT] 
2026-01-21 21:48:04,626 [ERROR] LogOutputStream:75 - [STDERR_REDIRECT] [Fatal Error] :1:1: Premature end of file.
2026-01-21 21:48:04,626 [ERROR] LogOutputStream:75 - [STDERR_REDIRECT] 
2026-01-21 21:48:05,626 [ERROR] LogOutputStream:75 - [STDERR_REDIRECT] [Fatal Error] :1:1: Premature end of file.
2026-01-21 21:48:05,626 [ERROR] LogOutputStream:75 - [STDERR_REDIRECT] 
2026-01-21 21:48:06,630 [ERROR] LogOutputStream:75 - [STDERR_REDIRECT] [Fatal Error] :1:1: Premature end of file.
2026-01-21 21:48:06,630 [ERROR] LogOutputStream:75 - [STDERR_REDIRECT] 
2026-01-21 21:48:07,625 [ERROR] LogOutputStream:75 - [STDERR_REDIRECT] [Fatal Error] :1:1: Premature end of file.
2026-01-21 21:48:07,625 [ERROR] LogOutputStream:75 - [STDERR_REDIRECT] 
2026-01-21 21:48:08,611 [ERROR] LogOutputStream:75 - [STDERR_REDIRECT] [Fatal Error] :1:1: Premature end of file.
2026-01-21 21:48:08,611 [ERROR] LogOutputStream:75 - [STDERR_REDIRECT] 
2026-01-21 21:48:09,627 [ERROR] LogOutputStream:75 - [STDERR_REDIRECT] [Fatal Error] :1:1: Premature end of file.
2026-01-21 21:48:09,627 [ERROR] LogOutputStream:75 - [STDERR_REDIRECT] 
2026-01-21 21:48:10,627 [ERROR] LogOutputStream:75 - [STDERR_REDIRECT] [Fatal Error] :1:1: Premature end of file.
2026-01-21 21:48:10,627 [ERROR] LogOutputStream:75 - [STDERR_REDIRECT] 
2026-01-21 21:48:11,627 [ERROR] LogOutputStream:75 - [STDERR_REDIRECT] [Fatal Error] :1:1: Premature end of file.
2026-01-21 21:48:11,627 [ERROR] LogOutputStream:75 - [STDERR_REDIRECT] 
2026-01-21 21:48:12,628 [ERROR] LogOutputStream:75 - [STDERR_REDIRECT] [Fatal Error] :1:1: Premature end of file.
2026-01-21 21:48:12,628 [ERROR] LogOutputStream:75 - [STDERR_REDIRECT] 
2026-01-21 21:48:13,628 [ERROR] LogOutputStream:75 - [STDERR_REDIRECT] [Fatal Error] :1:1: Premature end of file.
2026-01-21 21:48:13,628 [ERROR] LogOutputStream:75 - [STDERR_REDIRECT] 
2026-01-21 21:48:14,610 [ERROR] LogOutputStream:75 - [STDERR_REDIRECT] [Fatal Error] :1:1: Premature end of file.
2026-01-21 21:48:14,610 [ERROR] LogOutputStream:75 - [STDERR_REDIRECT] 
2026-01-21 21:48:15,628 [ERROR] LogOutputStream:75 - [STDERR_REDIRECT] [Fatal Error] :1:1: Premature end of file.
2026-01-21 21:48:15,628 [ERROR] LogOutputStream:75 - [STDERR_REDIRECT] 
2026-01-21 21:48:16,628 [ERROR] LogOutputStream:75 - [STDERR_REDIRECT] [Fatal Error] :1:1: Premature end of file.
2026-01-21 21:48:16,628 [ERROR] LogOutputStream:75 - [STDERR_REDIRECT] 
2026-01-21 21:48:17,632 [ERROR] LogOutputStream:75 - [STDERR_REDIRECT] [Fatal Error] :1:1: Premature end of file.
2026-01-21 21:48:17,632 [ERROR] LogOutputStream:75 - [STDERR_REDIRECT] 
2026-01-21 21:48:18,631 [ERROR] LogOutputStream:75 - [STDERR_REDIRECT] [Fatal Error] :1:1: Premature end of file.
2026-01-21 21:48:18,631 [ERROR] LogOutputStream:75 - [STDERR_REDIRECT] 
2026-01-21 21:48:19,629 [ERROR] LogOutputStream:75 - [STDERR_REDIRECT] [Fatal Error] :1:1: Premature end of file.
2026-01-21 21:48:19,629 [ERROR] LogOutputStream:75 - [STDERR_REDIRECT] 
2026-01-21 21:48:20,629 [ERROR] LogOutputStream:75 - [STDERR_REDIRECT] [Fatal Error] :1:1: Premature end of file.
2026-01-21 21:48:20,629 [ERROR] LogOutputStream:75 - [STDERR_REDIRECT] 
2026-01-21 21:48:21,632 [ERROR] LogOutputStream:75 - [STDERR_REDIRECT] [Fatal Error] :1:1: Premature end of file.
2026-01-21 21:48:21,632 [ERROR] LogOutputStream:75 - [STDERR_REDIRECT] 
2026-01-21 21:48:22,630 [ERROR] LogOutputStream:75 - [STDERR_REDIRECT] [Fatal Error] :1:1: Premature end of file.
2026-01-21 21:48:22,630 [ERROR] LogOutputStream:75 - [STDERR_REDIRECT] 
2026-01-21 21:48:23,627 [ERROR] LogOutputStream:75 - [STDERR_REDIRECT] [Fatal Error] :1:1: Premature end of file.
2026-01-21 21:48:23,627 [ERROR] LogOutputStream:75 - [STDERR_REDIRECT] 
2026-01-21 21:48:24,629 [ERROR] LogOutputStream:75 - [STDERR_REDIRECT] [Fatal Error] :1:1: Premature end of file.
2026-01-21 21:48:24,629 [ERROR] LogOutputStream:75 - [STDERR_REDIRECT] 
2026-01-21 21:48:25,630 [ERROR] LogOutputStream:75 - [STDERR_REDIRECT] [Fatal Error] :1:1: Premature end of file.
2026-01-21 21:48:25,630 [ERROR] LogOutputStream:75 - [STDERR_REDIRECT] 
2026-01-21 21:48:26,630 [ERROR] LogOutputStream:75 - [STDERR_REDIRECT] [Fatal Error] :1:1: Premature end of file.
2026-01-21 21:48:26,630 [ERROR] LogOutputStream:75 - [STDERR_REDIRECT] 
2026-01-21 21:48:27,627 [ERROR] LogOutputStream:75 - [STDERR_REDIRECT] [Fatal Error] :1:1: Premature end of file.
2026-01-21 21:48:27,627 [ERROR] LogOutputStream:75 - [STDERR_REDIRECT] 
2026-01-21 21:48:28,630 [ERROR] LogOutputStream:75 - [STDERR_REDIRECT] [Fatal Error] :1:1: Premature end of file.
2026-01-21 21:48:28,630 [ERROR] LogOutputStream:75 - [STDERR_REDIRECT] 
2026-01-21 21:48:29,632 [ERROR] LogOutputStream:75 - [STDERR_REDIRECT] [Fatal Error] :1:1: Premature end of file.
2026-01-21 21:48:29,632 [ERROR] LogOutputStream:75 - [STDERR_REDIRECT] 
2026-01-21 21:48:30,630 [ERROR] LogOutputStream:75 - [STDERR_REDIRECT] [Fatal Error] :1:1: Premature end of file.
2026-01-21 21:48:30,630 [ERROR] LogOutputStream:75 - [STDERR_REDIRECT] 
2026-01-21 21:48:31,629 [ERROR] LogOutputStream:75 - [STDERR_REDIRECT] [Fatal Error] :1:1: Premature end of file.
2026-01-21 21:48:31,629 [ERROR] LogOutputStream:75 - [STDERR_REDIRECT] 
2026-01-21 21:48:32,629 [ERROR] LogOutputStream:75 - [STDERR_REDIRECT] [Fatal Error] :1:1: Premature end of file.
2026-01-21 21:48:32,629 [ERROR] LogOutputStream:75 - [STDERR_REDIRECT] 
2026-01-21 21:48:33,628 [ERROR] LogOutputStream:75 - [STDERR_REDIRECT] [Fatal Error] :1:1: Premature end of file.
2026-01-21 21:48:33,628 [ERROR] LogOutputStream:75 - [STDERR_REDIRECT] 
2026-01-21 21:48:34,629 [ERROR] LogOutputStream:75 - [STDERR_REDIRECT] [Fatal Error] :1:1: Premature end of file.
2026-01-21 21:48:34,629 [ERROR] LogOutputStream:75 - [STDERR_REDIRECT] 
2026-01-21 21:48:35,628 [ERROR] LogOutputStream:75 - [STDERR_REDIRECT] [Fatal Error] :1:1: Premature end of file.
2026-01-21 21:48:35,628 [ERROR] LogOutputStream:75 - [STDERR_REDIRECT] 
2026-01-21 21:48:36,628 [ERROR] LogOutputStream:75 - [STDERR_REDIRECT] [Fatal Error] :1:1: Premature end of file.
2026-01-21 21:48:36,628 [ERROR] LogOutputStream:75 - [STDERR_REDIRECT] 
2026-01-21 21:48:37,630 [ERROR] LogOutputStream:75 - [STDERR_REDIRECT] [Fatal Error] :1:1: Premature end of file.
2026-01-21 21:48:37,630 [ERROR] LogOutputStream:75 - [STDERR_REDIRECT] 
2026-01-21 21:48:38,630 [ERROR] LogOutputStream:75 - [STDERR_REDIRECT] [Fatal Error] :1:1: Premature end of file.
2026-01-21 21:48:38,630 [ERROR] LogOutputStream:75 - [STDERR_REDIRECT] 
2026-01-21 21:48:39,631 [ERROR] LogOutputStream:75 - [STDERR_REDIRECT] [Fatal Error] :1:1: Premature end of file.
2026-01-21 21:48:39,631 [ERROR] LogOutputStream:75 - [STDERR_REDIRECT] 
2026-01-21 21:48:40,618 [ERROR] LogOutputStream:75 - [STDERR_REDIRECT] [Fatal Error] :1:1: Premature end of file.
2026-01-21 21:48:40,618 [ERROR] LogOutputStream:75 - [STDERR_REDIRECT] 
2026-01-21 21:48:41,629 [ERROR] LogOutputStream:75 - [STDERR_REDIRECT] [Fatal Error] :1:1: Premature end of file.
2026-01-21 21:48:41,629 [ERROR] LogOutputStream:75 - [STDERR_REDIRECT] 
2026-01-21 21:48:42,631 [ERROR] LogOutputStream:75 - [STDERR_REDIRECT] [Fatal Error] :1:1: Premature end of file.
2026-01-21 21:48:42,631 [ERROR] LogOutputStream:75 - [STDERR_REDIRECT] 
2026-01-21 21:48:43,631 [ERROR] LogOutputStream:75 - [STDERR_REDIRECT] [Fatal Error] :1:1: Premature end of file.
2026-01-21 21:48:43,631 [ERROR] LogOutputStream:75 - [STDERR_REDIRECT] 
2026-01-21 21:48:44,631 [ERROR] LogOutputStream:75 - [STDERR_REDIRECT] [Fatal Error] :1:1: Premature end of file.
2026-01-21 21:48:44,631 [ERROR] LogOutputStream:75 - [STDERR_REDIRECT] 
2026-01-21 21:48:45,632 [ERROR] LogOutputStream:75 - [STDERR_REDIRECT] [Fatal Error] :1:1: Premature end of file.
2026-01-21 21:48:45,632 [ERROR] LogOutputStream:75 - [STDERR_REDIRECT] 
2026-01-21 21:48:46,632 [ERROR] LogOutputStream:75 - [STDERR_REDIRECT] [Fatal Error] :1:1: Premature end of file.
2026-01-21 21:48:46,632 [ERROR] LogOutputStream:75 - [STDERR_REDIRECT] 
2026-01-21 21:48:47,633 [ERROR] LogOutputStream:75 - [STDERR_REDIRECT] [Fatal Error] :1:1: Premature end of file.
2026-01-21 21:48:47,633 [ERROR] LogOutputStream:75 - [STDERR_REDIRECT] 
2026-01-21 21:48:48,633 [ERROR] LogOutputStream:75 - [STDERR_REDIRECT] [Fatal Error] :1:1: Premature end of file.
2026-01-21 21:48:48,633 [ERROR] LogOutputStream:75 - [STDERR_REDIRECT] 
2026-01-21 21:48:49,629 [ERROR] LogOutputStream:75 - [STDERR_REDIRECT] [Fatal Error] :1:1: Premature end of file.
2026-01-21 21:48:49,629 [ERROR] LogOutputStream:75 - [STDERR_REDIRECT] 
2026-01-21 21:48:50,631 [ERROR] LogOutputStream:75 - [STDERR_REDIRECT] [Fatal Error] :1:1: Premature end of file.
2026-01-21 21:48:50,632 [ERROR] LogOutputStream:75 - [STDERR_REDIRECT] 
2026-01-21 21:48:51,633 [ERROR] LogOutputStream:75 - [STDERR_REDIRECT] [Fatal Error] :1:1: Premature end of file.
2026-01-21 21:48:51,633 [ERROR] LogOutputStream:75 - [STDERR_REDIRECT] 
2026-01-21 21:48:52,629 [ERROR] LogOutputStream:75 - [STDERR_REDIRECT] [Fatal Error] :1:1: Premature end of file.
2026-01-21 21:48:52,629 [ERROR] LogOutputStream:75 - [STDERR_REDIRECT] 
2026-01-21 21:48:53,631 [ERROR] LogOutputStream:75 - [STDERR_REDIRECT] [Fatal Error] :1:1: Premature end of file.
2026-01-21 21:48:53,631 [ERROR] LogOutputStream:75 - [STDERR_REDIRECT] 
2026-01-21 21:48:54,616 [ERROR] LogOutputStream:75 - [STDERR_REDIRECT] [Fatal Error] :1:1: Premature end of file.
2026-01-21 21:48:54,616 [ERROR] LogOutputStream:75 - [STDERR_REDIRECT] 
2026-01-21 21:48:55,628 [ERROR] LogOutputStream:75 - [STDERR_REDIRECT] [Fatal Error] :1:1: Premature end of file.
2026-01-21 21:48:55,629 [ERROR] LogOutputStream:75 - [STDERR_REDIRECT] 
2026-01-21 21:48:56,630 [ERROR] LogOutputStream:75 - [STDERR_REDIRECT] [Fatal Error] :1:1: Premature end of file.
2026-01-21 21:48:56,630 [ERROR] LogOutputStream:75 - [STDERR_REDIRECT] 
2026-01-21 21:48:57,630 [ERROR] LogOutputStream:75 - [STDERR_REDIRECT] [Fatal Error] :1:1: Premature end of file.
2026-01-21 21:48:57,630 [ERROR] LogOutputStream:75 - [STDERR_REDIRECT] 
2026-01-21 21:48:58,630 [ERROR] LogOutputStream:75 - [STDERR_REDIRECT] [Fatal Error] :1:1: Premature end of file.
2026-01-21 21:48:58,630 [ERROR] LogOutputStream:75 - [STDERR_REDIRECT] 
2026-01-21 21:48:59,629 [ERROR] LogOutputStream:75 - [STDERR_REDIRECT] [Fatal Error] :1:1: Premature end of file.
2026-01-21 21:48:59,629 [ERROR] LogOutputStream:75 - [STDERR_REDIRECT] 
2026-01-21 21:49:00,630 [ERROR] LogOutputStream:75 - [STDERR_REDIRECT] [Fatal Error] :1:1: Premature end of file.
2026-01-21 21:49:00,630 [ERROR] LogOutputStream:75 - [STDERR_REDIRECT] 
2026-01-21 21:49:01,629 [ERROR] LogOutputStream:75 - [STDERR_REDIRECT] [Fatal Error] :1:1: Premature end of file.
2026-01-21 21:49:01,629 [ERROR] LogOutputStream:75 - [STDERR_REDIRECT] 
2026-01-21 21:49:02,628 [ERROR] LogOutputStream:75 - [STDERR_REDIRECT] [Fatal Error] :1:1: Premature end of file.
2026-01-21 21:49:02,628 [ERROR] LogOutputStream:75 - [STDERR_REDIRECT] 
2026-01-21 21:49:03,631 [ERROR] LogOutputStream:75 - [STDERR_REDIRECT] [Fatal Error] :1:1: Premature end of file.
2026-01-21 21:49:03,631 [ERROR] LogOutputStream:75 - [STDERR_REDIRECT] 
2026-01-21 21:49:04,633 [ERROR] LogOutputStream:75 - [STDERR_REDIRECT] [Fatal Error] :1:1: Premature end of file.
2026-01-21 21:49:04,633 [ERROR] LogOutputStream:75 - [STDERR_REDIRECT] 
2026-01-21 21:49:05,633 [ERROR] LogOutputStream:75 - [STDERR_REDIRECT] [Fatal Error] :1:1: Premature end of file.
2026-01-21 21:49:05,633 [ERROR] LogOutputStream:75 - [STDERR_REDIRECT] 
2026-01-21 21:49:06,631 [ERROR] LogOutputStream:75 - [STDERR_REDIRECT] [Fatal Error] :1:1: Premature end of file.
2026-01-21 21:49:06,631 [ERROR] LogOutputStream:75 - [STDERR_REDIRECT] 
2026-01-21 21:49:07,630 [ERROR] LogOutputStream:75 - [STDERR_REDIRECT] [Fatal Error] :1:1: Premature end of file.
2026-01-21 21:49:07,630 [ERROR] LogOutputStream:75 - [STDERR_REDIRECT] 
2026-01-21 21:49:08,631 [ERROR] LogOutputStream:75 - [STDERR_REDIRECT] [Fatal Error] :1:1: Premature end of file.
2026-01-21 21:49:08,631 [ERROR] LogOutputStream:75 - [STDERR_REDIRECT] 
2026-01-21 21:49:09,628 [ERROR] LogOutputStream:75 - [STDERR_REDIRECT] [Fatal Error] :1:1: Premature end of file.
2026-01-21 21:49:09,628 [ERROR] LogOutputStream:75 - [STDERR_REDIRECT] 
2026-01-21 21:49:10,632 [ERROR] LogOutputStream:75 - [STDERR_REDIRECT] [Fatal Error] :1:1: Premature end of file.
2026-01-21 21:49:10,632 [ERROR] LogOutputStream:75 - [STDERR_REDIRECT] 
2026-01-21 21:49:11,632 [ERROR] LogOutputStream:75 - [STDERR_REDIRECT] [Fatal Error] :1:1: Premature end of file.
2026-01-21 21:49:11,632 [ERROR] LogOutputStream:75 - [STDERR_REDIRECT] 
2026-01-21 21:49:12,621 [ERROR] LogOutputStream:75 - [STDERR_REDIRECT] [Fatal Error] :1:1: Premature end of file.
2026-01-21 21:49:12,621 [ERROR] LogOutputStream:75 - [STDERR_REDIRECT] 
2026-01-21 21:49:13,624 [ERROR] LogOutputStream:75 - [STDERR_REDIRECT] [Fatal Error] :1:1: Premature end of file.
2026-01-21 21:49:13,624 [ERROR] LogOutputStream:75 - [STDERR_REDIRECT] 
2026-01-21 21:49:14,624 [ERROR] LogOutputStream:75 - [STDERR_REDIRECT] [Fatal Error] :1:1: Premature end of file.
2026-01-21 21:49:14,624 [ERROR] LogOutputStream:75 - [STDERR_REDIRECT] 
2026-01-21 21:49:15,627 [ERROR] LogOutputStream:75 - [STDERR_REDIRECT] [Fatal Error] :1:1: Premature end of file.
2026-01-21 21:49:15,627 [ERROR] LogOutputStream:75 - [STDERR_REDIRECT] 
2026-01-21 21:49:16,633 [ERROR] LogOutputStream:75 - [STDERR_REDIRECT] [Fatal Error] :1:1: Premature end of file.
2026-01-21 21:49:16,633 [ERROR] LogOutputStream:75 - [STDERR_REDIRECT] 
2026-01-21 21:49:17,632 [ERROR] LogOutputStream:75 - [STDERR_REDIRECT] [Fatal Error] :1:1: Premature end of file.
2026-01-21 21:49:17,632 [ERROR] LogOutputStream:75 - [STDERR_REDIRECT] 
2026-01-21 21:49:18,629 [ERROR] LogOutputStream:75 - [STDERR_REDIRECT] [Fatal Error] :1:1: Premature end of file.
2026-01-21 21:49:18,629 [ERROR] LogOutputStream:75 - [STDERR_REDIRECT] 
2026-01-21 21:49:19,630 [ERROR] LogOutputStream:75 - [STDERR_REDIRECT] [Fatal Error] :1:1: Premature end of file.
2026-01-21 21:49:19,630 [ERROR] LogOutputStream:75 - [STDERR_REDIRECT] 
2026-01-21 21:49:20,632 [ERROR] LogOutputStream:75 - [STDERR_REDIRECT] [Fatal Error] :1:1: Premature end of file.
2026-01-21 21:49:20,632 [ERROR] LogOutputStream:75 - [STDERR_REDIRECT] 
2026-01-21 21:49:21,631 [ERROR] LogOutputStream:75 - [STDERR_REDIRECT] [Fatal Error] :1:1: Premature end of file.
2026-01-21 21:49:21,631 [ERROR] LogOutputStream:75 - [STDERR_REDIRECT] 
2026-01-21 21:49:22,624 [ERROR] LogOutputStream:75 - [STDERR_REDIRECT] [Fatal Error] :1:1: Premature end of file.
2026-01-21 21:49:22,624 [ERROR] LogOutputStream:75 - [STDERR_REDIRECT] 
2026-01-21 21:49:23,626 [ERROR] LogOutputStream:75 - [STDERR_REDIRECT] [Fatal Error] :1:1: Premature end of file.
2026-01-21 21:49:23,626 [ERROR] LogOutputStream:75 - [STDERR_REDIRECT] 
2026-01-21 21:49:24,628 [ERROR] LogOutputStream:75 - [STDERR_REDIRECT] [Fatal Error] :1:1: Premature end of file.
2026-01-21 21:49:24,628 [ERROR] LogOutputStream:75 - [STDERR_REDIRECT] 
2026-01-21 21:49:25,631 [ERROR] LogOutputStream:75 - [STDERR_REDIRECT] [Fatal Error] :1:1: Premature end of file.
2026-01-21 21:49:25,631 [ERROR] LogOutputStream:75 - [STDERR_REDIRECT] 
2026-01-21 21:49:26,630 [ERROR] LogOutputStream:75 - [STDERR_REDIRECT] [Fatal Error] :1:1: Premature end of file.
2026-01-21 21:49:26,630 [ERROR] LogOutputStream:75 - [STDERR_REDIRECT] 
2026-01-21 21:49:27,632 [ERROR] LogOutputStream:75 - [STDERR_REDIRECT] [Fatal Error] :1:1: Premature end of file.
2026-01-21 21:49:27,632 [ERROR] LogOutputStream:75 - [STDERR_REDIRECT] 
2026-01-21 21:49:28,622 [ERROR] LogOutputStream:75 - [STDERR_REDIRECT] [Fatal Error] :1:1: Premature end of file.
2026-01-21 21:49:28,622 [ERROR] LogOutputStream:75 - [STDERR_REDIRECT] 
2026-01-21 21:49:29,636 [ERROR] LogOutputStream:75 - [STDERR_REDIRECT] [Fatal Error] :1:1: Premature end of file.
2026-01-21 21:49:29,636 [ERROR] LogOutputStream:75 - [STDERR_REDIRECT] 
2026-01-21 21:49:30,623 [ERROR] LogOutputStream:75 - [STDERR_REDIRECT] [Fatal Error] :1:1: Premature end of file.
2026-01-21 21:49:30,623 [ERROR] LogOutputStream:75 - [STDERR_REDIRECT] 
2026-01-21 21:49:31,625 [ERROR] LogOutputStream:75 - [STDERR_REDIRECT] [Fatal Error] :1:1: Premature end of file.
2026-01-21 21:49:31,625 [ERROR] LogOutputStream:75 - [STDERR_REDIRECT] 
2026-01-21 21:49:32,627 [ERROR] LogOutputStream:75 - [STDERR_REDIRECT] [Fatal Error] :1:1: Premature end of file.
2026-01-21 21:49:32,627 [ERROR] LogOutputStream:75 - [STDERR_REDIRECT] 
2026-01-21 21:49:33,629 [ERROR] LogOutputStream:75 - [STDERR_REDIRECT] [Fatal Error] :1:1: Premature end of file.
2026-01-21 21:49:33,629 [ERROR] LogOutputStream:75 - [STDERR_REDIRECT] 
2026-01-21 21:49:34,627 [ERROR] LogOutputStream:75 - [STDERR_REDIRECT] [Fatal Error] :1:1: Premature end of file.
2026-01-21 21:49:34,627 [ERROR] LogOutputStream:75 - [STDERR_REDIRECT] 
2026-01-21 21:49:35,631 [ERROR] LogOutputStream:75 - [STDERR_REDIRECT] [Fatal Error] :1:1: Premature end of file.
2026-01-21 21:49:35,631 [ERROR] LogOutputStream:75 - [STDERR_REDIRECT] 
2026-01-21 21:49:36,629 [ERROR] LogOutputStream:75 - [STDERR_REDIRECT] [Fatal Error] :1:1: Premature end of file.
2026-01-21 21:49:36,629 [ERROR] LogOutputStream:75 - [STDERR_REDIRECT] 
2026-01-21 21:49:37,633 [ERROR] LogOutputStream:75 - [STDERR_REDIRECT] [Fatal Error] :1:1: Premature end of file.
2026-01-21 21:49:37,633 [ERROR] LogOutputStream:75 - [STDERR_REDIRECT] 
2026-01-21 21:49:38,635 [ERROR] LogOutputStream:75 - [STDERR_REDIRECT] [Fatal Error] :1:1: Premature end of file.
2026-01-21 21:49:38,635 [ERROR] LogOutputStream:75 - [STDERR_REDIRECT] 
2026-01-21 21:49:39,623 [ERROR] LogOutputStream:75 - [STDERR_REDIRECT] [Fatal Error] :1:1: Premature end of file.
2026-01-21 21:49:39,623 [ERROR] LogOutputStream:75 - [STDERR_REDIRECT] 
2026-01-21 21:49:40,625 [ERROR] LogOutputStream:75 - [STDERR_REDIRECT] [Fatal Error] :1:1: Premature end of file.
2026-01-21 21:49:40,625 [ERROR] LogOutputStream:75 - [STDERR_REDIRECT] 
2026-01-21 21:49:41,628 [ERROR] LogOutputStream:75 - [STDERR_REDIRECT] [Fatal Error] :1:1: Premature end of file.
2026-01-21 21:49:41,628 [ERROR] LogOutputStream:75 - [STDERR_REDIRECT] 
2026-01-21 21:49:42,629 [ERROR] LogOutputStream:75 - [STDERR_REDIRECT] [Fatal Error] :1:1: Premature end of file.
2026-01-21 21:49:42,629 [ERROR] LogOutputStream:75 - [STDERR_REDIRECT] 
2026-01-21 21:49:43,629 [ERROR] LogOutputStream:75 - [STDERR_REDIRECT] [Fatal Error] :1:1: Premature end of file.
2026-01-21 21:49:43,629 [ERROR] LogOutputStream:75 - [STDERR_REDIRECT] 
2026-01-21 21:49:44,630 [ERROR] LogOutputStream:75 - [STDERR_REDIRECT] [Fatal Error] :1:1: Premature end of file.
2026-01-21 21:49:44,630 [ERROR] LogOutputStream:75 - [STDERR_REDIRECT] 
2026-01-21 21:49:45,631 [ERROR] LogOutputStream:75 - [STDERR_REDIRECT] [Fatal Error] :1:1: Premature end of file.
2026-01-21 21:49:45,631 [ERROR] LogOutputStream:75 - [STDERR_REDIRECT] 
2026-01-21 21:49:46,633 [ERROR] LogOutputStream:75 - [STDERR_REDIRECT] [Fatal Error] :1:1: Premature end of file.
2026-01-21 21:49:46,633 [ERROR] LogOutputStream:75 - [STDERR_REDIRECT] 
2026-01-21 21:49:47,621 [ERROR] LogOutputStream:75 - [STDERR_REDIRECT] [Fatal Error] :1:1: Premature end of file.
2026-01-21 21:49:47,621 [ERROR] LogOutputStream:75 - [STDERR_REDIRECT] 
2026-01-21 21:49:48,623 [ERROR] LogOutputStream:75 - [STDERR_REDIRECT] [Fatal Error] :1:1: Premature end of file.
2026-01-21 21:49:48,623 [ERROR] LogOutputStream:75 - [STDERR_REDIRECT] 
2026-01-21 21:49:49,626 [ERROR] LogOutputStream:75 - [STDERR_REDIRECT] [Fatal Error] :1:1: Premature end of file.
2026-01-21 21:49:49,626 [ERROR] LogOutputStream:75 - [STDERR_REDIRECT] 
2026-01-21 21:49:50,628 [ERROR] LogOutputStream:75 - [STDERR_REDIRECT] [Fatal Error] :1:1: Premature end of file.
2026-01-21 21:49:50,628 [ERROR] LogOutputStream:75 - [STDERR_REDIRECT] 
2026-01-21 21:49:51,630 [ERROR] LogOutputStream:75 - [STDERR_REDIRECT] [Fatal Error] :1:1: Premature end of file.
2026-01-21 21:49:51,630 [ERROR] LogOutputStream:75 - [STDERR_REDIRECT] 
2026-01-21 21:49:52,628 [ERROR] LogOutputStream:75 - [STDERR_REDIRECT] [Fatal Error] :1:1: Premature end of file.
2026-01-21 21:49:52,628 [ERROR] LogOutputStream:75 - [STDERR_REDIRECT] 
2026-01-21 21:49:53,632 [ERROR] LogOutputStream:75 - [STDERR_REDIRECT] [Fatal Error] :1:1: Premature end of file.
2026-01-21 21:49:53,632 [ERROR] LogOutputStream:75 - [STDERR_REDIRECT] 
2026-01-21 21:49:54,630 [ERROR] LogOutputStream:75 - [STDERR_REDIRECT] [Fatal Error] :1:1: Premature end of file.
2026-01-21 21:49:54,630 [ERROR] LogOutputStream:75 - [STDERR_REDIRECT] 
2026-01-21 21:49:55,633 [ERROR] LogOutputStream:75 - [STDERR_REDIRECT] [Fatal Error] :1:1: Premature end of file.
2026-01-21 21:49:55,633 [ERROR] LogOutputStream:75 - [STDERR_REDIRECT] 
2026-01-21 21:49:56,621 [ERROR] LogOutputStream:75 - [STDERR_REDIRECT] [Fatal Error] :1:1: Premature end of file.
2026-01-21 21:49:56,621 [ERROR] LogOutputStream:75 - [STDERR_REDIRECT] 
2026-01-21 21:49:57,624 [ERROR] LogOutputStream:75 - [STDERR_REDIRECT] [Fatal Error] :1:1: Premature end of file.
2026-01-21 21:49:57,624 [ERROR] LogOutputStream:75 - [STDERR_REDIRECT] 
2026-01-21 21:49:58,626 [ERROR] LogOutputStream:75 - [STDERR_REDIRECT] [Fatal Error] :1:1: Premature end of file.
2026-01-21 21:49:58,626 [ERROR] LogOutputStream:75 - [STDERR_REDIRECT] 
2026-01-21 21:49:59,636 [ERROR] LogOutputStream:75 - [STDERR_REDIRECT] [Fatal Error] :1:1: Premature end of file.
2026-01-21 21:49:59,636 [ERROR] LogOutputStream:75 - [STDERR_REDIRECT] 
2026-01-21 21:50:00,621 [ERROR] LogOutputStream:75 - [STDERR_REDIRECT] [Fatal Error] :1:1: Premature end of file.
2026-01-21 21:50:00,621 [ERROR] LogOutputStream:75 - [STDERR_REDIRECT] 
2026-01-21 21:50:01,630 [ERROR] LogOutputStream:75 - [STDERR_REDIRECT] [Fatal Error] :1:1: Premature end of file.
2026-01-21 21:50:01,630 [ERROR] LogOutputStream:75 - [STDERR_REDIRECT] 
2026-01-21 21:50:02,636 [ERROR] LogOutputStream:75 - [STDERR_REDIRECT] [Fatal Error] :1:1: Premature end of file.
2026-01-21 21:50:02,636 [ERROR] LogOutputStream:75 - [STDERR_REDIRECT] 
2026-01-21 21:50:03,632 [ERROR] LogOutputStream:75 - [STDERR_REDIRECT] [Fatal Error] :1:1: Premature end of file.
2026-01-21 21:50:03,632 [ERROR] LogOutputStream:75 - [STDERR_REDIRECT] 
2026-01-21 21:50:04,631 [ERROR] LogOutputStream:75 - [STDERR_REDIRECT] [Fatal Error] :1:1: Premature end of file.
2026-01-21 21:50:04,631 [ERROR] LogOutputStream:75 - [STDERR_REDIRECT] 
2026-01-21 21:50:05,633 [ERROR] LogOutputStream:75 - [STDERR_REDIRECT] [Fatal Error] :1:1: Premature end of file.
2026-01-21 21:50:05,633 [ERROR] LogOutputStream:75 - [STDERR_REDIRECT] 
2026-01-21 21:50:06,625 [ERROR] LogOutputStream:75 - [STDERR_REDIRECT] [Fatal Error] :1:1: Premature end of file.
2026-01-21 21:50:06,625 [ERROR] LogOutputStream:75 - [STDERR_REDIRECT] 
2026-01-21 21:50:07,627 [ERROR] LogOutputStream:75 - [STDERR_REDIRECT] [Fatal Error] :1:1: Premature end of file.
2026-01-21 21:50:07,627 [ERROR] LogOutputStream:75 - [STDERR_REDIRECT] 
2026-01-21 21:50:08,632 [ERROR] LogOutputStream:75 - [STDERR_REDIRECT] [Fatal Error] :1:1: Premature end of file.
2026-01-21 21:50:08,632 [ERROR] LogOutputStream:75 - [STDERR_REDIRECT] 
2026-01-21 21:50:09,624 [ERROR] LogOutputStream:75 - [STDERR_REDIRECT] [Fatal Error] :1:1: Premature end of file.
2026-01-21 21:50:09,624 [ERROR] LogOutputStream:75 - [STDERR_REDIRECT] 
2026-01-21 21:50:10,633 [ERROR] LogOutputStream:75 - [STDERR_REDIRECT] [Fatal Error] :1:1: Premature end of file.
2026-01-21 21:50:10,633 [ERROR] LogOutputStream:75 - [STDERR_REDIRECT] 
2026-01-21 21:50:11,632 [ERROR] LogOutputStream:75 - [STDERR_REDIRECT] [Fatal Error] :1:1: Premature end of file.
2026-01-21 21:50:11,632 [ERROR] LogOutputStream:75 - [STDERR_REDIRECT] 
2026-01-21 21:50:12,633 [ERROR] LogOutputStream:75 - [STDERR_REDIRECT] [Fatal Error] :1:1: Premature end of file.
2026-01-21 21:50:12,633 [ERROR] LogOutputStream:75 - [STDERR_REDIRECT] 
2026-01-21 21:50:13,625 [ERROR] LogOutputStream:75 - [STDERR_REDIRECT] [Fatal Error] :1:1: Premature end of file.
2026-01-21 21:50:13,625 [ERROR] LogOutputStream:75 - [STDERR_REDIRECT] 
2026-01-21 21:50:14,625 [ERROR] LogOutputStream:75 - [STDERR_REDIRECT] [Fatal Error] :1:1: Premature end of file.
2026-01-21 21:50:14,625 [ERROR] LogOutputStream:75 - [STDERR_REDIRECT] 
2026-01-21 21:50:15,630 [ERROR] LogOutputStream:75 - [STDERR_REDIRECT] [Fatal Error] :1:1: Premature end of file.
2026-01-21 21:50:15,630 [ERROR] LogOutputStream:75 - [STDERR_REDIRECT] 
2026-01-21 21:50:16,628 [ERROR] LogOutputStream:75 - [STDERR_REDIRECT] [Fatal Error] :1:1: Premature end of file.
2026-01-21 21:50:16,628 [ERROR] LogOutputStream:75 - [STDERR_REDIRECT] 
2026-01-21 21:50:17,629 [ERROR] LogOutputStream:75 - [STDERR_REDIRECT] [Fatal Error] :1:1: Premature end of file.
2026-01-21 21:50:17,629 [ERROR] LogOutputStream:75 - [STDERR_REDIRECT] 
2026-01-21 21:50:18,633 [ERROR] LogOutputStream:75 - [STDERR_REDIRECT] [Fatal Error] :1:1: Premature end of file.
2026-01-21 21:50:18,633 [ERROR] LogOutputStream:75 - [STDERR_REDIRECT] 
2026-01-21 21:50:19,625 [ERROR] LogOutputStream:75 - [STDERR_REDIRECT] [Fatal Error] :1:1: Premature end of file.
2026-01-21 21:50:19,625 [ERROR] LogOutputStream:75 - [STDERR_REDIRECT] 
2026-01-21 21:50:20,625 [ERROR] LogOutputStream:75 - [STDERR_REDIRECT] [Fatal Error] :1:1: Premature end of file.
2026-01-21 21:50:20,625 [ERROR] LogOutputStream:75 - [STDERR_REDIRECT] 
2026-01-21 21:50:21,630 [ERROR] LogOutputStream:75 - [STDERR_REDIRECT] [Fatal Error] :1:1: Premature end of file.
2026-01-21 21:50:21,630 [ERROR] LogOutputStream:75 - [STDERR_REDIRECT] 
2026-01-21 21:50:22,616 [ERROR] LogOutputStream:75 - [STDERR_REDIRECT] [Fatal Error] :1:1: Premature end of file.
2026-01-21 21:50:22,616 [ERROR] LogOutputStream:75 - [STDERR_REDIRECT] 
2026-01-21 21:50:23,652 [ERROR] LogOutputStream:75 - [STDERR_REDIRECT] [Fatal Error] :1:1: Premature end of file.
2026-01-21 21:50:23,652 [ERROR] LogOutputStream:75 - [STDERR_REDIRECT] 
2026-01-21 21:50:24,632 [ERROR] LogOutputStream:75 - [STDERR_REDIRECT] [Fatal Error] :1:1: Premature end of file.
2026-01-21 21:50:24,632 [ERROR] LogOutputStream:75 - [STDERR_REDIRECT] 
2026-01-21 21:50:25,622 [ERROR] LogOutputStream:75 - [STDERR_REDIRECT] [Fatal Error] :1:1: Premature end of file.
2026-01-21 21:50:25,622 [ERROR] LogOutputStream:75 - [STDERR_REDIRECT] 
2026-01-21 21:50:26,627 [ERROR] LogOutputStream:75 - [STDERR_REDIRECT] [Fatal Error] :1:1: Premature end of file.
2026-01-21 21:50:26,627 [ERROR] LogOutputStream:75 - [STDERR_REDIRECT] 
2026-01-21 21:50:27,628 [ERROR] LogOutputStream:75 - [STDERR_REDIRECT] [Fatal Error] :1:1: Premature end of file.
2026-01-21 21:50:27,628 [ERROR] LogOutputStream:75 - [STDERR_REDIRECT] 
2026-01-21 21:50:28,633 [ERROR] LogOutputStream:75 - [STDERR_REDIRECT] [Fatal Error] :1:1: Premature end of file.
2026-01-21 21:50:28,633 [ERROR] LogOutputStream:75 - [STDERR_REDIRECT] 
2026-01-21 21:50:29,632 [ERROR] LogOutputStream:75 - [STDERR_REDIRECT] [Fatal Error] :1:1: Premature end of file.
2026-01-21 21:50:29,632 [ERROR] LogOutputStream:75 - [STDERR_REDIRECT] 
2026-01-21 21:50:30,633 [ERROR] LogOutputStream:75 - [STDERR_REDIRECT] [Fatal Error] :1:1: Premature end of file.
2026-01-21 21:50:30,633 [ERROR] LogOutputStream:75 - [STDERR_REDIRECT] 
2026-01-21 21:50:31,632 [ERROR] LogOutputStream:75 - [STDERR_REDIRECT] [Fatal Error] :1:1: Premature end of file.
2026-01-21 21:50:31,632 [ERROR] LogOutputStream:75 - [STDERR_REDIRECT] 
2026-01-21 21:50:32,629 [ERROR] LogOutputStream:75 - [STDERR_REDIRECT] [Fatal Error] :1:1: Premature end of file.
2026-01-21 21:50:32,629 [ERROR] LogOutputStream:75 - [STDERR_REDIRECT] 
2026-01-21 21:50:33,634 [ERROR] LogOutputStream:75 - [STDERR_REDIRECT] [Fatal Error] :1:1: Premature end of file.
2026-01-21 21:50:33,634 [ERROR] LogOutputStream:75 - [STDERR_REDIRECT] 
2026-01-21 21:50:34,628 [ERROR] LogOutputStream:75 - [STDERR_REDIRECT] [Fatal Error] :1:1: Premature end of file.
2026-01-21 21:50:34,628 [ERROR] LogOutputStream:75 - [STDERR_REDIRECT] 
2026-01-21 21:50:35,629 [ERROR] LogOutputStream:75 - [STDERR_REDIRECT] [Fatal Error] :1:1: Premature end of file.
2026-01-21 21:50:35,629 [ERROR] LogOutputStream:75 - [STDERR_REDIRECT] 
2026-01-21 21:50:36,631 [ERROR] LogOutputStream:75 - [STDERR_REDIRECT] [Fatal Error] :1:1: Premature end of file.
2026-01-21 21:50:36,631 [ERROR] LogOutputStream:75 - [STDERR_REDIRECT] 
2026-01-21 21:50:37,631 [ERROR] LogOutputStream:75 - [STDERR_REDIRECT] [Fatal Error] :1:1: Premature end of file.
2026-01-21 21:50:37,631 [ERROR] LogOutputStream:75 - [STDERR_REDIRECT] 
2026-01-21 21:50:38,633 [ERROR] LogOutputStream:75 - [STDERR_REDIRECT] [Fatal Error] :1:1: Premature end of file.
2026-01-21 21:50:38,633 [ERROR] LogOutputStream:75 - [STDERR_REDIRECT] 
2026-01-21 21:50:39,634 [ERROR] LogOutputStream:75 - [STDERR_REDIRECT] [Fatal Error] :1:1: Premature end of file.
2026-01-21 21:50:39,634 [ERROR] LogOutputStream:75 - [STDERR_REDIRECT] 
2026-01-21 21:50:40,634 [ERROR] LogOutputStream:75 - [STDERR_REDIRECT] [Fatal Error] :1:1: Premature end of file.
2026-01-21 21:50:40,634 [ERROR] LogOutputStream:75 - [STDERR_REDIRECT] 
2026-01-21 21:50:41,626 [ERROR] LogOutputStream:75 - [STDERR_REDIRECT] [Fatal Error] :1:1: Premature end of file.
2026-01-21 21:50:41,626 [ERROR] LogOutputStream:75 - [STDERR_REDIRECT] 
2026-01-21 21:50:42,635 [ERROR] LogOutputStream:75 - [STDERR_REDIRECT] [Fatal Error] :1:1: Premature end of file.
2026-01-21 21:50:42,636 [ERROR] LogOutputStream:75 - [STDERR_REDIRECT] 
2026-01-21 21:50:43,628 [ERROR] LogOutputStream:75 - [STDERR_REDIRECT] [Fatal Error] :1:1: Premature end of file.
2026-01-21 21:50:43,628 [ERROR] LogOutputStream:75 - [STDERR_REDIRECT] 
2026-01-21 21:50:44,629 [ERROR] LogOutputStream:75 - [STDERR_REDIRECT] [Fatal Error] :1:1: Premature end of file.
2026-01-21 21:50:44,629 [ERROR] LogOutputStream:75 - [STDERR_REDIRECT] 
2026-01-21 21:50:45,634 [ERROR] LogOutputStream:75 - [STDERR_REDIRECT] [Fatal Error] :1:1: Premature end of file.
2026-01-21 21:50:45,634 [ERROR] LogOutputStream:75 - [STDERR_REDIRECT] 
2026-01-21 21:50:46,630 [ERROR] LogOutputStream:75 - [STDERR_REDIRECT] [Fatal Error] :1:1: Premature end of file.
2026-01-21 21:50:46,630 [ERROR] LogOutputStream:75 - [STDERR_REDIRECT] 
2026-01-21 21:50:47,634 [ERROR] LogOutputStream:75 - [STDERR_REDIRECT] [Fatal Error] :1:1: Premature end of file.
2026-01-21 21:50:47,634 [ERROR] LogOutputStream:75 - [STDERR_REDIRECT] 
2026-01-21 21:50:48,634 [ERROR] LogOutputStream:75 - [STDERR_REDIRECT] [Fatal Error] :1:1: Premature end of file.
2026-01-21 21:50:48,634 [ERROR] LogOutputStream:75 - [STDERR_REDIRECT] 
2026-01-21 21:50:49,624 [ERROR] LogOutputStream:75 - [STDERR_REDIRECT] [Fatal Error] :1:1: Premature end of file.
2026-01-21 21:50:49,624 [ERROR] LogOutputStream:75 - [STDERR_REDIRECT] 
2026-01-21 21:50:50,625 [ERROR] LogOutputStream:75 - [STDERR_REDIRECT] [Fatal Error] :1:1: Premature end of file.
2026-01-21 21:50:50,625 [ERROR] LogOutputStream:75 - [STDERR_REDIRECT] 
2026-01-21 21:50:51,634 [ERROR] LogOutputStream:75 - [STDERR_REDIRECT] [Fatal Error] :1:1: Premature end of file.
2026-01-21 21:50:51,634 [ERROR] LogOutputStream:75 - [STDERR_REDIRECT] 
2026-01-21 21:50:52,641 [ERROR] LogOutputStream:75 - [STDERR_REDIRECT] [Fatal Error] :1:1: Premature end of file.
2026-01-21 21:50:52,641 [ERROR] LogOutputStream:75 - [STDERR_REDIRECT] 
2026-01-21 21:50:53,618 [ERROR] LogOutputStream:75 - [STDERR_REDIRECT] [Fatal Error] :1:1: Premature end of file.
2026-01-21 21:50:53,618 [ERROR] LogOutputStream:75 - [STDERR_REDIRECT] 
2026-01-21 21:50:54,617 [ERROR] LogOutputStream:75 - [STDERR_REDIRECT] [Fatal Error] :1:1: Premature end of file.
2026-01-21 21:50:54,617 [ERROR] LogOutputStream:75 - [STDERR_REDIRECT] 
2026-01-21 21:50:55,635 [ERROR] LogOutputStream:75 - [STDERR_REDIRECT] [Fatal Error] :1:1: Premature end of file.
2026-01-21 21:50:55,635 [ERROR] LogOutputStream:75 - [STDERR_REDIRECT] 
2026-01-21 21:50:56,636 [ERROR] LogOutputStream:75 - [STDERR_REDIRECT] [Fatal Error] :1:1: Premature end of file.
2026-01-21 21:50:56,636 [ERROR] LogOutputStream:75 - [STDERR_REDIRECT] 
2026-01-21 21:50:57,634 [ERROR] LogOutputStream:75 - [STDERR_REDIRECT] [Fatal Error] :1:1: Premature end of file.
2026-01-21 21:50:57,634 [ERROR] LogOutputStream:75 - [STDERR_REDIRECT] 
2026-01-21 21:50:58,635 [ERROR] LogOutputStream:75 - [STDERR_REDIRECT] [Fatal Error] :1:1: Premature end of file.
2026-01-21 21:50:58,635 [ERROR] LogOutputStream:75 - [STDERR_REDIRECT] 
2026-01-21 21:50:59,620 [ERROR] LogOutputStream:75 - [STDERR_REDIRECT] [Fatal Error] :1:1: Premature end of file.
2026-01-21 21:50:59,620 [ERROR] LogOutputStream:75 - [STDERR_REDIRECT] 
2026-01-21 21:51:00,634 [ERROR] LogOutputStream:75 - [STDERR_REDIRECT] [Fatal Error] :1:1: Premature end of file.
2026-01-21 21:51:00,634 [ERROR] LogOutputStream:75 - [STDERR_REDIRECT] 
2026-01-21 21:51:01,626 [ERROR] LogOutputStream:75 - [STDERR_REDIRECT] [Fatal Error] :1:1: Premature end of file.
2026-01-21 21:51:01,626 [ERROR] LogOutputStream:75 - [STDERR_REDIRECT] 
2026-01-21 21:51:02,629 [ERROR] LogOutputStream:75 - [STDERR_REDIRECT] [Fatal Error] :1:1: Premature end of file.
2026-01-21 21:51:02,629 [ERROR] LogOutputStream:75 - [STDERR_REDIRECT] 
2026-01-21 21:51:03,619 [ERROR] LogOutputStream:75 - [STDERR_REDIRECT] [Fatal Error] :1:1: Premature end of file.
2026-01-21 21:51:03,619 [ERROR] LogOutputStream:75 - [STDERR_REDIRECT] 
2026-01-21 21:51:04,635 [ERROR] LogOutputStream:75 - [STDERR_REDIRECT] [Fatal Error] :1:1: Premature end of file.
2026-01-21 21:51:04,635 [ERROR] LogOutputStream:75 - [STDERR_REDIRECT] 
2026-01-21 21:51:05,618 [ERROR] LogOutputStream:75 - [STDERR_REDIRECT] [Fatal Error] :1:1: Premature end of file.
2026-01-21 21:51:05,618 [ERROR] LogOutputStream:75 - [STDERR_REDIRECT] 
2026-01-21 21:51:06,636 [ERROR] LogOutputStream:75 - [STDERR_REDIRECT] [Fatal Error] :1:1: Premature end of file.
2026-01-21 21:51:06,636 [ERROR] LogOutputStream:75 - [STDERR_REDIRECT] 
2026-01-21 21:51:07,635 [ERROR] LogOutputStream:75 - [STDERR_REDIRECT] [Fatal Error] :1:1: Premature end of file.
2026-01-21 21:51:07,635 [ERROR] LogOutputStream:75 - [STDERR_REDIRECT] 
2026-01-21 21:51:08,629 [ERROR] LogOutputStream:75 - [STDERR_REDIRECT] [Fatal Error] :1:1: Premature end of file.
2026-01-21 21:51:08,629 [ERROR] LogOutputStream:75 - [STDERR_REDIRECT] 
2026-01-21 21:51:09,629 [ERROR] LogOutputStream:75 - [STDERR_REDIRECT] [Fatal Error] :1:1: Premature end of file.
2026-01-21 21:51:09,629 [ERROR] LogOutputStream:75 - [STDERR_REDIRECT] 
2026-01-21 21:51:10,631 [ERROR] LogOutputStream:75 - [STDERR_REDIRECT] [Fatal Error] :1:1: Premature end of file.
2026-01-21 21:51:10,631 [ERROR] LogOutputStream:75 - [STDERR_REDIRECT] 
2026-01-21 21:51:11,686 [ERROR] LogOutputStream:75 - [STDERR_REDIRECT] [Fatal Error] :1:1: Premature end of file.
2026-01-21 21:51:11,686 [ERROR] LogOutputStream:75 - [STDERR_REDIRECT] 
2026-01-21 21:51:12,642 [ERROR] LogOutputStream:75 - [STDERR_REDIRECT] [Fatal Error] :1:1: Premature end of file.
2026-01-21 21:51:12,642 [ERROR] LogOutputStream:75 - [STDERR_REDIRECT] 
2026-01-21 21:51:13,645 [ERROR] LogOutputStream:75 - [STDERR_REDIRECT] [Fatal Error] :1:1: Premature end of file.
2026-01-21 21:51:13,645 [ERROR] LogOutputStream:75 - [STDERR_REDIRECT] 
2026-01-21 21:51:14,653 [ERROR] LogOutputStream:75 - [STDERR_REDIRECT] [Fatal Error] :1:1: Premature end of file.
2026-01-21 21:51:14,653 [ERROR] LogOutputStream:75 - [STDERR_REDIRECT] 
2026-01-21 21:51:15,651 [ERROR] LogOutputStream:75 - [STDERR_REDIRECT] [Fatal Error] :1:1: Premature end of file.
2026-01-21 21:51:15,651 [ERROR] LogOutputStream:75 - [STDERR_REDIRECT] 
2026-01-21 21:51:16,648 [ERROR] LogOutputStream:75 - [STDERR_REDIRECT] [Fatal Error] :1:1: Premature end of file.
2026-01-21 21:51:16,648 [ERROR] LogOutputStream:75 - [STDERR_REDIRECT] 
2026-01-21 21:51:17,636 [ERROR] LogOutputStream:75 - [STDERR_REDIRECT] [Fatal Error] :1:1: Premature end of file.
2026-01-21 21:51:17,636 [ERROR] LogOutputStream:75 - [STDERR_REDIRECT] 
2026-01-21 21:51:18,627 [ERROR] LogOutputStream:75 - [STDERR_REDIRECT] [Fatal Error] :1:1: Premature end of file.
2026-01-21 21:51:18,627 [ERROR] LogOutputStream:75 - [STDERR_REDIRECT] 
2026-01-21 21:51:19,636 [ERROR] LogOutputStream:75 - [STDERR_REDIRECT] [Fatal Error] :1:1: Premature end of file.
2026-01-21 21:51:19,636 [ERROR] LogOutputStream:75 - [STDERR_REDIRECT] 
2026-01-21 21:51:20,636 [ERROR] LogOutputStream:75 - [STDERR_REDIRECT] [Fatal Error] :1:1: Premature end of file.
2026-01-21 21:51:20,636 [ERROR] LogOutputStream:75 - [STDERR_REDIRECT] 
2026-01-21 21:51:21,632 [ERROR] LogOutputStream:75 - [STDERR_REDIRECT] [Fatal Error] :1:1: Premature end of file.
2026-01-21 21:51:21,632 [ERROR] LogOutputStream:75 - [STDERR_REDIRECT] 
2026-01-21 21:51:22,634 [ERROR] LogOutputStream:75 - [STDERR_REDIRECT] [Fatal Error] :1:1: Premature end of file.
2026-01-21 21:51:22,634 [ERROR] LogOutputStream:75 - [STDERR_REDIRECT] 
2026-01-21 21:51:23,628 [ERROR] LogOutputStream:75 - [STDERR_REDIRECT] [Fatal Error] :1:1: Premature end of file.
2026-01-21 21:51:23,628 [ERROR] LogOutputStream:75 - [STDERR_REDIRECT] 
2026-01-21 21:51:24,630 [ERROR] LogOutputStream:75 - [STDERR_REDIRECT] [Fatal Error] :1:1: Premature end of file.
2026-01-21 21:51:24,630 [ERROR] LogOutputStream:75 - [STDERR_REDIRECT] 
2026-01-21 21:51:25,627 [ERROR] LogOutputStream:75 - [STDERR_REDIRECT] [Fatal Error] :1:1: Premature end of file.
2026-01-21 21:51:25,627 [ERROR] LogOutputStream:75 - [STDERR_REDIRECT] 
2026-01-21 21:51:26,625 [ERROR] LogOutputStream:75 - [STDERR_REDIRECT] [Fatal Error] :1:1: Premature end of file.
2026-01-21 21:51:26,625 [ERROR] LogOutputStream:75 - [STDERR_REDIRECT] 
2026-01-21 21:51:27,638 [ERROR] LogOutputStream:75 - [STDERR_REDIRECT] [Fatal Error] :1:1: Premature end of file.
2026-01-21 21:51:27,638 [ERROR] LogOutputStream:75 - [STDERR_REDIRECT] 
2026-01-21 21:51:28,636 [ERROR] LogOutputStream:75 - [STDERR_REDIRECT] [Fatal Error] :1:1: Premature end of file.
2026-01-21 21:51:28,636 [ERROR] LogOutputStream:75 - [STDERR_REDIRECT] 
2026-01-21 21:51:29,626 [ERROR] LogOutputStream:75 - [STDERR_REDIRECT] [Fatal Error] :1:1: Premature end of file.
2026-01-21 21:51:29,626 [ERROR] LogOutputStream:75 - [STDERR_REDIRECT] 
2026-01-21 21:51:30,635 [ERROR] LogOutputStream:75 - [STDERR_REDIRECT] [Fatal Error] :1:1: Premature end of file.
2026-01-21 21:51:30,635 [ERROR] LogOutputStream:75 - [STDERR_REDIRECT] 
2026-01-21 21:51:31,629 [ERROR] LogOutputStream:75 - [STDERR_REDIRECT] [Fatal Error] :1:1: Premature end of file.
2026-01-21 21:51:31,629 [ERROR] LogOutputStream:75 - [STDERR_REDIRECT] 
2026-01-21 21:51:32,631 [ERROR] LogOutputStream:75 - [STDERR_REDIRECT] [Fatal Error] :1:1: Premature end of file.
2026-01-21 21:51:32,631 [ERROR] LogOutputStream:75 - [STDERR_REDIRECT] 
2026-01-21 21:51:33,623 [ERROR] LogOutputStream:75 - [STDERR_REDIRECT] [Fatal Error] :1:1: Premature end of file.
2026-01-21 21:51:33,623 [ERROR] LogOutputStream:75 - [STDERR_REDIRECT] 
2026-01-21 21:51:34,631 [ERROR] LogOutputStream:75 - [STDERR_REDIRECT] [Fatal Error] :1:1: Premature end of file.
2026-01-21 21:51:34,631 [ERROR] LogOutputStream:75 - [STDERR_REDIRECT] 
2026-01-21 21:51:35,632 [ERROR] LogOutputStream:75 - [STDERR_REDIRECT] [Fatal Error] :1:1: Premature end of file.
2026-01-21 21:51:35,632 [ERROR] LogOutputStream:75 - [STDERR_REDIRECT] 
2026-01-21 21:51:36,635 [ERROR] LogOutputStream:75 - [STDERR_REDIRECT] [Fatal Error] :1:1: Premature end of file.
2026-01-21 21:51:36,635 [ERROR] LogOutputStream:75 - [STDERR_REDIRECT] 
2026-01-21 21:51:37,623 [ERROR] LogOutputStream:75 - [STDERR_REDIRECT] [Fatal Error] :1:1: Premature end of file.
2026-01-21 21:51:37,623 [ERROR] LogOutputStream:75 - [STDERR_REDIRECT] 
2026-01-21 21:51:38,637 [ERROR] LogOutputStream:75 - [STDERR_REDIRECT] [Fatal Error] :1:1: Premature end of file.
2026-01-21 21:51:38,637 [ERROR] LogOutputStream:75 - [STDERR_REDIRECT] 
2026-01-21 21:51:39,627 [ERROR] LogOutputStream:75 - [STDERR_REDIRECT] [Fatal Error] :1:1: Premature end of file.
2026-01-21 21:51:39,627 [ERROR] LogOutputStream:75 - [STDERR_REDIRECT] 
2026-01-21 21:51:40,628 [ERROR] LogOutputStream:75 - [STDERR_REDIRECT] [Fatal Error] :1:1: Premature end of file.
2026-01-21 21:51:40,628 [ERROR] LogOutputStream:75 - [STDERR_REDIRECT] 
2026-01-21 21:51:41,637 [ERROR] LogOutputStream:75 - [STDERR_REDIRECT] [Fatal Error] :1:1: Premature end of file.
2026-01-21 21:51:41,637 [ERROR] LogOutputStream:75 - [STDERR_REDIRECT] 
2026-01-21 21:51:42,636 [ERROR] LogOutputStream:75 - [STDERR_REDIRECT] [Fatal Error] :1:1: Premature end of file.
2026-01-21 21:51:42,636 [ERROR] LogOutputStream:75 - [STDERR_REDIRECT] 
2026-01-21 21:51:43,637 [ERROR] LogOutputStream:75 - [STDERR_REDIRECT] [Fatal Error] :1:1: Premature end of file.
2026-01-21 21:51:43,637 [ERROR] LogOutputStream:75 - [STDERR_REDIRECT] 
2026-01-21 21:51:44,630 [ERROR] LogOutputStream:75 - [STDERR_REDIRECT] [Fatal Error] :1:1: Premature end of file.
2026-01-21 21:51:44,630 [ERROR] LogOutputStream:75 - [STDERR_REDIRECT] 
2026-01-21 21:51:45,630 [ERROR] LogOutputStream:75 - [STDERR_REDIRECT] [Fatal Error] :1:1: Premature end of file.
2026-01-21 21:51:45,630 [ERROR] LogOutputStream:75 - [STDERR_REDIRECT] 
2026-01-21 21:51:46,640 [ERROR] LogOutputStream:75 - [STDERR_REDIRECT] [Fatal Error] :1:1: Premature end of file.
2026-01-21 21:51:46,640 [ERROR] LogOutputStream:75 - [STDERR_REDIRECT] 
2026-01-21 21:51:47,625 [ERROR] LogOutputStream:75 - [STDERR_REDIRECT] [Fatal Error] :1:1: Premature end of file.
2026-01-21 21:51:47,625 [ERROR] LogOutputStream:75 - [STDERR_REDIRECT] 
2026-01-21 21:51:48,629 [ERROR] LogOutputStream:75 - [STDERR_REDIRECT] [Fatal Error] :1:1: Premature end of file.
2026-01-21 21:51:48,629 [ERROR] LogOutputStream:75 - [STDERR_REDIRECT] 
2026-01-21 21:51:49,632 [ERROR] LogOutputStream:75 - [STDERR_REDIRECT] [Fatal Error] :1:1: Premature end of file.
2026-01-21 21:51:49,632 [ERROR] LogOutputStream:75 - [STDERR_REDIRECT] 
2026-01-21 21:51:50,638 [ERROR] LogOutputStream:75 - [STDERR_REDIRECT] [Fatal Error] :1:1: Premature end of file.
2026-01-21 21:51:50,638 [ERROR] LogOutputStream:75 - [STDERR_REDIRECT] 
2026-01-21 21:51:51,627 [ERROR] LogOutputStream:75 - [STDERR_REDIRECT] [Fatal Error] :1:1: Premature end of file.
2026-01-21 21:51:51,627 [ERROR] LogOutputStream:75 - [STDERR_REDIRECT] 
2026-01-21 21:51:52,629 [ERROR] LogOutputStream:75 - [STDERR_REDIRECT] [Fatal Error] :1:1: Premature end of file.
2026-01-21 21:51:52,629 [ERROR] LogOutputStream:75 - [STDERR_REDIRECT] 
2026-01-21 21:51:53,622 [ERROR] LogOutputStream:75 - [STDERR_REDIRECT] [Fatal Error] :1:1: Premature end of file.
2026-01-21 21:51:53,622 [ERROR] LogOutputStream:75 - [STDERR_REDIRECT] 
2026-01-21 21:51:54,626 [ERROR] LogOutputStream:75 - [STDERR_REDIRECT] [Fatal Error] :1:1: Premature end of file.
2026-01-21 21:51:54,626 [ERROR] LogOutputStream:75 - [STDERR_REDIRECT] 
2026-01-21 21:51:55,630 [ERROR] LogOutputStream:75 - [STDERR_REDIRECT] [Fatal Error] :1:1: Premature end of file.
2026-01-21 21:51:55,630 [ERROR] LogOutputStream:75 - [STDERR_REDIRECT] 
2026-01-21 21:51:56,628 [ERROR] LogOutputStream:75 - [STDERR_REDIRECT] [Fatal Error] :1:1: Premature end of file.
2026-01-21 21:51:56,628 [ERROR] LogOutputStream:75 - [STDERR_REDIRECT] 
2026-01-21 21:51:57,635 [ERROR] LogOutputStream:75 - [STDERR_REDIRECT] [Fatal Error] :1:1: Premature end of file.
2026-01-21 21:51:57,635 [ERROR] LogOutputStream:75 - [STDERR_REDIRECT] 
2026-01-21 21:51:58,727 [ERROR] LogOutputStream:75 - [STDERR_REDIRECT] [Fatal Error] :1:1: Premature end of file.
2026-01-21 21:51:58,727 [ERROR] LogOutputStream:75 - [STDERR_REDIRECT] 
2026-01-21 21:51:59,672 [ERROR] LogOutputStream:75 - [STDERR_REDIRECT] [Fatal Error] :1:1: Premature end of file.
2026-01-21 21:51:59,672 [ERROR] LogOutputStream:75 - [STDERR_REDIRECT] 
2026-01-21 21:52:00,627 [ERROR] LogOutputStream:75 - [STDERR_REDIRECT] [Fatal Error] :1:1: Premature end of file.
2026-01-21 21:52:00,627 [ERROR] LogOutputStream:75 - [STDERR_REDIRECT] 
2026-01-21 21:52:01,637 [ERROR] LogOutputStream:75 - [STDERR_REDIRECT] [Fatal Error] :1:1: Premature end of file.
2026-01-21 21:52:01,637 [ERROR] LogOutputStream:75 - [STDERR_REDIRECT] 
2026-01-21 21:52:02,632 [ERROR] LogOutputStream:75 - [STDERR_REDIRECT] [Fatal Error] :1:1: Premature end of file.
2026-01-21 21:52:02,632 [ERROR] LogOutputStream:75 - [STDERR_REDIRECT] 
2026-01-21 21:52:03,635 [ERROR] LogOutputStream:75 - [STDERR_REDIRECT] [Fatal Error] :1:1: Premature end of file.
2026-01-21 21:52:03,635 [ERROR] LogOutputStream:75 - [STDERR_REDIRECT] 
2026-01-21 21:52:04,621 [ERROR] LogOutputStream:75 - [STDERR_REDIRECT] [Fatal Error] :1:1: Premature end of file.
2026-01-21 21:52:04,621 [ERROR] LogOutputStream:75 - [STDERR_REDIRECT] 
2026-01-21 21:52:05,637 [ERROR] LogOutputStream:75 - [STDERR_REDIRECT] [Fatal Error] :1:1: Premature end of file.
2026-01-21 21:52:05,637 [ERROR] LogOutputStream:75 - [STDERR_REDIRECT] 
2026-01-21 21:52:06,626 [ERROR] LogOutputStream:75 - [STDERR_REDIRECT] [Fatal Error] :1:1: Premature end of file.
2026-01-21 21:52:06,626 [ERROR] LogOutputStream:75 - [STDERR_REDIRECT] 
2026-01-21 21:52:07,633 [ERROR] LogOutputStream:75 - [STDERR_REDIRECT] [Fatal Error] :1:1: Premature end of file.
2026-01-21 21:52:07,633 [ERROR] LogOutputStream:75 - [STDERR_REDIRECT] 
2026-01-21 21:52:08,622 [ERROR] LogOutputStream:75 - [STDERR_REDIRECT] [Fatal Error] :1:1: Premature end of file.
2026-01-21 21:52:08,622 [ERROR] LogOutputStream:75 - [STDERR_REDIRECT] 
2026-01-21 21:52:09,627 [ERROR] LogOutputStream:75 - [STDERR_REDIRECT] [Fatal Error] :1:1: Premature end of file.
2026-01-21 21:52:09,627 [ERROR] LogOutputStream:75 - [STDERR_REDIRECT] 
2026-01-21 21:52:10,696 [ERROR] LogOutputStream:75 - [STDERR_REDIRECT] [Fatal Error] :1:1: Premature end of file.
2026-01-21 21:52:10,696 [ERROR] LogOutputStream:75 - [STDERR_REDIRECT] 
2026-01-21 21:52:11,632 [ERROR] LogOutputStream:75 - [STDERR_REDIRECT] [Fatal Error] :1:1: Premature end of file.
2026-01-21 21:52:11,632 [ERROR] LogOutputStream:75 - [STDERR_REDIRECT] 
2026-01-21 21:52:12,632 [ERROR] LogOutputStream:75 - [STDERR_REDIRECT] [Fatal Error] :1:1: Premature end of file.
2026-01-21 21:52:12,632 [ERROR] LogOutputStream:75 - [STDERR_REDIRECT] 
2026-01-21 21:52:13,631 [ERROR] LogOutputStream:75 - [STDERR_REDIRECT] [Fatal Error] :1:1: Premature end of file.
2026-01-21 21:52:13,631 [ERROR] LogOutputStream:75 - [STDERR_REDIRECT] 
2026-01-21 21:52:14,614 [ERROR] LogOutputStream:75 - [STDERR_REDIRECT] [Fatal Error] :1:1: Premature end of file.
2026-01-21 21:52:14,629 [ERROR] LogOutputStream:75 - [STDERR_REDIRECT] 
2026-01-21 21:52:15,663 [ERROR] LogOutputStream:75 - [STDERR_REDIRECT] [Fatal Error] :1:1: Premature end of file.
2026-01-21 21:52:15,663 [ERROR] LogOutputStream:75 - [STDERR_REDIRECT] 
2026-01-21 21:52:16,633 [ERROR] LogOutputStream:75 - [STDERR_REDIRECT] [Fatal Error] :1:1: Premature end of file.
2026-01-21 21:52:16,633 [ERROR] LogOutputStream:75 - [STDERR_REDIRECT] 
2026-01-21 21:52:17,622 [ERROR] LogOutputStream:75 - [STDERR_REDIRECT] [Fatal Error] :1:1: Premature end of file.
2026-01-21 21:52:17,622 [ERROR] LogOutputStream:75 - [STDERR_REDIRECT] 
2026-01-21 21:52:18,628 [ERROR] LogOutputStream:75 - [STDERR_REDIRECT] [Fatal Error] :1:1: Premature end of file.
2026-01-21 21:52:18,628 [ERROR] LogOutputStream:75 - [STDERR_REDIRECT] 
2026-01-21 21:52:19,633 [ERROR] LogOutputStream:75 - [STDERR_REDIRECT] [Fatal Error] :1:1: Premature end of file.
2026-01-21 21:52:19,633 [ERROR] LogOutputStream:75 - [STDERR_REDIRECT] 
2026-01-21 21:52:20,635 [ERROR] LogOutputStream:75 - [STDERR_REDIRECT] [Fatal Error] :1:1: Premature end of file.
2026-01-21 21:52:20,635 [ERROR] LogOutputStream:75 - [STDERR_REDIRECT] 
2026-01-21 21:52:21,624 [ERROR] LogOutputStream:75 - [STDERR_REDIRECT] [Fatal Error] :1:1: Premature end of file.
2026-01-21 21:52:21,624 [ERROR] LogOutputStream:75 - [STDERR_REDIRECT] 
2026-01-21 21:52:22,630 [ERROR] LogOutputStream:75 - [STDERR_REDIRECT] [Fatal Error] :1:1: Premature end of file.
2026-01-21 21:52:22,630 [ERROR] LogOutputStream:75 - [STDERR_REDIRECT] 
2026-01-21 21:52:23,635 [ERROR] LogOutputStream:75 - [STDERR_REDIRECT] [Fatal Error] :1:1: Premature end of file.
2026-01-21 21:52:23,635 [ERROR] LogOutputStream:75 - [STDERR_REDIRECT] 
2026-01-21 21:52:24,627 [ERROR] LogOutputStream:75 - [STDERR_REDIRECT] [Fatal Error] :1:1: Premature end of file.
2026-01-21 21:52:24,627 [ERROR] LogOutputStream:75 - [STDERR_REDIRECT] 
2026-01-21 21:52:25,630 [ERROR] LogOutputStream:75 - [STDERR_REDIRECT] [Fatal Error] :1:1: Premature end of file.
2026-01-21 21:52:25,630 [ERROR] LogOutputStream:75 - [STDERR_REDIRECT] 
2026-01-21 21:52:26,631 [ERROR] LogOutputStream:75 - [STDERR_REDIRECT] [Fatal Error] :1:1: Premature end of file.
2026-01-21 21:52:26,631 [ERROR] LogOutputStream:75 - [STDERR_REDIRECT] 
2026-01-21 21:52:27,648 [ERROR] LogOutputStream:75 - [STDERR_REDIRECT] [Fatal Error] :1:1: Premature end of file.
2026-01-21 21:52:27,648 [ERROR] LogOutputStream:75 - [STDERR_REDIRECT] 
2026-01-21 21:52:28,633 [ERROR] LogOutputStream:75 - [STDERR_REDIRECT] [Fatal Error] :1:1: Premature end of file.
2026-01-21 21:52:28,633 [ERROR] LogOutputStream:75 - [STDERR_REDIRECT] 
2026-01-21 21:52:29,633 [ERROR] LogOutputStream:75 - [STDERR_REDIRECT] [Fatal Error] :1:1: Premature end of file.
2026-01-21 21:52:29,633 [ERROR] LogOutputStream:75 - [STDERR_REDIRECT] 
2026-01-21 21:52:30,633 [ERROR] LogOutputStream:75 - [STDERR_REDIRECT] [Fatal Error] :1:1: Premature end of file.
2026-01-21 21:52:30,633 [ERROR] LogOutputStream:75 - [STDERR_REDIRECT] 
2026-01-21 21:52:31,630 [ERROR] LogOutputStream:75 - [STDERR_REDIRECT] [Fatal Error] :1:1: Premature end of file.
2026-01-21 21:52:31,630 [ERROR] LogOutputStream:75 - [STDERR_REDIRECT] 
2026-01-21 21:52:32,649 [ERROR] LogOutputStream:75 - [STDERR_REDIRECT] [Fatal Error] :1:1: Premature end of file.
2026-01-21 21:52:32,649 [ERROR] LogOutputStream:75 - [STDERR_REDIRECT] 
2026-01-21 21:52:33,633 [ERROR] LogOutputStream:75 - [STDERR_REDIRECT] [Fatal Error] :1:1: Premature end of file.
2026-01-21 21:52:33,633 [ERROR] LogOutputStream:75 - [STDERR_REDIRECT] 
2026-01-21 21:52:34,632 [ERROR] LogOutputStream:75 - [STDERR_REDIRECT] [Fatal Error] :1:1: Premature end of file.
2026-01-21 21:52:34,632 [ERROR] LogOutputStream:75 - [STDERR_REDIRECT] 
2026-01-21 21:52:35,665 [ERROR] LogOutputStream:75 - [STDERR_REDIRECT] [Fatal Error] :1:1: Premature end of file.
2026-01-21 21:52:35,665 [ERROR] LogOutputStream:75 - [STDERR_REDIRECT] 
2026-01-21 21:52:36,628 [ERROR] LogOutputStream:75 - [STDERR_REDIRECT] [Fatal Error] :1:1: Premature end of file.
2026-01-21 21:52:36,628 [ERROR] LogOutputStream:75 - [STDERR_REDIRECT] 
2026-01-21 21:52:37,622 [ERROR] LogOutputStream:75 - [STDERR_REDIRECT] [Fatal Error] :1:1: Premature end of file.
2026-01-21 21:52:37,622 [ERROR] LogOutputStream:75 - [STDERR_REDIRECT] 
2026-01-21 21:52:38,628 [ERROR] LogOutputStream:75 - [STDERR_REDIRECT] [Fatal Error] :1:1: Premature end of file.
2026-01-21 21:52:38,628 [ERROR] LogOutputStream:75 - [STDERR_REDIRECT] 
2026-01-21 21:52:39,632 [ERROR] LogOutputStream:75 - [STDERR_REDIRECT] [Fatal Error] :1:1: Premature end of file.
2026-01-21 21:52:39,632 [ERROR] LogOutputStream:75 - [STDERR_REDIRECT] 
2026-01-21 21:52:40,634 [ERROR] LogOutputStream:75 - [STDERR_REDIRECT] [Fatal Error] :1:1: Premature end of file.
2026-01-21 21:52:40,634 [ERROR] LogOutputStream:75 - [STDERR_REDIRECT] 
2026-01-21 21:52:41,631 [ERROR] LogOutputStream:75 - [STDERR_REDIRECT] [Fatal Error] :1:1: Premature end of file.
2026-01-21 21:52:41,631 [ERROR] LogOutputStream:75 - [STDERR_REDIRECT] 
2026-01-21 21:52:42,639 [ERROR] LogOutputStream:75 - [STDERR_REDIRECT] [Fatal Error] :1:1: Premature end of file.
2026-01-21 21:52:42,639 [ERROR] LogOutputStream:75 - [STDERR_REDIRECT] 
2026-01-21 21:52:43,626 [ERROR] LogOutputStream:75 - [STDERR_REDIRECT] [Fatal Error] :1:1: Premature end of file.
2026-01-21 21:52:43,626 [ERROR] LogOutputStream:75 - [STDERR_REDIRECT] 
2026-01-21 21:52:44,640 [ERROR] LogOutputStream:75 - [STDERR_REDIRECT] [Fatal Error] :1:1: Premature end of file.
2026-01-21 21:52:44,640 [ERROR] LogOutputStream:75 - [STDERR_REDIRECT] 
2026-01-21 21:52:45,624 [ERROR] LogOutputStream:75 - [STDERR_REDIRECT] [Fatal Error] :1:1: Premature end of file.
2026-01-21 21:52:45,624 [ERROR] LogOutputStream:75 - [STDERR_REDIRECT] 
2026-01-21 21:52:46,640 [ERROR] LogOutputStream:75 - [STDERR_REDIRECT] [Fatal Error] :1:1: Premature end of file.
2026-01-21 21:52:46,640 [ERROR] LogOutputStream:75 - [STDERR_REDIRECT] 
2026-01-21 21:52:47,639 [ERROR] LogOutputStream:75 - [STDERR_REDIRECT] [Fatal Error] :1:1: Premature end of file.
2026-01-21 21:52:47,639 [ERROR] LogOutputStream:75 - [STDERR_REDIRECT] 
2026-01-21 21:52:48,626 [ERROR] LogOutputStream:75 - [STDERR_REDIRECT] [Fatal Error] :1:1: Premature end of file.
2026-01-21 21:52:48,626 [ERROR] LogOutputStream:75 - [STDERR_REDIRECT] 
2026-01-21 21:52:49,640 [ERROR] LogOutputStream:75 - [STDERR_REDIRECT] [Fatal Error] :1:1: Premature end of file.
2026-01-21 21:52:49,640 [ERROR] LogOutputStream:75 - [STDERR_REDIRECT] 
2026-01-21 21:52:50,625 [ERROR] LogOutputStream:75 - [STDERR_REDIRECT] [Fatal Error] :1:1: Premature end of file.
2026-01-21 21:52:50,625 [ERROR] LogOutputStream:75 - [STDERR_REDIRECT] 
2026-01-21 21:52:51,639 [ERROR] LogOutputStream:75 - [STDERR_REDIRECT] [Fatal Error] :1:1: Premature end of file.
2026-01-21 21:52:51,639 [ERROR] LogOutputStream:75 - [STDERR_REDIRECT] 
2026-01-21 21:52:52,621 [ERROR] LogOutputStream:75 - [STDERR_REDIRECT] [Fatal Error] :1:1: Premature end of file.
2026-01-21 21:52:52,621 [ERROR] LogOutputStream:75 - [STDERR_REDIRECT] 
2026-01-21 21:52:53,609 [ERROR] LogOutputStream:75 - [STDERR_REDIRECT] [Fatal Error] :1:1: Premature end of file.
2026-01-21 21:52:53,622 [ERROR] LogOutputStream:75 - [STDERR_REDIRECT] 
2026-01-21 21:52:54,638 [ERROR] LogOutputStream:75 - [STDERR_REDIRECT] [Fatal Error] :1:1: Premature end of file.
2026-01-21 21:52:54,638 [ERROR] LogOutputStream:75 - [STDERR_REDIRECT] 
2026-01-21 21:52:55,624 [ERROR] LogOutputStream:75 - [STDERR_REDIRECT] [Fatal Error] :1:1: Premature end of file.
2026-01-21 21:52:55,624 [ERROR] LogOutputStream:75 - [STDERR_REDIRECT] 
2026-01-21 21:52:56,634 [ERROR] LogOutputStream:75 - [STDERR_REDIRECT] [Fatal Error] :1:1: Premature end of file.
2026-01-21 21:52:56,635 [ERROR] LogOutputStream:75 - [STDERR_REDIRECT] 
2026-01-21 21:52:57,624 [ERROR] LogOutputStream:75 - [STDERR_REDIRECT] [Fatal Error] :1:1: Premature end of file.
2026-01-21 21:52:57,624 [ERROR] LogOutputStream:75 - [STDERR_REDIRECT] 
2026-01-21 21:52:58,640 [ERROR] LogOutputStream:75 - [STDERR_REDIRECT] [Fatal Error] :1:1: Premature end of file.
2026-01-21 21:52:58,640 [ERROR] LogOutputStream:75 - [STDERR_REDIRECT] 
2026-01-21 21:52:59,639 [ERROR] LogOutputStream:75 - [STDERR_REDIRECT] [Fatal Error] :1:1: Premature end of file.
2026-01-21 21:52:59,639 [ERROR] LogOutputStream:75 - [STDERR_REDIRECT] 
2026-01-21 21:53:00,628 [ERROR] LogOutputStream:75 - [STDERR_REDIRECT] [Fatal Error] :1:1: Premature end of file.
2026-01-21 21:53:00,628 [ERROR] LogOutputStream:75 - [STDERR_REDIRECT] 
2026-01-21 21:53:01,625 [ERROR] LogOutputStream:75 - [STDERR_REDIRECT] [Fatal Error] :1:1: Premature end of file.
2026-01-21 21:53:01,625 [ERROR] LogOutputStream:75 - [STDERR_REDIRECT] 
2026-01-21 21:53:02,623 [ERROR] LogOutputStream:75 - [STDERR_REDIRECT] [Fatal Error] :1:1: Premature end of file.
2026-01-21 21:53:02,623 [ERROR] LogOutputStream:75 - [STDERR_REDIRECT] 
2026-01-21 21:53:03,624 [ERROR] LogOutputStream:75 - [STDERR_REDIRECT] [Fatal Error] :1:1: Premature end of file.
2026-01-21 21:53:03,625 [ERROR] LogOutputStream:75 - [STDERR_REDIRECT] 
2026-01-21 21:53:04,623 [ERROR] LogOutputStream:75 - [STDERR_REDIRECT] [Fatal Error] :1:1: Premature end of file.
2026-01-21 21:53:04,623 [ERROR] LogOutputStream:75 - [STDERR_REDIRECT] 
2026-01-21 21:53:05,623 [ERROR] LogOutputStream:75 - [STDERR_REDIRECT] [Fatal Error] :1:1: Premature end of file.
2026-01-21 21:53:05,623 [ERROR] LogOutputStream:75 - [STDERR_REDIRECT] 
2026-01-21 21:53:06,627 [ERROR] LogOutputStream:75 - [STDERR_REDIRECT] [Fatal Error] :1:1: Premature end of file.
2026-01-21 21:53:06,627 [ERROR] LogOutputStream:75 - [STDERR_REDIRECT] 
2026-01-21 21:53:07,625 [ERROR] LogOutputStream:75 - [STDERR_REDIRECT] [Fatal Error] :1:1: Premature end of file.
2026-01-21 21:53:07,625 [ERROR] LogOutputStream:75 - [STDERR_REDIRECT] 
2026-01-21 21:53:08,636 [ERROR] LogOutputStream:75 - [STDERR_REDIRECT] [Fatal Error] :1:1: Premature end of file.
2026-01-21 21:53:08,636 [ERROR] LogOutputStream:75 - [STDERR_REDIRECT] 
2026-01-21 21:53:09,629 [ERROR] LogOutputStream:75 - [STDERR_REDIRECT] [Fatal Error] :1:1: Premature end of file.
2026-01-21 21:53:09,630 [ERROR] LogOutputStream:75 - [STDERR_REDIRECT] 
2026-01-21 21:53:10,627 [ERROR] LogOutputStream:75 - [STDERR_REDIRECT] [Fatal Error] :1:1: Premature end of file.
2026-01-21 21:53:10,628 [ERROR] LogOutputStream:75 - [STDERR_REDIRECT] 
2026-01-21 21:53:11,638 [ERROR] LogOutputStream:75 - [STDERR_REDIRECT] [Fatal Error] :1:1: Premature end of file.
2026-01-21 21:53:11,638 [ERROR] LogOutputStream:75 - [STDERR_REDIRECT] 
2026-01-21 21:53:12,642 [ERROR] LogOutputStream:75 - [STDERR_REDIRECT] [Fatal Error] :1:1: Premature end of file.
2026-01-21 21:53:12,642 [ERROR] LogOutputStream:75 - [STDERR_REDIRECT] 
2026-01-21 21:53:13,624 [ERROR] LogOutputStream:75 - [STDERR_REDIRECT] [Fatal Error] :1:1: Premature end of file.
2026-01-21 21:53:13,624 [ERROR] LogOutputStream:75 - [STDERR_REDIRECT] 
2026-01-21 21:53:14,625 [ERROR] LogOutputStream:75 - [STDERR_REDIRECT] [Fatal Error] :1:1: Premature end of file.
2026-01-21 21:53:14,625 [ERROR] LogOutputStream:75 - [STDERR_REDIRECT] 
2026-01-21 21:53:15,634 [ERROR] LogOutputStream:75 - [STDERR_REDIRECT] [Fatal Error] :1:1: Premature end of file.
2026-01-21 21:53:15,634 [ERROR] LogOutputStream:75 - [STDERR_REDIRECT] 
2026-01-21 21:53:16,626 [ERROR] LogOutputStream:75 - [STDERR_REDIRECT] [Fatal Error] :1:1: Premature end of file.
2026-01-21 21:53:16,626 [ERROR] LogOutputStream:75 - [STDERR_REDIRECT] 
2026-01-21 21:53:17,623 [ERROR] LogOutputStream:75 - [STDERR_REDIRECT] [Fatal Error] :1:1: Premature end of file.
2026-01-21 21:53:17,623 [ERROR] LogOutputStream:75 - [STDERR_REDIRECT] 
2026-01-21 21:53:18,629 [ERROR] LogOutputStream:75 - [STDERR_REDIRECT] [Fatal Error] :1:1: Premature end of file.
2026-01-21 21:53:18,629 [ERROR] LogOutputStream:75 - [STDERR_REDIRECT] 
2026-01-21 21:53:19,624 [ERROR] LogOutputStream:75 - [STDERR_REDIRECT] [Fatal Error] :1:1: Premature end of file.
2026-01-21 21:53:19,624 [ERROR] LogOutputStream:75 - [STDERR_REDIRECT] 
2026-01-21 21:53:20,628 [ERROR] LogOutputStream:75 - [STDERR_REDIRECT] [Fatal Error] :1:1: Premature end of file.
2026-01-21 21:53:20,628 [ERROR] LogOutputStream:75 - [STDERR_REDIRECT] 
2026-01-21 21:53:21,629 [ERROR] LogOutputStream:75 - [STDERR_REDIRECT] [Fatal Error] :1:1: Premature end of file.
2026-01-21 21:53:21,629 [ERROR] LogOutputStream:75 - [STDERR_REDIRECT] 
2026-01-21 21:53:22,642 [ERROR] LogOutputStream:75 - [STDERR_REDIRECT] [Fatal Error] :1:1: Premature end of file.
2026-01-21 21:53:22,642 [ERROR] LogOutputStream:75 - [STDERR_REDIRECT] 
2026-01-21 21:53:23,622 [ERROR] LogOutputStream:75 - [STDERR_REDIRECT] [Fatal Error] :1:1: Premature end of file.
2026-01-21 21:53:23,622 [ERROR] LogOutputStream:75 - [STDERR_REDIRECT] 
2026-01-21 21:53:24,632 [ERROR] LogOutputStream:75 - [STDERR_REDIRECT] [Fatal Error] :1:1: Premature end of file.
2026-01-21 21:53:24,632 [ERROR] LogOutputStream:75 - [STDERR_REDIRECT] 
2026-01-21 21:53:25,624 [ERROR] LogOutputStream:75 - [STDERR_REDIRECT] [Fatal Error] :1:1: Premature end of file.
2026-01-21 21:53:25,624 [ERROR] LogOutputStream:75 - [STDERR_REDIRECT] 
2026-01-21 21:53:26,639 [ERROR] LogOutputStream:75 - [STDERR_REDIRECT] [Fatal Error] :1:1: Premature end of file.
2026-01-21 21:53:26,639 [ERROR] LogOutputStream:75 - [STDERR_REDIRECT] 
2026-01-21 21:53:27,633 [ERROR] LogOutputStream:75 - [STDERR_REDIRECT] [Fatal Error] :1:1: Premature end of file.
2026-01-21 21:53:27,633 [ERROR] LogOutputStream:75 - [STDERR_REDIRECT] 
2026-01-21 21:53:28,624 [ERROR] LogOutputStream:75 - [STDERR_REDIRECT] [Fatal Error] :1:1: Premature end of file.
2026-01-21 21:53:28,624 [ERROR] LogOutputStream:75 - [STDERR_REDIRECT] 
2026-01-21 21:53:29,626 [ERROR] LogOutputStream:75 - [STDERR_REDIRECT] [Fatal Error] :1:1: Premature end of file.
2026-01-21 21:53:29,626 [ERROR] LogOutputStream:75 - [STDERR_REDIRECT] 
2026-01-21 21:53:30,625 [ERROR] LogOutputStream:75 - [STDERR_REDIRECT] [Fatal Error] :1:1: Premature end of file.
2026-01-21 21:53:30,625 [ERROR] LogOutputStream:75 - [STDERR_REDIRECT] 
2026-01-21 21:53:31,625 [ERROR] LogOutputStream:75 - [STDERR_REDIRECT] [Fatal Error] :1:1: Premature end of file.
2026-01-21 21:53:31,625 [ERROR] LogOutputStream:75 - [STDERR_REDIRECT] 
2026-01-21 21:53:32,624 [ERROR] LogOutputStream:75 - [STDERR_REDIRECT] [Fatal Error] :1:1: Premature end of file.
2026-01-21 21:53:32,624 [ERROR] LogOutputStream:75 - [STDERR_REDIRECT] 
2026-01-21 21:53:33,625 [ERROR] LogOutputStream:75 - [STDERR_REDIRECT] [Fatal Error] :1:1: Premature end of file.
2026-01-21 21:53:33,625 [ERROR] LogOutputStream:75 - [STDERR_REDIRECT] 
2026-01-21 21:53:34,629 [ERROR] LogOutputStream:75 - [STDERR_REDIRECT] [Fatal Error] :1:1: Premature end of file.
2026-01-21 21:53:34,629 [ERROR] LogOutputStream:75 - [STDERR_REDIRECT] 
2026-01-21 21:53:35,610 [ERROR] LogOutputStream:75 - [STDERR_REDIRECT] [Fatal Error] :1:1: Premature end of file.
2026-01-21 21:53:35,610 [ERROR] LogOutputStream:75 - [STDERR_REDIRECT] 
2026-01-21 21:53:36,635 [ERROR] LogOutputStream:75 - [STDERR_REDIRECT] [Fatal Error] :1:1: Premature end of file.
2026-01-21 21:53:36,635 [ERROR] LogOutputStream:75 - [STDERR_REDIRECT] 
2026-01-21 21:53:37,636 [ERROR] LogOutputStream:75 - [STDERR_REDIRECT] [Fatal Error] :1:1: Premature end of file.
2026-01-21 21:53:37,636 [ERROR] LogOutputStream:75 - [STDERR_REDIRECT] 
2026-01-21 21:53:38,623 [ERROR] LogOutputStream:75 - [STDERR_REDIRECT] [Fatal Error] :1:1: Premature end of file.
2026-01-21 21:53:38,623 [ERROR] LogOutputStream:75 - [STDERR_REDIRECT] 
2026-01-21 21:53:39,625 [ERROR] LogOutputStream:75 - [STDERR_REDIRECT] [Fatal Error] :1:1: Premature end of file.
2026-01-21 21:53:39,625 [ERROR] LogOutputStream:75 - [STDERR_REDIRECT] 
2026-01-21 21:53:40,625 [ERROR] LogOutputStream:75 - [STDERR_REDIRECT] [Fatal Error] :1:1: Premature end of file.
2026-01-21 21:53:40,625 [ERROR] LogOutputStream:75 - [STDERR_REDIRECT] 
2026-01-21 21:53:41,621 [ERROR] LogOutputStream:75 - [STDERR_REDIRECT] [Fatal Error] :1:1: Premature end of file.
2026-01-21 21:53:41,621 [ERROR] LogOutputStream:75 - [STDERR_REDIRECT] 
2026-01-21 21:53:42,622 [ERROR] LogOutputStream:75 - [STDERR_REDIRECT] [Fatal Error] :1:1: Premature end of file.
2026-01-21 21:53:42,622 [ERROR] LogOutputStream:75 - [STDERR_REDIRECT] 
2026-01-21 21:53:43,624 [ERROR] LogOutputStream:75 - [STDERR_REDIRECT] [Fatal Error] :1:1: Premature end of file.
2026-01-21 21:53:43,624 [ERROR] LogOutputStream:75 - [STDERR_REDIRECT] 
2026-01-21 21:53:44,633 [ERROR] LogOutputStream:75 - [STDERR_REDIRECT] [Fatal Error] :1:1: Premature end of file.
2026-01-21 21:53:44,633 [ERROR] LogOutputStream:75 - [STDERR_REDIRECT] 
2026-01-21 21:53:45,625 [ERROR] LogOutputStream:75 - [STDERR_REDIRECT] [Fatal Error] :1:1: Premature end of file.
2026-01-21 21:53:45,625 [ERROR] LogOutputStream:75 - [STDERR_REDIRECT] 
2026-01-21 21:53:46,623 [ERROR] LogOutputStream:75 - [STDERR_REDIRECT] [Fatal Error] :1:1: Premature end of file.
2026-01-21 21:53:46,623 [ERROR] LogOutputStream:75 - [STDERR_REDIRECT] 
2026-01-21 21:53:47,638 [ERROR] LogOutputStream:75 - [STDERR_REDIRECT] [Fatal Error] :1:1: Premature end of file.
2026-01-21 21:53:47,638 [ERROR] LogOutputStream:75 - [STDERR_REDIRECT] 
2026-01-21 21:53:48,642 [ERROR] LogOutputStream:75 - [STDERR_REDIRECT] [Fatal Error] :1:1: Premature end of file.
2026-01-21 21:53:48,642 [ERROR] LogOutputStream:75 - [STDERR_REDIRECT] 
2026-01-21 21:53:49,637 [ERROR] LogOutputStream:75 - [STDERR_REDIRECT] [Fatal Error] :1:1: Premature end of file.
2026-01-21 21:53:49,637 [ERROR] LogOutputStream:75 - [STDERR_REDIRECT] 
2026-01-21 21:53:50,625 [ERROR] LogOutputStream:75 - [STDERR_REDIRECT] [Fatal Error] :1:1: Premature end of file.
2026-01-21 21:53:50,625 [ERROR] LogOutputStream:75 - [STDERR_REDIRECT] 
2026-01-21 21:53:51,629 [ERROR] LogOutputStream:75 - [STDERR_REDIRECT] [Fatal Error] :1:1: Premature end of file.
2026-01-21 21:53:51,629 [ERROR] LogOutputStream:75 - [STDERR_REDIRECT] 
2026-01-21 21:53:52,633 [ERROR] LogOutputStream:75 - [STDERR_REDIRECT] [Fatal Error] :1:1: Premature end of file.
2026-01-21 21:53:52,633 [ERROR] LogOutputStream:75 - [STDERR_REDIRECT] 
2026-01-21 21:53:53,625 [ERROR] LogOutputStream:75 - [STDERR_REDIRECT] [Fatal Error] :1:1: Premature end of file.
2026-01-21 21:53:53,625 [ERROR] LogOutputStream:75 - [STDERR_REDIRECT] 
2026-01-21 21:53:54,623 [ERROR] LogOutputStream:75 - [STDERR_REDIRECT] [Fatal Error] :1:1: Premature end of file.
2026-01-21 21:53:54,623 [ERROR] LogOutputStream:75 - [STDERR_REDIRECT] 
2026-01-21 21:53:55,626 [ERROR] LogOutputStream:75 - [STDERR_REDIRECT] [Fatal Error] :1:1: Premature end of file.
2026-01-21 21:53:55,626 [ERROR] LogOutputStream:75 - [STDERR_REDIRECT] 
2026-01-21 21:53:56,630 [ERROR] LogOutputStream:75 - [STDERR_REDIRECT] [Fatal Error] :1:1: Premature end of file.
2026-01-21 21:53:56,630 [ERROR] LogOutputStream:75 - [STDERR_REDIRECT] 
2026-01-21 21:53:57,626 [ERROR] LogOutputStream:75 - [STDERR_REDIRECT] [Fatal Error] :1:1: Premature end of file.
2026-01-21 21:53:57,626 [ERROR] LogOutputStream:75 - [STDERR_REDIRECT] 
2026-01-21 21:53:58,634 [ERROR] LogOutputStream:75 - [STDERR_REDIRECT] [Fatal Error] :1:1: Premature end of file.
2026-01-21 21:53:58,634 [ERROR] LogOutputStream:75 - [STDERR_REDIRECT] 
2026-01-21 21:53:59,621 [ERROR] LogOutputStream:75 - [STDERR_REDIRECT] [Fatal Error] :1:1: Premature end of file.
2026-01-21 21:53:59,621 [ERROR] LogOutputStream:75 - [STDERR_REDIRECT] 
2026-01-21 21:54:00,625 [ERROR] LogOutputStream:75 - [STDERR_REDIRECT] [Fatal Error] :1:1: Premature end of file.
2026-01-21 21:54:00,625 [ERROR] LogOutputStream:75 - [STDERR_REDIRECT] 
2026-01-21 21:54:01,624 [ERROR] LogOutputStream:75 - [STDERR_REDIRECT] [Fatal Error] :1:1: Premature end of file.
2026-01-21 21:54:01,624 [ERROR] LogOutputStream:75 - [STDERR_REDIRECT] 
2026-01-21 21:54:02,633 [ERROR] LogOutputStream:75 - [STDERR_REDIRECT] [Fatal Error] :1:1: Premature end of file.
2026-01-21 21:54:02,633 [ERROR] LogOutputStream:75 - [STDERR_REDIRECT] 
2026-01-21 21:54:03,622 [ERROR] LogOutputStream:75 - [STDERR_REDIRECT] [Fatal Error] :1:1: Premature end of file.
2026-01-21 21:54:03,622 [ERROR] LogOutputStream:75 - [STDERR_REDIRECT] 
2026-01-21 21:54:04,627 [ERROR] LogOutputStream:75 - [STDERR_REDIRECT] [Fatal Error] :1:1: Premature end of file.
2026-01-21 21:54:04,627 [ERROR] LogOutputStream:75 - [STDERR_REDIRECT] 
2026-01-21 21:54:05,627 [ERROR] LogOutputStream:75 - [STDERR_REDIRECT] [Fatal Error] :1:1: Premature end of file.
2026-01-21 21:54:05,627 [ERROR] LogOutputStream:75 - [STDERR_REDIRECT] 
2026-01-21 21:54:06,627 [ERROR] LogOutputStream:75 - [STDERR_REDIRECT] [Fatal Error] :1:1: Premature end of file.
2026-01-21 21:54:06,627 [ERROR] LogOutputStream:75 - [STDERR_REDIRECT] 
2026-01-21 21:54:07,621 [ERROR] LogOutputStream:75 - [STDERR_REDIRECT] [Fatal Error] :1:1: Premature end of file.
2026-01-21 21:54:07,621 [ERROR] LogOutputStream:75 - [STDERR_REDIRECT] 
2026-01-21 21:54:08,625 [ERROR] LogOutputStream:75 - [STDERR_REDIRECT] [Fatal Error] :1:1: Premature end of file.
2026-01-21 21:54:08,625 [ERROR] LogOutputStream:75 - [STDERR_REDIRECT] 
2026-01-21 21:54:09,638 [ERROR] LogOutputStream:75 - [STDERR_REDIRECT] [Fatal Error] :1:1: Premature end of file.
2026-01-21 21:54:09,638 [ERROR] LogOutputStream:75 - [STDERR_REDIRECT] 
2026-01-21 21:54:10,626 [ERROR] LogOutputStream:75 - [STDERR_REDIRECT] [Fatal Error] :1:1: Premature end of file.
2026-01-21 21:54:10,626 [ERROR] LogOutputStream:75 - [STDERR_REDIRECT] 
2026-01-21 21:54:11,637 [ERROR] LogOutputStream:75 - [STDERR_REDIRECT] [Fatal Error] :1:1: Premature end of file.
2026-01-21 21:54:11,637 [ERROR] LogOutputStream:75 - [STDERR_REDIRECT] 
2026-01-21 21:54:12,627 [ERROR] LogOutputStream:75 - [STDERR_REDIRECT] [Fatal Error] :1:1: Premature end of file.
2026-01-21 21:54:12,627 [ERROR] LogOutputStream:75 - [STDERR_REDIRECT] 
2026-01-21 21:54:13,630 [ERROR] LogOutputStream:75 - [STDERR_REDIRECT] [Fatal Error] :1:1: Premature end of file.
2026-01-21 21:54:13,630 [ERROR] LogOutputStream:75 - [STDERR_REDIRECT] 
2026-01-21 21:54:14,623 [ERROR] LogOutputStream:75 - [STDERR_REDIRECT] [Fatal Error] :1:1: Premature end of file.
2026-01-21 21:54:14,623 [ERROR] LogOutputStream:75 - [STDERR_REDIRECT] 
2026-01-21 21:54:15,626 [ERROR] LogOutputStream:75 - [STDERR_REDIRECT] [Fatal Error] :1:1: Premature end of file.
2026-01-21 21:54:15,626 [ERROR] LogOutputStream:75 - [STDERR_REDIRECT] 
2026-01-21 21:54:16,626 [ERROR] LogOutputStream:75 - [STDERR_REDIRECT] [Fatal Error] :1:1: Premature end of file.
2026-01-21 21:54:16,626 [ERROR] LogOutputStream:75 - [STDERR_REDIRECT] 
2026-01-21 21:54:17,621 [ERROR] LogOutputStream:75 - [STDERR_REDIRECT] [Fatal Error] :1:1: Premature end of file.
2026-01-21 21:54:17,621 [ERROR] LogOutputStream:75 - [STDERR_REDIRECT] 
2026-01-21 21:54:18,622 [ERROR] LogOutputStream:75 - [STDERR_REDIRECT] [Fatal Error] :1:1: Premature end of file.
2026-01-21 21:54:18,622 [ERROR] LogOutputStream:75 - [STDERR_REDIRECT] 
2026-01-21 21:54:19,628 [ERROR] LogOutputStream:75 - [STDERR_REDIRECT] [Fatal Error] :1:1: Premature end of file.
2026-01-21 21:54:19,628 [ERROR] LogOutputStream:75 - [STDERR_REDIRECT] 
2026-01-21 21:54:20,624 [ERROR] LogOutputStream:75 - [STDERR_REDIRECT] [Fatal Error] :1:1: Premature end of file.
2026-01-21 21:54:20,624 [ERROR] LogOutputStream:75 - [STDERR_REDIRECT] 
2026-01-21 21:54:21,632 [ERROR] LogOutputStream:75 - [STDERR_REDIRECT] [Fatal Error] :1:1: Premature end of file.
2026-01-21 21:54:21,632 [ERROR] LogOutputStream:75 - [STDERR_REDIRECT] 
2026-01-21 21:54:22,626 [ERROR] LogOutputStream:75 - [STDERR_REDIRECT] [Fatal Error] :1:1: Premature end of file.
2026-01-21 21:54:22,626 [ERROR] LogOutputStream:75 - [STDERR_REDIRECT] 
2026-01-21 21:54:23,628 [ERROR] LogOutputStream:75 - [STDERR_REDIRECT] [Fatal Error] :1:1: Premature end of file.
2026-01-21 21:54:23,628 [ERROR] LogOutputStream:75 - [STDERR_REDIRECT] 
2026-01-21 21:54:24,628 [ERROR] LogOutputStream:75 - [STDERR_REDIRECT] [Fatal Error] :1:1: Premature end of file.
2026-01-21 21:54:24,629 [ERROR] LogOutputStream:75 - [STDERR_REDIRECT] 
2026-01-21 21:54:25,631 [ERROR] LogOutputStream:75 - [STDERR_REDIRECT] [Fatal Error] :1:1: Premature end of file.
2026-01-21 21:54:25,631 [ERROR] LogOutputStream:75 - [STDERR_REDIRECT] 
2026-01-21 21:54:26,622 [ERROR] LogOutputStream:75 - [STDERR_REDIRECT] [Fatal Error] :1:1: Premature end of file.
2026-01-21 21:54:26,622 [ERROR] LogOutputStream:75 - [STDERR_REDIRECT] 
2026-01-21 21:54:27,629 [ERROR] LogOutputStream:75 - [STDERR_REDIRECT] [Fatal Error] :1:1: Premature end of file.
2026-01-21 21:54:27,629 [ERROR] LogOutputStream:75 - [STDERR_REDIRECT] 
2026-01-21 21:54:28,635 [ERROR] LogOutputStream:75 - [STDERR_REDIRECT] [Fatal Error] :1:1: Premature end of file.
2026-01-21 21:54:28,635 [ERROR] LogOutputStream:75 - [STDERR_REDIRECT] 
2026-01-21 21:54:29,624 [ERROR] LogOutputStream:75 - [STDERR_REDIRECT] [Fatal Error] :1:1: Premature end of file.
2026-01-21 21:54:29,624 [ERROR] LogOutputStream:75 - [STDERR_REDIRECT] 
2026-01-21 21:54:30,629 [ERROR] LogOutputStream:75 - [STDERR_REDIRECT] [Fatal Error] :1:1: Premature end of file.
2026-01-21 21:54:30,629 [ERROR] LogOutputStream:75 - [STDERR_REDIRECT] 
2026-01-21 21:54:31,621 [ERROR] LogOutputStream:75 - [STDERR_REDIRECT] [Fatal Error] :1:1: Premature end of file.
2026-01-21 21:54:31,621 [ERROR] LogOutputStream:75 - [STDERR_REDIRECT] 
2026-01-21 21:54:32,627 [ERROR] LogOutputStream:75 - [STDERR_REDIRECT] [Fatal Error] :1:1: Premature end of file.
2026-01-21 21:54:32,627 [ERROR] LogOutputStream:75 - [STDERR_REDIRECT] 
2026-01-21 21:54:33,620 [ERROR] LogOutputStream:75 - [STDERR_REDIRECT] [Fatal Error] :1:1: Premature end of file.
2026-01-21 21:54:33,620 [ERROR] LogOutputStream:75 - [STDERR_REDIRECT] 
2026-01-21 21:54:34,628 [ERROR] LogOutputStream:75 - [STDERR_REDIRECT] [Fatal Error] :1:1: Premature end of file.
2026-01-21 21:54:34,628 [ERROR] LogOutputStream:75 - [STDERR_REDIRECT] 
2026-01-21 21:54:35,635 [ERROR] LogOutputStream:75 - [STDERR_REDIRECT] [Fatal Error] :1:1: Premature end of file.
2026-01-21 21:54:35,635 [ERROR] LogOutputStream:75 - [STDERR_REDIRECT] 
2026-01-21 21:54:36,627 [ERROR] LogOutputStream:75 - [STDERR_REDIRECT] [Fatal Error] :1:1: Premature end of file.
2026-01-21 21:54:36,627 [ERROR] LogOutputStream:75 - [STDERR_REDIRECT] 
2026-01-21 21:54:37,629 [ERROR] LogOutputStream:75 - [STDERR_REDIRECT] [Fatal Error] :1:1: Premature end of file.
2026-01-21 21:54:37,629 [ERROR] LogOutputStream:75 - [STDERR_REDIRECT] 
2026-01-21 21:54:38,621 [ERROR] LogOutputStream:75 - [STDERR_REDIRECT] [Fatal Error] :1:1: Premature end of file.
2026-01-21 21:54:38,621 [ERROR] LogOutputStream:75 - [STDERR_REDIRECT] 
2026-01-21 21:54:39,639 [ERROR] LogOutputStream:75 - [STDERR_REDIRECT] [Fatal Error] :1:1: Premature end of file.
2026-01-21 21:54:39,639 [ERROR] LogOutputStream:75 - [STDERR_REDIRECT] 
2026-01-21 21:54:40,629 [ERROR] LogOutputStream:75 - [STDERR_REDIRECT] [Fatal Error] :1:1: Premature end of file.
2026-01-21 21:54:40,629 [ERROR] LogOutputStream:75 - [STDERR_REDIRECT] 
2026-01-21 21:54:41,627 [ERROR] LogOutputStream:75 - [STDERR_REDIRECT] [Fatal Error] :1:1: Premature end of file.
2026-01-21 21:54:41,627 [ERROR] LogOutputStream:75 - [STDERR_REDIRECT] 
2026-01-21 21:54:42,630 [ERROR] LogOutputStream:75 - [STDERR_REDIRECT] [Fatal Error] :1:1: Premature end of file.
2026-01-21 21:54:42,630 [ERROR] LogOutputStream:75 - [STDERR_REDIRECT] 
2026-01-21 21:54:43,632 [ERROR] LogOutputStream:75 - [STDERR_REDIRECT] [Fatal Error] :1:1: Premature end of file.
2026-01-21 21:54:43,632 [ERROR] LogOutputStream:75 - [STDERR_REDIRECT] 
2026-01-21 21:54:44,612 [ERROR] LogOutputStream:75 - [STDERR_REDIRECT] [Fatal Error] :1:1: Premature end of file.
2026-01-21 21:54:44,612 [ERROR] LogOutputStream:75 - [STDERR_REDIRECT] 
2026-01-21 21:54:45,628 [ERROR] LogOutputStream:75 - [STDERR_REDIRECT] [Fatal Error] :1:1: Premature end of file.
2026-01-21 21:54:45,628 [ERROR] LogOutputStream:75 - [STDERR_REDIRECT] 
2026-01-21 21:54:46,655 [ERROR] LogOutputStream:75 - [STDERR_REDIRECT] [Fatal Error] :1:1: Premature end of file.
2026-01-21 21:54:46,655 [ERROR] LogOutputStream:75 - [STDERR_REDIRECT] 
2026-01-21 21:54:47,631 [ERROR] LogOutputStream:75 - [STDERR_REDIRECT] [Fatal Error] :1:1: Premature end of file.
2026-01-21 21:54:47,631 [ERROR] LogOutputStream:75 - [STDERR_REDIRECT] 
2026-01-21 21:54:48,630 [ERROR] LogOutputStream:75 - [STDERR_REDIRECT] [Fatal Error] :1:1: Premature end of file.
2026-01-21 21:54:48,630 [ERROR] LogOutputStream:75 - [STDERR_REDIRECT] 
2026-01-21 21:54:49,634 [ERROR] LogOutputStream:75 - [STDERR_REDIRECT] [Fatal Error] :1:1: Premature end of file.
2026-01-21 21:54:49,634 [ERROR] LogOutputStream:75 - [STDERR_REDIRECT] 
2026-01-21 21:54:50,623 [ERROR] LogOutputStream:75 - [STDERR_REDIRECT] [Fatal Error] :1:1: Premature end of file.
2026-01-21 21:54:50,623 [ERROR] LogOutputStream:75 - [STDERR_REDIRECT] 
2026-01-21 21:54:51,622 [ERROR] LogOutputStream:75 - [STDERR_REDIRECT] [Fatal Error] :1:1: Premature end of file.
2026-01-21 21:54:51,622 [ERROR] LogOutputStream:75 - [STDERR_REDIRECT] 
2026-01-21 21:54:52,643 [ERROR] LogOutputStream:75 - [STDERR_REDIRECT] [Fatal Error] :1:1: Premature end of file.
2026-01-21 21:54:52,643 [ERROR] LogOutputStream:75 - [STDERR_REDIRECT] 
2026-01-21 21:54:53,637 [ERROR] LogOutputStream:75 - [STDERR_REDIRECT] [Fatal Error] :1:1: Premature end of file.
2026-01-21 21:54:53,637 [ERROR] LogOutputStream:75 - [STDERR_REDIRECT] 
2026-01-21 21:54:54,633 [ERROR] LogOutputStream:75 - [STDERR_REDIRECT] [Fatal Error] :1:1: Premature end of file.
2026-01-21 21:54:54,633 [ERROR] LogOutputStream:75 - [STDERR_REDIRECT] 
2026-01-21 21:54:55,621 [ERROR] LogOutputStream:75 - [STDERR_REDIRECT] [Fatal Error] :1:1: Premature end of file.
2026-01-21 21:54:55,621 [ERROR] LogOutputStream:75 - [STDERR_REDIRECT] 
2026-01-21 21:54:56,631 [ERROR] LogOutputStream:75 - [STDERR_REDIRECT] [Fatal Error] :1:1: Premature end of file.
2026-01-21 21:54:56,631 [ERROR] LogOutputStream:75 - [STDERR_REDIRECT] 
2026-01-21 21:54:57,628 [ERROR] LogOutputStream:75 - [STDERR_REDIRECT] [Fatal Error] :1:1: Premature end of file.
2026-01-21 21:54:57,628 [ERROR] LogOutputStream:75 - [STDERR_REDIRECT] 
2026-01-21 21:54:58,629 [ERROR] LogOutputStream:75 - [STDERR_REDIRECT] [Fatal Error] :1:1: Premature end of file.
2026-01-21 21:54:58,629 [ERROR] LogOutputStream:75 - [STDERR_REDIRECT] 
2026-01-21 21:54:59,630 [ERROR] LogOutputStream:75 - [STDERR_REDIRECT] [Fatal Error] :1:1: Premature end of file.
2026-01-21 21:54:59,630 [ERROR] LogOutputStream:75 - [STDERR_REDIRECT] 
2026-01-21 21:55:00,626 [ERROR] LogOutputStream:75 - [STDERR_REDIRECT] [Fatal Error] :1:1: Premature end of file.
2026-01-21 21:55:00,626 [ERROR] LogOutputStream:75 - [STDERR_REDIRECT] 
2026-01-21 21:55:01,629 [ERROR] LogOutputStream:75 - [STDERR_REDIRECT] [Fatal Error] :1:1: Premature end of file.
2026-01-21 21:55:01,629 [ERROR] LogOutputStream:75 - [STDERR_REDIRECT] 
2026-01-21 21:55:02,628 [ERROR] LogOutputStream:75 - [STDERR_REDIRECT] [Fatal Error] :1:1: Premature end of file.
2026-01-21 21:55:02,628 [ERROR] LogOutputStream:75 - [STDERR_REDIRECT] 
2026-01-21 21:55:03,631 [ERROR] LogOutputStream:75 - [STDERR_REDIRECT] [Fatal Error] :1:1: Premature end of file.
2026-01-21 21:55:03,631 [ERROR] LogOutputStream:75 - [STDERR_REDIRECT] 
2026-01-21 21:55:04,629 [ERROR] LogOutputStream:75 - [STDERR_REDIRECT] [Fatal Error] :1:1: Premature end of file.
2026-01-21 21:55:04,629 [ERROR] LogOutputStream:75 - [STDERR_REDIRECT] 
2026-01-21 21:55:05,628 [ERROR] LogOutputStream:75 - [STDERR_REDIRECT] [Fatal Error] :1:1: Premature end of file.
2026-01-21 21:55:05,628 [ERROR] LogOutputStream:75 - [STDERR_REDIRECT] 
2026-01-21 21:55:06,636 [ERROR] LogOutputStream:75 - [STDERR_REDIRECT] [Fatal Error] :1:1: Premature end of file.
2026-01-21 21:55:06,636 [ERROR] LogOutputStream:75 - [STDERR_REDIRECT] 
2026-01-21 21:55:07,627 [ERROR] LogOutputStream:75 - [STDERR_REDIRECT] [Fatal Error] :1:1: Premature end of file.
2026-01-21 21:55:07,627 [ERROR] LogOutputStream:75 - [STDERR_REDIRECT] 
2026-01-21 21:55:08,631 [ERROR] LogOutputStream:75 - [STDERR_REDIRECT] [Fatal Error] :1:1: Premature end of file.
2026-01-21 21:55:08,631 [ERROR] LogOutputStream:75 - [STDERR_REDIRECT] 
2026-01-21 21:55:09,692 [ERROR] LogOutputStream:75 - [STDERR_REDIRECT] [Fatal Error] :1:1: Premature end of file.
2026-01-21 21:55:09,692 [ERROR] LogOutputStream:75 - [STDERR_REDIRECT] 
2026-01-21 21:55:10,627 [ERROR] LogOutputStream:75 - [STDERR_REDIRECT] [Fatal Error] :1:1: Premature end of file.
2026-01-21 21:55:10,627 [ERROR] LogOutputStream:75 - [STDERR_REDIRECT] 
2026-01-21 21:55:11,630 [ERROR] LogOutputStream:75 - [STDERR_REDIRECT] [Fatal Error] :1:1: Premature end of file.
2026-01-21 21:55:11,630 [ERROR] LogOutputStream:75 - [STDERR_REDIRECT] 
2026-01-21 21:55:12,630 [ERROR] LogOutputStream:75 - [STDERR_REDIRECT] [Fatal Error] :1:1: Premature end of file.
2026-01-21 21:55:12,630 [ERROR] LogOutputStream:75 - [STDERR_REDIRECT] 
2026-01-21 21:55:13,628 [ERROR] LogOutputStream:75 - [STDERR_REDIRECT] [Fatal Error] :1:1: Premature end of file.
2026-01-21 21:55:13,628 [ERROR] LogOutputStream:75 - [STDERR_REDIRECT] 
2026-01-21 21:55:14,630 [ERROR] LogOutputStream:75 - [STDERR_REDIRECT] [Fatal Error] :1:1: Premature end of file.
2026-01-21 21:55:14,630 [ERROR] LogOutputStream:75 - [STDERR_REDIRECT] 
2026-01-21 21:55:15,628 [ERROR] LogOutputStream:75 - [STDERR_REDIRECT] [Fatal Error] :1:1: Premature end of file.
2026-01-21 21:55:15,630 [ERROR] LogOutputStream:75 - [STDERR_REDIRECT] 
2026-01-21 21:55:16,628 [ERROR] LogOutputStream:75 - [STDERR_REDIRECT] [Fatal Error] :1:1: Premature end of file.
2026-01-21 21:55:16,628 [ERROR] LogOutputStream:75 - [STDERR_REDIRECT] 
2026-01-21 21:55:17,639 [ERROR] LogOutputStream:75 - [STDERR_REDIRECT] [Fatal Error] :1:1: Premature end of file.
2026-01-21 21:55:17,639 [ERROR] LogOutputStream:75 - [STDERR_REDIRECT] 
2026-01-21 21:55:18,634 [ERROR] LogOutputStream:75 - [STDERR_REDIRECT] [Fatal Error] :1:1: Premature end of file.
2026-01-21 21:55:18,634 [ERROR] LogOutputStream:75 - [STDERR_REDIRECT] 
2026-01-21 21:55:19,638 [ERROR] LogOutputStream:75 - [STDERR_REDIRECT] [Fatal Error] :1:1: Premature end of file.
2026-01-21 21:55:19,639 [ERROR] LogOutputStream:75 - [STDERR_REDIRECT] 
2026-01-21 21:55:20,626 [ERROR] LogOutputStream:75 - [STDERR_REDIRECT] [Fatal Error] :1:1: Premature end of file.
2026-01-21 21:55:20,626 [ERROR] LogOutputStream:75 - [STDERR_REDIRECT] 
2026-01-21 21:55:21,623 [ERROR] LogOutputStream:75 - [STDERR_REDIRECT] [Fatal Error] :1:1: Premature end of file.
2026-01-21 21:55:21,623 [ERROR] LogOutputStream:75 - [STDERR_REDIRECT] 
2026-01-21 21:55:22,638 [ERROR] LogOutputStream:75 - [STDERR_REDIRECT] [Fatal Error] :1:1: Premature end of file.
2026-01-21 21:55:22,638 [ERROR] LogOutputStream:75 - [STDERR_REDIRECT] 
2026-01-21 21:55:23,625 [ERROR] LogOutputStream:75 - [STDERR_REDIRECT] [Fatal Error] :1:1: Premature end of file.
2026-01-21 21:55:23,625 [ERROR] LogOutputStream:75 - [STDERR_REDIRECT] 
2026-01-21 21:55:24,638 [ERROR] LogOutputStream:75 - [STDERR_REDIRECT] [Fatal Error] :1:1: Premature end of file.
2026-01-21 21:55:24,638 [ERROR] LogOutputStream:75 - [STDERR_REDIRECT] 
2026-01-21 21:55:25,633 [ERROR] LogOutputStream:75 - [STDERR_REDIRECT] [Fatal Error] :1:1: Premature end of file.
2026-01-21 21:55:25,633 [ERROR] LogOutputStream:75 - [STDERR_REDIRECT] 
2026-01-21 21:55:26,626 [ERROR] LogOutputStream:75 - [STDERR_REDIRECT] [Fatal Error] :1:1: Premature end of file.
2026-01-21 21:55:26,626 [ERROR] LogOutputStream:75 - [STDERR_REDIRECT] 
2026-01-21 21:55:27,632 [ERROR] LogOutputStream:75 - [STDERR_REDIRECT] [Fatal Error] :1:1: Premature end of file.
2026-01-21 21:55:27,632 [ERROR] LogOutputStream:75 - [STDERR_REDIRECT] 
2026-01-21 21:55:28,630 [ERROR] LogOutputStream:75 - [STDERR_REDIRECT] [Fatal Error] :1:1: Premature end of file.
2026-01-21 21:55:28,630 [ERROR] LogOutputStream:75 - [STDERR_REDIRECT] 
2026-01-21 21:55:29,634 [ERROR] LogOutputStream:75 - [STDERR_REDIRECT] [Fatal Error] :1:1: Premature end of file.
2026-01-21 21:55:29,635 [ERROR] LogOutputStream:75 - [STDERR_REDIRECT] 
2026-01-21 21:55:30,627 [ERROR] LogOutputStream:75 - [STDERR_REDIRECT] [Fatal Error] :1:1: Premature end of file.
2026-01-21 21:55:30,627 [ERROR] LogOutputStream:75 - [STDERR_REDIRECT] 
2026-01-21 21:55:31,640 [ERROR] LogOutputStream:75 - [STDERR_REDIRECT] [Fatal Error] :1:1: Premature end of file.
2026-01-21 21:55:31,640 [ERROR] LogOutputStream:75 - [STDERR_REDIRECT] 
2026-01-21 21:55:32,634 [ERROR] LogOutputStream:75 - [STDERR_REDIRECT] [Fatal Error] :1:1: Premature end of file.
2026-01-21 21:55:32,634 [ERROR] LogOutputStream:75 - [STDERR_REDIRECT] 
2026-01-21 21:55:33,632 [ERROR] LogOutputStream:75 - [STDERR_REDIRECT] [Fatal Error] :1:1: Premature end of file.
2026-01-21 21:55:33,632 [ERROR] LogOutputStream:75 - [STDERR_REDIRECT] 
2026-01-21 21:55:34,625 [ERROR] LogOutputStream:75 - [STDERR_REDIRECT] [Fatal Error] :1:1: Premature end of file.
2026-01-21 21:55:34,625 [ERROR] LogOutputStream:75 - [STDERR_REDIRECT] 
2026-01-21 21:55:35,629 [ERROR] LogOutputStream:75 - [STDERR_REDIRECT] [Fatal Error] :1:1: Premature end of file.
2026-01-21 21:55:35,631 [ERROR] LogOutputStream:75 - [STDERR_REDIRECT] 
2026-01-21 21:55:36,626 [ERROR] LogOutputStream:75 - [STDERR_REDIRECT] [Fatal Error] :1:1: Premature end of file.
2026-01-21 21:55:36,627 [ERROR] LogOutputStream:75 - [STDERR_REDIRECT] 
2026-01-21 21:55:37,637 [ERROR] LogOutputStream:75 - [STDERR_REDIRECT] [Fatal Error] :1:1: Premature end of file.
2026-01-21 21:55:37,638 [ERROR] LogOutputStream:75 - [STDERR_REDIRECT] 
2026-01-21 21:55:38,630 [ERROR] LogOutputStream:75 - [STDERR_REDIRECT] [Fatal Error] :1:1: Premature end of file.
2026-01-21 21:55:38,630 [ERROR] LogOutputStream:75 - [STDERR_REDIRECT] 
2026-01-21 21:55:39,630 [ERROR] LogOutputStream:75 - [STDERR_REDIRECT] [Fatal Error] :1:1: Premature end of file.
2026-01-21 21:55:39,630 [ERROR] LogOutputStream:75 - [STDERR_REDIRECT] 
2026-01-21 21:55:40,637 [ERROR] LogOutputStream:75 - [STDERR_REDIRECT] [Fatal Error] :1:1: Premature end of file.
2026-01-21 21:55:40,637 [ERROR] LogOutputStream:75 - [STDERR_REDIRECT] 
2026-01-21 21:55:41,631 [ERROR] LogOutputStream:75 - [STDERR_REDIRECT] [Fatal Error] :1:1: Premature end of file.
2026-01-21 21:55:41,631 [ERROR] LogOutputStream:75 - [STDERR_REDIRECT] 
2026-01-21 21:55:42,628 [ERROR] LogOutputStream:75 - [STDERR_REDIRECT] [Fatal Error] :1:1: Premature end of file.
2026-01-21 21:55:42,628 [ERROR] LogOutputStream:75 - [STDERR_REDIRECT] 
2026-01-21 21:55:43,637 [ERROR] LogOutputStream:75 - [STDERR_REDIRECT] [Fatal Error] :1:1: Premature end of file.
2026-01-21 21:55:43,637 [ERROR] LogOutputStream:75 - [STDERR_REDIRECT] 
2026-01-21 21:55:44,626 [ERROR] LogOutputStream:75 - [STDERR_REDIRECT] [Fatal Error] :1:1: Premature end of file.
2026-01-21 21:55:44,626 [ERROR] LogOutputStream:75 - [STDERR_REDIRECT] 
2026-01-21 21:55:45,639 [ERROR] LogOutputStream:75 - [STDERR_REDIRECT] [Fatal Error] :1:1: Premature end of file.
2026-01-21 21:55:45,639 [ERROR] LogOutputStream:75 - [STDERR_REDIRECT] 
2026-01-21 21:55:46,638 [ERROR] LogOutputStream:75 - [STDERR_REDIRECT] [Fatal Error] :1:1: Premature end of file.
2026-01-21 21:55:46,638 [ERROR] LogOutputStream:75 - [STDERR_REDIRECT] 
2026-01-21 21:55:47,634 [ERROR] LogOutputStream:75 - [STDERR_REDIRECT] [Fatal Error] :1:1: Premature end of file.
2026-01-21 21:55:47,634 [ERROR] LogOutputStream:75 - [STDERR_REDIRECT] 
2026-01-21 21:55:48,625 [ERROR] LogOutputStream:75 - [STDERR_REDIRECT] [Fatal Error] :1:1: Premature end of file.
2026-01-21 21:55:48,625 [ERROR] LogOutputStream:75 - [STDERR_REDIRECT] 
2026-01-21 21:55:49,639 [ERROR] LogOutputStream:75 - [STDERR_REDIRECT] [Fatal Error] :1:1: Premature end of file.
2026-01-21 21:55:49,639 [ERROR] LogOutputStream:75 - [STDERR_REDIRECT] 
2026-01-21 21:55:50,631 [ERROR] LogOutputStream:75 - [STDERR_REDIRECT] [Fatal Error] :1:1: Premature end of file.
2026-01-21 21:55:50,636 [ERROR] LogOutputStream:75 - [STDERR_REDIRECT] 
2026-01-21 21:55:51,633 [ERROR] LogOutputStream:75 - [STDERR_REDIRECT] [Fatal Error] :1:1: Premature end of file.
2026-01-21 21:55:51,633 [ERROR] LogOutputStream:75 - [STDERR_REDIRECT] 
2026-01-21 21:55:52,631 [ERROR] LogOutputStream:75 - [STDERR_REDIRECT] [Fatal Error] :1:1: Premature end of file.
2026-01-21 21:55:52,631 [ERROR] LogOutputStream:75 - [STDERR_REDIRECT] 
2026-01-21 21:55:53,628 [ERROR] LogOutputStream:75 - [STDERR_REDIRECT] [Fatal Error] :1:1: Premature end of file.
2026-01-21 21:55:53,628 [ERROR] LogOutputStream:75 - [STDERR_REDIRECT] 
2026-01-21 21:55:54,631 [ERROR] LogOutputStream:75 - [STDERR_REDIRECT] [Fatal Error] :1:1: Premature end of file.
2026-01-21 21:55:54,631 [ERROR] LogOutputStream:75 - [STDERR_REDIRECT] 
2026-01-21 21:55:55,633 [ERROR] LogOutputStream:75 - [STDERR_REDIRECT] [Fatal Error] :1:1: Premature end of file.
2026-01-21 21:55:55,633 [ERROR] LogOutputStream:75 - [STDERR_REDIRECT] 
2026-01-21 21:55:56,631 [ERROR] LogOutputStream:75 - [STDERR_REDIRECT] [Fatal Error] :1:1: Premature end of file.
2026-01-21 21:55:56,632 [ERROR] LogOutputStream:75 - [STDERR_REDIRECT] 
2026-01-21 21:55:57,629 [ERROR] LogOutputStream:75 - [STDERR_REDIRECT] [Fatal Error] :1:1: Premature end of file.
2026-01-21 21:55:57,629 [ERROR] LogOutputStream:75 - [STDERR_REDIRECT] 
2026-01-21 21:55:58,631 [ERROR] LogOutputStream:75 - [STDERR_REDIRECT] [Fatal Error] :1:1: Premature end of file.
2026-01-21 21:55:58,631 [ERROR] LogOutputStream:75 - [STDERR_REDIRECT] 
2026-01-21 21:55:59,632 [ERROR] LogOutputStream:75 - [STDERR_REDIRECT] [Fatal Error] :1:1: Premature end of file.
2026-01-21 21:55:59,632 [ERROR] LogOutputStream:75 - [STDERR_REDIRECT] 
2026-01-21 21:56:00,633 [ERROR] LogOutputStream:75 - [STDERR_REDIRECT] [Fatal Error] :1:1: Premature end of file.
2026-01-21 21:56:00,633 [ERROR] LogOutputStream:75 - [STDERR_REDIRECT] 
2026-01-21 21:56:01,624 [ERROR] LogOutputStream:75 - [STDERR_REDIRECT] [Fatal Error] :1:1: Premature end of file.
2026-01-21 21:56:01,624 [ERROR] LogOutputStream:75 - [STDERR_REDIRECT] 
2026-01-21 21:56:02,633 [ERROR] LogOutputStream:75 - [STDERR_REDIRECT] [Fatal Error] :1:1: Premature end of file.
2026-01-21 21:56:02,633 [ERROR] LogOutputStream:75 - [STDERR_REDIRECT] 
2026-01-21 21:56:03,634 [ERROR] LogOutputStream:75 - [STDERR_REDIRECT] [Fatal Error] :1:1: Premature end of file.
2026-01-21 21:56:03,634 [ERROR] LogOutputStream:75 - [STDERR_REDIRECT] 
2026-01-21 21:56:04,626 [ERROR] LogOutputStream:75 - [STDERR_REDIRECT] [Fatal Error] :1:1: Premature end of file.
2026-01-21 21:56:04,626 [ERROR] LogOutputStream:75 - [STDERR_REDIRECT] 
2026-01-21 21:56:05,632 [ERROR] LogOutputStream:75 - [STDERR_REDIRECT] [Fatal Error] :1:1: Premature end of file.
2026-01-21 21:56:05,632 [ERROR] LogOutputStream:75 - [STDERR_REDIRECT] 
2026-01-21 21:56:06,635 [ERROR] LogOutputStream:75 - [STDERR_REDIRECT] [Fatal Error] :1:1: Premature end of file.
2026-01-21 21:56:06,635 [ERROR] LogOutputStream:75 - [STDERR_REDIRECT] 
2026-01-21 21:56:07,634 [ERROR] LogOutputStream:75 - [STDERR_REDIRECT] [Fatal Error] :1:1: Premature end of file.
2026-01-21 21:56:07,634 [ERROR] LogOutputStream:75 - [STDERR_REDIRECT] 
2026-01-21 21:56:08,634 [ERROR] LogOutputStream:75 - [STDERR_REDIRECT] [Fatal Error] :1:1: Premature end of file.
2026-01-21 21:56:08,634 [ERROR] LogOutputStream:75 - [STDERR_REDIRECT] 
2026-01-21 21:56:09,632 [ERROR] LogOutputStream:75 - [STDERR_REDIRECT] [Fatal Error] :1:1: Premature end of file.
2026-01-21 21:56:09,632 [ERROR] LogOutputStream:75 - [STDERR_REDIRECT] 
2026-01-21 21:56:10,625 [ERROR] LogOutputStream:75 - [STDERR_REDIRECT] [Fatal Error] :1:1: Premature end of file.
2026-01-21 21:56:10,625 [ERROR] LogOutputStream:75 - [STDERR_REDIRECT] 
2026-01-21 21:56:11,635 [ERROR] LogOutputStream:75 - [STDERR_REDIRECT] [Fatal Error] :1:1: Premature end of file.
2026-01-21 21:56:11,635 [ERROR] LogOutputStream:75 - [STDERR_REDIRECT] 
2026-01-21 21:56:12,631 [ERROR] LogOutputStream:75 - [STDERR_REDIRECT] [Fatal Error] :1:1: Premature end of file.
2026-01-21 21:56:12,631 [ERROR] LogOutputStream:75 - [STDERR_REDIRECT] 
2026-01-21 21:56:13,633 [ERROR] LogOutputStream:75 - [STDERR_REDIRECT] [Fatal Error] :1:1: Premature end of file.
2026-01-21 21:56:13,633 [ERROR] LogOutputStream:75 - [STDERR_REDIRECT] 
2026-01-21 21:56:14,631 [ERROR] LogOutputStream:75 - [STDERR_REDIRECT] [Fatal Error] :1:1: Premature end of file.
2026-01-21 21:56:14,631 [ERROR] LogOutputStream:75 - [STDERR_REDIRECT] 
2026-01-21 21:56:15,626 [ERROR] LogOutputStream:75 - [STDERR_REDIRECT] [Fatal Error] :1:1: Premature end of file.
2026-01-21 21:56:15,626 [ERROR] LogOutputStream:75 - [STDERR_REDIRECT] 
2026-01-21 21:56:16,634 [ERROR] LogOutputStream:75 - [STDERR_REDIRECT] [Fatal Error] :1:1: Premature end of file.
2026-01-21 21:56:16,634 [ERROR] LogOutputStream:75 - [STDERR_REDIRECT] 
2026-01-21 21:56:17,649 [ERROR] LogOutputStream:75 - [STDERR_REDIRECT] [Fatal Error] :1:1: Premature end of file.
2026-01-21 21:56:17,649 [ERROR] LogOutputStream:75 - [STDERR_REDIRECT] 
2026-01-21 21:56:18,629 [ERROR] LogOutputStream:75 - [STDERR_REDIRECT] [Fatal Error] :1:1: Premature end of file.
2026-01-21 21:56:18,629 [ERROR] LogOutputStream:75 - [STDERR_REDIRECT] 
2026-01-21 21:56:19,626 [ERROR] LogOutputStream:75 - [STDERR_REDIRECT] [Fatal Error] :1:1: Premature end of file.
2026-01-21 21:56:19,626 [ERROR] LogOutputStream:75 - [STDERR_REDIRECT] 
2026-01-21 21:56:20,629 [ERROR] LogOutputStream:75 - [STDERR_REDIRECT] [Fatal Error] :1:1: Premature end of file.
2026-01-21 21:56:20,629 [ERROR] LogOutputStream:75 - [STDERR_REDIRECT] 
2026-01-21 21:56:21,627 [ERROR] LogOutputStream:75 - [STDERR_REDIRECT] [Fatal Error] :1:1: Premature end of file.
2026-01-21 21:56:21,627 [ERROR] LogOutputStream:75 - [STDERR_REDIRECT] 
2026-01-21 21:56:22,623 [ERROR] LogOutputStream:75 - [STDERR_REDIRECT] [Fatal Error] :1:1: Premature end of file.
2026-01-21 21:56:22,623 [ERROR] LogOutputStream:75 - [STDERR_REDIRECT] 
2026-01-21 21:56:23,635 [ERROR] LogOutputStream:75 - [STDERR_REDIRECT] [Fatal Error] :1:1: Premature end of file.
2026-01-21 21:56:23,635 [ERROR] LogOutputStream:75 - [STDERR_REDIRECT] 
2026-01-21 21:56:24,633 [ERROR] LogOutputStream:75 - [STDERR_REDIRECT] [Fatal Error] :1:1: Premature end of file.
2026-01-21 21:56:24,633 [ERROR] LogOutputStream:75 - [STDERR_REDIRECT] 
2026-01-21 21:56:25,626 [ERROR] LogOutputStream:75 - [STDERR_REDIRECT] [Fatal Error] :1:1: Premature end of file.
2026-01-21 21:56:25,626 [ERROR] LogOutputStream:75 - [STDERR_REDIRECT] 
2026-01-21 21:56:26,636 [ERROR] LogOutputStream:75 - [STDERR_REDIRECT] [Fatal Error] :1:1: Premature end of file.
2026-01-21 21:56:26,636 [ERROR] LogOutputStream:75 - [STDERR_REDIRECT] 
2026-01-21 21:56:27,624 [ERROR] LogOutputStream:75 - [STDERR_REDIRECT] [Fatal Error] :1:1: Premature end of file.
2026-01-21 21:56:27,624 [ERROR] LogOutputStream:75 - [STDERR_REDIRECT] 
2026-01-21 21:56:28,637 [ERROR] LogOutputStream:75 - [STDERR_REDIRECT] [Fatal Error] :1:1: Premature end of file.
2026-01-21 21:56:28,637 [ERROR] LogOutputStream:75 - [STDERR_REDIRECT] 
2026-01-21 21:56:29,625 [ERROR] LogOutputStream:75 - [STDERR_REDIRECT] [Fatal Error] :1:1: Premature end of file.
2026-01-21 21:56:29,625 [ERROR] LogOutputStream:75 - [STDERR_REDIRECT] 
2026-01-21 21:56:30,636 [ERROR] LogOutputStream:75 - [STDERR_REDIRECT] [Fatal Error] :1:1: Premature end of file.
2026-01-21 21:56:30,636 [ERROR] LogOutputStream:75 - [STDERR_REDIRECT] 
2026-01-21 21:56:31,632 [ERROR] LogOutputStream:75 - [STDERR_REDIRECT] [Fatal Error] :1:1: Premature end of file.
2026-01-21 21:56:31,632 [ERROR] LogOutputStream:75 - [STDERR_REDIRECT] 
2026-01-21 21:56:32,634 [ERROR] LogOutputStream:75 - [STDERR_REDIRECT] [Fatal Error] :1:1: Premature end of file.
2026-01-21 21:56:32,634 [ERROR] LogOutputStream:75 - [STDERR_REDIRECT] 
2026-01-21 21:56:33,634 [ERROR] LogOutputStream:75 - [STDERR_REDIRECT] [Fatal Error] :1:1: Premature end of file.
2026-01-21 21:56:33,634 [ERROR] LogOutputStream:75 - [STDERR_REDIRECT] 
2026-01-21 21:56:34,629 [ERROR] LogOutputStream:75 - [STDERR_REDIRECT] [Fatal Error] :1:1: Premature end of file.
2026-01-21 21:56:34,629 [ERROR] LogOutputStream:75 - [STDERR_REDIRECT] 
2026-01-21 21:56:35,635 [ERROR] LogOutputStream:75 - [STDERR_REDIRECT] [Fatal Error] :1:1: Premature end of file.
2026-01-21 21:56:35,635 [ERROR] LogOutputStream:75 - [STDERR_REDIRECT] 
2026-01-21 21:56:36,636 [ERROR] LogOutputStream:75 - [STDERR_REDIRECT] [Fatal Error] :1:1: Premature end of file.
2026-01-21 21:56:36,636 [ERROR] LogOutputStream:75 - [STDERR_REDIRECT] 
2026-01-21 21:56:37,633 [ERROR] LogOutputStream:75 - [STDERR_REDIRECT] [Fatal Error] :1:1: Premature end of file.
2026-01-21 21:56:37,633 [ERROR] LogOutputStream:75 - [STDERR_REDIRECT] 
2026-01-21 21:56:38,647 [ERROR] LogOutputStream:75 - [STDERR_REDIRECT] [Fatal Error] :1:1: Premature end of file.
2026-01-21 21:56:38,647 [ERROR] LogOutputStream:75 - [STDERR_REDIRECT] 
2026-01-21 21:56:39,630 [ERROR] LogOutputStream:75 - [STDERR_REDIRECT] [Fatal Error] :1:1: Premature end of file.
2026-01-21 21:56:39,630 [ERROR] LogOutputStream:75 - [STDERR_REDIRECT] 
2026-01-21 21:56:40,630 [ERROR] LogOutputStream:75 - [STDERR_REDIRECT] [Fatal Error] :1:1: Premature end of file.
2026-01-21 21:56:40,630 [ERROR] LogOutputStream:75 - [STDERR_REDIRECT] 
2026-01-21 21:56:41,632 [ERROR] LogOutputStream:75 - [STDERR_REDIRECT] [Fatal Error] :1:1: Premature end of file.
2026-01-21 21:56:41,633 [ERROR] LogOutputStream:75 - [STDERR_REDIRECT] 
2026-01-21 21:56:42,625 [ERROR] LogOutputStream:75 - [STDERR_REDIRECT] [Fatal Error] :1:1: Premature end of file.
2026-01-21 21:56:42,625 [ERROR] LogOutputStream:75 - [STDERR_REDIRECT] 
2026-01-21 21:56:43,634 [ERROR] LogOutputStream:75 - [STDERR_REDIRECT] [Fatal Error] :1:1: Premature end of file.
2026-01-21 21:56:43,634 [ERROR] LogOutputStream:75 - [STDERR_REDIRECT] 
2026-01-21 21:56:44,638 [ERROR] LogOutputStream:75 - [STDERR_REDIRECT] [Fatal Error] :1:1: Premature end of file.
2026-01-21 21:56:44,638 [ERROR] LogOutputStream:75 - [STDERR_REDIRECT] 
2026-01-21 21:56:45,635 [ERROR] LogOutputStream:75 - [STDERR_REDIRECT] [Fatal Error] :1:1: Premature end of file.
2026-01-21 21:56:45,635 [ERROR] LogOutputStream:75 - [STDERR_REDIRECT] 
2026-01-21 21:56:46,628 [ERROR] LogOutputStream:75 - [STDERR_REDIRECT] [Fatal Error] :1:1: Premature end of file.
2026-01-21 21:56:46,628 [ERROR] LogOutputStream:75 - [STDERR_REDIRECT] 
2026-01-21 21:56:47,635 [ERROR] LogOutputStream:75 - [STDERR_REDIRECT] [Fatal Error] :1:1: Premature end of file.
2026-01-21 21:56:47,635 [ERROR] LogOutputStream:75 - [STDERR_REDIRECT] 
2026-01-21 21:56:48,627 [ERROR] LogOutputStream:75 - [STDERR_REDIRECT] [Fatal Error] :1:1: Premature end of file.
2026-01-21 21:56:48,627 [ERROR] LogOutputStream:75 - [STDERR_REDIRECT] 
2026-01-21 21:56:49,624 [ERROR] LogOutputStream:75 - [STDERR_REDIRECT] [Fatal Error] :1:1: Premature end of file.
2026-01-21 21:56:49,624 [ERROR] LogOutputStream:75 - [STDERR_REDIRECT] 
2026-01-21 21:56:50,637 [ERROR] LogOutputStream:75 - [STDERR_REDIRECT] [Fatal Error] :1:1: Premature end of file.
2026-01-21 21:56:50,637 [ERROR] LogOutputStream:75 - [STDERR_REDIRECT] 
2026-01-21 21:56:51,633 [ERROR] LogOutputStream:75 - [STDERR_REDIRECT] [Fatal Error] :1:1: Premature end of file.
2026-01-21 21:56:51,633 [ERROR] LogOutputStream:75 - [STDERR_REDIRECT] 
2026-01-21 21:56:52,643 [ERROR] LogOutputStream:75 - [STDERR_REDIRECT] [Fatal Error] :1:1: Premature end of file.
2026-01-21 21:56:52,644 [ERROR] LogOutputStream:75 - [STDERR_REDIRECT] 
2026-01-21 21:56:53,635 [ERROR] LogOutputStream:75 - [STDERR_REDIRECT] [Fatal Error] :1:1: Premature end of file.
2026-01-21 21:56:53,635 [ERROR] LogOutputStream:75 - [STDERR_REDIRECT] 
2026-01-21 21:56:54,637 [ERROR] LogOutputStream:75 - [STDERR_REDIRECT] [Fatal Error] :1:1: Premature end of file.
2026-01-21 21:56:54,637 [ERROR] LogOutputStream:75 - [STDERR_REDIRECT] 
2026-01-21 21:56:55,627 [ERROR] LogOutputStream:75 - [STDERR_REDIRECT] [Fatal Error] :1:1: Premature end of file.
2026-01-21 21:56:55,627 [ERROR] LogOutputStream:75 - [STDERR_REDIRECT] 
2026-01-21 21:56:56,629 [ERROR] LogOutputStream:75 - [STDERR_REDIRECT] [Fatal Error] :1:1: Premature end of file.
2026-01-21 21:56:56,629 [ERROR] LogOutputStream:75 - [STDERR_REDIRECT] 
2026-01-21 21:56:57,637 [ERROR] LogOutputStream:75 - [STDERR_REDIRECT] [Fatal Error] :1:1: Premature end of file.
2026-01-21 21:56:57,637 [ERROR] LogOutputStream:75 - [STDERR_REDIRECT] 
2026-01-21 21:56:58,637 [ERROR] LogOutputStream:75 - [STDERR_REDIRECT] [Fatal Error] :1:1: Premature end of file.
2026-01-21 21:56:58,637 [ERROR] LogOutputStream:75 - [STDERR_REDIRECT] 
2026-01-21 21:56:59,622 [ERROR] LogOutputStream:75 - [STDERR_REDIRECT] [Fatal Error] :1:1: Premature end of file.
2026-01-21 21:56:59,622 [ERROR] LogOutputStream:75 - [STDERR_REDIRECT] 
2026-01-21 21:57:00,627 [ERROR] LogOutputStream:75 - [STDERR_REDIRECT] [Fatal Error] :1:1: Premature end of file.
2026-01-21 21:57:00,627 [ERROR] LogOutputStream:75 - [STDERR_REDIRECT] 
2026-01-21 21:57:01,623 [ERROR] LogOutputStream:75 - [STDERR_REDIRECT] [Fatal Error] :1:1: Premature end of file.
2026-01-21 21:57:01,624 [ERROR] LogOutputStream:75 - [STDERR_REDIRECT] 
2026-01-21 21:57:02,622 [ERROR] LogOutputStream:75 - [STDERR_REDIRECT] [Fatal Error] :1:1: Premature end of file.
2026-01-21 21:57:02,622 [ERROR] LogOutputStream:75 - [STDERR_REDIRECT] 
2026-01-21 21:57:03,633 [ERROR] LogOutputStream:75 - [STDERR_REDIRECT] [Fatal Error] :1:1: Premature end of file.
2026-01-21 21:57:03,633 [ERROR] LogOutputStream:75 - [STDERR_REDIRECT] 
2026-01-21 21:57:04,624 [ERROR] LogOutputStream:75 - [STDERR_REDIRECT] [Fatal Error] :1:1: Premature end of file.
2026-01-21 21:57:04,627 [ERROR] LogOutputStream:75 - [STDERR_REDIRECT] 
2026-01-21 21:57:05,622 [ERROR] LogOutputStream:75 - [STDERR_REDIRECT] [Fatal Error] :1:1: Premature end of file.
2026-01-21 21:57:05,622 [ERROR] LogOutputStream:75 - [STDERR_REDIRECT] 
2026-01-21 21:57:06,633 [ERROR] LogOutputStream:75 - [STDERR_REDIRECT] [Fatal Error] :1:1: Premature end of file.
2026-01-21 21:57:06,633 [ERROR] LogOutputStream:75 - [STDERR_REDIRECT] 
2026-01-21 21:57:07,633 [ERROR] LogOutputStream:75 - [STDERR_REDIRECT] [Fatal Error] :1:1: Premature end of file.
2026-01-21 21:57:07,633 [ERROR] LogOutputStream:75 - [STDERR_REDIRECT] 
2026-01-21 21:57:08,633 [ERROR] LogOutputStream:75 - [STDERR_REDIRECT] [Fatal Error] :1:1: Premature end of file.
2026-01-21 21:57:08,633 [ERROR] LogOutputStream:75 - [STDERR_REDIRECT] 
2026-01-21 21:57:09,627 [ERROR] LogOutputStream:75 - [STDERR_REDIRECT] [Fatal Error] :1:1: Premature end of file.
2026-01-21 21:57:09,627 [ERROR] LogOutputStream:75 - [STDERR_REDIRECT] 
2026-01-21 21:57:10,627 [ERROR] LogOutputStream:75 - [STDERR_REDIRECT] [Fatal Error] :1:1: Premature end of file.
2026-01-21 21:57:10,627 [ERROR] LogOutputStream:75 - [STDERR_REDIRECT] 
2026-01-21 21:57:11,643 [ERROR] LogOutputStream:75 - [STDERR_REDIRECT] [Fatal Error] :1:1: Premature end of file.
2026-01-21 21:57:11,643 [ERROR] LogOutputStream:75 - [STDERR_REDIRECT] 
2026-01-21 21:57:12,633 [ERROR] LogOutputStream:75 - [STDERR_REDIRECT] [Fatal Error] :1:1: Premature end of file.
2026-01-21 21:57:12,633 [ERROR] LogOutputStream:75 - [STDERR_REDIRECT] 
2026-01-21 21:57:13,637 [ERROR] LogOutputStream:75 - [STDERR_REDIRECT] [Fatal Error] :1:1: Premature end of file.
2026-01-21 21:57:13,637 [ERROR] LogOutputStream:75 - [STDERR_REDIRECT] 
2026-01-21 21:57:14,634 [ERROR] LogOutputStream:75 - [STDERR_REDIRECT] [Fatal Error] :1:1: Premature end of file.
2026-01-21 21:57:14,634 [ERROR] LogOutputStream:75 - [STDERR_REDIRECT] 
2026-01-21 21:57:15,625 [ERROR] LogOutputStream:75 - [STDERR_REDIRECT] [Fatal Error] :1:1: Premature end of file.
2026-01-21 21:57:15,625 [ERROR] LogOutputStream:75 - [STDERR_REDIRECT] 
2026-01-21 21:57:16,646 [ERROR] LogOutputStream:75 - [STDERR_REDIRECT] [Fatal Error] :1:1: Premature end of file.
2026-01-21 21:57:16,646 [ERROR] LogOutputStream:75 - [STDERR_REDIRECT] 
2026-01-21 21:57:17,626 [ERROR] LogOutputStream:75 - [STDERR_REDIRECT] [Fatal Error] :1:1: Premature end of file.
2026-01-21 21:57:17,626 [ERROR] LogOutputStream:75 - [STDERR_REDIRECT] 
2026-01-21 21:57:18,625 [ERROR] LogOutputStream:75 - [STDERR_REDIRECT] [Fatal Error] :1:1: Premature end of file.
2026-01-21 21:57:18,625 [ERROR] LogOutputStream:75 - [STDERR_REDIRECT] 
2026-01-21 21:57:19,625 [ERROR] LogOutputStream:75 - [STDERR_REDIRECT] [Fatal Error] :1:1: Premature end of file.
2026-01-21 21:57:19,625 [ERROR] LogOutputStream:75 - [STDERR_REDIRECT] 
2026-01-21 21:57:20,638 [ERROR] LogOutputStream:75 - [STDERR_REDIRECT] [Fatal Error] :1:1: Premature end of file.
2026-01-21 21:57:20,638 [ERROR] LogOutputStream:75 - [STDERR_REDIRECT] 
2026-01-21 21:57:21,636 [ERROR] LogOutputStream:75 - [STDERR_REDIRECT] [Fatal Error] :1:1: Premature end of file.
2026-01-21 21:57:21,636 [ERROR] LogOutputStream:75 - [STDERR_REDIRECT] 
2026-01-21 21:57:22,628 [ERROR] LogOutputStream:75 - [STDERR_REDIRECT] [Fatal Error] :1:1: Premature end of file.
2026-01-21 21:57:22,628 [ERROR] LogOutputStream:75 - [STDERR_REDIRECT] 
2026-01-21 21:57:23,634 [ERROR] LogOutputStream:75 - [STDERR_REDIRECT] [Fatal Error] :1:1: Premature end of file.
2026-01-21 21:57:23,634 [ERROR] LogOutputStream:75 - [STDERR_REDIRECT] 
2026-01-21 21:57:24,638 [ERROR] LogOutputStream:75 - [STDERR_REDIRECT] [Fatal Error] :1:1: Premature end of file.
2026-01-21 21:57:24,638 [ERROR] LogOutputStream:75 - [STDERR_REDIRECT] 
2026-01-21 21:57:25,635 [ERROR] LogOutputStream:75 - [STDERR_REDIRECT] [Fatal Error] :1:1: Premature end of file.
2026-01-21 21:57:25,635 [ERROR] LogOutputStream:75 - [STDERR_REDIRECT] 
2026-01-21 21:57:26,630 [ERROR] LogOutputStream:75 - [STDERR_REDIRECT] [Fatal Error] :1:1: Premature end of file.
2026-01-21 21:57:26,630 [ERROR] LogOutputStream:75 - [STDERR_REDIRECT] 
2026-01-21 21:57:27,625 [ERROR] LogOutputStream:75 - [STDERR_REDIRECT] [Fatal Error] :1:1: Premature end of file.
2026-01-21 21:57:27,625 [ERROR] LogOutputStream:75 - [STDERR_REDIRECT] 
2026-01-21 21:57:28,625 [ERROR] LogOutputStream:75 - [STDERR_REDIRECT] [Fatal Error] :1:1: Premature end of file.
2026-01-21 21:57:28,625 [ERROR] LogOutputStream:75 - [STDERR_REDIRECT] 
2026-01-21 21:57:29,626 [ERROR] LogOutputStream:75 - [STDERR_REDIRECT] [Fatal Error] :1:1: Premature end of file.
2026-01-21 21:57:29,626 [ERROR] LogOutputStream:75 - [STDERR_REDIRECT] 
2026-01-21 21:57:30,625 [ERROR] LogOutputStream:75 - [STDERR_REDIRECT] [Fatal Error] :1:1: Premature end of file.
2026-01-21 21:57:30,625 [ERROR] LogOutputStream:75 - [STDERR_REDIRECT] 
2026-01-21 21:57:31,623 [ERROR] LogOutputStream:75 - [STDERR_REDIRECT] [Fatal Error] :1:1: Premature end of file.
2026-01-21 21:57:31,624 [ERROR] LogOutputStream:75 - [STDERR_REDIRECT] 
2026-01-21 21:57:32,624 [ERROR] LogOutputStream:75 - [STDERR_REDIRECT] [Fatal Error] :1:1: Premature end of file.
2026-01-21 21:57:32,624 [ERROR] LogOutputStream:75 - [STDERR_REDIRECT] 
2026-01-21 21:57:33,625 [ERROR] LogOutputStream:75 - [STDERR_REDIRECT] [Fatal Error] :1:1: Premature end of file.
2026-01-21 21:57:33,625 [ERROR] LogOutputStream:75 - [STDERR_REDIRECT] 
2026-01-21 21:57:34,622 [ERROR] LogOutputStream:75 - [STDERR_REDIRECT] [Fatal Error] :1:1: Premature end of file.
2026-01-21 21:57:34,623 [ERROR] LogOutputStream:75 - [STDERR_REDIRECT] 
2026-01-21 21:57:35,626 [ERROR] LogOutputStream:75 - [STDERR_REDIRECT] [Fatal Error] :1:1: Premature end of file.
2026-01-21 21:57:35,626 [ERROR] LogOutputStream:75 - [STDERR_REDIRECT] 
2026-01-21 21:57:36,625 [ERROR] LogOutputStream:75 - [STDERR_REDIRECT] [Fatal Error] :1:1: Premature end of file.
2026-01-21 21:57:36,625 [ERROR] LogOutputStream:75 - [STDERR_REDIRECT] 
2026-01-21 21:57:37,638 [ERROR] LogOutputStream:75 - [STDERR_REDIRECT] [Fatal Error] :1:1: Premature end of file.
2026-01-21 21:57:37,638 [ERROR] LogOutputStream:75 - [STDERR_REDIRECT] 
2026-01-21 21:57:38,628 [ERROR] LogOutputStream:75 - [STDERR_REDIRECT] [Fatal Error] :1:1: Premature end of file.
2026-01-21 21:57:38,628 [ERROR] LogOutputStream:75 - [STDERR_REDIRECT] 
2026-01-21 21:57:39,633 [ERROR] LogOutputStream:75 - [STDERR_REDIRECT] [Fatal Error] :1:1: Premature end of file.
2026-01-21 21:57:39,633 [ERROR] LogOutputStream:75 - [STDERR_REDIRECT] 
2026-01-21 21:57:40,635 [ERROR] LogOutputStream:75 - [STDERR_REDIRECT] [Fatal Error] :1:1: Premature end of file.
2026-01-21 21:57:40,635 [ERROR] LogOutputStream:75 - [STDERR_REDIRECT] 
2026-01-21 21:57:41,626 [ERROR] LogOutputStream:75 - [STDERR_REDIRECT] [Fatal Error] :1:1: Premature end of file.
2026-01-21 21:57:41,626 [ERROR] LogOutputStream:75 - [STDERR_REDIRECT] 
2026-01-21 21:57:42,628 [ERROR] LogOutputStream:75 - [STDERR_REDIRECT] [Fatal Error] :1:1: Premature end of file.
2026-01-21 21:57:42,628 [ERROR] LogOutputStream:75 - [STDERR_REDIRECT] 
2026-01-21 21:57:43,628 [ERROR] LogOutputStream:75 - [STDERR_REDIRECT] [Fatal Error] :1:1: Premature end of file.
2026-01-21 21:57:43,628 [ERROR] LogOutputStream:75 - [STDERR_REDIRECT] 
2026-01-21 21:57:44,628 [ERROR] LogOutputStream:75 - [STDERR_REDIRECT] [Fatal Error] :1:1: Premature end of file.
2026-01-21 21:57:44,628 [ERROR] LogOutputStream:75 - [STDERR_REDIRECT] 
2026-01-21 21:57:45,628 [ERROR] LogOutputStream:75 - [STDERR_REDIRECT] [Fatal Error] :1:1: Premature end of file.
2026-01-21 21:57:45,628 [ERROR] LogOutputStream:75 - [STDERR_REDIRECT] 
2026-01-21 21:57:46,633 [ERROR] LogOutputStream:75 - [STDERR_REDIRECT] [Fatal Error] :1:1: Premature end of file.
2026-01-21 21:57:46,633 [ERROR] LogOutputStream:75 - [STDERR_REDIRECT] 
2026-01-21 21:57:47,633 [ERROR] LogOutputStream:75 - [STDERR_REDIRECT] [Fatal Error] :1:1: Premature end of file.
2026-01-21 21:57:47,633 [ERROR] LogOutputStream:75 - [STDERR_REDIRECT] 
2026-01-21 21:57:48,633 [ERROR] LogOutputStream:75 - [STDERR_REDIRECT] [Fatal Error] :1:1: Premature end of file.
2026-01-21 21:57:48,633 [ERROR] LogOutputStream:75 - [STDERR_REDIRECT] 
2026-01-21 21:57:49,634 [ERROR] LogOutputStream:75 - [STDERR_REDIRECT] [Fatal Error] :1:1: Premature end of file.
2026-01-21 21:57:49,634 [ERROR] LogOutputStream:75 - [STDERR_REDIRECT] 
2026-01-21 21:57:50,635 [ERROR] LogOutputStream:75 - [STDERR_REDIRECT] [Fatal Error] :1:1: Premature end of file.
2026-01-21 21:57:50,635 [ERROR] LogOutputStream:75 - [STDERR_REDIRECT] 
2026-01-21 21:57:51,639 [ERROR] LogOutputStream:75 - [STDERR_REDIRECT] [Fatal Error] :1:1: Premature end of file.
2026-01-21 21:57:51,639 [ERROR] LogOutputStream:75 - [STDERR_REDIRECT] 
2026-01-21 21:57:52,627 [ERROR] LogOutputStream:75 - [STDERR_REDIRECT] [Fatal Error] :1:1: Premature end of file.
2026-01-21 21:57:52,627 [ERROR] LogOutputStream:75 - [STDERR_REDIRECT] 
2026-01-21 21:57:53,621 [ERROR] LogOutputStream:75 - [STDERR_REDIRECT] [Fatal Error] :1:1: Premature end of file.
2026-01-21 21:57:53,621 [ERROR] LogOutputStream:75 - [STDERR_REDIRECT] 
2026-01-21 21:57:54,635 [ERROR] LogOutputStream:75 - [STDERR_REDIRECT] [Fatal Error] :1:1: Premature end of file.
2026-01-21 21:57:54,638 [ERROR] LogOutputStream:75 - [STDERR_REDIRECT] 
2026-01-21 21:57:55,625 [ERROR] LogOutputStream:75 - [STDERR_REDIRECT] [Fatal Error] :1:1: Premature end of file.
2026-01-21 21:57:55,625 [ERROR] LogOutputStream:75 - [STDERR_REDIRECT] 
2026-01-21 21:57:56,636 [ERROR] LogOutputStream:75 - [STDERR_REDIRECT] [Fatal Error] :1:1: Premature end of file.
2026-01-21 21:57:56,636 [ERROR] LogOutputStream:75 - [STDERR_REDIRECT] 
2026-01-21 21:57:57,628 [ERROR] LogOutputStream:75 - [STDERR_REDIRECT] [Fatal Error] :1:1: Premature end of file.
2026-01-21 21:57:57,628 [ERROR] LogOutputStream:75 - [STDERR_REDIRECT] 
2026-01-21 21:57:58,629 [ERROR] LogOutputStream:75 - [STDERR_REDIRECT] [Fatal Error] :1:1: Premature end of file.
2026-01-21 21:57:58,629 [ERROR] LogOutputStream:75 - [STDERR_REDIRECT] 
2026-01-21 21:57:59,635 [ERROR] LogOutputStream:75 - [STDERR_REDIRECT] [Fatal Error] :1:1: Premature end of file.
2026-01-21 21:57:59,635 [ERROR] LogOutputStream:75 - [STDERR_REDIRECT] 
2026-01-21 21:58:00,642 [ERROR] LogOutputStream:75 - [STDERR_REDIRECT] [Fatal Error] :1:1: Premature end of file.
2026-01-21 21:58:00,642 [ERROR] LogOutputStream:75 - [STDERR_REDIRECT] 
2026-01-21 21:58:01,634 [ERROR] LogOutputStream:75 - [STDERR_REDIRECT] [Fatal Error] :1:1: Premature end of file.
2026-01-21 21:58:01,634 [ERROR] LogOutputStream:75 - [STDERR_REDIRECT] 
2026-01-21 21:58:02,632 [ERROR] LogOutputStream:75 - [STDERR_REDIRECT] [Fatal Error] :1:1: Premature end of file.
2026-01-21 21:58:02,632 [ERROR] LogOutputStream:75 - [STDERR_REDIRECT] 
2026-01-21 21:58:03,629 [ERROR] LogOutputStream:75 - [STDERR_REDIRECT] [Fatal Error] :1:1: Premature end of file.
2026-01-21 21:58:03,629 [ERROR] LogOutputStream:75 - [STDERR_REDIRECT] 
2026-01-21 21:58:04,634 [ERROR] LogOutputStream:75 - [STDERR_REDIRECT] [Fatal Error] :1:1: Premature end of file.
2026-01-21 21:58:04,634 [ERROR] LogOutputStream:75 - [STDERR_REDIRECT] 
2026-01-21 21:58:05,636 [ERROR] LogOutputStream:75 - [STDERR_REDIRECT] [Fatal Error] :1:1: Premature end of file.
2026-01-21 21:58:05,636 [ERROR] LogOutputStream:75 - [STDERR_REDIRECT] 
2026-01-21 21:58:06,638 [ERROR] LogOutputStream:75 - [STDERR_REDIRECT] [Fatal Error] :1:1: Premature end of file.
2026-01-21 21:58:06,638 [ERROR] LogOutputStream:75 - [STDERR_REDIRECT] 
2026-01-21 21:58:07,636 [ERROR] LogOutputStream:75 - [STDERR_REDIRECT] [Fatal Error] :1:1: Premature end of file.
2026-01-21 21:58:07,636 [ERROR] LogOutputStream:75 - [STDERR_REDIRECT] 
2026-01-21 21:58:08,635 [ERROR] LogOutputStream:75 - [STDERR_REDIRECT] [Fatal Error] :1:1: Premature end of file.
2026-01-21 21:58:08,635 [ERROR] LogOutputStream:75 - [STDERR_REDIRECT] 
2026-01-21 21:58:09,639 [ERROR] LogOutputStream:75 - [STDERR_REDIRECT] [Fatal Error] :1:1: Premature end of file.
2026-01-21 21:58:09,639 [ERROR] LogOutputStream:75 - [STDERR_REDIRECT] 
2026-01-21 21:58:10,620 [ERROR] LogOutputStream:75 - [STDERR_REDIRECT] [Fatal Error] :1:1: Premature end of file.
2026-01-21 21:58:10,620 [ERROR] LogOutputStream:75 - [STDERR_REDIRECT] 
2026-01-21 21:58:11,630 [ERROR] LogOutputStream:75 - [STDERR_REDIRECT] [Fatal Error] :1:1: Premature end of file.
2026-01-21 21:58:11,630 [ERROR] LogOutputStream:75 - [STDERR_REDIRECT] 
2026-01-21 21:58:12,631 [ERROR] LogOutputStream:75 - [STDERR_REDIRECT] [Fatal Error] :1:1: Premature end of file.
2026-01-21 21:58:12,631 [ERROR] LogOutputStream:75 - [STDERR_REDIRECT] 
2026-01-21 21:58:13,639 [ERROR] LogOutputStream:75 - [STDERR_REDIRECT] [Fatal Error] :1:1: Premature end of file.
2026-01-21 21:58:13,639 [ERROR] LogOutputStream:75 - [STDERR_REDIRECT] 
2026-01-21 21:58:14,635 [ERROR] LogOutputStream:75 - [STDERR_REDIRECT] [Fatal Error] :1:1: Premature end of file.
2026-01-21 21:58:14,635 [ERROR] LogOutputStream:75 - [STDERR_REDIRECT] 
2026-01-21 21:58:15,627 [ERROR] LogOutputStream:75 - [STDERR_REDIRECT] [Fatal Error] :1:1: Premature end of file.
2026-01-21 21:58:15,627 [ERROR] LogOutputStream:75 - [STDERR_REDIRECT] 
2026-01-21 21:58:16,683 [ERROR] LogOutputStream:75 - [STDERR_REDIRECT] [Fatal Error] :1:1: Premature end of file.
2026-01-21 21:58:16,683 [ERROR] LogOutputStream:75 - [STDERR_REDIRECT] 
2026-01-21 21:58:17,636 [ERROR] LogOutputStream:75 - [STDERR_REDIRECT] [Fatal Error] :1:1: Premature end of file.
2026-01-21 21:58:17,636 [ERROR] LogOutputStream:75 - [STDERR_REDIRECT] 
2026-01-21 21:58:18,631 [ERROR] LogOutputStream:75 - [STDERR_REDIRECT] [Fatal Error] :1:1: Premature end of file.
2026-01-21 21:58:18,631 [ERROR] LogOutputStream:75 - [STDERR_REDIRECT] 
2026-01-21 21:58:19,629 [ERROR] LogOutputStream:75 - [STDERR_REDIRECT] [Fatal Error] :1:1: Premature end of file.
2026-01-21 21:58:19,629 [ERROR] LogOutputStream:75 - [STDERR_REDIRECT] 
2026-01-21 21:58:20,638 [ERROR] LogOutputStream:75 - [STDERR_REDIRECT] [Fatal Error] :1:1: Premature end of file.
2026-01-21 21:58:20,638 [ERROR] LogOutputStream:75 - [STDERR_REDIRECT] 
2026-01-21 21:58:21,638 [ERROR] LogOutputStream:75 - [STDERR_REDIRECT] [Fatal Error] :1:1: Premature end of file.
2026-01-21 21:58:21,638 [ERROR] LogOutputStream:75 - [STDERR_REDIRECT] 
2026-01-21 21:58:22,633 [ERROR] LogOutputStream:75 - [STDERR_REDIRECT] [Fatal Error] :1:1: Premature end of file.
2026-01-21 21:58:22,633 [ERROR] LogOutputStream:75 - [STDERR_REDIRECT] 
2026-01-21 21:58:23,637 [ERROR] LogOutputStream:75 - [STDERR_REDIRECT] [Fatal Error] :1:1: Premature end of file.
2026-01-21 21:58:23,637 [ERROR] LogOutputStream:75 - [STDERR_REDIRECT] 
2026-01-21 21:58:24,629 [ERROR] LogOutputStream:75 - [STDERR_REDIRECT] [Fatal Error] :1:1: Premature end of file.
2026-01-21 21:58:24,629 [ERROR] LogOutputStream:75 - [STDERR_REDIRECT] 
2026-01-21 21:58:25,627 [ERROR] LogOutputStream:75 - [STDERR_REDIRECT] [Fatal Error] :1:1: Premature end of file.
2026-01-21 21:58:25,628 [ERROR] LogOutputStream:75 - [STDERR_REDIRECT] 
2026-01-21 21:58:26,638 [ERROR] LogOutputStream:75 - [STDERR_REDIRECT] [Fatal Error] :1:1: Premature end of file.
2026-01-21 21:58:26,638 [ERROR] LogOutputStream:75 - [STDERR_REDIRECT] 
2026-01-21 21:58:27,637 [ERROR] LogOutputStream:75 - [STDERR_REDIRECT] [Fatal Error] :1:1: Premature end of file.
2026-01-21 21:58:27,637 [ERROR] LogOutputStream:75 - [STDERR_REDIRECT] 
2026-01-21 21:58:28,628 [ERROR] LogOutputStream:75 - [STDERR_REDIRECT] [Fatal Error] :1:1: Premature end of file.
2026-01-21 21:58:28,629 [ERROR] LogOutputStream:75 - [STDERR_REDIRECT] 
2026-01-21 21:58:29,634 [ERROR] LogOutputStream:75 - [STDERR_REDIRECT] [Fatal Error] :1:1: Premature end of file.
2026-01-21 21:58:29,634 [ERROR] LogOutputStream:75 - [STDERR_REDIRECT] 
2026-01-21 21:58:30,636 [ERROR] LogOutputStream:75 - [STDERR_REDIRECT] [Fatal Error] :1:1: Premature end of file.
2026-01-21 21:58:30,637 [ERROR] LogOutputStream:75 - [STDERR_REDIRECT] 
2026-01-21 21:58:31,639 [ERROR] LogOutputStream:75 - [STDERR_REDIRECT] [Fatal Error] :1:1: Premature end of file.
2026-01-21 21:58:31,639 [ERROR] LogOutputStream:75 - [STDERR_REDIRECT] 
2026-01-21 21:58:32,639 [ERROR] LogOutputStream:75 - [STDERR_REDIRECT] [Fatal Error] :1:1: Premature end of file.
2026-01-21 21:58:32,639 [ERROR] LogOutputStream:75 - [STDERR_REDIRECT] 
2026-01-21 21:58:33,636 [ERROR] LogOutputStream:75 - [STDERR_REDIRECT] [Fatal Error] :1:1: Premature end of file.
2026-01-21 21:58:33,636 [ERROR] LogOutputStream:75 - [STDERR_REDIRECT] 
2026-01-21 21:58:34,635 [ERROR] LogOutputStream:75 - [STDERR_REDIRECT] [Fatal Error] :1:1: Premature end of file.
2026-01-21 21:58:34,635 [ERROR] LogOutputStream:75 - [STDERR_REDIRECT] 
2026-01-21 21:58:35,635 [ERROR] LogOutputStream:75 - [STDERR_REDIRECT] [Fatal Error] :1:1: Premature end of file.
2026-01-21 21:58:35,635 [ERROR] LogOutputStream:75 - [STDERR_REDIRECT] 
2026-01-21 21:58:36,621 [ERROR] LogOutputStream:75 - [STDERR_REDIRECT] [Fatal Error] :1:1: Premature end of file.
2026-01-21 21:58:36,621 [ERROR] LogOutputStream:75 - [STDERR_REDIRECT] 
2026-01-21 21:58:37,640 [ERROR] LogOutputStream:75 - [STDERR_REDIRECT] [Fatal Error] :1:1: Premature end of file.
2026-01-21 21:58:37,640 [ERROR] LogOutputStream:75 - [STDERR_REDIRECT] 
2026-01-21 21:58:38,637 [ERROR] LogOutputStream:75 - [STDERR_REDIRECT] [Fatal Error] :1:1: Premature end of file.
2026-01-21 21:58:38,637 [ERROR] LogOutputStream:75 - [STDERR_REDIRECT] 
2026-01-21 21:58:39,637 [ERROR] LogOutputStream:75 - [STDERR_REDIRECT] [Fatal Error] :1:1: Premature end of file.
2026-01-21 21:58:39,637 [ERROR] LogOutputStream:75 - [STDERR_REDIRECT] 
2026-01-21 21:58:40,660 [ERROR] LogOutputStream:75 - [STDERR_REDIRECT] [Fatal Error] :1:1: Premature end of file.
2026-01-21 21:58:40,660 [ERROR] LogOutputStream:75 - [STDERR_REDIRECT] 
2026-01-21 21:58:41,637 [ERROR] LogOutputStream:75 - [STDERR_REDIRECT] [Fatal Error] :1:1: Premature end of file.
2026-01-21 21:58:41,637 [ERROR] LogOutputStream:75 - [STDERR_REDIRECT] 
2026-01-21 21:58:42,640 [ERROR] LogOutputStream:75 - [STDERR_REDIRECT] [Fatal Error] :1:1: Premature end of file.
2026-01-21 21:58:42,640 [ERROR] LogOutputStream:75 - [STDERR_REDIRECT] 
2026-01-21 21:58:43,637 [ERROR] LogOutputStream:75 - [STDERR_REDIRECT] [Fatal Error] :1:1: Premature end of file.
2026-01-21 21:58:43,637 [ERROR] LogOutputStream:75 - [STDERR_REDIRECT] 
2026-01-21 21:58:44,637 [ERROR] LogOutputStream:75 - [STDERR_REDIRECT] [Fatal Error] :1:1: Premature end of file.
2026-01-21 21:58:44,637 [ERROR] LogOutputStream:75 - [STDERR_REDIRECT] 
2026-01-21 21:58:45,637 [ERROR] LogOutputStream:75 - [STDERR_REDIRECT] [Fatal Error] :1:1: Premature end of file.
2026-01-21 21:58:45,637 [ERROR] LogOutputStream:75 - [STDERR_REDIRECT] 
2026-01-21 21:58:46,632 [ERROR] LogOutputStream:75 - [STDERR_REDIRECT] [Fatal Error] :1:1: Premature end of file.
2026-01-21 21:58:46,632 [ERROR] LogOutputStream:75 - [STDERR_REDIRECT] 
2026-01-21 21:58:47,686 [ERROR] LogOutputStream:75 - [STDERR_REDIRECT] [Fatal Error] :1:1: Premature end of file.
2026-01-21 21:58:47,686 [ERROR] LogOutputStream:75 - [STDERR_REDIRECT] 
2026-01-21 21:58:48,650 [ERROR] LogOutputStream:75 - [STDERR_REDIRECT] [Fatal Error] :1:1: Premature end of file.
2026-01-21 21:58:48,650 [ERROR] LogOutputStream:75 - [STDERR_REDIRECT] 
2026-01-21 21:58:49,640 [ERROR] LogOutputStream:75 - [STDERR_REDIRECT] [Fatal Error] :1:1: Premature end of file.
2026-01-21 21:58:49,640 [ERROR] LogOutputStream:75 - [STDERR_REDIRECT] 
2026-01-21 21:58:50,634 [ERROR] LogOutputStream:75 - [STDERR_REDIRECT] [Fatal Error] :1:1: Premature end of file.
2026-01-21 21:58:50,636 [ERROR] LogOutputStream:75 - [STDERR_REDIRECT] 
2026-01-21 21:58:51,640 [ERROR] LogOutputStream:75 - [STDERR_REDIRECT] [Fatal Error] :1:1: Premature end of file.
2026-01-21 21:58:51,640 [ERROR] LogOutputStream:75 - [STDERR_REDIRECT] 
2026-01-21 21:58:52,646 [ERROR] LogOutputStream:75 - [STDERR_REDIRECT] [Fatal Error] :1:1: Premature end of file.
2026-01-21 21:58:52,646 [ERROR] LogOutputStream:75 - [STDERR_REDIRECT] 
2026-01-21 21:58:53,636 [ERROR] LogOutputStream:75 - [STDERR_REDIRECT] [Fatal Error] :1:1: Premature end of file.
2026-01-21 21:58:53,636 [ERROR] LogOutputStream:75 - [STDERR_REDIRECT] 
2026-01-21 21:58:54,647 [ERROR] LogOutputStream:75 - [STDERR_REDIRECT] [Fatal Error] :1:1: Premature end of file.
2026-01-21 21:58:54,647 [ERROR] LogOutputStream:75 - [STDERR_REDIRECT] 
2026-01-21 21:58:55,640 [ERROR] LogOutputStream:75 - [STDERR_REDIRECT] [Fatal Error] :1:1: Premature end of file.
2026-01-21 21:58:55,640 [ERROR] LogOutputStream:75 - [STDERR_REDIRECT] 
2026-01-21 21:58:56,640 [ERROR] LogOutputStream:75 - [STDERR_REDIRECT] [Fatal Error] :1:1: Premature end of file.
2026-01-21 21:58:56,640 [ERROR] LogOutputStream:75 - [STDERR_REDIRECT] 
2026-01-21 21:58:57,646 [ERROR] LogOutputStream:75 - [STDERR_REDIRECT] [Fatal Error] :1:1: Premature end of file.
2026-01-21 21:58:57,646 [ERROR] LogOutputStream:75 - [STDERR_REDIRECT] 
2026-01-21 21:58:58,637 [ERROR] LogOutputStream:75 - [STDERR_REDIRECT] [Fatal Error] :1:1: Premature end of file.
2026-01-21 21:58:58,637 [ERROR] LogOutputStream:75 - [STDERR_REDIRECT] 
2026-01-21 21:58:59,665 [ERROR] LogOutputStream:75 - [STDERR_REDIRECT] [Fatal Error] :1:1: Premature end of file.
2026-01-21 21:58:59,665 [ERROR] LogOutputStream:75 - [STDERR_REDIRECT] 
2026-01-21 21:59:00,653 [ERROR] LogOutputStream:75 - [STDERR_REDIRECT] [Fatal Error] :1:1: Premature end of file.
2026-01-21 21:59:00,653 [ERROR] LogOutputStream:75 - [STDERR_REDIRECT] 
2026-01-21 21:59:01,640 [ERROR] LogOutputStream:75 - [STDERR_REDIRECT] [Fatal Error] :1:1: Premature end of file.
2026-01-21 21:59:01,640 [ERROR] LogOutputStream:75 - [STDERR_REDIRECT] 
2026-01-21 21:59:02,640 [ERROR] LogOutputStream:75 - [STDERR_REDIRECT] [Fatal Error] :1:1: Premature end of file.
2026-01-21 21:59:02,640 [ERROR] LogOutputStream:75 - [STDERR_REDIRECT] 
2026-01-21 21:59:03,646 [ERROR] LogOutputStream:75 - [STDERR_REDIRECT] [Fatal Error] :1:1: Premature end of file.
2026-01-21 21:59:03,646 [ERROR] LogOutputStream:75 - [STDERR_REDIRECT] 
2026-01-21 21:59:04,640 [ERROR] LogOutputStream:75 - [STDERR_REDIRECT] [Fatal Error] :1:1: Premature end of file.
2026-01-21 21:59:04,640 [ERROR] LogOutputStream:75 - [STDERR_REDIRECT] 
2026-01-21 21:59:05,640 [ERROR] LogOutputStream:75 - [STDERR_REDIRECT] [Fatal Error] :1:1: Premature end of file.
2026-01-21 21:59:05,640 [ERROR] LogOutputStream:75 - [STDERR_REDIRECT] 
2026-01-21 21:59:06,652 [ERROR] LogOutputStream:75 - [STDERR_REDIRECT] [Fatal Error] :1:1: Premature end of file.
2026-01-21 21:59:06,652 [ERROR] LogOutputStream:75 - [STDERR_REDIRECT] 
2026-01-21 21:59:07,640 [ERROR] LogOutputStream:75 - [STDERR_REDIRECT] [Fatal Error] :1:1: Premature end of file.
2026-01-21 21:59:07,640 [ERROR] LogOutputStream:75 - [STDERR_REDIRECT] 
2026-01-21 21:59:08,630 [ERROR] LogOutputStream:75 - [STDERR_REDIRECT] [Fatal Error] :1:1: Premature end of file.
2026-01-21 21:59:08,630 [ERROR] LogOutputStream:75 - [STDERR_REDIRECT] 
2026-01-21 21:59:09,639 [ERROR] LogOutputStream:75 - [STDERR_REDIRECT] [Fatal Error] :1:1: Premature end of file.
2026-01-21 21:59:09,640 [ERROR] LogOutputStream:75 - [STDERR_REDIRECT] 
2026-01-21 21:59:10,640 [ERROR] LogOutputStream:75 - [STDERR_REDIRECT] [Fatal Error] :1:1: Premature end of file.
2026-01-21 21:59:10,640 [ERROR] LogOutputStream:75 - [STDERR_REDIRECT] 
2026-01-21 21:59:11,637 [ERROR] LogOutputStream:75 - [STDERR_REDIRECT] [Fatal Error] :1:1: Premature end of file.
2026-01-21 21:59:11,638 [ERROR] LogOutputStream:75 - [STDERR_REDIRECT] 
2026-01-21 21:59:12,647 [ERROR] LogOutputStream:75 - [STDERR_REDIRECT] [Fatal Error] :1:1: Premature end of file.
2026-01-21 21:59:12,647 [ERROR] LogOutputStream:75 - [STDERR_REDIRECT] 
2026-01-21 21:59:13,630 [ERROR] LogOutputStream:75 - [STDERR_REDIRECT] [Fatal Error] :1:1: Premature end of file.
2026-01-21 21:59:13,630 [ERROR] LogOutputStream:75 - [STDERR_REDIRECT] 
2026-01-21 21:59:14,625 [ERROR] LogOutputStream:75 - [STDERR_REDIRECT] [Fatal Error] :1:1: Premature end of file.
2026-01-21 21:59:14,625 [ERROR] LogOutputStream:75 - [STDERR_REDIRECT] 
2026-01-21 21:59:15,632 [ERROR] LogOutputStream:75 - [STDERR_REDIRECT] [Fatal Error] :1:1: Premature end of file.
2026-01-21 21:59:15,632 [ERROR] LogOutputStream:75 - [STDERR_REDIRECT] 
2026-01-21 21:59:16,638 [ERROR] LogOutputStream:75 - [STDERR_REDIRECT] [Fatal Error] :1:1: Premature end of file.
2026-01-21 21:59:16,638 [ERROR] LogOutputStream:75 - [STDERR_REDIRECT] 
2026-01-21 21:59:17,638 [ERROR] LogOutputStream:75 - [STDERR_REDIRECT] [Fatal Error] :1:1: Premature end of file.
2026-01-21 21:59:17,638 [ERROR] LogOutputStream:75 - [STDERR_REDIRECT] 
2026-01-21 21:59:18,638 [ERROR] LogOutputStream:75 - [STDERR_REDIRECT] [Fatal Error] :1:1: Premature end of file.
2026-01-21 21:59:18,638 [ERROR] LogOutputStream:75 - [STDERR_REDIRECT] 
2026-01-21 21:59:19,638 [ERROR] LogOutputStream:75 - [STDERR_REDIRECT] [Fatal Error] :1:1: Premature end of file.
2026-01-21 21:59:19,638 [ERROR] LogOutputStream:75 - [STDERR_REDIRECT] 
2026-01-21 21:59:20,638 [ERROR] LogOutputStream:75 - [STDERR_REDIRECT] [Fatal Error] :1:1: Premature end of file.
2026-01-21 21:59:20,638 [ERROR] LogOutputStream:75 - [STDERR_REDIRECT] 
2026-01-21 21:59:21,638 [ERROR] LogOutputStream:75 - [STDERR_REDIRECT] [Fatal Error] :1:1: Premature end of file.
2026-01-21 21:59:21,638 [ERROR] LogOutputStream:75 - [STDERR_REDIRECT] 
2026-01-21 21:59:22,639 [ERROR] LogOutputStream:75 - [STDERR_REDIRECT] [Fatal Error] :1:1: Premature end of file.
2026-01-21 21:59:22,639 [ERROR] LogOutputStream:75 - [STDERR_REDIRECT] 
2026-01-21 21:59:23,643 [ERROR] LogOutputStream:75 - [STDERR_REDIRECT] [Fatal Error] :1:1: Premature end of file.
2026-01-21 21:59:23,643 [ERROR] LogOutputStream:75 - [STDERR_REDIRECT] 
2026-01-21 21:59:24,632 [ERROR] LogOutputStream:75 - [STDERR_REDIRECT] [Fatal Error] :1:1: Premature end of file.
2026-01-21 21:59:24,632 [ERROR] LogOutputStream:75 - [STDERR_REDIRECT] 
2026-01-21 21:59:25,628 [ERROR] LogOutputStream:75 - [STDERR_REDIRECT] [Fatal Error] :1:1: Premature end of file.
2026-01-21 21:59:25,628 [ERROR] LogOutputStream:75 - [STDERR_REDIRECT] 
2026-01-21 21:59:26,638 [ERROR] LogOutputStream:75 - [STDERR_REDIRECT] [Fatal Error] :1:1: Premature end of file.
2026-01-21 21:59:26,638 [ERROR] LogOutputStream:75 - [STDERR_REDIRECT] 
2026-01-21 21:59:27,624 [ERROR] LogOutputStream:75 - [STDERR_REDIRECT] [Fatal Error] :1:1: Premature end of file.
2026-01-21 21:59:27,624 [ERROR] LogOutputStream:75 - [STDERR_REDIRECT] 
2026-01-21 21:59:28,626 [ERROR] LogOutputStream:75 - [STDERR_REDIRECT] [Fatal Error] :1:1: Premature end of file.
2026-01-21 21:59:28,626 [ERROR] LogOutputStream:75 - [STDERR_REDIRECT] 
2026-01-21 21:59:29,641 [ERROR] LogOutputStream:75 - [STDERR_REDIRECT] [Fatal Error] :1:1: Premature end of file.
2026-01-21 21:59:29,641 [ERROR] LogOutputStream:75 - [STDERR_REDIRECT] 
2026-01-21 21:59:30,639 [ERROR] LogOutputStream:75 - [STDERR_REDIRECT] [Fatal Error] :1:1: Premature end of file.
2026-01-21 21:59:30,639 [ERROR] LogOutputStream:75 - [STDERR_REDIRECT] 
2026-01-21 21:59:31,621 [ERROR] LogOutputStream:75 - [STDERR_REDIRECT] [Fatal Error] :1:1: Premature end of file.
2026-01-21 21:59:31,622 [ERROR] LogOutputStream:75 - [STDERR_REDIRECT] 
2026-01-21 21:59:32,639 [ERROR] LogOutputStream:75 - [STDERR_REDIRECT] [Fatal Error] :1:1: Premature end of file.
2026-01-21 21:59:32,639 [ERROR] LogOutputStream:75 - [STDERR_REDIRECT] 
2026-01-21 21:59:33,626 [ERROR] LogOutputStream:75 - [STDERR_REDIRECT] [Fatal Error] :1:1: Premature end of file.
2026-01-21 21:59:33,626 [ERROR] LogOutputStream:75 - [STDERR_REDIRECT] 
2026-01-21 21:59:34,639 [ERROR] LogOutputStream:75 - [STDERR_REDIRECT] [Fatal Error] :1:1: Premature end of file.
2026-01-21 21:59:34,639 [ERROR] LogOutputStream:75 - [STDERR_REDIRECT] 
2026-01-21 21:59:35,623 [ERROR] LogOutputStream:75 - [STDERR_REDIRECT] [Fatal Error] :1:1: Premature end of file.
2026-01-21 21:59:35,623 [ERROR] LogOutputStream:75 - [STDERR_REDIRECT] 
2026-01-21 21:59:36,626 [ERROR] LogOutputStream:75 - [STDERR_REDIRECT] [Fatal Error] :1:1: Premature end of file.
2026-01-21 21:59:36,626 [ERROR] LogOutputStream:75 - [STDERR_REDIRECT] 
2026-01-21 21:59:37,622 [ERROR] LogOutputStream:75 - [STDERR_REDIRECT] [Fatal Error] :1:1: Premature end of file.
2026-01-21 21:59:37,622 [ERROR] LogOutputStream:75 - [STDERR_REDIRECT] 
2026-01-21 21:59:38,639 [ERROR] LogOutputStream:75 - [STDERR_REDIRECT] [Fatal Error] :1:1: Premature end of file.
2026-01-21 21:59:38,639 [ERROR] LogOutputStream:75 - [STDERR_REDIRECT] 
2026-01-21 21:59:39,626 [ERROR] LogOutputStream:75 - [STDERR_REDIRECT] [Fatal Error] :1:1: Premature end of file.
2026-01-21 21:59:39,626 [ERROR] LogOutputStream:75 - [STDERR_REDIRECT] 
2026-01-21 21:59:40,633 [ERROR] LogOutputStream:75 - [STDERR_REDIRECT] [Fatal Error] :1:1: Premature end of file.
2026-01-21 21:59:40,633 [ERROR] LogOutputStream:75 - [STDERR_REDIRECT] 
2026-01-21 21:59:41,640 [ERROR] LogOutputStream:75 - [STDERR_REDIRECT] [Fatal Error] :1:1: Premature end of file.
2026-01-21 21:59:41,640 [ERROR] LogOutputStream:75 - [STDERR_REDIRECT] 
2026-01-21 21:59:42,624 [ERROR] LogOutputStream:75 - [STDERR_REDIRECT] [Fatal Error] :1:1: Premature end of file.
2026-01-21 21:59:42,624 [ERROR] LogOutputStream:75 - [STDERR_REDIRECT] 
2026-01-21 21:59:43,628 [ERROR] LogOutputStream:75 - [STDERR_REDIRECT] [Fatal Error] :1:1: Premature end of file.
2026-01-21 21:59:43,628 [ERROR] LogOutputStream:75 - [STDERR_REDIRECT] 
2026-01-21 21:59:44,624 [ERROR] LogOutputStream:75 - [STDERR_REDIRECT] [Fatal Error] :1:1: Premature end of file.
2026-01-21 21:59:44,624 [ERROR] LogOutputStream:75 - [STDERR_REDIRECT] 
2026-01-21 21:59:45,630 [ERROR] LogOutputStream:75 - [STDERR_REDIRECT] [Fatal Error] :1:1: Premature end of file.
2026-01-21 21:59:45,630 [ERROR] LogOutputStream:75 - [STDERR_REDIRECT] 
2026-01-21 21:59:46,627 [ERROR] LogOutputStream:75 - [STDERR_REDIRECT] [Fatal Error] :1:1: Premature end of file.
2026-01-21 21:59:46,627 [ERROR] LogOutputStream:75 - [STDERR_REDIRECT] 
2026-01-21 21:59:47,627 [ERROR] LogOutputStream:75 - [STDERR_REDIRECT] [Fatal Error] :1:1: Premature end of file.
2026-01-21 21:59:47,627 [ERROR] LogOutputStream:75 - [STDERR_REDIRECT] 
2026-01-21 21:59:48,626 [ERROR] LogOutputStream:75 - [STDERR_REDIRECT] [Fatal Error] :1:1: Premature end of file.
2026-01-21 21:59:48,626 [ERROR] LogOutputStream:75 - [STDERR_REDIRECT] 
2026-01-21 21:59:49,623 [ERROR] LogOutputStream:75 - [STDERR_REDIRECT] [Fatal Error] :1:1: Premature end of file.
2026-01-21 21:59:49,623 [ERROR] LogOutputStream:75 - [STDERR_REDIRECT] 
2026-01-21 21:59:50,625 [ERROR] LogOutputStream:75 - [STDERR_REDIRECT] [Fatal Error] :1:1: Premature end of file.
2026-01-21 21:59:50,625 [ERROR] LogOutputStream:75 - [STDERR_REDIRECT] 
2026-01-21 21:59:51,623 [ERROR] LogOutputStream:75 - [STDERR_REDIRECT] [Fatal Error] :1:1: Premature end of file.
2026-01-21 21:59:51,624 [ERROR] LogOutputStream:75 - [STDERR_REDIRECT] 
2026-01-21 21:59:52,625 [ERROR] LogOutputStream:75 - [STDERR_REDIRECT] [Fatal Error] :1:1: Premature end of file.
2026-01-21 21:59:52,625 [ERROR] LogOutputStream:75 - [STDERR_REDIRECT] 
2026-01-21 21:59:53,625 [ERROR] LogOutputStream:75 - [STDERR_REDIRECT] [Fatal Error] :1:1: Premature end of file.
2026-01-21 21:59:53,625 [ERROR] LogOutputStream:75 - [STDERR_REDIRECT] 
2026-01-21 21:59:54,624 [ERROR] LogOutputStream:75 - [STDERR_REDIRECT] [Fatal Error] :1:1: Premature end of file.
2026-01-21 21:59:54,624 [ERROR] LogOutputStream:75 - [STDERR_REDIRECT] 
2026-01-21 21:59:55,625 [ERROR] LogOutputStream:75 - [STDERR_REDIRECT] [Fatal Error] :1:1: Premature end of file.
2026-01-21 21:59:55,625 [ERROR] LogOutputStream:75 - [STDERR_REDIRECT] 
2026-01-21 21:59:56,625 [ERROR] LogOutputStream:75 - [STDERR_REDIRECT] [Fatal Error] :1:1: Premature end of file.
2026-01-21 21:59:56,625 [ERROR] LogOutputStream:75 - [STDERR_REDIRECT] 
2026-01-21 21:59:57,623 [ERROR] LogOutputStream:75 - [STDERR_REDIRECT] [Fatal Error] :1:1: Premature end of file.
2026-01-21 21:59:57,623 [ERROR] LogOutputStream:75 - [STDERR_REDIRECT] 
2026-01-21 21:59:58,627 [ERROR] LogOutputStream:75 - [STDERR_REDIRECT] [Fatal Error] :1:1: Premature end of file.
2026-01-21 21:59:58,627 [ERROR] LogOutputStream:75 - [STDERR_REDIRECT] 
2026-01-21 21:59:59,634 [ERROR] LogOutputStream:75 - [STDERR_REDIRECT] [Fatal Error] :1:1: Premature end of file.
2026-01-21 21:59:59,634 [ERROR] LogOutputStream:75 - [STDERR_REDIRECT] 
2026-01-21 22:00:00,622 [ERROR] LogOutputStream:75 - [STDERR_REDIRECT] [Fatal Error] :1:1: Premature end of file.
2026-01-21 22:00:00,622 [ERROR] LogOutputStream:75 - [STDERR_REDIRECT] 
2026-01-21 22:00:01,624 [ERROR] LogOutputStream:75 - [STDERR_REDIRECT] [Fatal Error] :1:1: Premature end of file.
2026-01-21 22:00:01,624 [ERROR] LogOutputStream:75 - [STDERR_REDIRECT] 
2026-01-21 22:00:02,627 [ERROR] LogOutputStream:75 - [STDERR_REDIRECT] [Fatal Error] :1:1: Premature end of file.
2026-01-21 22:00:02,627 [ERROR] LogOutputStream:75 - [STDERR_REDIRECT] 
2026-01-21 22:00:03,633 [ERROR] LogOutputStream:75 - [STDERR_REDIRECT] [Fatal Error] :1:1: Premature end of file.
2026-01-21 22:00:03,633 [ERROR] LogOutputStream:75 - [STDERR_REDIRECT] 
2026-01-21 22:00:04,620 [ERROR] LogOutputStream:75 - [STDERR_REDIRECT] [Fatal Error] :1:1: Premature end of file.
2026-01-21 22:00:04,620 [ERROR] LogOutputStream:75 - [STDERR_REDIRECT] 
2026-01-21 22:00:05,622 [ERROR] LogOutputStream:75 - [STDERR_REDIRECT] [Fatal Error] :1:1: Premature end of file.
2026-01-21 22:00:05,622 [ERROR] LogOutputStream:75 - [STDERR_REDIRECT] 
2026-01-21 22:00:06,624 [ERROR] LogOutputStream:75 - [STDERR_REDIRECT] [Fatal Error] :1:1: Premature end of file.
2026-01-21 22:00:06,624 [ERROR] LogOutputStream:75 - [STDERR_REDIRECT] 
2026-01-21 22:00:07,629 [ERROR] LogOutputStream:75 - [STDERR_REDIRECT] [Fatal Error] :1:1: Premature end of file.
2026-01-21 22:00:07,629 [ERROR] LogOutputStream:75 - [STDERR_REDIRECT] 
2026-01-21 22:00:08,628 [ERROR] LogOutputStream:75 - [STDERR_REDIRECT] [Fatal Error] :1:1: Premature end of file.
2026-01-21 22:00:08,628 [ERROR] LogOutputStream:75 - [STDERR_REDIRECT] 
2026-01-21 22:00:09,631 [ERROR] LogOutputStream:75 - [STDERR_REDIRECT] [Fatal Error] :1:1: Premature end of file.
2026-01-21 22:00:09,631 [ERROR] LogOutputStream:75 - [STDERR_REDIRECT] 
2026-01-21 22:00:10,650 [ERROR] LogOutputStream:75 - [STDERR_REDIRECT] [Fatal Error] :1:1: Premature end of file.
2026-01-21 22:00:10,650 [ERROR] LogOutputStream:75 - [STDERR_REDIRECT] 
2026-01-21 22:00:11,636 [ERROR] LogOutputStream:75 - [STDERR_REDIRECT] [Fatal Error] :1:1: Premature end of file.
2026-01-21 22:00:11,636 [ERROR] LogOutputStream:75 - [STDERR_REDIRECT] 
2026-01-21 22:00:12,623 [ERROR] LogOutputStream:75 - [STDERR_REDIRECT] [Fatal Error] :1:1: Premature end of file.
2026-01-21 22:00:12,623 [ERROR] LogOutputStream:75 - [STDERR_REDIRECT] 
2026-01-21 22:00:13,625 [ERROR] LogOutputStream:75 - [STDERR_REDIRECT] [Fatal Error] :1:1: Premature end of file.
2026-01-21 22:00:13,625 [ERROR] LogOutputStream:75 - [STDERR_REDIRECT] 
2026-01-21 22:00:14,625 [ERROR] LogOutputStream:75 - [STDERR_REDIRECT] [Fatal Error] :1:1: Premature end of file.
2026-01-21 22:00:14,625 [ERROR] LogOutputStream:75 - [STDERR_REDIRECT] 
2026-01-21 22:00:15,635 [ERROR] LogOutputStream:75 - [STDERR_REDIRECT] [Fatal Error] :1:1: Premature end of file.
2026-01-21 22:00:15,635 [ERROR] LogOutputStream:75 - [STDERR_REDIRECT] 
2026-01-21 22:00:16,624 [ERROR] LogOutputStream:75 - [STDERR_REDIRECT] [Fatal Error] :1:1: Premature end of file.
2026-01-21 22:00:16,624 [ERROR] LogOutputStream:75 - [STDERR_REDIRECT] 
2026-01-21 22:00:17,629 [ERROR] LogOutputStream:75 - [STDERR_REDIRECT] [Fatal Error] :1:1: Premature end of file.
2026-01-21 22:00:17,629 [ERROR] LogOutputStream:75 - [STDERR_REDIRECT] 
2026-01-21 22:00:18,630 [ERROR] LogOutputStream:75 - [STDERR_REDIRECT] [Fatal Error] :1:1: Premature end of file.
2026-01-21 22:00:18,630 [ERROR] LogOutputStream:75 - [STDERR_REDIRECT] 
2026-01-21 22:00:19,631 [ERROR] LogOutputStream:75 - [STDERR_REDIRECT] [Fatal Error] :1:1: Premature end of file.
2026-01-21 22:00:19,631 [ERROR] LogOutputStream:75 - [STDERR_REDIRECT] 
2026-01-21 22:00:20,633 [ERROR] LogOutputStream:75 - [STDERR_REDIRECT] [Fatal Error] :1:1: Premature end of file.
2026-01-21 22:00:20,633 [ERROR] LogOutputStream:75 - [STDERR_REDIRECT] 
2026-01-21 22:00:21,637 [ERROR] LogOutputStream:75 - [STDERR_REDIRECT] [Fatal Error] :1:1: Premature end of file.
2026-01-21 22:00:21,637 [ERROR] LogOutputStream:75 - [STDERR_REDIRECT] 
2026-01-21 22:00:22,624 [ERROR] LogOutputStream:75 - [STDERR_REDIRECT] [Fatal Error] :1:1: Premature end of file.
2026-01-21 22:00:22,624 [ERROR] LogOutputStream:75 - [STDERR_REDIRECT] 
2026-01-21 22:00:23,630 [ERROR] LogOutputStream:75 - [STDERR_REDIRECT] [Fatal Error] :1:1: Premature end of file.
2026-01-21 22:00:23,630 [ERROR] LogOutputStream:75 - [STDERR_REDIRECT] 
2026-01-21 22:00:24,635 [ERROR] LogOutputStream:75 - [STDERR_REDIRECT] [Fatal Error] :1:1: Premature end of file.
2026-01-21 22:00:24,635 [ERROR] LogOutputStream:75 - [STDERR_REDIRECT] 
2026-01-21 22:00:25,628 [ERROR] LogOutputStream:75 - [STDERR_REDIRECT] [Fatal Error] :1:1: Premature end of file.
2026-01-21 22:00:25,628 [ERROR] LogOutputStream:75 - [STDERR_REDIRECT] 
2026-01-21 22:00:26,624 [ERROR] LogOutputStream:75 - [STDERR_REDIRECT] [Fatal Error] :1:1: Premature end of file.
2026-01-21 22:00:26,625 [ERROR] LogOutputStream:75 - [STDERR_REDIRECT] 
2026-01-21 22:00:27,626 [ERROR] LogOutputStream:75 - [STDERR_REDIRECT] [Fatal Error] :1:1: Premature end of file.
2026-01-21 22:00:27,626 [ERROR] LogOutputStream:75 - [STDERR_REDIRECT] 
2026-01-21 22:00:28,627 [ERROR] LogOutputStream:75 - [STDERR_REDIRECT] [Fatal Error] :1:1: Premature end of file.
2026-01-21 22:00:28,627 [ERROR] LogOutputStream:75 - [STDERR_REDIRECT] 
2026-01-21 22:00:29,631 [ERROR] LogOutputStream:75 - [STDERR_REDIRECT] [Fatal Error] :1:1: Premature end of file.
2026-01-21 22:00:29,631 [ERROR] LogOutputStream:75 - [STDERR_REDIRECT] 
2026-01-21 22:00:30,626 [ERROR] LogOutputStream:75 - [STDERR_REDIRECT] [Fatal Error] :1:1: Premature end of file.
2026-01-21 22:00:30,626 [ERROR] LogOutputStream:75 - [STDERR_REDIRECT] 
2026-01-21 22:00:31,625 [ERROR] LogOutputStream:75 - [STDERR_REDIRECT] [Fatal Error] :1:1: Premature end of file.
2026-01-21 22:00:31,625 [ERROR] LogOutputStream:75 - [STDERR_REDIRECT] 
2026-01-21 22:00:32,627 [ERROR] LogOutputStream:75 - [STDERR_REDIRECT] [Fatal Error] :1:1: Premature end of file.
2026-01-21 22:00:32,627 [ERROR] LogOutputStream:75 - [STDERR_REDIRECT] 
2026-01-21 22:00:33,625 [ERROR] LogOutputStream:75 - [STDERR_REDIRECT] [Fatal Error] :1:1: Premature end of file.
2026-01-21 22:00:33,625 [ERROR] LogOutputStream:75 - [STDERR_REDIRECT] 
2026-01-21 22:00:34,625 [ERROR] LogOutputStream:75 - [STDERR_REDIRECT] [Fatal Error] :1:1: Premature end of file.
2026-01-21 22:00:34,625 [ERROR] LogOutputStream:75 - [STDERR_REDIRECT] 
2026-01-21 22:00:35,625 [ERROR] LogOutputStream:75 - [STDERR_REDIRECT] [Fatal Error] :1:1: Premature end of file.
2026-01-21 22:00:35,625 [ERROR] LogOutputStream:75 - [STDERR_REDIRECT] 
2026-01-21 22:00:36,623 [ERROR] LogOutputStream:75 - [STDERR_REDIRECT] [Fatal Error] :1:1: Premature end of file.
2026-01-21 22:00:36,623 [ERROR] LogOutputStream:75 - [STDERR_REDIRECT] 
2026-01-21 22:00:37,625 [ERROR] LogOutputStream:75 - [STDERR_REDIRECT] [Fatal Error] :1:1: Premature end of file.
2026-01-21 22:00:37,625 [ERROR] LogOutputStream:75 - [STDERR_REDIRECT] 
2026-01-21 22:00:38,627 [ERROR] LogOutputStream:75 - [STDERR_REDIRECT] [Fatal Error] :1:1: Premature end of file.
2026-01-21 22:00:38,627 [ERROR] LogOutputStream:75 - [STDERR_REDIRECT] 
2026-01-21 22:00:39,636 [ERROR] LogOutputStream:75 - [STDERR_REDIRECT] [Fatal Error] :1:1: Premature end of file.
2026-01-21 22:00:39,636 [ERROR] LogOutputStream:75 - [STDERR_REDIRECT] 
2026-01-21 22:00:40,628 [ERROR] LogOutputStream:75 - [STDERR_REDIRECT] [Fatal Error] :1:1: Premature end of file.
2026-01-21 22:00:40,628 [ERROR] LogOutputStream:75 - [STDERR_REDIRECT] 
2026-01-21 22:00:41,638 [ERROR] LogOutputStream:75 - [STDERR_REDIRECT] [Fatal Error] :1:1: Premature end of file.
2026-01-21 22:00:41,638 [ERROR] LogOutputStream:75 - [STDERR_REDIRECT] 
2026-01-21 22:00:42,625 [ERROR] LogOutputStream:75 - [STDERR_REDIRECT] [Fatal Error] :1:1: Premature end of file.
2026-01-21 22:00:42,625 [ERROR] LogOutputStream:75 - [STDERR_REDIRECT] 
2026-01-21 22:00:43,624 [ERROR] LogOutputStream:75 - [STDERR_REDIRECT] [Fatal Error] :1:1: Premature end of file.
2026-01-21 22:00:43,624 [ERROR] LogOutputStream:75 - [STDERR_REDIRECT] 
2026-01-21 22:00:44,626 [ERROR] LogOutputStream:75 - [STDERR_REDIRECT] [Fatal Error] :1:1: Premature end of file.
2026-01-21 22:00:44,626 [ERROR] LogOutputStream:75 - [STDERR_REDIRECT] 
2026-01-21 22:00:45,624 [ERROR] LogOutputStream:75 - [STDERR_REDIRECT] [Fatal Error] :1:1: Premature end of file.
2026-01-21 22:00:45,624 [ERROR] LogOutputStream:75 - [STDERR_REDIRECT] 
2026-01-21 22:00:46,624 [ERROR] LogOutputStream:75 - [STDERR_REDIRECT] [Fatal Error] :1:1: Premature end of file.
2026-01-21 22:00:46,624 [ERROR] LogOutputStream:75 - [STDERR_REDIRECT] 
2026-01-21 22:00:47,627 [ERROR] LogOutputStream:75 - [STDERR_REDIRECT] [Fatal Error] :1:1: Premature end of file.
2026-01-21 22:00:47,627 [ERROR] LogOutputStream:75 - [STDERR_REDIRECT] 
2026-01-21 22:00:48,624 [ERROR] LogOutputStream:75 - [STDERR_REDIRECT] [Fatal Error] :1:1: Premature end of file.
2026-01-21 22:00:48,624 [ERROR] LogOutputStream:75 - [STDERR_REDIRECT] 
2026-01-21 22:00:49,624 [ERROR] LogOutputStream:75 - [STDERR_REDIRECT] [Fatal Error] :1:1: Premature end of file.
2026-01-21 22:00:49,624 [ERROR] LogOutputStream:75 - [STDERR_REDIRECT] 
2026-01-21 22:00:50,625 [ERROR] LogOutputStream:75 - [STDERR_REDIRECT] [Fatal Error] :1:1: Premature end of file.
2026-01-21 22:00:50,625 [ERROR] LogOutputStream:75 - [STDERR_REDIRECT] 
2026-01-21 22:00:51,701 [ERROR] LogOutputStream:75 - [STDERR_REDIRECT] [Fatal Error] :1:1: Premature end of file.
2026-01-21 22:00:51,701 [ERROR] LogOutputStream:75 - [STDERR_REDIRECT] 
2026-01-21 22:00:52,625 [ERROR] LogOutputStream:75 - [STDERR_REDIRECT] [Fatal Error] :1:1: Premature end of file.
2026-01-21 22:00:52,625 [ERROR] LogOutputStream:75 - [STDERR_REDIRECT] 
2026-01-21 22:00:53,623 [ERROR] LogOutputStream:75 - [STDERR_REDIRECT] [Fatal Error] :1:1: Premature end of file.
2026-01-21 22:00:53,623 [ERROR] LogOutputStream:75 - [STDERR_REDIRECT] 
2026-01-21 22:00:54,624 [ERROR] LogOutputStream:75 - [STDERR_REDIRECT] [Fatal Error] :1:1: Premature end of file.
2026-01-21 22:00:54,624 [ERROR] LogOutputStream:75 - [STDERR_REDIRECT] 
2026-01-21 22:00:55,625 [ERROR] LogOutputStream:75 - [STDERR_REDIRECT] [Fatal Error] :1:1: Premature end of file.
2026-01-21 22:00:55,625 [ERROR] LogOutputStream:75 - [STDERR_REDIRECT] 
2026-01-21 22:00:56,624 [ERROR] LogOutputStream:75 - [STDERR_REDIRECT] [Fatal Error] :1:1: Premature end of file.
2026-01-21 22:00:56,624 [ERROR] LogOutputStream:75 - [STDERR_REDIRECT] 
2026-01-21 22:00:57,623 [ERROR] LogOutputStream:75 - [STDERR_REDIRECT] [Fatal Error] :1:1: Premature end of file.
2026-01-21 22:00:57,623 [ERROR] LogOutputStream:75 - [STDERR_REDIRECT] 
2026-01-21 22:00:58,628 [ERROR] LogOutputStream:75 - [STDERR_REDIRECT] [Fatal Error] :1:1: Premature end of file.
2026-01-21 22:00:58,628 [ERROR] LogOutputStream:75 - [STDERR_REDIRECT] 
2026-01-21 22:00:59,625 [ERROR] LogOutputStream:75 - [STDERR_REDIRECT] [Fatal Error] :1:1: Premature end of file.
2026-01-21 22:00:59,625 [ERROR] LogOutputStream:75 - [STDERR_REDIRECT] 
2026-01-21 22:01:00,624 [ERROR] LogOutputStream:75 - [STDERR_REDIRECT] [Fatal Error] :1:1: Premature end of file.
2026-01-21 22:01:00,624 [ERROR] LogOutputStream:75 - [STDERR_REDIRECT] 
2026-01-21 22:01:01,623 [ERROR] LogOutputStream:75 - [STDERR_REDIRECT] [Fatal Error] :1:1: Premature end of file.
2026-01-21 22:01:01,624 [ERROR] LogOutputStream:75 - [STDERR_REDIRECT] 
2026-01-21 22:01:02,625 [ERROR] LogOutputStream:75 - [STDERR_REDIRECT] [Fatal Error] :1:1: Premature end of file.
2026-01-21 22:01:02,625 [ERROR] LogOutputStream:75 - [STDERR_REDIRECT] 
2026-01-21 22:01:03,640 [ERROR] LogOutputStream:75 - [STDERR_REDIRECT] [Fatal Error] :1:1: Premature end of file.
2026-01-21 22:01:03,640 [ERROR] LogOutputStream:75 - [STDERR_REDIRECT] 
2026-01-21 22:01:04,627 [ERROR] LogOutputStream:75 - [STDERR_REDIRECT] [Fatal Error] :1:1: Premature end of file.
2026-01-21 22:01:04,627 [ERROR] LogOutputStream:75 - [STDERR_REDIRECT] 
2026-01-21 22:01:05,629 [ERROR] LogOutputStream:75 - [STDERR_REDIRECT] [Fatal Error] :1:1: Premature end of file.
2026-01-21 22:01:05,629 [ERROR] LogOutputStream:75 - [STDERR_REDIRECT] 
2026-01-21 22:01:06,643 [ERROR] LogOutputStream:75 - [STDERR_REDIRECT] [Fatal Error] :1:1: Premature end of file.
2026-01-21 22:01:06,643 [ERROR] LogOutputStream:75 - [STDERR_REDIRECT] 
2026-01-21 22:01:07,628 [ERROR] LogOutputStream:75 - [STDERR_REDIRECT] [Fatal Error] :1:1: Premature end of file.
2026-01-21 22:01:07,628 [ERROR] LogOutputStream:75 - [STDERR_REDIRECT] 
2026-01-21 22:01:08,632 [ERROR] LogOutputStream:75 - [STDERR_REDIRECT] [Fatal Error] :1:1: Premature end of file.
2026-01-21 22:01:08,632 [ERROR] LogOutputStream:75 - [STDERR_REDIRECT] 
2026-01-21 22:01:09,634 [ERROR] LogOutputStream:75 - [STDERR_REDIRECT] [Fatal Error] :1:1: Premature end of file.
2026-01-21 22:01:09,634 [ERROR] LogOutputStream:75 - [STDERR_REDIRECT] 
2026-01-21 22:01:10,629 [ERROR] LogOutputStream:75 - [STDERR_REDIRECT] [Fatal Error] :1:1: Premature end of file.
2026-01-21 22:01:10,629 [ERROR] LogOutputStream:75 - [STDERR_REDIRECT] 
2026-01-21 22:01:11,631 [ERROR] LogOutputStream:75 - [STDERR_REDIRECT] [Fatal Error] :1:1: Premature end of file.
2026-01-21 22:01:11,631 [ERROR] LogOutputStream:75 - [STDERR_REDIRECT] 
2026-01-21 22:01:12,625 [ERROR] LogOutputStream:75 - [STDERR_REDIRECT] [Fatal Error] :1:1: Premature end of file.
2026-01-21 22:01:12,625 [ERROR] LogOutputStream:75 - [STDERR_REDIRECT] 
2026-01-21 22:01:13,640 [ERROR] LogOutputStream:75 - [STDERR_REDIRECT] [Fatal Error] :1:1: Premature end of file.
2026-01-21 22:01:13,640 [ERROR] LogOutputStream:75 - [STDERR_REDIRECT] 
2026-01-21 22:01:14,634 [ERROR] LogOutputStream:75 - [STDERR_REDIRECT] [Fatal Error] :1:1: Premature end of file.
2026-01-21 22:01:14,634 [ERROR] LogOutputStream:75 - [STDERR_REDIRECT] 
2026-01-21 22:01:15,631 [ERROR] LogOutputStream:75 - [STDERR_REDIRECT] [Fatal Error] :1:1: Premature end of file.
2026-01-21 22:01:15,631 [ERROR] LogOutputStream:75 - [STDERR_REDIRECT] 
2026-01-21 22:01:16,630 [ERROR] LogOutputStream:75 - [STDERR_REDIRECT] [Fatal Error] :1:1: Premature end of file.
2026-01-21 22:01:16,630 [ERROR] LogOutputStream:75 - [STDERR_REDIRECT] 
2026-01-21 22:01:17,632 [ERROR] LogOutputStream:75 - [STDERR_REDIRECT] [Fatal Error] :1:1: Premature end of file.
2026-01-21 22:01:17,632 [ERROR] LogOutputStream:75 - [STDERR_REDIRECT] 
2026-01-21 22:01:18,622 [ERROR] LogOutputStream:75 - [STDERR_REDIRECT] [Fatal Error] :1:1: Premature end of file.
2026-01-21 22:01:18,622 [ERROR] LogOutputStream:75 - [STDERR_REDIRECT] 
2026-01-21 22:01:19,624 [ERROR] LogOutputStream:75 - [STDERR_REDIRECT] [Fatal Error] :1:1: Premature end of file.
2026-01-21 22:01:19,624 [ERROR] LogOutputStream:75 - [STDERR_REDIRECT] 
2026-01-21 22:01:20,630 [ERROR] LogOutputStream:75 - [STDERR_REDIRECT] [Fatal Error] :1:1: Premature end of file.
2026-01-21 22:01:20,630 [ERROR] LogOutputStream:75 - [STDERR_REDIRECT] 
2026-01-21 22:01:21,634 [ERROR] LogOutputStream:75 - [STDERR_REDIRECT] [Fatal Error] :1:1: Premature end of file.
2026-01-21 22:01:21,634 [ERROR] LogOutputStream:75 - [STDERR_REDIRECT] 
2026-01-21 22:01:22,623 [ERROR] LogOutputStream:75 - [STDERR_REDIRECT] [Fatal Error] :1:1: Premature end of file.
2026-01-21 22:01:22,623 [ERROR] LogOutputStream:75 - [STDERR_REDIRECT] 
2026-01-21 22:01:23,625 [ERROR] LogOutputStream:75 - [STDERR_REDIRECT] [Fatal Error] :1:1: Premature end of file.
2026-01-21 22:01:23,625 [ERROR] LogOutputStream:75 - [STDERR_REDIRECT] 
2026-01-21 22:01:24,631 [ERROR] LogOutputStream:75 - [STDERR_REDIRECT] [Fatal Error] :1:1: Premature end of file.
2026-01-21 22:01:24,631 [ERROR] LogOutputStream:75 - [STDERR_REDIRECT] 
2026-01-21 22:01:25,637 [ERROR] LogOutputStream:75 - [STDERR_REDIRECT] [Fatal Error] :1:1: Premature end of file.
2026-01-21 22:01:25,637 [ERROR] LogOutputStream:75 - [STDERR_REDIRECT] 
2026-01-21 22:01:26,626 [ERROR] LogOutputStream:75 - [STDERR_REDIRECT] [Fatal Error] :1:1: Premature end of file.
2026-01-21 22:01:26,626 [ERROR] LogOutputStream:75 - [STDERR_REDIRECT] 
2026-01-21 22:01:27,627 [ERROR] LogOutputStream:75 - [STDERR_REDIRECT] [Fatal Error] :1:1: Premature end of file.
2026-01-21 22:01:27,627 [ERROR] LogOutputStream:75 - [STDERR_REDIRECT] 
2026-01-21 22:01:28,634 [ERROR] LogOutputStream:75 - [STDERR_REDIRECT] [Fatal Error] :1:1: Premature end of file.
2026-01-21 22:01:28,634 [ERROR] LogOutputStream:75 - [STDERR_REDIRECT] 
2026-01-21 22:01:29,625 [ERROR] LogOutputStream:75 - [STDERR_REDIRECT] [Fatal Error] :1:1: Premature end of file.
2026-01-21 22:01:29,625 [ERROR] LogOutputStream:75 - [STDERR_REDIRECT] 
2026-01-21 22:01:30,635 [ERROR] LogOutputStream:75 - [STDERR_REDIRECT] [Fatal Error] :1:1: Premature end of file.
2026-01-21 22:01:30,635 [ERROR] LogOutputStream:75 - [STDERR_REDIRECT] 
2026-01-21 22:01:31,625 [ERROR] LogOutputStream:75 - [STDERR_REDIRECT] [Fatal Error] :1:1: Premature end of file.
2026-01-21 22:01:31,625 [ERROR] LogOutputStream:75 - [STDERR_REDIRECT] 
2026-01-21 22:01:32,633 [ERROR] LogOutputStream:75 - [STDERR_REDIRECT] [Fatal Error] :1:1: Premature end of file.
2026-01-21 22:01:32,633 [ERROR] LogOutputStream:75 - [STDERR_REDIRECT] 
2026-01-21 22:01:33,621 [ERROR] LogOutputStream:75 - [STDERR_REDIRECT] [Fatal Error] :1:1: Premature end of file.
2026-01-21 22:01:33,621 [ERROR] LogOutputStream:75 - [STDERR_REDIRECT] 
2026-01-21 22:01:34,623 [ERROR] LogOutputStream:75 - [STDERR_REDIRECT] [Fatal Error] :1:1: Premature end of file.
2026-01-21 22:01:34,623 [ERROR] LogOutputStream:75 - [STDERR_REDIRECT] 
2026-01-21 22:01:35,626 [ERROR] LogOutputStream:75 - [STDERR_REDIRECT] [Fatal Error] :1:1: Premature end of file.
2026-01-21 22:01:35,626 [ERROR] LogOutputStream:75 - [STDERR_REDIRECT] 
2026-01-21 22:01:36,630 [ERROR] LogOutputStream:75 - [STDERR_REDIRECT] [Fatal Error] :1:1: Premature end of file.
2026-01-21 22:01:36,630 [ERROR] LogOutputStream:75 - [STDERR_REDIRECT] 
2026-01-21 22:01:37,622 [ERROR] LogOutputStream:75 - [STDERR_REDIRECT] [Fatal Error] :1:1: Premature end of file.
2026-01-21 22:01:37,622 [ERROR] LogOutputStream:75 - [STDERR_REDIRECT] 
2026-01-21 22:01:38,626 [ERROR] LogOutputStream:75 - [STDERR_REDIRECT] [Fatal Error] :1:1: Premature end of file.
2026-01-21 22:01:38,626 [ERROR] LogOutputStream:75 - [STDERR_REDIRECT] 
2026-01-21 22:01:39,626 [ERROR] LogOutputStream:75 - [STDERR_REDIRECT] [Fatal Error] :1:1: Premature end of file.
2026-01-21 22:01:39,626 [ERROR] LogOutputStream:75 - [STDERR_REDIRECT] 
2026-01-21 22:01:40,627 [ERROR] LogOutputStream:75 - [STDERR_REDIRECT] [Fatal Error] :1:1: Premature end of file.
2026-01-21 22:01:40,627 [ERROR] LogOutputStream:75 - [STDERR_REDIRECT] 
2026-01-21 22:01:41,628 [ERROR] LogOutputStream:75 - [STDERR_REDIRECT] [Fatal Error] :1:1: Premature end of file.
2026-01-21 22:01:41,628 [ERROR] LogOutputStream:75 - [STDERR_REDIRECT] 
2026-01-21 22:01:42,623 [ERROR] LogOutputStream:75 - [STDERR_REDIRECT] [Fatal Error] :1:1: Premature end of file.
2026-01-21 22:01:42,623 [ERROR] LogOutputStream:75 - [STDERR_REDIRECT] 
2026-01-21 22:01:43,628 [ERROR] LogOutputStream:75 - [STDERR_REDIRECT] [Fatal Error] :1:1: Premature end of file.
2026-01-21 22:01:43,628 [ERROR] LogOutputStream:75 - [STDERR_REDIRECT] 
2026-01-21 22:01:44,624 [ERROR] LogOutputStream:75 - [STDERR_REDIRECT] [Fatal Error] :1:1: Premature end of file.
2026-01-21 22:01:44,624 [ERROR] LogOutputStream:75 - [STDERR_REDIRECT] 
2026-01-21 22:01:45,629 [ERROR] LogOutputStream:75 - [STDERR_REDIRECT] [Fatal Error] :1:1: Premature end of file.
2026-01-21 22:01:45,629 [ERROR] LogOutputStream:75 - [STDERR_REDIRECT] 
2026-01-21 22:01:46,629 [ERROR] LogOutputStream:75 - [STDERR_REDIRECT] [Fatal Error] :1:1: Premature end of file.
2026-01-21 22:01:46,629 [ERROR] LogOutputStream:75 - [STDERR_REDIRECT] 
2026-01-21 22:01:47,628 [ERROR] LogOutputStream:75 - [STDERR_REDIRECT] [Fatal Error] :1:1: Premature end of file.
2026-01-21 22:01:47,628 [ERROR] LogOutputStream:75 - [STDERR_REDIRECT] 
2026-01-21 22:01:48,629 [ERROR] LogOutputStream:75 - [STDERR_REDIRECT] [Fatal Error] :1:1: Premature end of file.
2026-01-21 22:01:48,629 [ERROR] LogOutputStream:75 - [STDERR_REDIRECT] 
2026-01-21 22:01:49,630 [ERROR] LogOutputStream:75 - [STDERR_REDIRECT] [Fatal Error] :1:1: Premature end of file.
2026-01-21 22:01:49,630 [ERROR] LogOutputStream:75 - [STDERR_REDIRECT] 
2026-01-21 22:01:50,625 [ERROR] LogOutputStream:75 - [STDERR_REDIRECT] [Fatal Error] :1:1: Premature end of file.
2026-01-21 22:01:50,625 [ERROR] LogOutputStream:75 - [STDERR_REDIRECT] 
2026-01-21 22:01:51,625 [ERROR] LogOutputStream:75 - [STDERR_REDIRECT] [Fatal Error] :1:1: Premature end of file.
2026-01-21 22:01:51,625 [ERROR] LogOutputStream:75 - [STDERR_REDIRECT] 
2026-01-21 22:01:52,625 [ERROR] LogOutputStream:75 - [STDERR_REDIRECT] [Fatal Error] :1:1: Premature end of file.
2026-01-21 22:01:52,625 [ERROR] LogOutputStream:75 - [STDERR_REDIRECT] 
2026-01-21 22:01:53,624 [ERROR] LogOutputStream:75 - [STDERR_REDIRECT] [Fatal Error] :1:1: Premature end of file.
2026-01-21 22:01:53,624 [ERROR] LogOutputStream:75 - [STDERR_REDIRECT] 
2026-01-21 22:01:54,631 [ERROR] LogOutputStream:75 - [STDERR_REDIRECT] [Fatal Error] :1:1: Premature end of file.
2026-01-21 22:01:54,631 [ERROR] LogOutputStream:75 - [STDERR_REDIRECT] 
2026-01-21 22:01:55,629 [ERROR] LogOutputStream:75 - [STDERR_REDIRECT] [Fatal Error] :1:1: Premature end of file.
2026-01-21 22:01:55,629 [ERROR] LogOutputStream:75 - [STDERR_REDIRECT] 
2026-01-21 22:01:56,630 [ERROR] LogOutputStream:75 - [STDERR_REDIRECT] [Fatal Error] :1:1: Premature end of file.
2026-01-21 22:01:56,630 [ERROR] LogOutputStream:75 - [STDERR_REDIRECT] 
2026-01-21 22:01:57,629 [ERROR] LogOutputStream:75 - [STDERR_REDIRECT] [Fatal Error] :1:1: Premature end of file.
2026-01-21 22:01:57,629 [ERROR] LogOutputStream:75 - [STDERR_REDIRECT] 
2026-01-21 22:01:58,631 [ERROR] LogOutputStream:75 - [STDERR_REDIRECT] [Fatal Error] :1:1: Premature end of file.
2026-01-21 22:01:58,631 [ERROR] LogOutputStream:75 - [STDERR_REDIRECT] 
2026-01-21 22:01:59,626 [ERROR] LogOutputStream:75 - [STDERR_REDIRECT] [Fatal Error] :1:1: Premature end of file.
2026-01-21 22:01:59,626 [ERROR] LogOutputStream:75 - [STDERR_REDIRECT] 
2026-01-21 22:02:00,629 [ERROR] LogOutputStream:75 - [STDERR_REDIRECT] [Fatal Error] :1:1: Premature end of file.
2026-01-21 22:02:00,629 [ERROR] LogOutputStream:75 - [STDERR_REDIRECT] 
2026-01-21 22:02:01,631 [ERROR] LogOutputStream:75 - [STDERR_REDIRECT] [Fatal Error] :1:1: Premature end of file.
2026-01-21 22:02:01,631 [ERROR] LogOutputStream:75 - [STDERR_REDIRECT] 
2026-01-21 22:02:02,647 [ERROR] LogOutputStream:75 - [STDERR_REDIRECT] [Fatal Error] :1:1: Premature end of file.
2026-01-21 22:02:02,647 [ERROR] LogOutputStream:75 - [STDERR_REDIRECT] 
2026-01-21 22:02:03,626 [ERROR] LogOutputStream:75 - [STDERR_REDIRECT] [Fatal Error] :1:1: Premature end of file.
2026-01-21 22:02:03,628 [ERROR] LogOutputStream:75 - [STDERR_REDIRECT] 
2026-01-21 22:02:04,628 [ERROR] LogOutputStream:75 - [STDERR_REDIRECT] [Fatal Error] :1:1: Premature end of file.
2026-01-21 22:02:04,628 [ERROR] LogOutputStream:75 - [STDERR_REDIRECT] 
2026-01-21 22:02:05,621 [ERROR] LogOutputStream:75 - [STDERR_REDIRECT] [Fatal Error] :1:1: Premature end of file.
2026-01-21 22:02:05,621 [ERROR] LogOutputStream:75 - [STDERR_REDIRECT] 
2026-01-21 22:02:06,633 [ERROR] LogOutputStream:75 - [STDERR_REDIRECT] [Fatal Error] :1:1: Premature end of file.
2026-01-21 22:02:06,633 [ERROR] LogOutputStream:75 - [STDERR_REDIRECT] 
2026-01-21 22:02:07,629 [ERROR] LogOutputStream:75 - [STDERR_REDIRECT] [Fatal Error] :1:1: Premature end of file.
2026-01-21 22:02:07,629 [ERROR] LogOutputStream:75 - [STDERR_REDIRECT] 
2026-01-21 22:02:08,629 [ERROR] LogOutputStream:75 - [STDERR_REDIRECT] [Fatal Error] :1:1: Premature end of file.
2026-01-21 22:02:08,629 [ERROR] LogOutputStream:75 - [STDERR_REDIRECT] 
2026-01-21 22:02:09,630 [ERROR] LogOutputStream:75 - [STDERR_REDIRECT] [Fatal Error] :1:1: Premature end of file.
2026-01-21 22:02:09,630 [ERROR] LogOutputStream:75 - [STDERR_REDIRECT] 
2026-01-21 22:02:10,627 [ERROR] LogOutputStream:75 - [STDERR_REDIRECT] [Fatal Error] :1:1: Premature end of file.
2026-01-21 22:02:10,627 [ERROR] LogOutputStream:75 - [STDERR_REDIRECT] 
2026-01-21 22:02:11,631 [ERROR] LogOutputStream:75 - [STDERR_REDIRECT] [Fatal Error] :1:1: Premature end of file.
2026-01-21 22:02:11,631 [ERROR] LogOutputStream:75 - [STDERR_REDIRECT] 
2026-01-21 22:02:12,624 [ERROR] LogOutputStream:75 - [STDERR_REDIRECT] [Fatal Error] :1:1: Premature end of file.
2026-01-21 22:02:12,624 [ERROR] LogOutputStream:75 - [STDERR_REDIRECT] 
2026-01-21 22:02:13,627 [ERROR] LogOutputStream:75 - [STDERR_REDIRECT] [Fatal Error] :1:1: Premature end of file.
2026-01-21 22:02:13,627 [ERROR] LogOutputStream:75 - [STDERR_REDIRECT] 
2026-01-21 22:02:14,631 [ERROR] LogOutputStream:75 - [STDERR_REDIRECT] [Fatal Error] :1:1: Premature end of file.
2026-01-21 22:02:14,631 [ERROR] LogOutputStream:75 - [STDERR_REDIRECT] 
2026-01-21 22:02:15,630 [ERROR] LogOutputStream:75 - [STDERR_REDIRECT] [Fatal Error] :1:1: Premature end of file.
2026-01-21 22:02:15,630 [ERROR] LogOutputStream:75 - [STDERR_REDIRECT] 
2026-01-21 22:02:16,629 [ERROR] LogOutputStream:75 - [STDERR_REDIRECT] [Fatal Error] :1:1: Premature end of file.
2026-01-21 22:02:16,629 [ERROR] LogOutputStream:75 - [STDERR_REDIRECT] 
2026-01-21 22:02:17,637 [ERROR] LogOutputStream:75 - [STDERR_REDIRECT] [Fatal Error] :1:1: Premature end of file.
2026-01-21 22:02:17,637 [ERROR] LogOutputStream:75 - [STDERR_REDIRECT] 
2026-01-21 22:02:18,634 [ERROR] LogOutputStream:75 - [STDERR_REDIRECT] [Fatal Error] :1:1: Premature end of file.
2026-01-21 22:02:18,634 [ERROR] LogOutputStream:75 - [STDERR_REDIRECT] 
2026-01-21 22:02:19,637 [ERROR] LogOutputStream:75 - [STDERR_REDIRECT] [Fatal Error] :1:1: Premature end of file.
2026-01-21 22:02:19,638 [ERROR] LogOutputStream:75 - [STDERR_REDIRECT] 
2026-01-21 22:02:20,639 [ERROR] LogOutputStream:75 - [STDERR_REDIRECT] [Fatal Error] :1:1: Premature end of file.
2026-01-21 22:02:20,639 [ERROR] LogOutputStream:75 - [STDERR_REDIRECT] 
2026-01-21 22:02:21,630 [ERROR] LogOutputStream:75 - [STDERR_REDIRECT] [Fatal Error] :1:1: Premature end of file.
2026-01-21 22:02:21,630 [ERROR] LogOutputStream:75 - [STDERR_REDIRECT] 
2026-01-21 22:02:22,632 [ERROR] LogOutputStream:75 - [STDERR_REDIRECT] [Fatal Error] :1:1: Premature end of file.
2026-01-21 22:02:22,632 [ERROR] LogOutputStream:75 - [STDERR_REDIRECT] 
2026-01-21 22:02:23,630 [ERROR] LogOutputStream:75 - [STDERR_REDIRECT] [Fatal Error] :1:1: Premature end of file.
2026-01-21 22:02:23,630 [ERROR] LogOutputStream:75 - [STDERR_REDIRECT] 
2026-01-21 22:02:24,629 [ERROR] LogOutputStream:75 - [STDERR_REDIRECT] [Fatal Error] :1:1: Premature end of file.
2026-01-21 22:02:24,629 [ERROR] LogOutputStream:75 - [STDERR_REDIRECT] 
2026-01-21 22:02:25,635 [ERROR] LogOutputStream:75 - [STDERR_REDIRECT] [Fatal Error] :1:1: Premature end of file.
2026-01-21 22:02:25,635 [ERROR] LogOutputStream:75 - [STDERR_REDIRECT] 
2026-01-21 22:02:26,633 [ERROR] LogOutputStream:75 - [STDERR_REDIRECT] [Fatal Error] :1:1: Premature end of file.
2026-01-21 22:02:26,633 [ERROR] LogOutputStream:75 - [STDERR_REDIRECT] 
2026-01-21 22:02:27,639 [ERROR] LogOutputStream:75 - [STDERR_REDIRECT] [Fatal Error] :1:1: Premature end of file.
2026-01-21 22:02:27,639 [ERROR] LogOutputStream:75 - [STDERR_REDIRECT] 
2026-01-21 22:02:28,639 [ERROR] LogOutputStream:75 - [STDERR_REDIRECT] [Fatal Error] :1:1: Premature end of file.
2026-01-21 22:02:28,639 [ERROR] LogOutputStream:75 - [STDERR_REDIRECT] 
2026-01-21 22:02:29,624 [ERROR] LogOutputStream:75 - [STDERR_REDIRECT] [Fatal Error] :1:1: Premature end of file.
2026-01-21 22:02:29,624 [ERROR] LogOutputStream:75 - [STDERR_REDIRECT] 
2026-01-21 22:02:30,632 [ERROR] LogOutputStream:75 - [STDERR_REDIRECT] [Fatal Error] :1:1: Premature end of file.
2026-01-21 22:02:30,632 [ERROR] LogOutputStream:75 - [STDERR_REDIRECT] 
2026-01-21 22:02:31,631 [ERROR] LogOutputStream:75 - [STDERR_REDIRECT] [Fatal Error] :1:1: Premature end of file.
2026-01-21 22:02:31,631 [ERROR] LogOutputStream:75 - [STDERR_REDIRECT] 
2026-01-21 22:02:32,614 [ERROR] LogOutputStream:75 - [STDERR_REDIRECT] [Fatal Error] :1:1: Premature end of file.
2026-01-21 22:02:32,630 [ERROR] LogOutputStream:75 - [STDERR_REDIRECT] 
2026-01-21 22:02:33,629 [ERROR] LogOutputStream:75 - [STDERR_REDIRECT] [Fatal Error] :1:1: Premature end of file.
2026-01-21 22:02:33,629 [ERROR] LogOutputStream:75 - [STDERR_REDIRECT] 
2026-01-21 22:02:34,635 [ERROR] LogOutputStream:75 - [STDERR_REDIRECT] [Fatal Error] :1:1: Premature end of file.
2026-01-21 22:02:34,635 [ERROR] LogOutputStream:75 - [STDERR_REDIRECT] 
2026-01-21 22:02:35,636 [ERROR] LogOutputStream:75 - [STDERR_REDIRECT] [Fatal Error] :1:1: Premature end of file.
2026-01-21 22:02:35,636 [ERROR] LogOutputStream:75 - [STDERR_REDIRECT] 
2026-01-21 22:02:36,636 [ERROR] LogOutputStream:75 - [STDERR_REDIRECT] [Fatal Error] :1:1: Premature end of file.
2026-01-21 22:02:36,636 [ERROR] LogOutputStream:75 - [STDERR_REDIRECT] 
2026-01-21 22:02:37,624 [ERROR] LogOutputStream:75 - [STDERR_REDIRECT] [Fatal Error] :1:1: Premature end of file.
2026-01-21 22:02:37,624 [ERROR] LogOutputStream:75 - [STDERR_REDIRECT] 
2026-01-21 22:02:38,628 [ERROR] LogOutputStream:75 - [STDERR_REDIRECT] [Fatal Error] :1:1: Premature end of file.
2026-01-21 22:02:38,628 [ERROR] LogOutputStream:75 - [STDERR_REDIRECT] 
2026-01-21 22:02:39,630 [ERROR] LogOutputStream:75 - [STDERR_REDIRECT] [Fatal Error] :1:1: Premature end of file.
2026-01-21 22:02:39,630 [ERROR] LogOutputStream:75 - [STDERR_REDIRECT] 
2026-01-21 22:02:40,630 [ERROR] LogOutputStream:75 - [STDERR_REDIRECT] [Fatal Error] :1:1: Premature end of file.
2026-01-21 22:02:40,630 [ERROR] LogOutputStream:75 - [STDERR_REDIRECT] 
2026-01-21 22:02:41,632 [ERROR] LogOutputStream:75 - [STDERR_REDIRECT] [Fatal Error] :1:1: Premature end of file.
2026-01-21 22:02:41,632 [ERROR] LogOutputStream:75 - [STDERR_REDIRECT] 
2026-01-21 22:02:42,634 [ERROR] LogOutputStream:75 - [STDERR_REDIRECT] [Fatal Error] :1:1: Premature end of file.
2026-01-21 22:02:42,634 [ERROR] LogOutputStream:75 - [STDERR_REDIRECT] 
2026-01-21 22:02:43,632 [ERROR] LogOutputStream:75 - [STDERR_REDIRECT] [Fatal Error] :1:1: Premature end of file.
2026-01-21 22:02:43,632 [ERROR] LogOutputStream:75 - [STDERR_REDIRECT] 
2026-01-21 22:02:44,634 [ERROR] LogOutputStream:75 - [STDERR_REDIRECT] [Fatal Error] :1:1: Premature end of file.
2026-01-21 22:02:44,634 [ERROR] LogOutputStream:75 - [STDERR_REDIRECT] 
2026-01-21 22:02:45,630 [ERROR] LogOutputStream:75 - [STDERR_REDIRECT] [Fatal Error] :1:1: Premature end of file.
2026-01-21 22:02:45,630 [ERROR] LogOutputStream:75 - [STDERR_REDIRECT] 
2026-01-21 22:02:46,624 [ERROR] LogOutputStream:75 - [STDERR_REDIRECT] [Fatal Error] :1:1: Premature end of file.
2026-01-21 22:02:46,624 [ERROR] LogOutputStream:75 - [STDERR_REDIRECT] 
2026-01-21 22:02:47,630 [ERROR] LogOutputStream:75 - [STDERR_REDIRECT] [Fatal Error] :1:1: Premature end of file.
2026-01-21 22:02:47,630 [ERROR] LogOutputStream:75 - [STDERR_REDIRECT] 
2026-01-21 22:02:48,641 [ERROR] LogOutputStream:75 - [STDERR_REDIRECT] [Fatal Error] :1:1: Premature end of file.
2026-01-21 22:02:48,641 [ERROR] LogOutputStream:75 - [STDERR_REDIRECT] 
2026-01-21 22:02:49,626 [ERROR] LogOutputStream:75 - [STDERR_REDIRECT] [Fatal Error] :1:1: Premature end of file.
2026-01-21 22:02:49,626 [ERROR] LogOutputStream:75 - [STDERR_REDIRECT] 
2026-01-21 22:02:50,640 [ERROR] LogOutputStream:75 - [STDERR_REDIRECT] [Fatal Error] :1:1: Premature end of file.
2026-01-21 22:02:50,640 [ERROR] LogOutputStream:75 - [STDERR_REDIRECT] 
2026-01-21 22:02:51,626 [ERROR] LogOutputStream:75 - [STDERR_REDIRECT] [Fatal Error] :1:1: Premature end of file.
2026-01-21 22:02:51,627 [ERROR] LogOutputStream:75 - [STDERR_REDIRECT] 
2026-01-21 22:02:52,626 [ERROR] LogOutputStream:75 - [STDERR_REDIRECT] [Fatal Error] :1:1: Premature end of file.
2026-01-21 22:02:52,626 [ERROR] LogOutputStream:75 - [STDERR_REDIRECT] 
2026-01-21 22:02:53,628 [ERROR] LogOutputStream:75 - [STDERR_REDIRECT] [Fatal Error] :1:1: Premature end of file.
2026-01-21 22:02:53,628 [ERROR] LogOutputStream:75 - [STDERR_REDIRECT] 
2026-01-21 22:02:54,631 [ERROR] LogOutputStream:75 - [STDERR_REDIRECT] [Fatal Error] :1:1: Premature end of file.
2026-01-21 22:02:54,631 [ERROR] LogOutputStream:75 - [STDERR_REDIRECT] 
2026-01-21 22:02:55,627 [ERROR] LogOutputStream:75 - [STDERR_REDIRECT] [Fatal Error] :1:1: Premature end of file.
2026-01-21 22:02:55,627 [ERROR] LogOutputStream:75 - [STDERR_REDIRECT] 
2026-01-21 22:02:56,633 [ERROR] LogOutputStream:75 - [STDERR_REDIRECT] [Fatal Error] :1:1: Premature end of file.
2026-01-21 22:02:56,633 [ERROR] LogOutputStream:75 - [STDERR_REDIRECT] 
2026-01-21 22:02:57,631 [ERROR] LogOutputStream:75 - [STDERR_REDIRECT] [Fatal Error] :1:1: Premature end of file.
2026-01-21 22:02:57,631 [ERROR] LogOutputStream:75 - [STDERR_REDIRECT] 
2026-01-21 22:02:58,637 [ERROR] LogOutputStream:75 - [STDERR_REDIRECT] [Fatal Error] :1:1: Premature end of file.
2026-01-21 22:02:58,637 [ERROR] LogOutputStream:75 - [STDERR_REDIRECT] 
2026-01-21 22:02:59,631 [ERROR] LogOutputStream:75 - [STDERR_REDIRECT] [Fatal Error] :1:1: Premature end of file.
2026-01-21 22:02:59,631 [ERROR] LogOutputStream:75 - [STDERR_REDIRECT] 
2026-01-21 22:03:00,631 [ERROR] LogOutputStream:75 - [STDERR_REDIRECT] [Fatal Error] :1:1: Premature end of file.
2026-01-21 22:03:00,631 [ERROR] LogOutputStream:75 - [STDERR_REDIRECT] 
2026-01-21 22:03:01,631 [ERROR] LogOutputStream:75 - [STDERR_REDIRECT] [Fatal Error] :1:1: Premature end of file.
2026-01-21 22:03:01,631 [ERROR] LogOutputStream:75 - [STDERR_REDIRECT] 
2026-01-21 22:03:02,633 [ERROR] LogOutputStream:75 - [STDERR_REDIRECT] [Fatal Error] :1:1: Premature end of file.
2026-01-21 22:03:02,633 [ERROR] LogOutputStream:75 - [STDERR_REDIRECT] 
2026-01-21 22:03:03,631 [ERROR] LogOutputStream:75 - [STDERR_REDIRECT] [Fatal Error] :1:1: Premature end of file.
2026-01-21 22:03:03,631 [ERROR] LogOutputStream:75 - [STDERR_REDIRECT] 
2026-01-21 22:03:04,631 [ERROR] LogOutputStream:75 - [STDERR_REDIRECT] [Fatal Error] :1:1: Premature end of file.
2026-01-21 22:03:04,631 [ERROR] LogOutputStream:75 - [STDERR_REDIRECT] 
2026-01-21 22:03:05,631 [ERROR] LogOutputStream:75 - [STDERR_REDIRECT] [Fatal Error] :1:1: Premature end of file.
2026-01-21 22:03:05,631 [ERROR] LogOutputStream:75 - [STDERR_REDIRECT] 
2026-01-21 22:03:06,631 [ERROR] LogOutputStream:75 - [STDERR_REDIRECT] [Fatal Error] :1:1: Premature end of file.
2026-01-21 22:03:06,631 [ERROR] LogOutputStream:75 - [STDERR_REDIRECT] 
2026-01-21 22:03:07,631 [ERROR] LogOutputStream:75 - [STDERR_REDIRECT] [Fatal Error] :1:1: Premature end of file.
2026-01-21 22:03:07,631 [ERROR] LogOutputStream:75 - [STDERR_REDIRECT] 
2026-01-21 22:03:08,631 [ERROR] LogOutputStream:75 - [STDERR_REDIRECT] [Fatal Error] :1:1: Premature end of file.
2026-01-21 22:03:08,631 [ERROR] LogOutputStream:75 - [STDERR_REDIRECT] 
2026-01-21 22:03:09,631 [ERROR] LogOutputStream:75 - [STDERR_REDIRECT] [Fatal Error] :1:1: Premature end of file.
2026-01-21 22:03:09,631 [ERROR] LogOutputStream:75 - [STDERR_REDIRECT] 
2026-01-21 22:03:10,631 [ERROR] LogOutputStream:75 - [STDERR_REDIRECT] [Fatal Error] :1:1: Premature end of file.
2026-01-21 22:03:10,631 [ERROR] LogOutputStream:75 - [STDERR_REDIRECT] 
2026-01-21 22:03:11,630 [ERROR] LogOutputStream:75 - [STDERR_REDIRECT] [Fatal Error] :1:1: Premature end of file.
2026-01-21 22:03:11,631 [ERROR] LogOutputStream:75 - [STDERR_REDIRECT] 
2026-01-21 22:03:12,631 [ERROR] LogOutputStream:75 - [STDERR_REDIRECT] [Fatal Error] :1:1: Premature end of file.
2026-01-21 22:03:12,631 [ERROR] LogOutputStream:75 - [STDERR_REDIRECT] 
2026-01-21 22:03:13,631 [ERROR] LogOutputStream:75 - [STDERR_REDIRECT] [Fatal Error] :1:1: Premature end of file.
2026-01-21 22:03:13,631 [ERROR] LogOutputStream:75 - [STDERR_REDIRECT] 
2026-01-21 22:03:14,631 [ERROR] LogOutputStream:75 - [STDERR_REDIRECT] [Fatal Error] :1:1: Premature end of file.
2026-01-21 22:03:14,631 [ERROR] LogOutputStream:75 - [STDERR_REDIRECT] 
2026-01-21 22:03:15,633 [ERROR] LogOutputStream:75 - [STDERR_REDIRECT] [Fatal Error] :1:1: Premature end of file.
2026-01-21 22:03:15,633 [ERROR] LogOutputStream:75 - [STDERR_REDIRECT] 
2026-01-21 22:03:16,632 [ERROR] LogOutputStream:75 - [STDERR_REDIRECT] [Fatal Error] :1:1: Premature end of file.
2026-01-21 22:03:16,632 [ERROR] LogOutputStream:75 - [STDERR_REDIRECT] 
2026-01-21 22:03:17,625 [ERROR] LogOutputStream:75 - [STDERR_REDIRECT] [Fatal Error] :1:1: Premature end of file.
2026-01-21 22:03:17,625 [ERROR] LogOutputStream:75 - [STDERR_REDIRECT] 
2026-01-21 22:03:18,635 [ERROR] LogOutputStream:75 - [STDERR_REDIRECT] [Fatal Error] :1:1: Premature end of file.
2026-01-21 22:03:18,635 [ERROR] LogOutputStream:75 - [STDERR_REDIRECT] 
2026-01-21 22:03:19,632 [ERROR] LogOutputStream:75 - [STDERR_REDIRECT] [Fatal Error] :1:1: Premature end of file.
2026-01-21 22:03:19,632 [ERROR] LogOutputStream:75 - [STDERR_REDIRECT] 
2026-01-21 22:03:20,632 [ERROR] LogOutputStream:75 - [STDERR_REDIRECT] [Fatal Error] :1:1: Premature end of file.
2026-01-21 22:03:20,632 [ERROR] LogOutputStream:75 - [STDERR_REDIRECT] 
2026-01-21 22:03:21,631 [ERROR] LogOutputStream:75 - [STDERR_REDIRECT] [Fatal Error] :1:1: Premature end of file.
2026-01-21 22:03:21,631 [ERROR] LogOutputStream:75 - [STDERR_REDIRECT] 
2026-01-21 22:03:22,632 [ERROR] LogOutputStream:75 - [STDERR_REDIRECT] [Fatal Error] :1:1: Premature end of file.
2026-01-21 22:03:22,632 [ERROR] LogOutputStream:75 - [STDERR_REDIRECT] 
2026-01-21 22:03:23,632 [ERROR] LogOutputStream:75 - [STDERR_REDIRECT] [Fatal Error] :1:1: Premature end of file.
2026-01-21 22:03:23,632 [ERROR] LogOutputStream:75 - [STDERR_REDIRECT] 
2026-01-21 22:03:24,632 [ERROR] LogOutputStream:75 - [STDERR_REDIRECT] [Fatal Error] :1:1: Premature end of file.
2026-01-21 22:03:24,632 [ERROR] LogOutputStream:75 - [STDERR_REDIRECT] 
2026-01-21 22:03:25,632 [ERROR] LogOutputStream:75 - [STDERR_REDIRECT] [Fatal Error] :1:1: Premature end of file.
2026-01-21 22:03:25,632 [ERROR] LogOutputStream:75 - [STDERR_REDIRECT] 
2026-01-21 22:03:26,629 [ERROR] LogOutputStream:75 - [STDERR_REDIRECT] [Fatal Error] :1:1: Premature end of file.
2026-01-21 22:03:26,630 [ERROR] LogOutputStream:75 - [STDERR_REDIRECT] 
2026-01-21 22:03:27,627 [ERROR] LogOutputStream:75 - [STDERR_REDIRECT] [Fatal Error] :1:1: Premature end of file.
2026-01-21 22:03:27,627 [ERROR] LogOutputStream:75 - [STDERR_REDIRECT] 
2026-01-21 22:03:28,633 [ERROR] LogOutputStream:75 - [STDERR_REDIRECT] [Fatal Error] :1:1: Premature end of file.
2026-01-21 22:03:28,633 [ERROR] LogOutputStream:75 - [STDERR_REDIRECT] 
2026-01-21 22:03:29,632 [ERROR] LogOutputStream:75 - [STDERR_REDIRECT] [Fatal Error] :1:1: Premature end of file.
2026-01-21 22:03:29,632 [ERROR] LogOutputStream:75 - [STDERR_REDIRECT] 
2026-01-21 22:03:30,626 [ERROR] LogOutputStream:75 - [STDERR_REDIRECT] [Fatal Error] :1:1: Premature end of file.
2026-01-21 22:03:30,626 [ERROR] LogOutputStream:75 - [STDERR_REDIRECT] 
2026-01-21 22:03:31,633 [ERROR] LogOutputStream:75 - [STDERR_REDIRECT] [Fatal Error] :1:1: Premature end of file.
2026-01-21 22:03:31,633 [ERROR] LogOutputStream:75 - [STDERR_REDIRECT] 
2026-01-21 22:03:32,628 [ERROR] LogOutputStream:75 - [STDERR_REDIRECT] [Fatal Error] :1:1: Premature end of file.
2026-01-21 22:03:32,628 [ERROR] LogOutputStream:75 - [STDERR_REDIRECT] 
2026-01-21 22:03:33,624 [ERROR] LogOutputStream:75 - [STDERR_REDIRECT] [Fatal Error] :1:1: Premature end of file.
2026-01-21 22:03:33,625 [ERROR] LogOutputStream:75 - [STDERR_REDIRECT] 
2026-01-21 22:03:34,625 [ERROR] LogOutputStream:75 - [STDERR_REDIRECT] [Fatal Error] :1:1: Premature end of file.
2026-01-21 22:03:34,625 [ERROR] LogOutputStream:75 - [STDERR_REDIRECT] 
2026-01-21 22:03:35,626 [ERROR] LogOutputStream:75 - [STDERR_REDIRECT] [Fatal Error] :1:1: Premature end of file.
2026-01-21 22:03:35,626 [ERROR] LogOutputStream:75 - [STDERR_REDIRECT] 
2026-01-21 22:03:36,624 [ERROR] LogOutputStream:75 - [STDERR_REDIRECT] [Fatal Error] :1:1: Premature end of file.
2026-01-21 22:03:36,624 [ERROR] LogOutputStream:75 - [STDERR_REDIRECT] 
2026-01-21 22:03:37,624 [ERROR] LogOutputStream:75 - [STDERR_REDIRECT] [Fatal Error] :1:1: Premature end of file.
2026-01-21 22:03:37,624 [ERROR] LogOutputStream:75 - [STDERR_REDIRECT] 
2026-01-21 22:03:38,626 [ERROR] LogOutputStream:75 - [STDERR_REDIRECT] [Fatal Error] :1:1: Premature end of file.
2026-01-21 22:03:38,626 [ERROR] LogOutputStream:75 - [STDERR_REDIRECT] 
2026-01-21 22:03:39,625 [ERROR] LogOutputStream:75 - [STDERR_REDIRECT] [Fatal Error] :1:1: Premature end of file.
2026-01-21 22:03:39,625 [ERROR] LogOutputStream:75 - [STDERR_REDIRECT] 
2026-01-21 22:03:40,628 [ERROR] LogOutputStream:75 - [STDERR_REDIRECT] [Fatal Error] :1:1: Premature end of file.
2026-01-21 22:03:40,628 [ERROR] LogOutputStream:75 - [STDERR_REDIRECT] 
2026-01-21 22:03:41,624 [ERROR] LogOutputStream:75 - [STDERR_REDIRECT] [Fatal Error] :1:1: Premature end of file.
2026-01-21 22:03:41,624 [ERROR] LogOutputStream:75 - [STDERR_REDIRECT] 
2026-01-21 22:03:42,629 [ERROR] LogOutputStream:75 - [STDERR_REDIRECT] [Fatal Error] :1:1: Premature end of file.
2026-01-21 22:03:42,630 [ERROR] LogOutputStream:75 - [STDERR_REDIRECT] 
2026-01-21 22:03:43,633 [ERROR] LogOutputStream:75 - [STDERR_REDIRECT] [Fatal Error] :1:1: Premature end of file.
2026-01-21 22:03:43,633 [ERROR] LogOutputStream:75 - [STDERR_REDIRECT] 
2026-01-21 22:03:44,652 [ERROR] LogOutputStream:75 - [STDERR_REDIRECT] [Fatal Error] :1:1: Premature end of file.
2026-01-21 22:03:44,652 [ERROR] LogOutputStream:75 - [STDERR_REDIRECT] 
2026-01-21 22:03:45,633 [ERROR] LogOutputStream:75 - [STDERR_REDIRECT] [Fatal Error] :1:1: Premature end of file.
2026-01-21 22:03:45,633 [ERROR] LogOutputStream:75 - [STDERR_REDIRECT] 
2026-01-21 22:03:46,626 [ERROR] LogOutputStream:75 - [STDERR_REDIRECT] [Fatal Error] :1:1: Premature end of file.
2026-01-21 22:03:46,626 [ERROR] LogOutputStream:75 - [STDERR_REDIRECT] 
2026-01-21 22:03:47,627 [ERROR] LogOutputStream:75 - [STDERR_REDIRECT] [Fatal Error] :1:1: Premature end of file.
2026-01-21 22:03:47,627 [ERROR] LogOutputStream:75 - [STDERR_REDIRECT] 
2026-01-21 22:03:48,631 [ERROR] LogOutputStream:75 - [STDERR_REDIRECT] [Fatal Error] :1:1: Premature end of file.
2026-01-21 22:03:48,631 [ERROR] LogOutputStream:75 - [STDERR_REDIRECT] 
2026-01-21 22:03:49,628 [ERROR] LogOutputStream:75 - [STDERR_REDIRECT] [Fatal Error] :1:1: Premature end of file.
2026-01-21 22:03:49,628 [ERROR] LogOutputStream:75 - [STDERR_REDIRECT] 
2026-01-21 22:03:50,640 [ERROR] LogOutputStream:75 - [STDERR_REDIRECT] [Fatal Error] :1:1: Premature end of file.
2026-01-21 22:03:50,640 [ERROR] LogOutputStream:75 - [STDERR_REDIRECT] 
2026-01-21 22:03:51,623 [ERROR] LogOutputStream:75 - [STDERR_REDIRECT] [Fatal Error] :1:1: Premature end of file.
2026-01-21 22:03:51,623 [ERROR] LogOutputStream:75 - [STDERR_REDIRECT] 
2026-01-21 22:03:52,626 [ERROR] LogOutputStream:75 - [STDERR_REDIRECT] [Fatal Error] :1:1: Premature end of file.
2026-01-21 22:03:52,626 [ERROR] LogOutputStream:75 - [STDERR_REDIRECT] 
2026-01-21 22:03:53,637 [ERROR] LogOutputStream:75 - [STDERR_REDIRECT] [Fatal Error] :1:1: Premature end of file.
2026-01-21 22:03:53,637 [ERROR] LogOutputStream:75 - [STDERR_REDIRECT] 
2026-01-21 22:03:54,628 [ERROR] LogOutputStream:75 - [STDERR_REDIRECT] [Fatal Error] :1:1: Premature end of file.
2026-01-21 22:03:54,628 [ERROR] LogOutputStream:75 - [STDERR_REDIRECT] 
2026-01-21 22:03:55,631 [ERROR] LogOutputStream:75 - [STDERR_REDIRECT] [Fatal Error] :1:1: Premature end of file.
2026-01-21 22:03:55,631 [ERROR] LogOutputStream:75 - [STDERR_REDIRECT] 
2026-01-21 22:03:56,625 [ERROR] LogOutputStream:75 - [STDERR_REDIRECT] [Fatal Error] :1:1: Premature end of file.
2026-01-21 22:03:56,625 [ERROR] LogOutputStream:75 - [STDERR_REDIRECT] 
2026-01-21 22:03:57,633 [ERROR] LogOutputStream:75 - [STDERR_REDIRECT] [Fatal Error] :1:1: Premature end of file.
2026-01-21 22:03:57,633 [ERROR] LogOutputStream:75 - [STDERR_REDIRECT] 
2026-01-21 22:03:58,633 [ERROR] LogOutputStream:75 - [STDERR_REDIRECT] [Fatal Error] :1:1: Premature end of file.
2026-01-21 22:03:58,633 [ERROR] LogOutputStream:75 - [STDERR_REDIRECT] 
2026-01-21 22:03:59,636 [ERROR] LogOutputStream:75 - [STDERR_REDIRECT] [Fatal Error] :1:1: Premature end of file.
2026-01-21 22:03:59,636 [ERROR] LogOutputStream:75 - [STDERR_REDIRECT] 
2026-01-21 22:04:00,626 [ERROR] LogOutputStream:75 - [STDERR_REDIRECT] [Fatal Error] :1:1: Premature end of file.
2026-01-21 22:04:00,626 [ERROR] LogOutputStream:75 - [STDERR_REDIRECT] 
2026-01-21 22:04:01,629 [ERROR] LogOutputStream:75 - [STDERR_REDIRECT] [Fatal Error] :1:1: Premature end of file.
2026-01-21 22:04:01,629 [ERROR] LogOutputStream:75 - [STDERR_REDIRECT] 
2026-01-21 22:04:02,634 [ERROR] LogOutputStream:75 - [STDERR_REDIRECT] [Fatal Error] :1:1: Premature end of file.
2026-01-21 22:04:02,634 [ERROR] LogOutputStream:75 - [STDERR_REDIRECT] 
2026-01-21 22:04:03,637 [ERROR] LogOutputStream:75 - [STDERR_REDIRECT] [Fatal Error] :1:1: Premature end of file.
2026-01-21 22:04:03,637 [ERROR] LogOutputStream:75 - [STDERR_REDIRECT] 
2026-01-21 22:04:04,629 [ERROR] LogOutputStream:75 - [STDERR_REDIRECT] [Fatal Error] :1:1: Premature end of file.
2026-01-21 22:04:04,629 [ERROR] LogOutputStream:75 - [STDERR_REDIRECT] 
2026-01-21 22:04:05,625 [ERROR] LogOutputStream:75 - [STDERR_REDIRECT] [Fatal Error] :1:1: Premature end of file.
2026-01-21 22:04:05,625 [ERROR] LogOutputStream:75 - [STDERR_REDIRECT] 
2026-01-21 22:04:06,628 [ERROR] LogOutputStream:75 - [STDERR_REDIRECT] [Fatal Error] :1:1: Premature end of file.
2026-01-21 22:04:06,628 [ERROR] LogOutputStream:75 - [STDERR_REDIRECT] 
2026-01-21 22:04:07,633 [ERROR] LogOutputStream:75 - [STDERR_REDIRECT] [Fatal Error] :1:1: Premature end of file.
2026-01-21 22:04:07,633 [ERROR] LogOutputStream:75 - [STDERR_REDIRECT] 
2026-01-21 22:04:08,622 [ERROR] LogOutputStream:75 - [STDERR_REDIRECT] [Fatal Error] :1:1: Premature end of file.
2026-01-21 22:04:08,622 [ERROR] LogOutputStream:75 - [STDERR_REDIRECT] 
2026-01-21 22:04:09,629 [ERROR] LogOutputStream:75 - [STDERR_REDIRECT] [Fatal Error] :1:1: Premature end of file.
2026-01-21 22:04:09,629 [ERROR] LogOutputStream:75 - [STDERR_REDIRECT] 
2026-01-21 22:04:10,635 [ERROR] LogOutputStream:75 - [STDERR_REDIRECT] [Fatal Error] :1:1: Premature end of file.
2026-01-21 22:04:10,635 [ERROR] LogOutputStream:75 - [STDERR_REDIRECT] 
2026-01-21 22:04:11,624 [ERROR] LogOutputStream:75 - [STDERR_REDIRECT] [Fatal Error] :1:1: Premature end of file.
2026-01-21 22:04:11,624 [ERROR] LogOutputStream:75 - [STDERR_REDIRECT] 
2026-01-21 22:04:12,618 [ERROR] LogOutputStream:75 - [STDERR_REDIRECT] [Fatal Error] :1:1: Premature end of file.
2026-01-21 22:04:12,618 [ERROR] LogOutputStream:75 - [STDERR_REDIRECT] 
2026-01-21 22:04:13,623 [ERROR] LogOutputStream:75 - [STDERR_REDIRECT] [Fatal Error] :1:1: Premature end of file.
2026-01-21 22:04:13,623 [ERROR] LogOutputStream:75 - [STDERR_REDIRECT] 
2026-01-21 22:04:14,628 [ERROR] LogOutputStream:75 - [STDERR_REDIRECT] [Fatal Error] :1:1: Premature end of file.
2026-01-21 22:04:14,628 [ERROR] LogOutputStream:75 - [STDERR_REDIRECT] 
2026-01-21 22:04:15,630 [ERROR] LogOutputStream:75 - [STDERR_REDIRECT] [Fatal Error] :1:1: Premature end of file.
2026-01-21 22:04:15,630 [ERROR] LogOutputStream:75 - [STDERR_REDIRECT] 
2026-01-21 22:04:16,627 [ERROR] LogOutputStream:75 - [STDERR_REDIRECT] [Fatal Error] :1:1: Premature end of file.
2026-01-21 22:04:16,627 [ERROR] LogOutputStream:75 - [STDERR_REDIRECT] 
2026-01-21 22:04:17,632 [ERROR] LogOutputStream:75 - [STDERR_REDIRECT] [Fatal Error] :1:1: Premature end of file.
2026-01-21 22:04:17,632 [ERROR] LogOutputStream:75 - [STDERR_REDIRECT] 
2026-01-21 22:04:18,624 [ERROR] LogOutputStream:75 - [STDERR_REDIRECT] [Fatal Error] :1:1: Premature end of file.
2026-01-21 22:04:18,624 [ERROR] LogOutputStream:75 - [STDERR_REDIRECT] 
2026-01-21 22:04:19,628 [ERROR] LogOutputStream:75 - [STDERR_REDIRECT] [Fatal Error] :1:1: Premature end of file.
2026-01-21 22:04:19,628 [ERROR] LogOutputStream:75 - [STDERR_REDIRECT] 
2026-01-21 22:04:20,633 [ERROR] LogOutputStream:75 - [STDERR_REDIRECT] [Fatal Error] :1:1: Premature end of file.
2026-01-21 22:04:20,633 [ERROR] LogOutputStream:75 - [STDERR_REDIRECT] 
2026-01-21 22:04:21,633 [ERROR] LogOutputStream:75 - [STDERR_REDIRECT] [Fatal Error] :1:1: Premature end of file.
2026-01-21 22:04:21,633 [ERROR] LogOutputStream:75 - [STDERR_REDIRECT] 
2026-01-21 22:04:22,621 [ERROR] LogOutputStream:75 - [STDERR_REDIRECT] [Fatal Error] :1:1: Premature end of file.
2026-01-21 22:04:22,621 [ERROR] LogOutputStream:75 - [STDERR_REDIRECT] 
2026-01-21 22:04:23,624 [ERROR] LogOutputStream:75 - [STDERR_REDIRECT] [Fatal Error] :1:1: Premature end of file.
2026-01-21 22:04:23,624 [ERROR] LogOutputStream:75 - [STDERR_REDIRECT] 
2026-01-21 22:04:24,627 [ERROR] LogOutputStream:75 - [STDERR_REDIRECT] [Fatal Error] :1:1: Premature end of file.
2026-01-21 22:04:24,627 [ERROR] LogOutputStream:75 - [STDERR_REDIRECT] 
2026-01-21 22:04:25,642 [ERROR] LogOutputStream:75 - [STDERR_REDIRECT] [Fatal Error] :1:1: Premature end of file.
2026-01-21 22:04:25,642 [ERROR] LogOutputStream:75 - [STDERR_REDIRECT] 
2026-01-21 22:04:26,626 [ERROR] LogOutputStream:75 - [STDERR_REDIRECT] [Fatal Error] :1:1: Premature end of file.
2026-01-21 22:04:26,626 [ERROR] LogOutputStream:75 - [STDERR_REDIRECT] 
2026-01-21 22:04:27,627 [ERROR] LogOutputStream:75 - [STDERR_REDIRECT] [Fatal Error] :1:1: Premature end of file.
2026-01-21 22:04:27,627 [ERROR] LogOutputStream:75 - [STDERR_REDIRECT] 
2026-01-21 22:04:28,632 [ERROR] LogOutputStream:75 - [STDERR_REDIRECT] [Fatal Error] :1:1: Premature end of file.
2026-01-21 22:04:28,632 [ERROR] LogOutputStream:75 - [STDERR_REDIRECT] 
2026-01-21 22:04:29,624 [ERROR] LogOutputStream:75 - [STDERR_REDIRECT] [Fatal Error] :1:1: Premature end of file.
2026-01-21 22:04:29,624 [ERROR] LogOutputStream:75 - [STDERR_REDIRECT] 
2026-01-21 22:04:30,637 [ERROR] LogOutputStream:75 - [STDERR_REDIRECT] [Fatal Error] :1:1: Premature end of file.
2026-01-21 22:04:30,637 [ERROR] LogOutputStream:75 - [STDERR_REDIRECT] 
2026-01-21 22:04:31,635 [ERROR] LogOutputStream:75 - [STDERR_REDIRECT] [Fatal Error] :1:1: Premature end of file.
2026-01-21 22:04:31,635 [ERROR] LogOutputStream:75 - [STDERR_REDIRECT] 
2026-01-21 22:04:32,633 [ERROR] LogOutputStream:75 - [STDERR_REDIRECT] [Fatal Error] :1:1: Premature end of file.
2026-01-21 22:04:32,633 [ERROR] LogOutputStream:75 - [STDERR_REDIRECT] 
2026-01-21 22:04:33,621 [ERROR] LogOutputStream:75 - [STDERR_REDIRECT] [Fatal Error] :1:1: Premature end of file.
2026-01-21 22:04:33,621 [ERROR] LogOutputStream:75 - [STDERR_REDIRECT] 
2026-01-21 22:04:34,633 [ERROR] LogOutputStream:75 - [STDERR_REDIRECT] [Fatal Error] :1:1: Premature end of file.
2026-01-21 22:04:34,633 [ERROR] LogOutputStream:75 - [STDERR_REDIRECT] 
2026-01-21 22:04:35,637 [ERROR] LogOutputStream:75 - [STDERR_REDIRECT] [Fatal Error] :1:1: Premature end of file.
2026-01-21 22:04:35,637 [ERROR] LogOutputStream:75 - [STDERR_REDIRECT] 
2026-01-21 22:04:36,635 [ERROR] LogOutputStream:75 - [STDERR_REDIRECT] [Fatal Error] :1:1: Premature end of file.
2026-01-21 22:04:36,635 [ERROR] LogOutputStream:75 - [STDERR_REDIRECT] 
2026-01-21 22:04:37,620 [ERROR] LogOutputStream:75 - [STDERR_REDIRECT] [Fatal Error] :1:1: Premature end of file.
2026-01-21 22:04:37,620 [ERROR] LogOutputStream:75 - [STDERR_REDIRECT] 
2026-01-21 22:04:38,633 [ERROR] LogOutputStream:75 - [STDERR_REDIRECT] [Fatal Error] :1:1: Premature end of file.
2026-01-21 22:04:38,633 [ERROR] LogOutputStream:75 - [STDERR_REDIRECT] 
2026-01-21 22:04:39,627 [ERROR] LogOutputStream:75 - [STDERR_REDIRECT] [Fatal Error] :1:1: Premature end of file.
2026-01-21 22:04:39,627 [ERROR] LogOutputStream:75 - [STDERR_REDIRECT] 
2026-01-21 22:04:40,630 [ERROR] LogOutputStream:75 - [STDERR_REDIRECT] [Fatal Error] :1:1: Premature end of file.
2026-01-21 22:04:40,630 [ERROR] LogOutputStream:75 - [STDERR_REDIRECT] 
2026-01-21 22:04:41,636 [ERROR] LogOutputStream:75 - [STDERR_REDIRECT] [Fatal Error] :1:1: Premature end of file.
2026-01-21 22:04:41,636 [ERROR] LogOutputStream:75 - [STDERR_REDIRECT] 
2026-01-21 22:04:42,633 [ERROR] LogOutputStream:75 - [STDERR_REDIRECT] [Fatal Error] :1:1: Premature end of file.
2026-01-21 22:04:42,633 [ERROR] LogOutputStream:75 - [STDERR_REDIRECT] 
2026-01-21 22:04:43,621 [ERROR] LogOutputStream:75 - [STDERR_REDIRECT] [Fatal Error] :1:1: Premature end of file.
2026-01-21 22:04:43,621 [ERROR] LogOutputStream:75 - [STDERR_REDIRECT] 
2026-01-21 22:04:44,635 [ERROR] LogOutputStream:75 - [STDERR_REDIRECT] [Fatal Error] :1:1: Premature end of file.
2026-01-21 22:04:44,635 [ERROR] LogOutputStream:75 - [STDERR_REDIRECT] 
2026-01-21 22:04:45,633 [ERROR] LogOutputStream:75 - [STDERR_REDIRECT] [Fatal Error] :1:1: Premature end of file.
2026-01-21 22:04:45,633 [ERROR] LogOutputStream:75 - [STDERR_REDIRECT] 
2026-01-21 22:04:46,628 [ERROR] LogOutputStream:75 - [STDERR_REDIRECT] [Fatal Error] :1:1: Premature end of file.
2026-01-21 22:04:46,628 [ERROR] LogOutputStream:75 - [STDERR_REDIRECT] 
2026-01-21 22:04:47,636 [ERROR] LogOutputStream:75 - [STDERR_REDIRECT] [Fatal Error] :1:1: Premature end of file.
2026-01-21 22:04:47,637 [ERROR] LogOutputStream:75 - [STDERR_REDIRECT] 
2026-01-21 22:04:48,628 [ERROR] LogOutputStream:75 - [STDERR_REDIRECT] [Fatal Error] :1:1: Premature end of file.
2026-01-21 22:04:48,628 [ERROR] LogOutputStream:75 - [STDERR_REDIRECT] 
2026-01-21 22:04:49,634 [ERROR] LogOutputStream:75 - [STDERR_REDIRECT] [Fatal Error] :1:1: Premature end of file.
2026-01-21 22:04:49,634 [ERROR] LogOutputStream:75 - [STDERR_REDIRECT] 
2026-01-21 22:04:50,627 [ERROR] LogOutputStream:75 - [STDERR_REDIRECT] [Fatal Error] :1:1: Premature end of file.
2026-01-21 22:04:50,627 [ERROR] LogOutputStream:75 - [STDERR_REDIRECT] 
2026-01-21 22:04:51,636 [ERROR] LogOutputStream:75 - [STDERR_REDIRECT] [Fatal Error] :1:1: Premature end of file.
2026-01-21 22:04:51,636 [ERROR] LogOutputStream:75 - [STDERR_REDIRECT] 
2026-01-21 22:04:52,633 [ERROR] LogOutputStream:75 - [STDERR_REDIRECT] [Fatal Error] :1:1: Premature end of file.
2026-01-21 22:04:52,633 [ERROR] LogOutputStream:75 - [STDERR_REDIRECT] 
2026-01-21 22:04:53,635 [ERROR] LogOutputStream:75 - [STDERR_REDIRECT] [Fatal Error] :1:1: Premature end of file.
2026-01-21 22:04:53,635 [ERROR] LogOutputStream:75 - [STDERR_REDIRECT] 
2026-01-21 22:04:54,619 [ERROR] LogOutputStream:75 - [STDERR_REDIRECT] [Fatal Error] :1:1: Premature end of file.
2026-01-21 22:04:54,619 [ERROR] LogOutputStream:75 - [STDERR_REDIRECT] 
2026-01-21 22:04:55,634 [ERROR] LogOutputStream:75 - [STDERR_REDIRECT] [Fatal Error] :1:1: Premature end of file.
2026-01-21 22:04:55,634 [ERROR] LogOutputStream:75 - [STDERR_REDIRECT] 
2026-01-21 22:04:56,635 [ERROR] LogOutputStream:75 - [STDERR_REDIRECT] [Fatal Error] :1:1: Premature end of file.
2026-01-21 22:04:56,635 [ERROR] LogOutputStream:75 - [STDERR_REDIRECT] 
2026-01-21 22:04:57,639 [ERROR] LogOutputStream:75 - [STDERR_REDIRECT] [Fatal Error] :1:1: Premature end of file.
2026-01-21 22:04:57,639 [ERROR] LogOutputStream:75 - [STDERR_REDIRECT] 
2026-01-21 22:04:58,636 [ERROR] LogOutputStream:75 - [STDERR_REDIRECT] [Fatal Error] :1:1: Premature end of file.
2026-01-21 22:04:58,636 [ERROR] LogOutputStream:75 - [STDERR_REDIRECT] 
2026-01-21 22:04:59,635 [ERROR] LogOutputStream:75 - [STDERR_REDIRECT] [Fatal Error] :1:1: Premature end of file.
2026-01-21 22:04:59,635 [ERROR] LogOutputStream:75 - [STDERR_REDIRECT] 
2026-01-21 22:05:00,636 [ERROR] LogOutputStream:75 - [STDERR_REDIRECT] [Fatal Error] :1:1: Premature end of file.
2026-01-21 22:05:00,636 [ERROR] LogOutputStream:75 - [STDERR_REDIRECT] 
2026-01-21 22:05:01,635 [ERROR] LogOutputStream:75 - [STDERR_REDIRECT] [Fatal Error] :1:1: Premature end of file.
2026-01-21 22:05:01,635 [ERROR] LogOutputStream:75 - [STDERR_REDIRECT] 
2026-01-21 22:05:02,619 [ERROR] LogOutputStream:75 - [STDERR_REDIRECT] [Fatal Error] :1:1: Premature end of file.
2026-01-21 22:05:02,619 [ERROR] LogOutputStream:75 - [STDERR_REDIRECT] 
2026-01-21 22:05:03,627 [ERROR] LogOutputStream:75 - [STDERR_REDIRECT] [Fatal Error] :1:1: Premature end of file.
2026-01-21 22:05:03,627 [ERROR] LogOutputStream:75 - [STDERR_REDIRECT] 
2026-01-21 22:05:04,634 [ERROR] LogOutputStream:75 - [STDERR_REDIRECT] [Fatal Error] :1:1: Premature end of file.
2026-01-21 22:05:04,634 [ERROR] LogOutputStream:75 - [STDERR_REDIRECT] 
2026-01-21 22:05:05,633 [ERROR] LogOutputStream:75 - [STDERR_REDIRECT] [Fatal Error] :1:1: Premature end of file.
2026-01-21 22:05:05,633 [ERROR] LogOutputStream:75 - [STDERR_REDIRECT] 
2026-01-21 22:05:06,634 [ERROR] LogOutputStream:75 - [STDERR_REDIRECT] [Fatal Error] :1:1: Premature end of file.
2026-01-21 22:05:06,634 [ERROR] LogOutputStream:75 - [STDERR_REDIRECT] 
2026-01-21 22:05:07,630 [ERROR] LogOutputStream:75 - [STDERR_REDIRECT] [Fatal Error] :1:1: Premature end of file.
2026-01-21 22:05:07,630 [ERROR] LogOutputStream:75 - [STDERR_REDIRECT] 
2026-01-21 22:05:08,629 [ERROR] LogOutputStream:75 - [STDERR_REDIRECT] [Fatal Error] :1:1: Premature end of file.
2026-01-21 22:05:08,629 [ERROR] LogOutputStream:75 - [STDERR_REDIRECT] 
2026-01-21 22:05:09,634 [ERROR] LogOutputStream:75 - [STDERR_REDIRECT] [Fatal Error] :1:1: Premature end of file.
2026-01-21 22:05:09,634 [ERROR] LogOutputStream:75 - [STDERR_REDIRECT] 
2026-01-21 22:05:10,627 [ERROR] LogOutputStream:75 - [STDERR_REDIRECT] [Fatal Error] :1:1: Premature end of file.
2026-01-21 22:05:10,627 [ERROR] LogOutputStream:75 - [STDERR_REDIRECT] 
2026-01-21 22:05:11,621 [ERROR] LogOutputStream:75 - [STDERR_REDIRECT] [Fatal Error] :1:1: Premature end of file.
2026-01-21 22:05:11,621 [ERROR] LogOutputStream:75 - [STDERR_REDIRECT] 
2026-01-21 22:05:12,622 [ERROR] LogOutputStream:75 - [STDERR_REDIRECT] [Fatal Error] :1:1: Premature end of file.
2026-01-21 22:05:12,622 [ERROR] LogOutputStream:75 - [STDERR_REDIRECT] 
2026-01-21 22:05:13,627 [ERROR] LogOutputStream:75 - [STDERR_REDIRECT] [Fatal Error] :1:1: Premature end of file.
2026-01-21 22:05:13,627 [ERROR] LogOutputStream:75 - [STDERR_REDIRECT] 
2026-01-21 22:05:14,632 [ERROR] LogOutputStream:75 - [STDERR_REDIRECT] [Fatal Error] :1:1: Premature end of file.
2026-01-21 22:05:14,632 [ERROR] LogOutputStream:75 - [STDERR_REDIRECT] 
2026-01-21 22:05:15,634 [ERROR] LogOutputStream:75 - [STDERR_REDIRECT] [Fatal Error] :1:1: Premature end of file.
2026-01-21 22:05:15,634 [ERROR] LogOutputStream:75 - [STDERR_REDIRECT] 
2026-01-21 22:05:16,635 [ERROR] LogOutputStream:75 - [STDERR_REDIRECT] [Fatal Error] :1:1: Premature end of file.
2026-01-21 22:05:16,635 [ERROR] LogOutputStream:75 - [STDERR_REDIRECT] 
2026-01-21 22:05:17,622 [ERROR] LogOutputStream:75 - [STDERR_REDIRECT] [Fatal Error] :1:1: Premature end of file.
2026-01-21 22:05:17,622 [ERROR] LogOutputStream:75 - [STDERR_REDIRECT] 
2026-01-21 22:05:18,629 [ERROR] LogOutputStream:75 - [STDERR_REDIRECT] [Fatal Error] :1:1: Premature end of file.
2026-01-21 22:05:18,629 [ERROR] LogOutputStream:75 - [STDERR_REDIRECT] 
2026-01-21 22:05:19,635 [ERROR] LogOutputStream:75 - [STDERR_REDIRECT] [Fatal Error] :1:1: Premature end of file.
2026-01-21 22:05:19,635 [ERROR] LogOutputStream:75 - [STDERR_REDIRECT] 
2026-01-21 22:05:20,625 [ERROR] LogOutputStream:75 - [STDERR_REDIRECT] [Fatal Error] :1:1: Premature end of file.
2026-01-21 22:05:20,625 [ERROR] LogOutputStream:75 - [STDERR_REDIRECT] 
2026-01-21 22:05:21,628 [ERROR] LogOutputStream:75 - [STDERR_REDIRECT] [Fatal Error] :1:1: Premature end of file.
2026-01-21 22:05:21,628 [ERROR] LogOutputStream:75 - [STDERR_REDIRECT] 
2026-01-21 22:05:22,626 [ERROR] LogOutputStream:75 - [STDERR_REDIRECT] [Fatal Error] :1:1: Premature end of file.
2026-01-21 22:05:22,626 [ERROR] LogOutputStream:75 - [STDERR_REDIRECT] 
2026-01-21 22:05:23,634 [ERROR] LogOutputStream:75 - [STDERR_REDIRECT] [Fatal Error] :1:1: Premature end of file.
2026-01-21 22:05:23,634 [ERROR] LogOutputStream:75 - [STDERR_REDIRECT] 
2026-01-21 22:05:24,621 [ERROR] LogOutputStream:75 - [STDERR_REDIRECT] [Fatal Error] :1:1: Premature end of file.
2026-01-21 22:05:24,621 [ERROR] LogOutputStream:75 - [STDERR_REDIRECT] 
2026-01-21 22:05:25,631 [ERROR] LogOutputStream:75 - [STDERR_REDIRECT] [Fatal Error] :1:1: Premature end of file.
2026-01-21 22:05:25,631 [ERROR] LogOutputStream:75 - [STDERR_REDIRECT] 
2026-01-21 22:05:26,654 [ERROR] LogOutputStream:75 - [STDERR_REDIRECT] [Fatal Error] :1:1: Premature end of file.
2026-01-21 22:05:26,654 [ERROR] LogOutputStream:75 - [STDERR_REDIRECT] 
2026-01-21 22:05:27,637 [ERROR] LogOutputStream:75 - [STDERR_REDIRECT] [Fatal Error] :1:1: Premature end of file.
2026-01-21 22:05:27,637 [ERROR] LogOutputStream:75 - [STDERR_REDIRECT] 
2026-01-21 22:05:28,641 [ERROR] LogOutputStream:75 - [STDERR_REDIRECT] [Fatal Error] :1:1: Premature end of file.
2026-01-21 22:05:28,641 [ERROR] LogOutputStream:75 - [STDERR_REDIRECT] 
2026-01-21 22:05:29,623 [ERROR] LogOutputStream:75 - [STDERR_REDIRECT] [Fatal Error] :1:1: Premature end of file.
2026-01-21 22:05:29,623 [ERROR] LogOutputStream:75 - [STDERR_REDIRECT] 
2026-01-21 22:05:30,637 [ERROR] LogOutputStream:75 - [STDERR_REDIRECT] [Fatal Error] :1:1: Premature end of file.
2026-01-21 22:05:30,637 [ERROR] LogOutputStream:75 - [STDERR_REDIRECT] 
2026-01-21 22:05:31,635 [ERROR] LogOutputStream:75 - [STDERR_REDIRECT] [Fatal Error] :1:1: Premature end of file.
2026-01-21 22:05:31,635 [ERROR] LogOutputStream:75 - [STDERR_REDIRECT] 
2026-01-21 22:05:32,640 [ERROR] LogOutputStream:75 - [STDERR_REDIRECT] [Fatal Error] :1:1: Premature end of file.
2026-01-21 22:05:32,640 [ERROR] LogOutputStream:75 - [STDERR_REDIRECT] 
2026-01-21 22:05:33,637 [ERROR] LogOutputStream:75 - [STDERR_REDIRECT] [Fatal Error] :1:1: Premature end of file.
2026-01-21 22:05:33,637 [ERROR] LogOutputStream:75 - [STDERR_REDIRECT] 
2026-01-21 22:05:34,629 [ERROR] LogOutputStream:75 - [STDERR_REDIRECT] [Fatal Error] :1:1: Premature end of file.
2026-01-21 22:05:34,629 [ERROR] LogOutputStream:75 - [STDERR_REDIRECT] 
2026-01-21 22:05:35,633 [ERROR] LogOutputStream:75 - [STDERR_REDIRECT] [Fatal Error] :1:1: Premature end of file.
2026-01-21 22:05:35,633 [ERROR] LogOutputStream:75 - [STDERR_REDIRECT] 
2026-01-21 22:05:36,625 [ERROR] LogOutputStream:75 - [STDERR_REDIRECT] [Fatal Error] :1:1: Premature end of file.
2026-01-21 22:05:36,625 [ERROR] LogOutputStream:75 - [STDERR_REDIRECT] 
2026-01-21 22:05:37,629 [ERROR] LogOutputStream:75 - [STDERR_REDIRECT] [Fatal Error] :1:1: Premature end of file.
2026-01-21 22:05:37,629 [ERROR] LogOutputStream:75 - [STDERR_REDIRECT] 
2026-01-21 22:05:38,636 [ERROR] LogOutputStream:75 - [STDERR_REDIRECT] [Fatal Error] :1:1: Premature end of file.
2026-01-21 22:05:38,636 [ERROR] LogOutputStream:75 - [STDERR_REDIRECT] 
2026-01-21 22:05:39,635 [ERROR] LogOutputStream:75 - [STDERR_REDIRECT] [Fatal Error] :1:1: Premature end of file.
2026-01-21 22:05:39,635 [ERROR] LogOutputStream:75 - [STDERR_REDIRECT] 
2026-01-21 22:05:40,637 [ERROR] LogOutputStream:75 - [STDERR_REDIRECT] [Fatal Error] :1:1: Premature end of file.
2026-01-21 22:05:40,637 [ERROR] LogOutputStream:75 - [STDERR_REDIRECT] 
2026-01-21 22:05:41,631 [ERROR] LogOutputStream:75 - [STDERR_REDIRECT] [Fatal Error] :1:1: Premature end of file.
2026-01-21 22:05:41,631 [ERROR] LogOutputStream:75 - [STDERR_REDIRECT] 
2026-01-21 22:05:42,634 [ERROR] LogOutputStream:75 - [STDERR_REDIRECT] [Fatal Error] :1:1: Premature end of file.
2026-01-21 22:05:42,634 [ERROR] LogOutputStream:75 - [STDERR_REDIRECT] 
2026-01-21 22:05:43,634 [ERROR] LogOutputStream:75 - [STDERR_REDIRECT] [Fatal Error] :1:1: Premature end of file.
2026-01-21 22:05:43,634 [ERROR] LogOutputStream:75 - [STDERR_REDIRECT] 
2026-01-21 22:05:44,622 [ERROR] LogOutputStream:75 - [STDERR_REDIRECT] [Fatal Error] :1:1: Premature end of file.
2026-01-21 22:05:44,622 [ERROR] LogOutputStream:75 - [STDERR_REDIRECT] 
2026-01-21 22:05:45,641 [ERROR] LogOutputStream:75 - [STDERR_REDIRECT] [Fatal Error] :1:1: Premature end of file.
2026-01-21 22:05:45,641 [ERROR] LogOutputStream:75 - [STDERR_REDIRECT] 
2026-01-21 22:05:46,635 [ERROR] LogOutputStream:75 - [STDERR_REDIRECT] [Fatal Error] :1:1: Premature end of file.
2026-01-21 22:05:46,635 [ERROR] LogOutputStream:75 - [STDERR_REDIRECT] 
2026-01-21 22:05:47,630 [ERROR] LogOutputStream:75 - [STDERR_REDIRECT] [Fatal Error] :1:1: Premature end of file.
2026-01-21 22:05:47,630 [ERROR] LogOutputStream:75 - [STDERR_REDIRECT] 
2026-01-21 22:05:48,640 [ERROR] LogOutputStream:75 - [STDERR_REDIRECT] [Fatal Error] :1:1: Premature end of file.
2026-01-21 22:05:48,640 [ERROR] LogOutputStream:75 - [STDERR_REDIRECT] 
2026-01-21 22:05:49,625 [ERROR] LogOutputStream:75 - [STDERR_REDIRECT] [Fatal Error] :1:1: Premature end of file.
2026-01-21 22:05:49,625 [ERROR] LogOutputStream:75 - [STDERR_REDIRECT] 
2026-01-21 22:05:50,638 [ERROR] LogOutputStream:75 - [STDERR_REDIRECT] [Fatal Error] :1:1: Premature end of file.
2026-01-21 22:05:50,638 [ERROR] LogOutputStream:75 - [STDERR_REDIRECT] 
2026-01-21 22:05:51,621 [ERROR] LogOutputStream:75 - [STDERR_REDIRECT] [Fatal Error] :1:1: Premature end of file.
2026-01-21 22:05:51,621 [ERROR] LogOutputStream:75 - [STDERR_REDIRECT] 
2026-01-21 22:05:52,638 [ERROR] LogOutputStream:75 - [STDERR_REDIRECT] [Fatal Error] :1:1: Premature end of file.
2026-01-21 22:05:52,638 [ERROR] LogOutputStream:75 - [STDERR_REDIRECT] 
2026-01-21 22:05:53,621 [ERROR] LogOutputStream:75 - [STDERR_REDIRECT] [Fatal Error] :1:1: Premature end of file.
2026-01-21 22:05:53,621 [ERROR] LogOutputStream:75 - [STDERR_REDIRECT] 
2026-01-21 22:05:54,637 [ERROR] LogOutputStream:75 - [STDERR_REDIRECT] [Fatal Error] :1:1: Premature end of file.
2026-01-21 22:05:54,637 [ERROR] LogOutputStream:75 - [STDERR_REDIRECT] 
2026-01-21 22:05:55,641 [ERROR] LogOutputStream:75 - [STDERR_REDIRECT] [Fatal Error] :1:1: Premature end of file.
2026-01-21 22:05:55,641 [ERROR] LogOutputStream:75 - [STDERR_REDIRECT] 
2026-01-21 22:05:56,648 [ERROR] LogOutputStream:75 - [STDERR_REDIRECT] [Fatal Error] :1:1: Premature end of file.
2026-01-21 22:05:56,648 [ERROR] LogOutputStream:75 - [STDERR_REDIRECT] 
2026-01-21 22:05:57,621 [ERROR] LogOutputStream:75 - [STDERR_REDIRECT] [Fatal Error] :1:1: Premature end of file.
2026-01-21 22:05:57,621 [ERROR] LogOutputStream:75 - [STDERR_REDIRECT] 
2026-01-21 22:05:58,638 [ERROR] LogOutputStream:75 - [STDERR_REDIRECT] [Fatal Error] :1:1: Premature end of file.
2026-01-21 22:05:58,638 [ERROR] LogOutputStream:75 - [STDERR_REDIRECT] 
2026-01-21 22:05:59,655 [ERROR] LogOutputStream:75 - [STDERR_REDIRECT] [Fatal Error] :1:1: Premature end of file.
2026-01-21 22:05:59,655 [ERROR] LogOutputStream:75 - [STDERR_REDIRECT] 
2026-01-21 22:06:00,638 [ERROR] LogOutputStream:75 - [STDERR_REDIRECT] [Fatal Error] :1:1: Premature end of file.
2026-01-21 22:06:00,638 [ERROR] LogOutputStream:75 - [STDERR_REDIRECT] 
2026-01-21 22:06:01,638 [ERROR] LogOutputStream:75 - [STDERR_REDIRECT] [Fatal Error] :1:1: Premature end of file.
2026-01-21 22:06:01,638 [ERROR] LogOutputStream:75 - [STDERR_REDIRECT] 
2026-01-21 22:06:02,736 [ERROR] LogOutputStream:75 - [STDERR_REDIRECT] [Fatal Error] :1:1: Premature end of file.
2026-01-21 22:06:02,736 [ERROR] LogOutputStream:75 - [STDERR_REDIRECT] 
2026-01-21 22:06:03,692 [ERROR] LogOutputStream:75 - [STDERR_REDIRECT] [Fatal Error] :1:1: Premature end of file.
2026-01-21 22:06:03,692 [ERROR] LogOutputStream:75 - [STDERR_REDIRECT] 
2026-01-21 22:06:04,726 [ERROR] LogOutputStream:75 - [STDERR_REDIRECT] [Fatal Error] :1:1: Premature end of file.
2026-01-21 22:06:04,726 [ERROR] LogOutputStream:75 - [STDERR_REDIRECT] 
2026-01-21 22:06:05,821 [ERROR] LogOutputStream:75 - [STDERR_REDIRECT] [Fatal Error] :1:1: Premature end of file.
2026-01-21 22:06:05,821 [ERROR] LogOutputStream:75 - [STDERR_REDIRECT] 
2026-01-21 22:06:06,713 [ERROR] LogOutputStream:75 - [STDERR_REDIRECT] [Fatal Error] :1:1: Premature end of file.
2026-01-21 22:06:06,713 [ERROR] LogOutputStream:75 - [STDERR_REDIRECT] 
2026-01-21 22:06:07,700 [ERROR] LogOutputStream:75 - [STDERR_REDIRECT] [Fatal Error] :1:1: Premature end of file.
2026-01-21 22:06:07,700 [ERROR] LogOutputStream:75 - [STDERR_REDIRECT] 
2026-01-21 22:06:08,665 [ERROR] LogOutputStream:75 - [STDERR_REDIRECT] [Fatal Error] :1:1: Premature end of file.
2026-01-21 22:06:08,665 [ERROR] LogOutputStream:75 - [STDERR_REDIRECT] 
2026-01-21 22:06:09,726 [ERROR] LogOutputStream:75 - [STDERR_REDIRECT] [Fatal Error] :1:1: Premature end of file.
2026-01-21 22:06:09,726 [ERROR] LogOutputStream:75 - [STDERR_REDIRECT] 
2026-01-21 22:06:10,806 [ERROR] LogOutputStream:75 - [STDERR_REDIRECT] [Fatal Error] :1:1: Premature end of file.
2026-01-21 22:06:10,806 [ERROR] LogOutputStream:75 - [STDERR_REDIRECT] 
2026-01-21 22:06:11,727 [ERROR] LogOutputStream:75 - [STDERR_REDIRECT] [Fatal Error] :1:1: Premature end of file.
2026-01-21 22:06:11,727 [ERROR] LogOutputStream:75 - [STDERR_REDIRECT] 
2026-01-21 22:06:12,720 [ERROR] LogOutputStream:75 - [STDERR_REDIRECT] [Fatal Error] :1:1: Premature end of file.
2026-01-21 22:06:12,720 [ERROR] LogOutputStream:75 - [STDERR_REDIRECT] 
2026-01-21 22:06:13,642 [ERROR] LogOutputStream:75 - [STDERR_REDIRECT] [Fatal Error] :1:1: Premature end of file.
2026-01-21 22:06:13,642 [ERROR] LogOutputStream:75 - [STDERR_REDIRECT] 
2026-01-21 22:06:14,712 [ERROR] LogOutputStream:75 - [STDERR_REDIRECT] [Fatal Error] :1:1: Premature end of file.
2026-01-21 22:06:14,712 [ERROR] LogOutputStream:75 - [STDERR_REDIRECT] 
2026-01-21 22:06:15,708 [ERROR] LogOutputStream:75 - [STDERR_REDIRECT] [Fatal Error] :1:1: Premature end of file.
2026-01-21 22:06:15,708 [ERROR] LogOutputStream:75 - [STDERR_REDIRECT] 
2026-01-21 22:06:16,696 [ERROR] LogOutputStream:75 - [STDERR_REDIRECT] [Fatal Error] :1:1: Premature end of file.
2026-01-21 22:06:16,696 [ERROR] LogOutputStream:75 - [STDERR_REDIRECT] 
2026-01-21 22:06:17,692 [ERROR] LogOutputStream:75 - [STDERR_REDIRECT] [Fatal Error] :1:1: Premature end of file.
2026-01-21 22:06:17,692 [ERROR] LogOutputStream:75 - [STDERR_REDIRECT] 
2026-01-21 22:06:18,622 [ERROR] LogOutputStream:75 - [STDERR_REDIRECT] [Fatal Error] :1:1: Premature end of file.
2026-01-21 22:06:18,627 [ERROR] LogOutputStream:75 - [STDERR_REDIRECT] 
2026-01-21 22:06:19,622 [ERROR] LogOutputStream:75 - [STDERR_REDIRECT] [Fatal Error] :1:1: Premature end of file.
2026-01-21 22:06:19,622 [ERROR] LogOutputStream:75 - [STDERR_REDIRECT] 
2026-01-21 22:06:20,679 [ERROR] LogOutputStream:75 - [STDERR_REDIRECT] [Fatal Error] :1:1: Premature end of file.
2026-01-21 22:06:20,679 [ERROR] LogOutputStream:75 - [STDERR_REDIRECT] 
2026-01-21 22:06:21,786 [ERROR] LogOutputStream:75 - [STDERR_REDIRECT] [Fatal Error] :1:1: Premature end of file.
2026-01-21 22:06:21,786 [ERROR] LogOutputStream:75 - [STDERR_REDIRECT] 
2026-01-21 22:06:22,696 [ERROR] LogOutputStream:75 - [STDERR_REDIRECT] [Fatal Error] :1:1: Premature end of file.
2026-01-21 22:06:22,696 [ERROR] LogOutputStream:75 - [STDERR_REDIRECT] 
2026-01-21 22:06:23,766 [ERROR] LogOutputStream:75 - [STDERR_REDIRECT] [Fatal Error] :1:1: Premature end of file.
2026-01-21 22:06:23,766 [ERROR] LogOutputStream:75 - [STDERR_REDIRECT] 
2026-01-21 22:06:24,792 [ERROR] LogOutputStream:75 - [STDERR_REDIRECT] [Fatal Error] :1:1: Premature end of file.
2026-01-21 22:06:24,792 [ERROR] LogOutputStream:75 - [STDERR_REDIRECT] 
2026-01-21 22:06:25,768 [ERROR] LogOutputStream:75 - [STDERR_REDIRECT] [Fatal Error] :1:1: Premature end of file.
2026-01-21 22:06:25,768 [ERROR] LogOutputStream:75 - [STDERR_REDIRECT] 
2026-01-21 22:06:26,870 [ERROR] LogOutputStream:75 - [STDERR_REDIRECT] [Fatal Error] :1:1: Premature end of file.
2026-01-21 22:06:26,870 [ERROR] LogOutputStream:75 - [STDERR_REDIRECT] 
2026-01-21 22:06:27,811 [ERROR] LogOutputStream:75 - [STDERR_REDIRECT] [Fatal Error] :1:1: Premature end of file.
2026-01-21 22:06:27,812 [ERROR] LogOutputStream:75 - [STDERR_REDIRECT] 
2026-01-21 22:06:28,893 [ERROR] LogOutputStream:75 - [STDERR_REDIRECT] [Fatal Error] :1:1: Premature end of file.
2026-01-21 22:06:28,893 [ERROR] LogOutputStream:75 - [STDERR_REDIRECT] 
2026-01-21 22:06:29,747 [ERROR] LogOutputStream:75 - [STDERR_REDIRECT] [Fatal Error] :1:1: Premature end of file.
2026-01-21 22:06:29,749 [ERROR] LogOutputStream:75 - [STDERR_REDIRECT] 
2026-01-21 22:06:30,717 [ERROR] LogOutputStream:75 - [STDERR_REDIRECT] [Fatal Error] :1:1: Premature end of file.
2026-01-21 22:06:30,717 [ERROR] LogOutputStream:75 - [STDERR_REDIRECT] 
2026-01-21 22:06:31,789 [ERROR] LogOutputStream:75 - [STDERR_REDIRECT] [Fatal Error] :1:1: Premature end of file.
2026-01-21 22:06:31,789 [ERROR] LogOutputStream:75 - [STDERR_REDIRECT] 
2026-01-21 22:06:32,726 [ERROR] LogOutputStream:75 - [STDERR_REDIRECT] [Fatal Error] :1:1: Premature end of file.
2026-01-21 22:06:32,726 [ERROR] LogOutputStream:75 - [STDERR_REDIRECT] 
2026-01-21 22:06:33,695 [ERROR] LogOutputStream:75 - [STDERR_REDIRECT] [Fatal Error] :1:1: Premature end of file.
2026-01-21 22:06:33,695 [ERROR] LogOutputStream:75 - [STDERR_REDIRECT] 
2026-01-21 22:06:34,946 [ERROR] LogOutputStream:75 - [STDERR_REDIRECT] [Fatal Error] :1:1: Premature end of file.
2026-01-21 22:06:34,946 [ERROR] LogOutputStream:75 - [STDERR_REDIRECT] 
2026-01-21 22:06:35,886 [ERROR] LogOutputStream:75 - [STDERR_REDIRECT] [Fatal Error] :1:1: Premature end of file.
2026-01-21 22:06:35,886 [ERROR] LogOutputStream:75 - [STDERR_REDIRECT] 
2026-01-21 22:06:36,701 [ERROR] LogOutputStream:75 - [STDERR_REDIRECT] [Fatal Error] :1:1: Premature end of file.
2026-01-21 22:06:36,701 [ERROR] LogOutputStream:75 - [STDERR_REDIRECT] 
2026-01-21 22:06:37,847 [ERROR] LogOutputStream:75 - [STDERR_REDIRECT] [Fatal Error] :1:1: Premature end of file.
2026-01-21 22:06:37,847 [ERROR] LogOutputStream:75 - [STDERR_REDIRECT] 
2026-01-21 22:06:38,698 [ERROR] LogOutputStream:75 - [STDERR_REDIRECT] [Fatal Error] :1:1: Premature end of file.
2026-01-21 22:06:38,698 [ERROR] LogOutputStream:75 - [STDERR_REDIRECT] 
2026-01-21 22:06:39,774 [ERROR] LogOutputStream:75 - [STDERR_REDIRECT] [Fatal Error] :1:1: Premature end of file.
2026-01-21 22:06:39,774 [ERROR] LogOutputStream:75 - [STDERR_REDIRECT] 
2026-01-21 22:06:40,678 [ERROR] LogOutputStream:75 - [STDERR_REDIRECT] [Fatal Error] :1:1: Premature end of file.
2026-01-21 22:06:40,678 [ERROR] LogOutputStream:75 - [STDERR_REDIRECT] 
2026-01-21 22:06:41,766 [ERROR] LogOutputStream:75 - [STDERR_REDIRECT] [Fatal Error] :1:1: Premature end of file.
2026-01-21 22:06:41,766 [ERROR] LogOutputStream:75 - [STDERR_REDIRECT] 
2026-01-21 22:06:42,649 [ERROR] LogOutputStream:75 - [STDERR_REDIRECT] [Fatal Error] :1:1: Premature end of file.
2026-01-21 22:06:42,649 [ERROR] LogOutputStream:75 - [STDERR_REDIRECT] 
2026-01-21 22:06:43,637 [ERROR] LogOutputStream:75 - [STDERR_REDIRECT] [Fatal Error] :1:1: Premature end of file.
2026-01-21 22:06:43,637 [ERROR] LogOutputStream:75 - [STDERR_REDIRECT] 
2026-01-21 22:06:44,627 [ERROR] LogOutputStream:75 - [STDERR_REDIRECT] [Fatal Error] :1:1: Premature end of file.
2026-01-21 22:06:44,627 [ERROR] LogOutputStream:75 - [STDERR_REDIRECT] 
2026-01-21 22:06:45,629 [ERROR] LogOutputStream:75 - [STDERR_REDIRECT] [Fatal Error] :1:1: Premature end of file.
2026-01-21 22:06:45,629 [ERROR] LogOutputStream:75 - [STDERR_REDIRECT] 
2026-01-21 22:06:46,623 [ERROR] LogOutputStream:75 - [STDERR_REDIRECT] [Fatal Error] :1:1: Premature end of file.
2026-01-21 22:06:46,623 [ERROR] LogOutputStream:75 - [STDERR_REDIRECT] 
2026-01-21 22:06:47,622 [ERROR] LogOutputStream:75 - [STDERR_REDIRECT] [Fatal Error] :1:1: Premature end of file.
2026-01-21 22:06:47,622 [ERROR] LogOutputStream:75 - [STDERR_REDIRECT] 
2026-01-21 22:06:48,624 [ERROR] LogOutputStream:75 - [STDERR_REDIRECT] [Fatal Error] :1:1: Premature end of file.
2026-01-21 22:06:48,624 [ERROR] LogOutputStream:75 - [STDERR_REDIRECT] 
2026-01-21 22:06:49,628 [ERROR] LogOutputStream:75 - [STDERR_REDIRECT] [Fatal Error] :1:1: Premature end of file.
2026-01-21 22:06:49,628 [ERROR] LogOutputStream:75 - [STDERR_REDIRECT] 
2026-01-21 22:06:50,629 [ERROR] LogOutputStream:75 - [STDERR_REDIRECT] [Fatal Error] :1:1: Premature end of file.
2026-01-21 22:06:50,629 [ERROR] LogOutputStream:75 - [STDERR_REDIRECT] 
2026-01-21 22:06:51,629 [ERROR] LogOutputStream:75 - [STDERR_REDIRECT] [Fatal Error] :1:1: Premature end of file.
2026-01-21 22:06:51,629 [ERROR] LogOutputStream:75 - [STDERR_REDIRECT] 
2026-01-21 22:06:52,624 [ERROR] LogOutputStream:75 - [STDERR_REDIRECT] [Fatal Error] :1:1: Premature end of file.
2026-01-21 22:06:52,624 [ERROR] LogOutputStream:75 - [STDERR_REDIRECT] 
2026-01-21 22:06:53,627 [ERROR] LogOutputStream:75 - [STDERR_REDIRECT] [Fatal Error] :1:1: Premature end of file.
2026-01-21 22:06:53,627 [ERROR] LogOutputStream:75 - [STDERR_REDIRECT] 
2026-01-21 22:06:54,633 [ERROR] LogOutputStream:75 - [STDERR_REDIRECT] [Fatal Error] :1:1: Premature end of file.
2026-01-21 22:06:54,633 [ERROR] LogOutputStream:75 - [STDERR_REDIRECT] 
2026-01-21 22:06:55,624 [ERROR] LogOutputStream:75 - [STDERR_REDIRECT] [Fatal Error] :1:1: Premature end of file.
2026-01-21 22:06:55,624 [ERROR] LogOutputStream:75 - [STDERR_REDIRECT] 
2026-01-21 22:06:56,635 [ERROR] LogOutputStream:75 - [STDERR_REDIRECT] [Fatal Error] :1:1: Premature end of file.
2026-01-21 22:06:56,636 [ERROR] LogOutputStream:75 - [STDERR_REDIRECT] 
2026-01-21 22:06:57,631 [ERROR] LogOutputStream:75 - [STDERR_REDIRECT] [Fatal Error] :1:1: Premature end of file.
2026-01-21 22:06:57,631 [ERROR] LogOutputStream:75 - [STDERR_REDIRECT] 
2026-01-21 22:06:58,635 [ERROR] LogOutputStream:75 - [STDERR_REDIRECT] [Fatal Error] :1:1: Premature end of file.
2026-01-21 22:06:58,636 [ERROR] LogOutputStream:75 - [STDERR_REDIRECT] 
2026-01-21 22:06:59,662 [ERROR] LogOutputStream:75 - [STDERR_REDIRECT] [Fatal Error] :1:1: Premature end of file.
2026-01-21 22:06:59,662 [ERROR] LogOutputStream:75 - [STDERR_REDIRECT] 
2026-01-21 22:07:00,627 [ERROR] LogOutputStream:75 - [STDERR_REDIRECT] [Fatal Error] :1:1: Premature end of file.
2026-01-21 22:07:00,627 [ERROR] LogOutputStream:75 - [STDERR_REDIRECT] 
2026-01-21 22:07:01,626 [ERROR] LogOutputStream:75 - [STDERR_REDIRECT] [Fatal Error] :1:1: Premature end of file.
2026-01-21 22:07:01,626 [ERROR] LogOutputStream:75 - [STDERR_REDIRECT] 
2026-01-21 22:07:02,627 [ERROR] LogOutputStream:75 - [STDERR_REDIRECT] [Fatal Error] :1:1: Premature end of file.
2026-01-21 22:07:02,627 [ERROR] LogOutputStream:75 - [STDERR_REDIRECT] 
2026-01-21 22:07:03,623 [ERROR] LogOutputStream:75 - [STDERR_REDIRECT] [Fatal Error] :1:1: Premature end of file.
2026-01-21 22:07:03,623 [ERROR] LogOutputStream:75 - [STDERR_REDIRECT] 
2026-01-21 22:07:04,627 [ERROR] LogOutputStream:75 - [STDERR_REDIRECT] [Fatal Error] :1:1: Premature end of file.
2026-01-21 22:07:04,627 [ERROR] LogOutputStream:75 - [STDERR_REDIRECT] 
2026-01-21 22:07:05,641 [ERROR] LogOutputStream:75 - [STDERR_REDIRECT] [Fatal Error] :1:1: Premature end of file.
2026-01-21 22:07:05,641 [ERROR] LogOutputStream:75 - [STDERR_REDIRECT] 
2026-01-21 22:07:06,622 [ERROR] LogOutputStream:75 - [STDERR_REDIRECT] [Fatal Error] :1:1: Premature end of file.
2026-01-21 22:07:06,622 [ERROR] LogOutputStream:75 - [STDERR_REDIRECT] 
2026-01-21 22:07:07,625 [ERROR] LogOutputStream:75 - [STDERR_REDIRECT] [Fatal Error] :1:1: Premature end of file.
2026-01-21 22:07:07,625 [ERROR] LogOutputStream:75 - [STDERR_REDIRECT] 
2026-01-21 22:07:08,625 [ERROR] LogOutputStream:75 - [STDERR_REDIRECT] [Fatal Error] :1:1: Premature end of file.
2026-01-21 22:07:08,625 [ERROR] LogOutputStream:75 - [STDERR_REDIRECT] 
2026-01-21 22:07:09,623 [ERROR] LogOutputStream:75 - [STDERR_REDIRECT] [Fatal Error] :1:1: Premature end of file.
2026-01-21 22:07:09,623 [ERROR] LogOutputStream:75 - [STDERR_REDIRECT] 
2026-01-21 22:07:10,624 [ERROR] LogOutputStream:75 - [STDERR_REDIRECT] [Fatal Error] :1:1: Premature end of file.
2026-01-21 22:07:10,624 [ERROR] LogOutputStream:75 - [STDERR_REDIRECT] 
2026-01-21 22:07:11,636 [ERROR] LogOutputStream:75 - [STDERR_REDIRECT] [Fatal Error] :1:1: Premature end of file.
2026-01-21 22:07:11,636 [ERROR] LogOutputStream:75 - [STDERR_REDIRECT] 
2026-01-21 22:07:12,624 [ERROR] LogOutputStream:75 - [STDERR_REDIRECT] [Fatal Error] :1:1: Premature end of file.
2026-01-21 22:07:12,624 [ERROR] LogOutputStream:75 - [STDERR_REDIRECT] 
2026-01-21 22:07:13,627 [ERROR] LogOutputStream:75 - [STDERR_REDIRECT] [Fatal Error] :1:1: Premature end of file.
2026-01-21 22:07:13,627 [ERROR] LogOutputStream:75 - [STDERR_REDIRECT] 
2026-01-21 22:07:14,639 [ERROR] LogOutputStream:75 - [STDERR_REDIRECT] [Fatal Error] :1:1: Premature end of file.
2026-01-21 22:07:14,639 [ERROR] LogOutputStream:75 - [STDERR_REDIRECT] 
2026-01-21 22:07:15,627 [ERROR] LogOutputStream:75 - [STDERR_REDIRECT] [Fatal Error] :1:1: Premature end of file.
2026-01-21 22:07:15,627 [ERROR] LogOutputStream:75 - [STDERR_REDIRECT] 
2026-01-21 22:07:16,625 [ERROR] LogOutputStream:75 - [STDERR_REDIRECT] [Fatal Error] :1:1: Premature end of file.
2026-01-21 22:07:16,625 [ERROR] LogOutputStream:75 - [STDERR_REDIRECT] 
2026-01-21 22:07:17,626 [ERROR] LogOutputStream:75 - [STDERR_REDIRECT] [Fatal Error] :1:1: Premature end of file.
2026-01-21 22:07:17,626 [ERROR] LogOutputStream:75 - [STDERR_REDIRECT] 
2026-01-21 22:07:18,626 [ERROR] LogOutputStream:75 - [STDERR_REDIRECT] [Fatal Error] :1:1: Premature end of file.
2026-01-21 22:07:18,626 [ERROR] LogOutputStream:75 - [STDERR_REDIRECT] 
2026-01-21 22:07:19,634 [ERROR] LogOutputStream:75 - [STDERR_REDIRECT] [Fatal Error] :1:1: Premature end of file.
2026-01-21 22:07:19,634 [ERROR] LogOutputStream:75 - [STDERR_REDIRECT] 
2026-01-21 22:07:20,623 [ERROR] LogOutputStream:75 - [STDERR_REDIRECT] [Fatal Error] :1:1: Premature end of file.
2026-01-21 22:07:20,623 [ERROR] LogOutputStream:75 - [STDERR_REDIRECT] 
2026-01-21 22:07:21,627 [ERROR] LogOutputStream:75 - [STDERR_REDIRECT] [Fatal Error] :1:1: Premature end of file.
2026-01-21 22:07:21,627 [ERROR] LogOutputStream:75 - [STDERR_REDIRECT] 
2026-01-21 22:07:22,621 [ERROR] LogOutputStream:75 - [STDERR_REDIRECT] [Fatal Error] :1:1: Premature end of file.
2026-01-21 22:07:22,621 [ERROR] LogOutputStream:75 - [STDERR_REDIRECT] 
2026-01-21 22:07:23,626 [ERROR] LogOutputStream:75 - [STDERR_REDIRECT] [Fatal Error] :1:1: Premature end of file.
2026-01-21 22:07:23,626 [ERROR] LogOutputStream:75 - [STDERR_REDIRECT] 
2026-01-21 22:07:24,625 [ERROR] LogOutputStream:75 - [STDERR_REDIRECT] [Fatal Error] :1:1: Premature end of file.
2026-01-21 22:07:24,625 [ERROR] LogOutputStream:75 - [STDERR_REDIRECT] 
2026-01-21 22:07:25,627 [ERROR] LogOutputStream:75 - [STDERR_REDIRECT] [Fatal Error] :1:1: Premature end of file.
2026-01-21 22:07:25,627 [ERROR] LogOutputStream:75 - [STDERR_REDIRECT] 
2026-01-21 22:07:26,625 [ERROR] LogOutputStream:75 - [STDERR_REDIRECT] [Fatal Error] :1:1: Premature end of file.
2026-01-21 22:07:26,625 [ERROR] LogOutputStream:75 - [STDERR_REDIRECT] 
2026-01-21 22:07:27,633 [ERROR] LogOutputStream:75 - [STDERR_REDIRECT] [Fatal Error] :1:1: Premature end of file.
2026-01-21 22:07:27,633 [ERROR] LogOutputStream:75 - [STDERR_REDIRECT] 
2026-01-21 22:07:28,627 [ERROR] LogOutputStream:75 - [STDERR_REDIRECT] [Fatal Error] :1:1: Premature end of file.
2026-01-21 22:07:28,627 [ERROR] LogOutputStream:75 - [STDERR_REDIRECT] 
2026-01-21 22:07:29,626 [ERROR] LogOutputStream:75 - [STDERR_REDIRECT] [Fatal Error] :1:1: Premature end of file.
2026-01-21 22:07:29,626 [ERROR] LogOutputStream:75 - [STDERR_REDIRECT] 
2026-01-21 22:07:30,625 [ERROR] LogOutputStream:75 - [STDERR_REDIRECT] [Fatal Error] :1:1: Premature end of file.
2026-01-21 22:07:30,625 [ERROR] LogOutputStream:75 - [STDERR_REDIRECT] 
2026-01-21 22:07:31,628 [ERROR] LogOutputStream:75 - [STDERR_REDIRECT] [Fatal Error] :1:1: Premature end of file.
2026-01-21 22:07:31,628 [ERROR] LogOutputStream:75 - [STDERR_REDIRECT] 
2026-01-21 22:07:32,627 [ERROR] LogOutputStream:75 - [STDERR_REDIRECT] [Fatal Error] :1:1: Premature end of file.
2026-01-21 22:07:32,627 [ERROR] LogOutputStream:75 - [STDERR_REDIRECT] 
2026-01-21 22:07:33,624 [ERROR] LogOutputStream:75 - [STDERR_REDIRECT] [Fatal Error] :1:1: Premature end of file.
2026-01-21 22:07:33,624 [ERROR] LogOutputStream:75 - [STDERR_REDIRECT] 
2026-01-21 22:07:34,629 [ERROR] LogOutputStream:75 - [STDERR_REDIRECT] [Fatal Error] :1:1: Premature end of file.
2026-01-21 22:07:34,629 [ERROR] LogOutputStream:75 - [STDERR_REDIRECT] 
2026-01-21 22:07:35,631 [ERROR] LogOutputStream:75 - [STDERR_REDIRECT] [Fatal Error] :1:1: Premature end of file.
2026-01-21 22:07:35,631 [ERROR] LogOutputStream:75 - [STDERR_REDIRECT] 
2026-01-21 22:07:36,628 [ERROR] LogOutputStream:75 - [STDERR_REDIRECT] [Fatal Error] :1:1: Premature end of file.
2026-01-21 22:07:36,628 [ERROR] LogOutputStream:75 - [STDERR_REDIRECT] 
2026-01-21 22:07:37,626 [ERROR] LogOutputStream:75 - [STDERR_REDIRECT] [Fatal Error] :1:1: Premature end of file.
2026-01-21 22:07:37,627 [ERROR] LogOutputStream:75 - [STDERR_REDIRECT] 
2026-01-21 22:07:38,627 [ERROR] LogOutputStream:75 - [STDERR_REDIRECT] [Fatal Error] :1:1: Premature end of file.
2026-01-21 22:07:38,627 [ERROR] LogOutputStream:75 - [STDERR_REDIRECT] 
2026-01-21 22:07:39,627 [ERROR] LogOutputStream:75 - [STDERR_REDIRECT] [Fatal Error] :1:1: Premature end of file.
2026-01-21 22:07:39,627 [ERROR] LogOutputStream:75 - [STDERR_REDIRECT] 
2026-01-21 22:07:40,628 [ERROR] LogOutputStream:75 - [STDERR_REDIRECT] [Fatal Error] :1:1: Premature end of file.
2026-01-21 22:07:40,628 [ERROR] LogOutputStream:75 - [STDERR_REDIRECT] 
2026-01-21 22:07:41,633 [ERROR] LogOutputStream:75 - [STDERR_REDIRECT] [Fatal Error] :1:1: Premature end of file.
2026-01-21 22:07:41,634 [ERROR] LogOutputStream:75 - [STDERR_REDIRECT] 
2026-01-21 22:07:42,626 [ERROR] LogOutputStream:75 - [STDERR_REDIRECT] [Fatal Error] :1:1: Premature end of file.
2026-01-21 22:07:42,626 [ERROR] LogOutputStream:75 - [STDERR_REDIRECT] 
2026-01-21 22:07:43,628 [ERROR] LogOutputStream:75 - [STDERR_REDIRECT] [Fatal Error] :1:1: Premature end of file.
2026-01-21 22:07:43,628 [ERROR] LogOutputStream:75 - [STDERR_REDIRECT] 
2026-01-21 22:07:44,626 [ERROR] LogOutputStream:75 - [STDERR_REDIRECT] [Fatal Error] :1:1: Premature end of file.
2026-01-21 22:07:44,626 [ERROR] LogOutputStream:75 - [STDERR_REDIRECT] 
2026-01-21 22:07:45,639 [ERROR] LogOutputStream:75 - [STDERR_REDIRECT] [Fatal Error] :1:1: Premature end of file.
2026-01-21 22:07:45,639 [ERROR] LogOutputStream:75 - [STDERR_REDIRECT] 
2026-01-21 22:07:46,627 [ERROR] LogOutputStream:75 - [STDERR_REDIRECT] [Fatal Error] :1:1: Premature end of file.
2026-01-21 22:07:46,628 [ERROR] LogOutputStream:75 - [STDERR_REDIRECT] 
2026-01-21 22:07:47,634 [ERROR] LogOutputStream:75 - [STDERR_REDIRECT] [Fatal Error] :1:1: Premature end of file.
2026-01-21 22:07:47,634 [ERROR] LogOutputStream:75 - [STDERR_REDIRECT] 
2026-01-21 22:07:48,626 [ERROR] LogOutputStream:75 - [STDERR_REDIRECT] [Fatal Error] :1:1: Premature end of file.
2026-01-21 22:07:48,626 [ERROR] LogOutputStream:75 - [STDERR_REDIRECT] 
2026-01-21 22:07:49,631 [ERROR] LogOutputStream:75 - [STDERR_REDIRECT] [Fatal Error] :1:1: Premature end of file.
2026-01-21 22:07:49,631 [ERROR] LogOutputStream:75 - [STDERR_REDIRECT] 
2026-01-21 22:07:50,627 [ERROR] LogOutputStream:75 - [STDERR_REDIRECT] [Fatal Error] :1:1: Premature end of file.
2026-01-21 22:07:50,627 [ERROR] LogOutputStream:75 - [STDERR_REDIRECT] 
2026-01-21 22:07:51,624 [ERROR] LogOutputStream:75 - [STDERR_REDIRECT] [Fatal Error] :1:1: Premature end of file.
2026-01-21 22:07:51,624 [ERROR] LogOutputStream:75 - [STDERR_REDIRECT] 
2026-01-21 22:07:52,633 [ERROR] LogOutputStream:75 - [STDERR_REDIRECT] [Fatal Error] :1:1: Premature end of file.
2026-01-21 22:07:52,633 [ERROR] LogOutputStream:75 - [STDERR_REDIRECT] 
2026-01-21 22:07:53,635 [ERROR] LogOutputStream:75 - [STDERR_REDIRECT] [Fatal Error] :1:1: Premature end of file.
2026-01-21 22:07:53,635 [ERROR] LogOutputStream:75 - [STDERR_REDIRECT] 
2026-01-21 22:07:54,625 [ERROR] LogOutputStream:75 - [STDERR_REDIRECT] [Fatal Error] :1:1: Premature end of file.
2026-01-21 22:07:54,625 [ERROR] LogOutputStream:75 - [STDERR_REDIRECT] 
2026-01-21 22:07:55,633 [ERROR] LogOutputStream:75 - [STDERR_REDIRECT] [Fatal Error] :1:1: Premature end of file.
2026-01-21 22:07:55,633 [ERROR] LogOutputStream:75 - [STDERR_REDIRECT] 
2026-01-21 22:07:56,626 [ERROR] LogOutputStream:75 - [STDERR_REDIRECT] [Fatal Error] :1:1: Premature end of file.
2026-01-21 22:07:56,626 [ERROR] LogOutputStream:75 - [STDERR_REDIRECT] 
2026-01-21 22:07:57,634 [ERROR] LogOutputStream:75 - [STDERR_REDIRECT] [Fatal Error] :1:1: Premature end of file.
2026-01-21 22:07:57,634 [ERROR] LogOutputStream:75 - [STDERR_REDIRECT] 
2026-01-21 22:07:58,623 [ERROR] LogOutputStream:75 - [STDERR_REDIRECT] [Fatal Error] :1:1: Premature end of file.
2026-01-21 22:07:58,623 [ERROR] LogOutputStream:75 - [STDERR_REDIRECT] 
2026-01-21 22:07:59,628 [ERROR] LogOutputStream:75 - [STDERR_REDIRECT] [Fatal Error] :1:1: Premature end of file.
2026-01-21 22:07:59,628 [ERROR] LogOutputStream:75 - [STDERR_REDIRECT] 
2026-01-21 22:08:00,640 [ERROR] LogOutputStream:75 - [STDERR_REDIRECT] [Fatal Error] :1:1: Premature end of file.
2026-01-21 22:08:00,640 [ERROR] LogOutputStream:75 - [STDERR_REDIRECT] 
2026-01-21 22:08:01,627 [ERROR] LogOutputStream:75 - [STDERR_REDIRECT] [Fatal Error] :1:1: Premature end of file.
2026-01-21 22:08:01,627 [ERROR] LogOutputStream:75 - [STDERR_REDIRECT] 
2026-01-21 22:08:02,627 [ERROR] LogOutputStream:75 - [STDERR_REDIRECT] [Fatal Error] :1:1: Premature end of file.
2026-01-21 22:08:02,627 [ERROR] LogOutputStream:75 - [STDERR_REDIRECT] 
2026-01-21 22:08:03,621 [ERROR] LogOutputStream:75 - [STDERR_REDIRECT] [Fatal Error] :1:1: Premature end of file.
2026-01-21 22:08:03,621 [ERROR] LogOutputStream:75 - [STDERR_REDIRECT] 
2026-01-21 22:08:04,636 [ERROR] LogOutputStream:75 - [STDERR_REDIRECT] [Fatal Error] :1:1: Premature end of file.
2026-01-21 22:08:04,636 [ERROR] LogOutputStream:75 - [STDERR_REDIRECT] 
2026-01-21 22:08:05,625 [ERROR] LogOutputStream:75 - [STDERR_REDIRECT] [Fatal Error] :1:1: Premature end of file.
2026-01-21 22:08:05,625 [ERROR] LogOutputStream:75 - [STDERR_REDIRECT] 
2026-01-21 22:08:06,635 [ERROR] LogOutputStream:75 - [STDERR_REDIRECT] [Fatal Error] :1:1: Premature end of file.
2026-01-21 22:08:06,635 [ERROR] LogOutputStream:75 - [STDERR_REDIRECT] 
2026-01-21 22:08:07,625 [ERROR] LogOutputStream:75 - [STDERR_REDIRECT] [Fatal Error] :1:1: Premature end of file.
2026-01-21 22:08:07,625 [ERROR] LogOutputStream:75 - [STDERR_REDIRECT] 
2026-01-21 22:08:08,622 [ERROR] LogOutputStream:75 - [STDERR_REDIRECT] [Fatal Error] :1:1: Premature end of file.
2026-01-21 22:08:08,622 [ERROR] LogOutputStream:75 - [STDERR_REDIRECT] 
2026-01-21 22:08:09,635 [ERROR] LogOutputStream:75 - [STDERR_REDIRECT] [Fatal Error] :1:1: Premature end of file.
2026-01-21 22:08:09,635 [ERROR] LogOutputStream:75 - [STDERR_REDIRECT] 
2026-01-21 22:08:10,637 [ERROR] LogOutputStream:75 - [STDERR_REDIRECT] [Fatal Error] :1:1: Premature end of file.
2026-01-21 22:08:10,637 [ERROR] LogOutputStream:75 - [STDERR_REDIRECT] 
2026-01-21 22:08:11,625 [ERROR] LogOutputStream:75 - [STDERR_REDIRECT] [Fatal Error] :1:1: Premature end of file.
2026-01-21 22:08:11,625 [ERROR] LogOutputStream:75 - [STDERR_REDIRECT] 
2026-01-21 22:08:12,631 [ERROR] LogOutputStream:75 - [STDERR_REDIRECT] [Fatal Error] :1:1: Premature end of file.
2026-01-21 22:08:12,631 [ERROR] LogOutputStream:75 - [STDERR_REDIRECT] 
2026-01-21 22:08:13,629 [ERROR] LogOutputStream:75 - [STDERR_REDIRECT] [Fatal Error] :1:1: Premature end of file.
2026-01-21 22:08:13,629 [ERROR] LogOutputStream:75 - [STDERR_REDIRECT] 
2026-01-21 22:08:14,625 [ERROR] LogOutputStream:75 - [STDERR_REDIRECT] [Fatal Error] :1:1: Premature end of file.
2026-01-21 22:08:14,625 [ERROR] LogOutputStream:75 - [STDERR_REDIRECT] 
2026-01-21 22:08:15,627 [ERROR] LogOutputStream:75 - [STDERR_REDIRECT] [Fatal Error] :1:1: Premature end of file.
2026-01-21 22:08:15,627 [ERROR] LogOutputStream:75 - [STDERR_REDIRECT] 
2026-01-21 22:08:16,627 [ERROR] LogOutputStream:75 - [STDERR_REDIRECT] [Fatal Error] :1:1: Premature end of file.
2026-01-21 22:08:16,627 [ERROR] LogOutputStream:75 - [STDERR_REDIRECT] 
2026-01-21 22:08:17,627 [ERROR] LogOutputStream:75 - [STDERR_REDIRECT] [Fatal Error] :1:1: Premature end of file.
2026-01-21 22:08:17,627 [ERROR] LogOutputStream:75 - [STDERR_REDIRECT] 
2026-01-21 22:08:18,628 [ERROR] LogOutputStream:75 - [STDERR_REDIRECT] [Fatal Error] :1:1: Premature end of file.
2026-01-21 22:08:18,628 [ERROR] LogOutputStream:75 - [STDERR_REDIRECT] 
2026-01-21 22:08:19,626 [ERROR] LogOutputStream:75 - [STDERR_REDIRECT] [Fatal Error] :1:1: Premature end of file.
2026-01-21 22:08:19,626 [ERROR] LogOutputStream:75 - [STDERR_REDIRECT] 
2026-01-21 22:08:20,629 [ERROR] LogOutputStream:75 - [STDERR_REDIRECT] [Fatal Error] :1:1: Premature end of file.
2026-01-21 22:08:20,629 [ERROR] LogOutputStream:75 - [STDERR_REDIRECT] 
2026-01-21 22:08:21,626 [ERROR] LogOutputStream:75 - [STDERR_REDIRECT] [Fatal Error] :1:1: Premature end of file.
2026-01-21 22:08:21,626 [ERROR] LogOutputStream:75 - [STDERR_REDIRECT] 
2026-01-21 22:08:22,626 [ERROR] LogOutputStream:75 - [STDERR_REDIRECT] [Fatal Error] :1:1: Premature end of file.
2026-01-21 22:08:22,626 [ERROR] LogOutputStream:75 - [STDERR_REDIRECT] 
2026-01-21 22:08:23,626 [ERROR] LogOutputStream:75 - [STDERR_REDIRECT] [Fatal Error] :1:1: Premature end of file.
2026-01-21 22:08:23,626 [ERROR] LogOutputStream:75 - [STDERR_REDIRECT] 
2026-01-21 22:08:24,630 [ERROR] LogOutputStream:75 - [STDERR_REDIRECT] [Fatal Error] :1:1: Premature end of file.
2026-01-21 22:08:24,631 [ERROR] LogOutputStream:75 - [STDERR_REDIRECT] 
2026-01-21 22:08:25,631 [ERROR] LogOutputStream:75 - [STDERR_REDIRECT] [Fatal Error] :1:1: Premature end of file.
2026-01-21 22:08:25,631 [ERROR] LogOutputStream:75 - [STDERR_REDIRECT] 
2026-01-21 22:08:26,628 [ERROR] LogOutputStream:75 - [STDERR_REDIRECT] [Fatal Error] :1:1: Premature end of file.
2026-01-21 22:08:26,628 [ERROR] LogOutputStream:75 - [STDERR_REDIRECT] 
2026-01-21 22:08:27,630 [ERROR] LogOutputStream:75 - [STDERR_REDIRECT] [Fatal Error] :1:1: Premature end of file.
2026-01-21 22:08:27,630 [ERROR] LogOutputStream:75 - [STDERR_REDIRECT] 
2026-01-21 22:08:28,628 [ERROR] LogOutputStream:75 - [STDERR_REDIRECT] [Fatal Error] :1:1: Premature end of file.
2026-01-21 22:08:28,628 [ERROR] LogOutputStream:75 - [STDERR_REDIRECT] 
2026-01-21 22:08:29,625 [ERROR] LogOutputStream:75 - [STDERR_REDIRECT] [Fatal Error] :1:1: Premature end of file.
2026-01-21 22:08:29,625 [ERROR] LogOutputStream:75 - [STDERR_REDIRECT] 
2026-01-21 22:08:30,624 [ERROR] LogOutputStream:75 - [STDERR_REDIRECT] [Fatal Error] :1:1: Premature end of file.
2026-01-21 22:08:30,624 [ERROR] LogOutputStream:75 - [STDERR_REDIRECT] 
2026-01-21 22:08:31,611 [ERROR] LogOutputStream:75 - [STDERR_REDIRECT] [Fatal Error] :1:1: Premature end of file.
2026-01-21 22:08:31,611 [ERROR] LogOutputStream:75 - [STDERR_REDIRECT] 
2026-01-21 22:08:32,627 [ERROR] LogOutputStream:75 - [STDERR_REDIRECT] [Fatal Error] :1:1: Premature end of file.
2026-01-21 22:08:32,627 [ERROR] LogOutputStream:75 - [STDERR_REDIRECT] 
2026-01-21 22:08:33,628 [ERROR] LogOutputStream:75 - [STDERR_REDIRECT] [Fatal Error] :1:1: Premature end of file.
2026-01-21 22:08:33,628 [ERROR] LogOutputStream:75 - [STDERR_REDIRECT] 
2026-01-21 22:08:34,630 [ERROR] LogOutputStream:75 - [STDERR_REDIRECT] [Fatal Error] :1:1: Premature end of file.
2026-01-21 22:08:34,630 [ERROR] LogOutputStream:75 - [STDERR_REDIRECT] 
2026-01-21 22:08:35,630 [ERROR] LogOutputStream:75 - [STDERR_REDIRECT] [Fatal Error] :1:1: Premature end of file.
2026-01-21 22:08:35,630 [ERROR] LogOutputStream:75 - [STDERR_REDIRECT] 
2026-01-21 22:08:36,628 [ERROR] LogOutputStream:75 - [STDERR_REDIRECT] [Fatal Error] :1:1: Premature end of file.
2026-01-21 22:08:36,628 [ERROR] LogOutputStream:75 - [STDERR_REDIRECT] 
2026-01-21 22:08:37,628 [ERROR] LogOutputStream:75 - [STDERR_REDIRECT] [Fatal Error] :1:1: Premature end of file.
2026-01-21 22:08:37,628 [ERROR] LogOutputStream:75 - [STDERR_REDIRECT] 
2026-01-21 22:08:38,628 [ERROR] LogOutputStream:75 - [STDERR_REDIRECT] [Fatal Error] :1:1: Premature end of file.
2026-01-21 22:08:38,628 [ERROR] LogOutputStream:75 - [STDERR_REDIRECT] 
2026-01-21 22:08:39,629 [ERROR] LogOutputStream:75 - [STDERR_REDIRECT] [Fatal Error] :1:1: Premature end of file.
2026-01-21 22:08:39,629 [ERROR] LogOutputStream:75 - [STDERR_REDIRECT] 
2026-01-21 22:08:40,628 [ERROR] LogOutputStream:75 - [STDERR_REDIRECT] [Fatal Error] :1:1: Premature end of file.
2026-01-21 22:08:40,628 [ERROR] LogOutputStream:75 - [STDERR_REDIRECT] 
2026-01-21 22:08:41,628 [ERROR] LogOutputStream:75 - [STDERR_REDIRECT] [Fatal Error] :1:1: Premature end of file.
2026-01-21 22:08:41,628 [ERROR] LogOutputStream:75 - [STDERR_REDIRECT] 
2026-01-21 22:08:42,629 [ERROR] LogOutputStream:75 - [STDERR_REDIRECT] [Fatal Error] :1:1: Premature end of file.
2026-01-21 22:08:42,629 [ERROR] LogOutputStream:75 - [STDERR_REDIRECT] 
2026-01-21 22:08:43,636 [ERROR] LogOutputStream:75 - [STDERR_REDIRECT] [Fatal Error] :1:1: Premature end of file.
2026-01-21 22:08:43,636 [ERROR] LogOutputStream:75 - [STDERR_REDIRECT] 
2026-01-21 22:08:44,629 [ERROR] LogOutputStream:75 - [STDERR_REDIRECT] [Fatal Error] :1:1: Premature end of file.
2026-01-21 22:08:44,629 [ERROR] LogOutputStream:75 - [STDERR_REDIRECT] 
2026-01-21 22:08:45,629 [ERROR] LogOutputStream:75 - [STDERR_REDIRECT] [Fatal Error] :1:1: Premature end of file.
2026-01-21 22:08:45,629 [ERROR] LogOutputStream:75 - [STDERR_REDIRECT] 
2026-01-21 22:08:46,625 [ERROR] LogOutputStream:75 - [STDERR_REDIRECT] [Fatal Error] :1:1: Premature end of file.
2026-01-21 22:08:46,625 [ERROR] LogOutputStream:75 - [STDERR_REDIRECT] 
2026-01-21 22:08:47,636 [ERROR] LogOutputStream:75 - [STDERR_REDIRECT] [Fatal Error] :1:1: Premature end of file.
2026-01-21 22:08:47,636 [ERROR] LogOutputStream:75 - [STDERR_REDIRECT] 
2026-01-21 22:08:48,629 [ERROR] LogOutputStream:75 - [STDERR_REDIRECT] [Fatal Error] :1:1: Premature end of file.
2026-01-21 22:08:48,629 [ERROR] LogOutputStream:75 - [STDERR_REDIRECT] 
2026-01-21 22:08:49,627 [ERROR] LogOutputStream:75 - [STDERR_REDIRECT] [Fatal Error] :1:1: Premature end of file.
2026-01-21 22:08:49,627 [ERROR] LogOutputStream:75 - [STDERR_REDIRECT] 
2026-01-21 22:08:50,641 [ERROR] LogOutputStream:75 - [STDERR_REDIRECT] [Fatal Error] :1:1: Premature end of file.
2026-01-21 22:08:50,641 [ERROR] LogOutputStream:75 - [STDERR_REDIRECT] 
2026-01-21 22:08:51,630 [ERROR] LogOutputStream:75 - [STDERR_REDIRECT] [Fatal Error] :1:1: Premature end of file.
2026-01-21 22:08:51,630 [ERROR] LogOutputStream:75 - [STDERR_REDIRECT] 
2026-01-21 22:08:52,630 [ERROR] LogOutputStream:75 - [STDERR_REDIRECT] [Fatal Error] :1:1: Premature end of file.
2026-01-21 22:08:52,630 [ERROR] LogOutputStream:75 - [STDERR_REDIRECT] 
2026-01-21 22:08:53,629 [ERROR] LogOutputStream:75 - [STDERR_REDIRECT] [Fatal Error] :1:1: Premature end of file.
2026-01-21 22:08:53,629 [ERROR] LogOutputStream:75 - [STDERR_REDIRECT] 
2026-01-21 22:08:54,621 [ERROR] LogOutputStream:75 - [STDERR_REDIRECT] [Fatal Error] :1:1: Premature end of file.
2026-01-21 22:08:54,621 [ERROR] LogOutputStream:75 - [STDERR_REDIRECT] 
2026-01-21 22:08:55,627 [ERROR] LogOutputStream:75 - [STDERR_REDIRECT] [Fatal Error] :1:1: Premature end of file.
2026-01-21 22:08:55,627 [ERROR] LogOutputStream:75 - [STDERR_REDIRECT] 
2026-01-21 22:08:56,636 [ERROR] LogOutputStream:75 - [STDERR_REDIRECT] [Fatal Error] :1:1: Premature end of file.
2026-01-21 22:08:56,636 [ERROR] LogOutputStream:75 - [STDERR_REDIRECT] 
2026-01-21 22:08:57,629 [ERROR] LogOutputStream:75 - [STDERR_REDIRECT] [Fatal Error] :1:1: Premature end of file.
2026-01-21 22:08:57,629 [ERROR] LogOutputStream:75 - [STDERR_REDIRECT] 
2026-01-21 22:08:58,612 [ERROR] LogOutputStream:75 - [STDERR_REDIRECT] [Fatal Error] :1:1: Premature end of file.
2026-01-21 22:08:58,612 [ERROR] LogOutputStream:75 - [STDERR_REDIRECT] 
2026-01-21 22:08:59,628 [ERROR] LogOutputStream:75 - [STDERR_REDIRECT] [Fatal Error] :1:1: Premature end of file.
2026-01-21 22:08:59,629 [ERROR] LogOutputStream:75 - [STDERR_REDIRECT] 
2026-01-21 22:09:00,641 [ERROR] LogOutputStream:75 - [STDERR_REDIRECT] [Fatal Error] :1:1: Premature end of file.
2026-01-21 22:09:00,641 [ERROR] LogOutputStream:75 - [STDERR_REDIRECT] 
2026-01-21 22:09:01,637 [ERROR] LogOutputStream:75 - [STDERR_REDIRECT] [Fatal Error] :1:1: Premature end of file.
2026-01-21 22:09:01,637 [ERROR] LogOutputStream:75 - [STDERR_REDIRECT] 
2026-01-21 22:09:02,633 [ERROR] LogOutputStream:75 - [STDERR_REDIRECT] [Fatal Error] :1:1: Premature end of file.
2026-01-21 22:09:02,633 [ERROR] LogOutputStream:75 - [STDERR_REDIRECT] 
2026-01-21 22:09:03,628 [ERROR] LogOutputStream:75 - [STDERR_REDIRECT] [Fatal Error] :1:1: Premature end of file.
2026-01-21 22:09:03,628 [ERROR] LogOutputStream:75 - [STDERR_REDIRECT] 
2026-01-21 22:09:04,640 [ERROR] LogOutputStream:75 - [STDERR_REDIRECT] [Fatal Error] :1:1: Premature end of file.
2026-01-21 22:09:04,640 [ERROR] LogOutputStream:75 - [STDERR_REDIRECT] 
2026-01-21 22:09:05,626 [ERROR] LogOutputStream:75 - [STDERR_REDIRECT] [Fatal Error] :1:1: Premature end of file.
2026-01-21 22:09:05,626 [ERROR] LogOutputStream:75 - [STDERR_REDIRECT] 
2026-01-21 22:09:06,629 [ERROR] LogOutputStream:75 - [STDERR_REDIRECT] [Fatal Error] :1:1: Premature end of file.
2026-01-21 22:09:06,629 [ERROR] LogOutputStream:75 - [STDERR_REDIRECT] 
2026-01-21 22:09:07,628 [ERROR] LogOutputStream:75 - [STDERR_REDIRECT] [Fatal Error] :1:1: Premature end of file.
2026-01-21 22:09:07,628 [ERROR] LogOutputStream:75 - [STDERR_REDIRECT] 
2026-01-21 22:09:08,628 [ERROR] LogOutputStream:75 - [STDERR_REDIRECT] [Fatal Error] :1:1: Premature end of file.
2026-01-21 22:09:08,628 [ERROR] LogOutputStream:75 - [STDERR_REDIRECT] 
2026-01-21 22:09:09,631 [ERROR] LogOutputStream:75 - [STDERR_REDIRECT] [Fatal Error] :1:1: Premature end of file.
2026-01-21 22:09:09,631 [ERROR] LogOutputStream:75 - [STDERR_REDIRECT] 
2026-01-21 22:09:10,629 [ERROR] LogOutputStream:75 - [STDERR_REDIRECT] [Fatal Error] :1:1: Premature end of file.
2026-01-21 22:09:10,629 [ERROR] LogOutputStream:75 - [STDERR_REDIRECT] 
2026-01-21 22:09:11,629 [ERROR] LogOutputStream:75 - [STDERR_REDIRECT] [Fatal Error] :1:1: Premature end of file.
2026-01-21 22:09:11,629 [ERROR] LogOutputStream:75 - [STDERR_REDIRECT] 
2026-01-21 22:09:12,635 [ERROR] LogOutputStream:75 - [STDERR_REDIRECT] [Fatal Error] :1:1: Premature end of file.
2026-01-21 22:09:12,635 [ERROR] LogOutputStream:75 - [STDERR_REDIRECT] 
2026-01-21 22:09:13,630 [ERROR] LogOutputStream:75 - [STDERR_REDIRECT] [Fatal Error] :1:1: Premature end of file.
2026-01-21 22:09:13,630 [ERROR] LogOutputStream:75 - [STDERR_REDIRECT] 
2026-01-21 22:09:14,630 [ERROR] LogOutputStream:75 - [STDERR_REDIRECT] [Fatal Error] :1:1: Premature end of file.
2026-01-21 22:09:14,630 [ERROR] LogOutputStream:75 - [STDERR_REDIRECT] 
2026-01-21 22:09:15,632 [ERROR] LogOutputStream:75 - [STDERR_REDIRECT] [Fatal Error] :1:1: Premature end of file.
2026-01-21 22:09:15,632 [ERROR] LogOutputStream:75 - [STDERR_REDIRECT] 
2026-01-21 22:09:16,632 [ERROR] LogOutputStream:75 - [STDERR_REDIRECT] [Fatal Error] :1:1: Premature end of file.
2026-01-21 22:09:16,633 [ERROR] LogOutputStream:75 - [STDERR_REDIRECT] 
2026-01-21 22:09:17,632 [ERROR] LogOutputStream:75 - [STDERR_REDIRECT] [Fatal Error] :1:1: Premature end of file.
2026-01-21 22:09:17,632 [ERROR] LogOutputStream:75 - [STDERR_REDIRECT] 
2026-01-21 22:09:18,625 [ERROR] LogOutputStream:75 - [STDERR_REDIRECT] [Fatal Error] :1:1: Premature end of file.
2026-01-21 22:09:18,625 [ERROR] LogOutputStream:75 - [STDERR_REDIRECT] 
2026-01-21 22:09:19,629 [ERROR] LogOutputStream:75 - [STDERR_REDIRECT] [Fatal Error] :1:1: Premature end of file.
2026-01-21 22:09:19,629 [ERROR] LogOutputStream:75 - [STDERR_REDIRECT] 
2026-01-21 22:09:20,628 [ERROR] LogOutputStream:75 - [STDERR_REDIRECT] [Fatal Error] :1:1: Premature end of file.
2026-01-21 22:09:20,628 [ERROR] LogOutputStream:75 - [STDERR_REDIRECT] 
2026-01-21 22:09:21,630 [ERROR] LogOutputStream:75 - [STDERR_REDIRECT] [Fatal Error] :1:1: Premature end of file.
2026-01-21 22:09:21,630 [ERROR] LogOutputStream:75 - [STDERR_REDIRECT] 
2026-01-21 22:09:22,625 [ERROR] LogOutputStream:75 - [STDERR_REDIRECT] [Fatal Error] :1:1: Premature end of file.
2026-01-21 22:09:22,625 [ERROR] LogOutputStream:75 - [STDERR_REDIRECT] 
2026-01-21 22:09:23,632 [ERROR] LogOutputStream:75 - [STDERR_REDIRECT] [Fatal Error] :1:1: Premature end of file.
2026-01-21 22:09:23,632 [ERROR] LogOutputStream:75 - [STDERR_REDIRECT] 
2026-01-21 22:09:24,630 [ERROR] LogOutputStream:75 - [STDERR_REDIRECT] [Fatal Error] :1:1: Premature end of file.
2026-01-21 22:09:24,630 [ERROR] LogOutputStream:75 - [STDERR_REDIRECT] 
2026-01-21 22:09:25,629 [ERROR] LogOutputStream:75 - [STDERR_REDIRECT] [Fatal Error] :1:1: Premature end of file.
2026-01-21 22:09:25,629 [ERROR] LogOutputStream:75 - [STDERR_REDIRECT] 
2026-01-21 22:09:26,631 [ERROR] LogOutputStream:75 - [STDERR_REDIRECT] [Fatal Error] :1:1: Premature end of file.
2026-01-21 22:09:26,631 [ERROR] LogOutputStream:75 - [STDERR_REDIRECT] 
2026-01-21 22:09:27,630 [ERROR] LogOutputStream:75 - [STDERR_REDIRECT] [Fatal Error] :1:1: Premature end of file.
2026-01-21 22:09:27,630 [ERROR] LogOutputStream:75 - [STDERR_REDIRECT] 
2026-01-21 22:09:28,645 [ERROR] LogOutputStream:75 - [STDERR_REDIRECT] [Fatal Error] :1:1: Premature end of file.
2026-01-21 22:09:28,645 [ERROR] LogOutputStream:75 - [STDERR_REDIRECT] 
2026-01-21 22:09:29,628 [ERROR] LogOutputStream:75 - [STDERR_REDIRECT] [Fatal Error] :1:1: Premature end of file.
2026-01-21 22:09:29,628 [ERROR] LogOutputStream:75 - [STDERR_REDIRECT] 
2026-01-21 22:09:30,630 [ERROR] LogOutputStream:75 - [STDERR_REDIRECT] [Fatal Error] :1:1: Premature end of file.
2026-01-21 22:09:30,630 [ERROR] LogOutputStream:75 - [STDERR_REDIRECT] 
2026-01-21 22:09:31,629 [ERROR] LogOutputStream:75 - [STDERR_REDIRECT] [Fatal Error] :1:1: Premature end of file.
2026-01-21 22:09:31,629 [ERROR] LogOutputStream:75 - [STDERR_REDIRECT] 
2026-01-21 22:09:32,621 [ERROR] LogOutputStream:75 - [STDERR_REDIRECT] [Fatal Error] :1:1: Premature end of file.
2026-01-21 22:09:32,621 [ERROR] LogOutputStream:75 - [STDERR_REDIRECT] 
2026-01-21 22:09:33,630 [ERROR] LogOutputStream:75 - [STDERR_REDIRECT] [Fatal Error] :1:1: Premature end of file.
2026-01-21 22:09:33,630 [ERROR] LogOutputStream:75 - [STDERR_REDIRECT] 
2026-01-21 22:09:34,623 [ERROR] LogOutputStream:75 - [STDERR_REDIRECT] [Fatal Error] :1:1: Premature end of file.
2026-01-21 22:09:34,623 [ERROR] LogOutputStream:75 - [STDERR_REDIRECT] 
2026-01-21 22:09:35,631 [ERROR] LogOutputStream:75 - [STDERR_REDIRECT] [Fatal Error] :1:1: Premature end of file.
2026-01-21 22:09:35,631 [ERROR] LogOutputStream:75 - [STDERR_REDIRECT] 
2026-01-21 22:09:36,623 [ERROR] LogOutputStream:75 - [STDERR_REDIRECT] [Fatal Error] :1:1: Premature end of file.
2026-01-21 22:09:36,623 [ERROR] LogOutputStream:75 - [STDERR_REDIRECT] 
2026-01-21 22:09:37,630 [ERROR] LogOutputStream:75 - [STDERR_REDIRECT] [Fatal Error] :1:1: Premature end of file.
2026-01-21 22:09:37,630 [ERROR] LogOutputStream:75 - [STDERR_REDIRECT] 
2026-01-21 22:09:38,634 [ERROR] LogOutputStream:75 - [STDERR_REDIRECT] [Fatal Error] :1:1: Premature end of file.
2026-01-21 22:09:38,634 [ERROR] LogOutputStream:75 - [STDERR_REDIRECT] 
2026-01-21 22:09:39,614 [ERROR] LogOutputStream:75 - [STDERR_REDIRECT] [Fatal Error] :1:1: Premature end of file.
2026-01-21 22:09:39,614 [ERROR] LogOutputStream:75 - [STDERR_REDIRECT] 
2026-01-21 22:09:40,631 [ERROR] LogOutputStream:75 - [STDERR_REDIRECT] [Fatal Error] :1:1: Premature end of file.
2026-01-21 22:09:40,631 [ERROR] LogOutputStream:75 - [STDERR_REDIRECT] 
2026-01-21 22:09:41,630 [ERROR] LogOutputStream:75 - [STDERR_REDIRECT] [Fatal Error] :1:1: Premature end of file.
2026-01-21 22:09:41,630 [ERROR] LogOutputStream:75 - [STDERR_REDIRECT] 
2026-01-21 22:09:42,633 [ERROR] LogOutputStream:75 - [STDERR_REDIRECT] [Fatal Error] :1:1: Premature end of file.
2026-01-21 22:09:42,633 [ERROR] LogOutputStream:75 - [STDERR_REDIRECT] 
2026-01-21 22:09:43,631 [ERROR] LogOutputStream:75 - [STDERR_REDIRECT] [Fatal Error] :1:1: Premature end of file.
2026-01-21 22:09:43,631 [ERROR] LogOutputStream:75 - [STDERR_REDIRECT] 
2026-01-21 22:09:44,631 [ERROR] LogOutputStream:75 - [STDERR_REDIRECT] [Fatal Error] :1:1: Premature end of file.
2026-01-21 22:09:44,631 [ERROR] LogOutputStream:75 - [STDERR_REDIRECT] 
2026-01-21 22:09:45,631 [ERROR] LogOutputStream:75 - [STDERR_REDIRECT] [Fatal Error] :1:1: Premature end of file.
2026-01-21 22:09:45,631 [ERROR] LogOutputStream:75 - [STDERR_REDIRECT] 
2026-01-21 22:09:46,627 [ERROR] LogOutputStream:75 - [STDERR_REDIRECT] [Fatal Error] :1:1: Premature end of file.
2026-01-21 22:09:46,627 [ERROR] LogOutputStream:75 - [STDERR_REDIRECT] 
2026-01-21 22:09:47,627 [ERROR] LogOutputStream:75 - [STDERR_REDIRECT] [Fatal Error] :1:1: Premature end of file.
2026-01-21 22:09:47,627 [ERROR] LogOutputStream:75 - [STDERR_REDIRECT] 
2026-01-21 22:09:48,629 [ERROR] LogOutputStream:75 - [STDERR_REDIRECT] [Fatal Error] :1:1: Premature end of file.
2026-01-21 22:09:48,629 [ERROR] LogOutputStream:75 - [STDERR_REDIRECT] 
2026-01-21 22:09:49,632 [ERROR] LogOutputStream:75 - [STDERR_REDIRECT] [Fatal Error] :1:1: Premature end of file.
2026-01-21 22:09:49,632 [ERROR] LogOutputStream:75 - [STDERR_REDIRECT] 
2026-01-21 22:09:50,631 [ERROR] LogOutputStream:75 - [STDERR_REDIRECT] [Fatal Error] :1:1: Premature end of file.
2026-01-21 22:09:50,631 [ERROR] LogOutputStream:75 - [STDERR_REDIRECT] 
2026-01-21 22:09:51,631 [ERROR] LogOutputStream:75 - [STDERR_REDIRECT] [Fatal Error] :1:1: Premature end of file.
2026-01-21 22:09:51,631 [ERROR] LogOutputStream:75 - [STDERR_REDIRECT] 
2026-01-21 22:09:52,631 [ERROR] LogOutputStream:75 - [STDERR_REDIRECT] [Fatal Error] :1:1: Premature end of file.
2026-01-21 22:09:52,631 [ERROR] LogOutputStream:75 - [STDERR_REDIRECT] 
2026-01-21 22:09:53,632 [ERROR] LogOutputStream:75 - [STDERR_REDIRECT] [Fatal Error] :1:1: Premature end of file.
2026-01-21 22:09:53,632 [ERROR] LogOutputStream:75 - [STDERR_REDIRECT] 
2026-01-21 22:09:54,631 [ERROR] LogOutputStream:75 - [STDERR_REDIRECT] [Fatal Error] :1:1: Premature end of file.
2026-01-21 22:09:54,631 [ERROR] LogOutputStream:75 - [STDERR_REDIRECT] 
2026-01-21 22:09:55,632 [ERROR] LogOutputStream:75 - [STDERR_REDIRECT] [Fatal Error] :1:1: Premature end of file.
2026-01-21 22:09:55,632 [ERROR] LogOutputStream:75 - [STDERR_REDIRECT] 
2026-01-21 22:09:56,631 [ERROR] LogOutputStream:75 - [STDERR_REDIRECT] [Fatal Error] :1:1: Premature end of file.
2026-01-21 22:09:56,631 [ERROR] LogOutputStream:75 - [STDERR_REDIRECT] 
2026-01-21 22:09:57,632 [ERROR] LogOutputStream:75 - [STDERR_REDIRECT] [Fatal Error] :1:1: Premature end of file.
2026-01-21 22:09:57,632 [ERROR] LogOutputStream:75 - [STDERR_REDIRECT] 
2026-01-21 22:09:58,632 [ERROR] LogOutputStream:75 - [STDERR_REDIRECT] [Fatal Error] :1:1: Premature end of file.
2026-01-21 22:09:58,632 [ERROR] LogOutputStream:75 - [STDERR_REDIRECT] 
2026-01-21 22:09:59,632 [ERROR] LogOutputStream:75 - [STDERR_REDIRECT] [Fatal Error] :1:1: Premature end of file.
2026-01-21 22:09:59,632 [ERROR] LogOutputStream:75 - [STDERR_REDIRECT] 
2026-01-21 22:10:00,635 [ERROR] LogOutputStream:75 - [STDERR_REDIRECT] [Fatal Error] :1:1: Premature end of file.
2026-01-21 22:10:00,635 [ERROR] LogOutputStream:75 - [STDERR_REDIRECT] 
2026-01-21 22:10:01,634 [ERROR] LogOutputStream:75 - [STDERR_REDIRECT] [Fatal Error] :1:1: Premature end of file.
2026-01-21 22:10:01,634 [ERROR] LogOutputStream:75 - [STDERR_REDIRECT] 
2026-01-21 22:10:02,632 [ERROR] LogOutputStream:75 - [STDERR_REDIRECT] [Fatal Error] :1:1: Premature end of file.
2026-01-21 22:10:02,632 [ERROR] LogOutputStream:75 - [STDERR_REDIRECT] 
2026-01-21 22:10:03,634 [ERROR] LogOutputStream:75 - [STDERR_REDIRECT] [Fatal Error] :1:1: Premature end of file.
2026-01-21 22:10:03,634 [ERROR] LogOutputStream:75 - [STDERR_REDIRECT] 
2026-01-21 22:10:04,632 [ERROR] LogOutputStream:75 - [STDERR_REDIRECT] [Fatal Error] :1:1: Premature end of file.
2026-01-21 22:10:04,632 [ERROR] LogOutputStream:75 - [STDERR_REDIRECT] 
2026-01-21 22:10:05,633 [ERROR] LogOutputStream:75 - [STDERR_REDIRECT] [Fatal Error] :1:1: Premature end of file.
2026-01-21 22:10:05,633 [ERROR] LogOutputStream:75 - [STDERR_REDIRECT] 
2026-01-21 22:10:06,635 [ERROR] LogOutputStream:75 - [STDERR_REDIRECT] [Fatal Error] :1:1: Premature end of file.
2026-01-21 22:10:06,636 [ERROR] LogOutputStream:75 - [STDERR_REDIRECT] 
2026-01-21 22:10:07,631 [ERROR] LogOutputStream:75 - [STDERR_REDIRECT] [Fatal Error] :1:1: Premature end of file.
2026-01-21 22:10:07,631 [ERROR] LogOutputStream:75 - [STDERR_REDIRECT] 
2026-01-21 22:10:08,635 [ERROR] LogOutputStream:75 - [STDERR_REDIRECT] [Fatal Error] :1:1: Premature end of file.
2026-01-21 22:10:08,635 [ERROR] LogOutputStream:75 - [STDERR_REDIRECT] 
2026-01-21 22:10:09,632 [ERROR] LogOutputStream:75 - [STDERR_REDIRECT] [Fatal Error] :1:1: Premature end of file.
2026-01-21 22:10:09,632 [ERROR] LogOutputStream:75 - [STDERR_REDIRECT] 
2026-01-21 22:10:10,635 [ERROR] LogOutputStream:75 - [STDERR_REDIRECT] [Fatal Error] :1:1: Premature end of file.
2026-01-21 22:10:10,635 [ERROR] LogOutputStream:75 - [STDERR_REDIRECT] 
2026-01-21 22:10:11,632 [ERROR] LogOutputStream:75 - [STDERR_REDIRECT] [Fatal Error] :1:1: Premature end of file.
2026-01-21 22:10:11,632 [ERROR] LogOutputStream:75 - [STDERR_REDIRECT] 
2026-01-21 22:10:12,632 [ERROR] LogOutputStream:75 - [STDERR_REDIRECT] [Fatal Error] :1:1: Premature end of file.
2026-01-21 22:10:12,632 [ERROR] LogOutputStream:75 - [STDERR_REDIRECT] 
2026-01-21 22:10:13,630 [ERROR] LogOutputStream:75 - [STDERR_REDIRECT] [Fatal Error] :1:1: Premature end of file.
2026-01-21 22:10:13,630 [ERROR] LogOutputStream:75 - [STDERR_REDIRECT] 
2026-01-21 22:10:14,624 [ERROR] LogOutputStream:75 - [STDERR_REDIRECT] [Fatal Error] :1:1: Premature end of file.
2026-01-21 22:10:14,624 [ERROR] LogOutputStream:75 - [STDERR_REDIRECT] 
2026-01-21 22:10:15,625 [ERROR] LogOutputStream:75 - [STDERR_REDIRECT] [Fatal Error] :1:1: Premature end of file.
2026-01-21 22:10:15,625 [ERROR] LogOutputStream:75 - [STDERR_REDIRECT] 
2026-01-21 22:10:16,625 [ERROR] LogOutputStream:75 - [STDERR_REDIRECT] [Fatal Error] :1:1: Premature end of file.
2026-01-21 22:10:16,625 [ERROR] LogOutputStream:75 - [STDERR_REDIRECT] 
2026-01-21 22:10:17,623 [ERROR] LogOutputStream:75 - [STDERR_REDIRECT] [Fatal Error] :1:1: Premature end of file.
2026-01-21 22:10:17,623 [ERROR] LogOutputStream:75 - [STDERR_REDIRECT] 
2026-01-21 22:10:18,626 [ERROR] LogOutputStream:75 - [STDERR_REDIRECT] [Fatal Error] :1:1: Premature end of file.
2026-01-21 22:10:18,626 [ERROR] LogOutputStream:75 - [STDERR_REDIRECT] 
2026-01-21 22:10:19,624 [ERROR] LogOutputStream:75 - [STDERR_REDIRECT] [Fatal Error] :1:1: Premature end of file.
2026-01-21 22:10:19,624 [ERROR] LogOutputStream:75 - [STDERR_REDIRECT] 
2026-01-21 22:10:20,625 [ERROR] LogOutputStream:75 - [STDERR_REDIRECT] [Fatal Error] :1:1: Premature end of file.
2026-01-21 22:10:20,626 [ERROR] LogOutputStream:75 - [STDERR_REDIRECT] 
2026-01-21 22:10:21,632 [ERROR] LogOutputStream:75 - [STDERR_REDIRECT] [Fatal Error] :1:1: Premature end of file.
2026-01-21 22:10:21,632 [ERROR] LogOutputStream:75 - [STDERR_REDIRECT] 
2026-01-21 22:10:22,633 [ERROR] LogOutputStream:75 - [STDERR_REDIRECT] [Fatal Error] :1:1: Premature end of file.
2026-01-21 22:10:22,633 [ERROR] LogOutputStream:75 - [STDERR_REDIRECT] 
2026-01-21 22:10:23,622 [ERROR] LogOutputStream:75 - [STDERR_REDIRECT] [Fatal Error] :1:1: Premature end of file.
2026-01-21 22:10:23,622 [ERROR] LogOutputStream:75 - [STDERR_REDIRECT] 
2026-01-21 22:10:24,625 [ERROR] LogOutputStream:75 - [STDERR_REDIRECT] [Fatal Error] :1:1: Premature end of file.
2026-01-21 22:10:24,625 [ERROR] LogOutputStream:75 - [STDERR_REDIRECT] 
2026-01-21 22:10:25,634 [ERROR] LogOutputStream:75 - [STDERR_REDIRECT] [Fatal Error] :1:1: Premature end of file.
2026-01-21 22:10:25,634 [ERROR] LogOutputStream:75 - [STDERR_REDIRECT] 
2026-01-21 22:10:26,634 [ERROR] LogOutputStream:75 - [STDERR_REDIRECT] [Fatal Error] :1:1: Premature end of file.
2026-01-21 22:10:26,634 [ERROR] LogOutputStream:75 - [STDERR_REDIRECT] 
2026-01-21 22:10:27,628 [ERROR] LogOutputStream:75 - [STDERR_REDIRECT] [Fatal Error] :1:1: Premature end of file.
2026-01-21 22:10:27,628 [ERROR] LogOutputStream:75 - [STDERR_REDIRECT] 
2026-01-21 22:10:28,635 [ERROR] LogOutputStream:75 - [STDERR_REDIRECT] [Fatal Error] :1:1: Premature end of file.
2026-01-21 22:10:28,635 [ERROR] LogOutputStream:75 - [STDERR_REDIRECT] 
2026-01-21 22:10:29,635 [ERROR] LogOutputStream:75 - [STDERR_REDIRECT] [Fatal Error] :1:1: Premature end of file.
2026-01-21 22:10:29,635 [ERROR] LogOutputStream:75 - [STDERR_REDIRECT] 
2026-01-21 22:10:30,631 [ERROR] LogOutputStream:75 - [STDERR_REDIRECT] [Fatal Error] :1:1: Premature end of file.
2026-01-21 22:10:30,631 [ERROR] LogOutputStream:75 - [STDERR_REDIRECT] 
2026-01-21 22:10:31,633 [ERROR] LogOutputStream:75 - [STDERR_REDIRECT] [Fatal Error] :1:1: Premature end of file.
2026-01-21 22:10:31,633 [ERROR] LogOutputStream:75 - [STDERR_REDIRECT] 
2026-01-21 22:10:32,633 [ERROR] LogOutputStream:75 - [STDERR_REDIRECT] [Fatal Error] :1:1: Premature end of file.
2026-01-21 22:10:32,633 [ERROR] LogOutputStream:75 - [STDERR_REDIRECT] 
2026-01-21 22:10:33,630 [ERROR] LogOutputStream:75 - [STDERR_REDIRECT] [Fatal Error] :1:1: Premature end of file.
2026-01-21 22:10:33,630 [ERROR] LogOutputStream:75 - [STDERR_REDIRECT] 
2026-01-21 22:10:34,624 [ERROR] LogOutputStream:75 - [STDERR_REDIRECT] [Fatal Error] :1:1: Premature end of file.
2026-01-21 22:10:34,624 [ERROR] LogOutputStream:75 - [STDERR_REDIRECT] 
2026-01-21 22:10:35,626 [ERROR] LogOutputStream:75 - [STDERR_REDIRECT] [Fatal Error] :1:1: Premature end of file.
2026-01-21 22:10:35,626 [ERROR] LogOutputStream:75 - [STDERR_REDIRECT] 
2026-01-21 22:10:36,624 [ERROR] LogOutputStream:75 - [STDERR_REDIRECT] [Fatal Error] :1:1: Premature end of file.
2026-01-21 22:10:36,624 [ERROR] LogOutputStream:75 - [STDERR_REDIRECT] 
2026-01-21 22:10:37,625 [ERROR] LogOutputStream:75 - [STDERR_REDIRECT] [Fatal Error] :1:1: Premature end of file.
2026-01-21 22:10:37,626 [ERROR] LogOutputStream:75 - [STDERR_REDIRECT] 
2026-01-21 22:10:38,625 [ERROR] LogOutputStream:75 - [STDERR_REDIRECT] [Fatal Error] :1:1: Premature end of file.
2026-01-21 22:10:38,625 [ERROR] LogOutputStream:75 - [STDERR_REDIRECT] 
2026-01-21 22:10:39,624 [ERROR] LogOutputStream:75 - [STDERR_REDIRECT] [Fatal Error] :1:1: Premature end of file.
2026-01-21 22:10:39,624 [ERROR] LogOutputStream:75 - [STDERR_REDIRECT] 
2026-01-21 22:10:40,627 [ERROR] LogOutputStream:75 - [STDERR_REDIRECT] [Fatal Error] :1:1: Premature end of file.
2026-01-21 22:10:40,627 [ERROR] LogOutputStream:75 - [STDERR_REDIRECT] 
2026-01-21 22:10:41,630 [ERROR] LogOutputStream:75 - [STDERR_REDIRECT] [Fatal Error] :1:1: Premature end of file.
2026-01-21 22:10:41,630 [ERROR] LogOutputStream:75 - [STDERR_REDIRECT] 
2026-01-21 22:10:42,636 [ERROR] LogOutputStream:75 - [STDERR_REDIRECT] [Fatal Error] :1:1: Premature end of file.
2026-01-21 22:10:42,636 [ERROR] LogOutputStream:75 - [STDERR_REDIRECT] 
2026-01-21 22:10:43,637 [ERROR] LogOutputStream:75 - [STDERR_REDIRECT] [Fatal Error] :1:1: Premature end of file.
2026-01-21 22:10:43,638 [ERROR] LogOutputStream:75 - [STDERR_REDIRECT] 
2026-01-21 22:10:44,630 [ERROR] LogOutputStream:75 - [STDERR_REDIRECT] [Fatal Error] :1:1: Premature end of file.
2026-01-21 22:10:44,630 [ERROR] LogOutputStream:75 - [STDERR_REDIRECT] 
2026-01-21 22:10:45,627 [ERROR] LogOutputStream:75 - [STDERR_REDIRECT] [Fatal Error] :1:1: Premature end of file.
2026-01-21 22:10:45,627 [ERROR] LogOutputStream:75 - [STDERR_REDIRECT] 
2026-01-21 22:10:46,626 [ERROR] LogOutputStream:75 - [STDERR_REDIRECT] [Fatal Error] :1:1: Premature end of file.
2026-01-21 22:10:46,626 [ERROR] LogOutputStream:75 - [STDERR_REDIRECT] 
2026-01-21 22:10:47,629 [ERROR] LogOutputStream:75 - [STDERR_REDIRECT] [Fatal Error] :1:1: Premature end of file.
2026-01-21 22:10:47,629 [ERROR] LogOutputStream:75 - [STDERR_REDIRECT] 
2026-01-21 22:10:48,637 [ERROR] LogOutputStream:75 - [STDERR_REDIRECT] [Fatal Error] :1:1: Premature end of file.
2026-01-21 22:10:48,637 [ERROR] LogOutputStream:75 - [STDERR_REDIRECT] 
2026-01-21 22:10:49,624 [ERROR] LogOutputStream:75 - [STDERR_REDIRECT] [Fatal Error] :1:1: Premature end of file.
2026-01-21 22:10:49,624 [ERROR] LogOutputStream:75 - [STDERR_REDIRECT] 
2026-01-21 22:10:50,625 [ERROR] LogOutputStream:75 - [STDERR_REDIRECT] [Fatal Error] :1:1: Premature end of file.
2026-01-21 22:10:50,625 [ERROR] LogOutputStream:75 - [STDERR_REDIRECT] 
2026-01-21 22:10:51,625 [ERROR] LogOutputStream:75 - [STDERR_REDIRECT] [Fatal Error] :1:1: Premature end of file.
2026-01-21 22:10:51,626 [ERROR] LogOutputStream:75 - [STDERR_REDIRECT] 
2026-01-21 22:10:52,626 [ERROR] LogOutputStream:75 - [STDERR_REDIRECT] [Fatal Error] :1:1: Premature end of file.
2026-01-21 22:10:52,626 [ERROR] LogOutputStream:75 - [STDERR_REDIRECT] 
2026-01-21 22:10:53,635 [ERROR] LogOutputStream:75 - [STDERR_REDIRECT] [Fatal Error] :1:1: Premature end of file.
2026-01-21 22:10:53,635 [ERROR] LogOutputStream:75 - [STDERR_REDIRECT] 
2026-01-21 22:10:54,634 [ERROR] LogOutputStream:75 - [STDERR_REDIRECT] [Fatal Error] :1:1: Premature end of file.
2026-01-21 22:10:54,634 [ERROR] LogOutputStream:75 - [STDERR_REDIRECT] 
2026-01-21 22:10:55,635 [ERROR] LogOutputStream:75 - [STDERR_REDIRECT] [Fatal Error] :1:1: Premature end of file.
2026-01-21 22:10:55,635 [ERROR] LogOutputStream:75 - [STDERR_REDIRECT] 
2026-01-21 22:10:56,636 [ERROR] LogOutputStream:75 - [STDERR_REDIRECT] [Fatal Error] :1:1: Premature end of file.
2026-01-21 22:10:56,636 [ERROR] LogOutputStream:75 - [STDERR_REDIRECT] 
2026-01-21 22:10:57,634 [ERROR] LogOutputStream:75 - [STDERR_REDIRECT] [Fatal Error] :1:1: Premature end of file.
2026-01-21 22:10:57,634 [ERROR] LogOutputStream:75 - [STDERR_REDIRECT] 
2026-01-21 22:10:58,638 [ERROR] LogOutputStream:75 - [STDERR_REDIRECT] [Fatal Error] :1:1: Premature end of file.
2026-01-21 22:10:58,638 [ERROR] LogOutputStream:75 - [STDERR_REDIRECT] 
2026-01-21 22:10:59,635 [ERROR] LogOutputStream:75 - [STDERR_REDIRECT] [Fatal Error] :1:1: Premature end of file.
2026-01-21 22:10:59,635 [ERROR] LogOutputStream:75 - [STDERR_REDIRECT] 
2026-01-21 22:11:00,635 [ERROR] LogOutputStream:75 - [STDERR_REDIRECT] [Fatal Error] :1:1: Premature end of file.
2026-01-21 22:11:00,635 [ERROR] LogOutputStream:75 - [STDERR_REDIRECT] 
2026-01-21 22:11:01,640 [ERROR] LogOutputStream:75 - [STDERR_REDIRECT] [Fatal Error] :1:1: Premature end of file.
2026-01-21 22:11:01,640 [ERROR] LogOutputStream:75 - [STDERR_REDIRECT] 
2026-01-21 22:11:02,623 [ERROR] LogOutputStream:75 - [STDERR_REDIRECT] [Fatal Error] :1:1: Premature end of file.
2026-01-21 22:11:02,623 [ERROR] LogOutputStream:75 - [STDERR_REDIRECT] 
2026-01-21 22:11:03,625 [ERROR] LogOutputStream:75 - [STDERR_REDIRECT] [Fatal Error] :1:1: Premature end of file.
2026-01-21 22:11:03,625 [ERROR] LogOutputStream:75 - [STDERR_REDIRECT] 
2026-01-21 22:11:04,626 [ERROR] LogOutputStream:75 - [STDERR_REDIRECT] [Fatal Error] :1:1: Premature end of file.
2026-01-21 22:11:04,626 [ERROR] LogOutputStream:75 - [STDERR_REDIRECT] 
2026-01-21 22:11:05,626 [ERROR] LogOutputStream:75 - [STDERR_REDIRECT] [Fatal Error] :1:1: Premature end of file.
2026-01-21 22:11:05,626 [ERROR] LogOutputStream:75 - [STDERR_REDIRECT] 
2026-01-21 22:11:06,626 [ERROR] LogOutputStream:75 - [STDERR_REDIRECT] [Fatal Error] :1:1: Premature end of file.
2026-01-21 22:11:06,626 [ERROR] LogOutputStream:75 - [STDERR_REDIRECT] 
2026-01-21 22:11:07,627 [ERROR] LogOutputStream:75 - [STDERR_REDIRECT] [Fatal Error] :1:1: Premature end of file.
2026-01-21 22:11:07,627 [ERROR] LogOutputStream:75 - [STDERR_REDIRECT] 
2026-01-21 22:11:08,625 [ERROR] LogOutputStream:75 - [STDERR_REDIRECT] [Fatal Error] :1:1: Premature end of file.
2026-01-21 22:11:08,625 [ERROR] LogOutputStream:75 - [STDERR_REDIRECT] 
2026-01-21 22:11:09,623 [ERROR] LogOutputStream:75 - [STDERR_REDIRECT] [Fatal Error] :1:1: Premature end of file.
2026-01-21 22:11:09,623 [ERROR] LogOutputStream:75 - [STDERR_REDIRECT] 
2026-01-21 22:11:10,618 [ERROR] LogOutputStream:75 - [STDERR_REDIRECT] [Fatal Error] :1:1: Premature end of file.
2026-01-21 22:11:10,618 [ERROR] LogOutputStream:75 - [STDERR_REDIRECT] 
2026-01-21 22:11:11,634 [ERROR] LogOutputStream:75 - [STDERR_REDIRECT] [Fatal Error] :1:1: Premature end of file.
2026-01-21 22:11:11,635 [ERROR] LogOutputStream:75 - [STDERR_REDIRECT] 
2026-01-21 22:11:12,634 [ERROR] LogOutputStream:75 - [STDERR_REDIRECT] [Fatal Error] :1:1: Premature end of file.
2026-01-21 22:11:12,634 [ERROR] LogOutputStream:75 - [STDERR_REDIRECT] 
2026-01-21 22:11:13,632 [ERROR] LogOutputStream:75 - [STDERR_REDIRECT] [Fatal Error] :1:1: Premature end of file.
2026-01-21 22:11:13,632 [ERROR] LogOutputStream:75 - [STDERR_REDIRECT] 
2026-01-21 22:11:14,628 [ERROR] LogOutputStream:75 - [STDERR_REDIRECT] [Fatal Error] :1:1: Premature end of file.
2026-01-21 22:11:14,628 [ERROR] LogOutputStream:75 - [STDERR_REDIRECT] 
2026-01-21 22:11:15,632 [ERROR] LogOutputStream:75 - [STDERR_REDIRECT] [Fatal Error] :1:1: Premature end of file.
2026-01-21 22:11:15,632 [ERROR] LogOutputStream:75 - [STDERR_REDIRECT] 
2026-01-21 22:11:16,635 [ERROR] LogOutputStream:75 - [STDERR_REDIRECT] [Fatal Error] :1:1: Premature end of file.
2026-01-21 22:11:16,635 [ERROR] LogOutputStream:75 - [STDERR_REDIRECT] 
2026-01-21 22:11:17,624 [ERROR] LogOutputStream:75 - [STDERR_REDIRECT] [Fatal Error] :1:1: Premature end of file.
2026-01-21 22:11:17,624 [ERROR] LogOutputStream:75 - [STDERR_REDIRECT] 
2026-01-21 22:11:18,626 [ERROR] LogOutputStream:75 - [STDERR_REDIRECT] [Fatal Error] :1:1: Premature end of file.
2026-01-21 22:11:18,626 [ERROR] LogOutputStream:75 - [STDERR_REDIRECT] 
2026-01-21 22:11:19,625 [ERROR] LogOutputStream:75 - [STDERR_REDIRECT] [Fatal Error] :1:1: Premature end of file.
2026-01-21 22:11:19,625 [ERROR] LogOutputStream:75 - [STDERR_REDIRECT] 
2026-01-21 22:11:20,623 [ERROR] LogOutputStream:75 - [STDERR_REDIRECT] [Fatal Error] :1:1: Premature end of file.
2026-01-21 22:11:20,623 [ERROR] LogOutputStream:75 - [STDERR_REDIRECT] 
2026-01-21 22:11:21,624 [ERROR] LogOutputStream:75 - [STDERR_REDIRECT] [Fatal Error] :1:1: Premature end of file.
2026-01-21 22:11:21,624 [ERROR] LogOutputStream:75 - [STDERR_REDIRECT] 
2026-01-21 22:11:22,622 [ERROR] LogOutputStream:75 - [STDERR_REDIRECT] [Fatal Error] :1:1: Premature end of file.
2026-01-21 22:11:22,622 [ERROR] LogOutputStream:75 - [STDERR_REDIRECT] 
2026-01-21 22:11:23,628 [ERROR] LogOutputStream:75 - [STDERR_REDIRECT] [Fatal Error] :1:1: Premature end of file.
2026-01-21 22:11:23,628 [ERROR] LogOutputStream:75 - [STDERR_REDIRECT] 
2026-01-21 22:11:24,623 [ERROR] LogOutputStream:75 - [STDERR_REDIRECT] [Fatal Error] :1:1: Premature end of file.
2026-01-21 22:11:24,623 [ERROR] LogOutputStream:75 - [STDERR_REDIRECT] 
2026-01-21 22:11:25,625 [ERROR] LogOutputStream:75 - [STDERR_REDIRECT] [Fatal Error] :1:1: Premature end of file.
2026-01-21 22:11:25,625 [ERROR] LogOutputStream:75 - [STDERR_REDIRECT] 
2026-01-21 22:11:26,633 [ERROR] LogOutputStream:75 - [STDERR_REDIRECT] [Fatal Error] :1:1: Premature end of file.
2026-01-21 22:11:26,633 [ERROR] LogOutputStream:75 - [STDERR_REDIRECT] 
2026-01-21 22:11:27,634 [ERROR] LogOutputStream:75 - [STDERR_REDIRECT] [Fatal Error] :1:1: Premature end of file.
2026-01-21 22:11:27,634 [ERROR] LogOutputStream:75 - [STDERR_REDIRECT] 
2026-01-21 22:11:28,623 [ERROR] LogOutputStream:75 - [STDERR_REDIRECT] [Fatal Error] :1:1: Premature end of file.
2026-01-21 22:11:28,623 [ERROR] LogOutputStream:75 - [STDERR_REDIRECT] 
2026-01-21 22:11:29,628 [ERROR] LogOutputStream:75 - [STDERR_REDIRECT] [Fatal Error] :1:1: Premature end of file.
2026-01-21 22:11:29,628 [ERROR] LogOutputStream:75 - [STDERR_REDIRECT] 
2026-01-21 22:11:30,632 [ERROR] LogOutputStream:75 - [STDERR_REDIRECT] [Fatal Error] :1:1: Premature end of file.
2026-01-21 22:11:30,632 [ERROR] LogOutputStream:75 - [STDERR_REDIRECT] 
2026-01-21 22:11:31,636 [ERROR] LogOutputStream:75 - [STDERR_REDIRECT] [Fatal Error] :1:1: Premature end of file.
2026-01-21 22:11:31,636 [ERROR] LogOutputStream:75 - [STDERR_REDIRECT] 
2026-01-21 22:11:32,624 [ERROR] LogOutputStream:75 - [STDERR_REDIRECT] [Fatal Error] :1:1: Premature end of file.
2026-01-21 22:11:32,624 [ERROR] LogOutputStream:75 - [STDERR_REDIRECT] 
2026-01-21 22:11:33,627 [ERROR] LogOutputStream:75 - [STDERR_REDIRECT] [Fatal Error] :1:1: Premature end of file.
2026-01-21 22:11:33,627 [ERROR] LogOutputStream:75 - [STDERR_REDIRECT] 
2026-01-21 22:11:34,637 [ERROR] LogOutputStream:75 - [STDERR_REDIRECT] [Fatal Error] :1:1: Premature end of file.
2026-01-21 22:11:34,637 [ERROR] LogOutputStream:75 - [STDERR_REDIRECT] 
2026-01-21 22:11:35,634 [ERROR] LogOutputStream:75 - [STDERR_REDIRECT] [Fatal Error] :1:1: Premature end of file.
2026-01-21 22:11:35,634 [ERROR] LogOutputStream:75 - [STDERR_REDIRECT] 
2026-01-21 22:11:36,630 [ERROR] LogOutputStream:75 - [STDERR_REDIRECT] [Fatal Error] :1:1: Premature end of file.
2026-01-21 22:11:36,630 [ERROR] LogOutputStream:75 - [STDERR_REDIRECT] 
2026-01-21 22:11:37,629 [ERROR] LogOutputStream:75 - [STDERR_REDIRECT] [Fatal Error] :1:1: Premature end of file.
2026-01-21 22:11:37,629 [ERROR] LogOutputStream:75 - [STDERR_REDIRECT] 
2026-01-21 22:11:38,636 [ERROR] LogOutputStream:75 - [STDERR_REDIRECT] [Fatal Error] :1:1: Premature end of file.
2026-01-21 22:11:38,636 [ERROR] LogOutputStream:75 - [STDERR_REDIRECT] 
2026-01-21 22:11:39,625 [ERROR] LogOutputStream:75 - [STDERR_REDIRECT] [Fatal Error] :1:1: Premature end of file.
2026-01-21 22:11:39,625 [ERROR] LogOutputStream:75 - [STDERR_REDIRECT] 
2026-01-21 22:11:40,630 [ERROR] LogOutputStream:75 - [STDERR_REDIRECT] [Fatal Error] :1:1: Premature end of file.
2026-01-21 22:11:40,630 [ERROR] LogOutputStream:75 - [STDERR_REDIRECT] 
2026-01-21 22:11:41,632 [ERROR] LogOutputStream:75 - [STDERR_REDIRECT] [Fatal Error] :1:1: Premature end of file.
2026-01-21 22:11:41,632 [ERROR] LogOutputStream:75 - [STDERR_REDIRECT] 
2026-01-21 22:11:42,637 [ERROR] LogOutputStream:75 - [STDERR_REDIRECT] [Fatal Error] :1:1: Premature end of file.
2026-01-21 22:11:42,637 [ERROR] LogOutputStream:75 - [STDERR_REDIRECT] 
2026-01-21 22:11:43,636 [ERROR] LogOutputStream:75 - [STDERR_REDIRECT] [Fatal Error] :1:1: Premature end of file.
2026-01-21 22:11:43,636 [ERROR] LogOutputStream:75 - [STDERR_REDIRECT] 
2026-01-21 22:11:44,625 [ERROR] LogOutputStream:75 - [STDERR_REDIRECT] [Fatal Error] :1:1: Premature end of file.
2026-01-21 22:11:44,625 [ERROR] LogOutputStream:75 - [STDERR_REDIRECT] 
2026-01-21 22:11:45,629 [ERROR] LogOutputStream:75 - [STDERR_REDIRECT] [Fatal Error] :1:1: Premature end of file.
2026-01-21 22:11:45,629 [ERROR] LogOutputStream:75 - [STDERR_REDIRECT] 
2026-01-21 22:11:46,633 [ERROR] LogOutputStream:75 - [STDERR_REDIRECT] [Fatal Error] :1:1: Premature end of file.
2026-01-21 22:11:46,633 [ERROR] LogOutputStream:75 - [STDERR_REDIRECT] 
2026-01-21 22:11:47,624 [ERROR] LogOutputStream:75 - [STDERR_REDIRECT] [Fatal Error] :1:1: Premature end of file.
2026-01-21 22:11:47,624 [ERROR] LogOutputStream:75 - [STDERR_REDIRECT] 
2026-01-21 22:11:48,625 [ERROR] LogOutputStream:75 - [STDERR_REDIRECT] [Fatal Error] :1:1: Premature end of file.
2026-01-21 22:11:48,625 [ERROR] LogOutputStream:75 - [STDERR_REDIRECT] 
2026-01-21 22:11:49,624 [ERROR] LogOutputStream:75 - [STDERR_REDIRECT] [Fatal Error] :1:1: Premature end of file.
2026-01-21 22:11:49,625 [ERROR] LogOutputStream:75 - [STDERR_REDIRECT] 
2026-01-21 22:11:50,639 [ERROR] LogOutputStream:75 - [STDERR_REDIRECT] [Fatal Error] :1:1: Premature end of file.
2026-01-21 22:11:50,639 [ERROR] LogOutputStream:75 - [STDERR_REDIRECT] 
2026-01-21 22:11:51,623 [ERROR] LogOutputStream:75 - [STDERR_REDIRECT] [Fatal Error] :1:1: Premature end of file.
2026-01-21 22:11:51,623 [ERROR] LogOutputStream:75 - [STDERR_REDIRECT] 
2026-01-21 22:11:52,625 [ERROR] LogOutputStream:75 - [STDERR_REDIRECT] [Fatal Error] :1:1: Premature end of file.
2026-01-21 22:11:52,625 [ERROR] LogOutputStream:75 - [STDERR_REDIRECT] 
2026-01-21 22:11:53,624 [ERROR] LogOutputStream:75 - [STDERR_REDIRECT] [Fatal Error] :1:1: Premature end of file.
2026-01-21 22:11:53,624 [ERROR] LogOutputStream:75 - [STDERR_REDIRECT] 
2026-01-21 22:11:54,625 [ERROR] LogOutputStream:75 - [STDERR_REDIRECT] [Fatal Error] :1:1: Premature end of file.
2026-01-21 22:11:54,625 [ERROR] LogOutputStream:75 - [STDERR_REDIRECT] 
2026-01-21 22:11:55,623 [ERROR] LogOutputStream:75 - [STDERR_REDIRECT] [Fatal Error] :1:1: Premature end of file.
2026-01-21 22:11:55,624 [ERROR] LogOutputStream:75 - [STDERR_REDIRECT] 
2026-01-21 22:11:56,625 [ERROR] LogOutputStream:75 - [STDERR_REDIRECT] [Fatal Error] :1:1: Premature end of file.
2026-01-21 22:11:56,625 [ERROR] LogOutputStream:75 - [STDERR_REDIRECT] 
2026-01-21 22:11:57,625 [ERROR] LogOutputStream:75 - [STDERR_REDIRECT] [Fatal Error] :1:1: Premature end of file.
2026-01-21 22:11:57,625 [ERROR] LogOutputStream:75 - [STDERR_REDIRECT] 
2026-01-21 22:11:58,625 [ERROR] LogOutputStream:75 - [STDERR_REDIRECT] [Fatal Error] :1:1: Premature end of file.
2026-01-21 22:11:58,625 [ERROR] LogOutputStream:75 - [STDERR_REDIRECT] 
2026-01-21 22:11:59,623 [ERROR] LogOutputStream:75 - [STDERR_REDIRECT] [Fatal Error] :1:1: Premature end of file.
2026-01-21 22:11:59,623 [ERROR] LogOutputStream:75 - [STDERR_REDIRECT] 
2026-01-21 22:12:00,624 [ERROR] LogOutputStream:75 - [STDERR_REDIRECT] [Fatal Error] :1:1: Premature end of file.
2026-01-21 22:12:00,624 [ERROR] LogOutputStream:75 - [STDERR_REDIRECT] 
2026-01-21 22:12:01,625 [ERROR] LogOutputStream:75 - [STDERR_REDIRECT] [Fatal Error] :1:1: Premature end of file.
2026-01-21 22:12:01,625 [ERROR] LogOutputStream:75 - [STDERR_REDIRECT] 
2026-01-21 22:12:02,624 [ERROR] LogOutputStream:75 - [STDERR_REDIRECT] [Fatal Error] :1:1: Premature end of file.
2026-01-21 22:12:02,625 [ERROR] LogOutputStream:75 - [STDERR_REDIRECT] 
2026-01-21 22:12:03,626 [ERROR] LogOutputStream:75 - [STDERR_REDIRECT] [Fatal Error] :1:1: Premature end of file.
2026-01-21 22:12:03,626 [ERROR] LogOutputStream:75 - [STDERR_REDIRECT] 
2026-01-21 22:12:04,625 [ERROR] LogOutputStream:75 - [STDERR_REDIRECT] [Fatal Error] :1:1: Premature end of file.
2026-01-21 22:12:04,625 [ERROR] LogOutputStream:75 - [STDERR_REDIRECT] 
2026-01-21 22:12:05,623 [ERROR] LogOutputStream:75 - [STDERR_REDIRECT] [Fatal Error] :1:1: Premature end of file.
2026-01-21 22:12:05,623 [ERROR] LogOutputStream:75 - [STDERR_REDIRECT] 
2026-01-21 22:12:06,623 [ERROR] LogOutputStream:75 - [STDERR_REDIRECT] [Fatal Error] :1:1: Premature end of file.
2026-01-21 22:12:06,623 [ERROR] LogOutputStream:75 - [STDERR_REDIRECT] 
2026-01-21 22:12:07,628 [ERROR] LogOutputStream:75 - [STDERR_REDIRECT] [Fatal Error] :1:1: Premature end of file.
2026-01-21 22:12:07,628 [ERROR] LogOutputStream:75 - [STDERR_REDIRECT] 
2026-01-21 22:12:08,625 [ERROR] LogOutputStream:75 - [STDERR_REDIRECT] [Fatal Error] :1:1: Premature end of file.
2026-01-21 22:12:08,625 [ERROR] LogOutputStream:75 - [STDERR_REDIRECT] 
2026-01-21 22:12:09,638 [ERROR] LogOutputStream:75 - [STDERR_REDIRECT] [Fatal Error] :1:1: Premature end of file.
2026-01-21 22:12:09,638 [ERROR] LogOutputStream:75 - [STDERR_REDIRECT] 
2026-01-21 22:12:10,637 [ERROR] LogOutputStream:75 - [STDERR_REDIRECT] [Fatal Error] :1:1: Premature end of file.
2026-01-21 22:12:10,637 [ERROR] LogOutputStream:75 - [STDERR_REDIRECT] 
2026-01-21 22:12:11,621 [ERROR] LogOutputStream:75 - [STDERR_REDIRECT] [Fatal Error] :1:1: Premature end of file.
2026-01-21 22:12:11,621 [ERROR] LogOutputStream:75 - [STDERR_REDIRECT] 
2026-01-21 22:12:12,620 [ERROR] LogOutputStream:75 - [STDERR_REDIRECT] [Fatal Error] :1:1: Premature end of file.
2026-01-21 22:12:12,620 [ERROR] LogOutputStream:75 - [STDERR_REDIRECT] 
2026-01-21 22:12:13,637 [ERROR] LogOutputStream:75 - [STDERR_REDIRECT] [Fatal Error] :1:1: Premature end of file.
2026-01-21 22:12:13,637 [ERROR] LogOutputStream:75 - [STDERR_REDIRECT] 
2026-01-21 22:12:14,637 [ERROR] LogOutputStream:75 - [STDERR_REDIRECT] [Fatal Error] :1:1: Premature end of file.
2026-01-21 22:12:14,637 [ERROR] LogOutputStream:75 - [STDERR_REDIRECT] 
2026-01-21 22:12:15,642 [ERROR] LogOutputStream:75 - [STDERR_REDIRECT] [Fatal Error] :1:1: Premature end of file.
2026-01-21 22:12:15,642 [ERROR] LogOutputStream:75 - [STDERR_REDIRECT] 
2026-01-21 22:12:16,639 [ERROR] LogOutputStream:75 - [STDERR_REDIRECT] [Fatal Error] :1:1: Premature end of file.
2026-01-21 22:12:16,639 [ERROR] LogOutputStream:75 - [STDERR_REDIRECT] 
2026-01-21 22:12:17,640 [ERROR] LogOutputStream:75 - [STDERR_REDIRECT] [Fatal Error] :1:1: Premature end of file.
2026-01-21 22:12:17,640 [ERROR] LogOutputStream:75 - [STDERR_REDIRECT] 
2026-01-21 22:12:18,631 [ERROR] LogOutputStream:75 - [STDERR_REDIRECT] [Fatal Error] :1:1: Premature end of file.
2026-01-21 22:12:18,631 [ERROR] LogOutputStream:75 - [STDERR_REDIRECT] 
2026-01-21 22:12:19,625 [ERROR] LogOutputStream:75 - [STDERR_REDIRECT] [Fatal Error] :1:1: Premature end of file.
2026-01-21 22:12:19,625 [ERROR] LogOutputStream:75 - [STDERR_REDIRECT] 
2026-01-21 22:12:20,639 [ERROR] LogOutputStream:75 - [STDERR_REDIRECT] [Fatal Error] :1:1: Premature end of file.
2026-01-21 22:12:20,640 [ERROR] LogOutputStream:75 - [STDERR_REDIRECT] 
2026-01-21 22:12:21,637 [ERROR] LogOutputStream:75 - [STDERR_REDIRECT] [Fatal Error] :1:1: Premature end of file.
2026-01-21 22:12:21,637 [ERROR] LogOutputStream:75 - [STDERR_REDIRECT] 
2026-01-21 22:12:22,638 [ERROR] LogOutputStream:75 - [STDERR_REDIRECT] [Fatal Error] :1:1: Premature end of file.
2026-01-21 22:12:22,638 [ERROR] LogOutputStream:75 - [STDERR_REDIRECT] 
2026-01-21 22:12:23,638 [ERROR] LogOutputStream:75 - [STDERR_REDIRECT] [Fatal Error] :1:1: Premature end of file.
2026-01-21 22:12:23,638 [ERROR] LogOutputStream:75 - [STDERR_REDIRECT] 
2026-01-21 22:12:24,640 [ERROR] LogOutputStream:75 - [STDERR_REDIRECT] [Fatal Error] :1:1: Premature end of file.
2026-01-21 22:12:24,640 [ERROR] LogOutputStream:75 - [STDERR_REDIRECT] 
2026-01-21 22:12:25,637 [ERROR] LogOutputStream:75 - [STDERR_REDIRECT] [Fatal Error] :1:1: Premature end of file.
2026-01-21 22:12:25,637 [ERROR] LogOutputStream:75 - [STDERR_REDIRECT] 
2026-01-21 22:12:26,641 [ERROR] LogOutputStream:75 - [STDERR_REDIRECT] [Fatal Error] :1:1: Premature end of file.
2026-01-21 22:12:26,641 [ERROR] LogOutputStream:75 - [STDERR_REDIRECT] 
2026-01-21 22:12:27,637 [ERROR] LogOutputStream:75 - [STDERR_REDIRECT] [Fatal Error] :1:1: Premature end of file.
2026-01-21 22:12:27,637 [ERROR] LogOutputStream:75 - [STDERR_REDIRECT] 
2026-01-21 22:12:28,627 [ERROR] LogOutputStream:75 - [STDERR_REDIRECT] [Fatal Error] :1:1: Premature end of file.
2026-01-21 22:12:28,628 [ERROR] LogOutputStream:75 - [STDERR_REDIRECT] 
2026-01-21 22:12:29,632 [ERROR] LogOutputStream:75 - [STDERR_REDIRECT] [Fatal Error] :1:1: Premature end of file.
2026-01-21 22:12:29,632 [ERROR] LogOutputStream:75 - [STDERR_REDIRECT] 
2026-01-21 22:12:30,642 [ERROR] LogOutputStream:75 - [STDERR_REDIRECT] [Fatal Error] :1:1: Premature end of file.
2026-01-21 22:12:30,642 [ERROR] LogOutputStream:75 - [STDERR_REDIRECT] 
2026-01-21 22:12:31,639 [ERROR] LogOutputStream:75 - [STDERR_REDIRECT] [Fatal Error] :1:1: Premature end of file.
2026-01-21 22:12:31,639 [ERROR] LogOutputStream:75 - [STDERR_REDIRECT] 
2026-01-21 22:12:32,643 [ERROR] LogOutputStream:75 - [STDERR_REDIRECT] [Fatal Error] :1:1: Premature end of file.
2026-01-21 22:12:32,643 [ERROR] LogOutputStream:75 - [STDERR_REDIRECT] 
2026-01-21 22:12:33,638 [ERROR] LogOutputStream:75 - [STDERR_REDIRECT] [Fatal Error] :1:1: Premature end of file.
2026-01-21 22:12:33,638 [ERROR] LogOutputStream:75 - [STDERR_REDIRECT] 
2026-01-21 22:12:34,639 [ERROR] LogOutputStream:75 - [STDERR_REDIRECT] [Fatal Error] :1:1: Premature end of file.
2026-01-21 22:12:34,639 [ERROR] LogOutputStream:75 - [STDERR_REDIRECT] 
2026-01-21 22:12:35,634 [ERROR] LogOutputStream:75 - [STDERR_REDIRECT] [Fatal Error] :1:1: Premature end of file.
2026-01-21 22:12:35,634 [ERROR] LogOutputStream:75 - [STDERR_REDIRECT] 
2026-01-21 22:12:36,638 [ERROR] LogOutputStream:75 - [STDERR_REDIRECT] [Fatal Error] :1:1: Premature end of file.
2026-01-21 22:12:36,638 [ERROR] LogOutputStream:75 - [STDERR_REDIRECT] 
2026-01-21 22:12:37,642 [ERROR] LogOutputStream:75 - [STDERR_REDIRECT] [Fatal Error] :1:1: Premature end of file.
2026-01-21 22:12:37,642 [ERROR] LogOutputStream:75 - [STDERR_REDIRECT] 
2026-01-21 22:12:38,636 [ERROR] LogOutputStream:75 - [STDERR_REDIRECT] [Fatal Error] :1:1: Premature end of file.
2026-01-21 22:12:38,636 [ERROR] LogOutputStream:75 - [STDERR_REDIRECT] 
2026-01-21 22:12:39,636 [ERROR] LogOutputStream:75 - [STDERR_REDIRECT] [Fatal Error] :1:1: Premature end of file.
2026-01-21 22:12:39,636 [ERROR] LogOutputStream:75 - [STDERR_REDIRECT] 
2026-01-21 22:12:40,632 [ERROR] LogOutputStream:75 - [STDERR_REDIRECT] [Fatal Error] :1:1: Premature end of file.
2026-01-21 22:12:40,632 [ERROR] LogOutputStream:75 - [STDERR_REDIRECT] 
2026-01-21 22:12:41,627 [ERROR] LogOutputStream:75 - [STDERR_REDIRECT] [Fatal Error] :1:1: Premature end of file.
2026-01-21 22:12:41,627 [ERROR] LogOutputStream:75 - [STDERR_REDIRECT] 
2026-01-21 22:12:42,637 [ERROR] LogOutputStream:75 - [STDERR_REDIRECT] [Fatal Error] :1:1: Premature end of file.
2026-01-21 22:12:42,637 [ERROR] LogOutputStream:75 - [STDERR_REDIRECT] 
2026-01-21 22:12:43,638 [ERROR] LogOutputStream:75 - [STDERR_REDIRECT] [Fatal Error] :1:1: Premature end of file.
2026-01-21 22:12:43,638 [ERROR] LogOutputStream:75 - [STDERR_REDIRECT] 
2026-01-21 22:12:44,660 [ERROR] LogOutputStream:75 - [STDERR_REDIRECT] [Fatal Error] :1:1: Premature end of file.
2026-01-21 22:12:44,660 [ERROR] LogOutputStream:75 - [STDERR_REDIRECT] 
2026-01-21 22:12:45,621 [ERROR] LogOutputStream:75 - [STDERR_REDIRECT] [Fatal Error] :1:1: Premature end of file.
2026-01-21 22:12:45,621 [ERROR] LogOutputStream:75 - [STDERR_REDIRECT] 
2026-01-21 22:12:46,638 [ERROR] LogOutputStream:75 - [STDERR_REDIRECT] [Fatal Error] :1:1: Premature end of file.
2026-01-21 22:12:46,638 [ERROR] LogOutputStream:75 - [STDERR_REDIRECT] 
2026-01-21 22:12:47,631 [ERROR] LogOutputStream:75 - [STDERR_REDIRECT] [Fatal Error] :1:1: Premature end of file.
2026-01-21 22:12:47,631 [ERROR] LogOutputStream:75 - [STDERR_REDIRECT] 
2026-01-21 22:12:48,624 [ERROR] LogOutputStream:75 - [STDERR_REDIRECT] [Fatal Error] :1:1: Premature end of file.
2026-01-21 22:12:48,624 [ERROR] LogOutputStream:75 - [STDERR_REDIRECT] 
2026-01-21 22:12:49,624 [ERROR] LogOutputStream:75 - [STDERR_REDIRECT] [Fatal Error] :1:1: Premature end of file.
2026-01-21 22:12:49,624 [ERROR] LogOutputStream:75 - [STDERR_REDIRECT] 
2026-01-21 22:12:50,625 [ERROR] LogOutputStream:75 - [STDERR_REDIRECT] [Fatal Error] :1:1: Premature end of file.
2026-01-21 22:12:50,625 [ERROR] LogOutputStream:75 - [STDERR_REDIRECT] 
