2026-03-30 21:55:41,899 [INFO] Activator:176 - 


2026-03-30 21:55:41,903 [INFO] Activator:177 - !SESSION log4j initialized
2026-03-30 21:55:48,532 [INFO] LogOutputStream:77 - [STDOUT_REDIRECT] 
2026-03-30 21:56:01,064 [INFO] ApplicationProperties:184 - Using Application install path: C:\ST\STM32CubeIDE_1.15.1\STM32CubeIDE\plugins\com.st.stm32cube.common.mx_6.11.1.202404110753
2026-03-30 21:56:01,591 [INFO] DbMcusXml:78 - Set database path to: C:\ST\STM32CubeIDE_1.15.1\STM32CubeIDE\plugins\com.st.stm32cube.common.mx_6.11.1.202404110753\\db\/mcu/
2026-03-30 21:56:01,592 [INFO] ApiDb:274 - Set plugin database path to: C:\ST\STM32CubeIDE_1.15.1\STM32CubeIDE\plugins\com.st.stm32cube.common.mx_6.11.1.202404110753\\db\/plugins/boardmanager/
2026-03-30 21:56:01,600 [WARN] ApiDb:259 - Overriding images path with different value:  => C:\ST\STM32CubeIDE_1.15.1\STM32CubeIDE\plugins\com.st.stm32cube.common.mx_6.11.1.202404110753\\db\/plugins/mcufinder/images/
2026-03-30 21:56:01,620 [INFO] ApiDb:250 - Set database path to: C:\Users\dbank\.stmcufinder\plugins\mcufinder//mcu/
2026-03-30 21:56:01,624 [INFO] DbMcusAds:125 - Set database path to: C:\Users\dbank\.stmcufinder\plugins\mcufinder//mcu/
2026-03-30 21:56:01,636 [INFO] CrossReferenceDbSqlite:203 - Set database path to: C:\Users\dbank\.stmcufinder\plugins\mcufinder//mcu/cs/
2026-03-30 21:56:02,236 [INFO] RulesReader:64 - Compatibility file has been processed (297 Rules)
2026-03-30 21:56:02,562 [INFO] DbMcusXml:78 - Set database path to: C:\ST\STM32CubeIDE_1.15.1\STM32CubeIDE\plugins\com.st.stm32cube.common.mx_6.11.1.202404110753\\db\/mcu/
2026-03-30 21:56:02,562 [INFO] ApiDb:274 - Set plugin database path to: C:\ST\STM32CubeIDE_1.15.1\STM32CubeIDE\plugins\com.st.stm32cube.common.mx_6.11.1.202404110753\\db\/plugins/boardmanager/
2026-03-30 21:56:02,562 [INFO] ApiDb:261 - Set plugin images path to: C:\ST\STM32CubeIDE_1.15.1\STM32CubeIDE\plugins\com.st.stm32cube.common.mx_6.11.1.202404110753\\db\/plugins/mcufinder/images/
2026-03-30 21:56:02,562 [WARN] DbFile:41 - Overriding database path with different value: C:\Users\dbank\.stmcufinder\plugins\mcufinder/ => C:\Users\dbank\.stmcufinder\plugins\mcufinder
2026-03-30 21:56:02,562 [INFO] ApiDb:250 - Set database path to: C:\Users\dbank\.stmcufinder\plugins\mcufinder//mcu/
2026-03-30 21:56:02,562 [WARN] DbFile:41 - Overriding database path with different value: C:\Users\dbank\.stmcufinder\plugins\mcufinder/ => C:\Users\dbank\.stmcufinder\plugins\mcufinder
2026-03-30 21:56:02,562 [INFO] DbMcusAds:125 - Set database path to: C:\Users\dbank\.stmcufinder\plugins\mcufinder//mcu/
2026-03-30 21:56:02,562 [WARN] DbFile:41 - Overriding database path with different value: C:\Users\dbank\.stmcufinder\plugins\mcufinder/ => C:\Users\dbank\.stmcufinder\plugins\mcufinder
2026-03-30 21:56:02,562 [WARN] DbFile:41 - Overriding database path with different value: C:\Users\dbank\.stmcufinder\plugins\mcufinder/ => C:\Users\dbank\.stmcufinder\plugins\mcufinder
2026-03-30 21:56:02,562 [INFO] CrossReferenceDbSqlite:203 - Set database path to: C:\Users\dbank\.stmcufinder\plugins\mcufinder//mcu/cs/
2026-03-30 21:56:02,950 [INFO] MainPanel:264 - HeapMemory: 535822336
2026-03-30 21:56:03,273 [INFO] DbMcusXml:78 - Set database path to: C:\ST\STM32CubeIDE_1.15.1\STM32CubeIDE\plugins\com.st.stm32cube.common.mx_6.11.1.202404110753\\db\/mcu/
2026-03-30 21:56:03,273 [INFO] ApiDb:274 - Set plugin database path to: C:\ST\STM32CubeIDE_1.15.1\STM32CubeIDE\plugins\com.st.stm32cube.common.mx_6.11.1.202404110753\\db\/plugins/boardmanager/
2026-03-30 21:56:03,274 [INFO] ApiDb:261 - Set plugin images path to: C:\ST\STM32CubeIDE_1.15.1\STM32CubeIDE\plugins\com.st.stm32cube.common.mx_6.11.1.202404110753\\db\/plugins/mcufinder/images/
2026-03-30 21:56:03,275 [WARN] DbFile:41 - Overriding database path with different value: C:\Users\dbank\.stmcufinder\plugins\mcufinder/ => C:\Users\dbank\.stmcufinder\plugins\mcufinder
2026-03-30 21:56:03,276 [INFO] ApiDb:250 - Set database path to: C:\Users\dbank\.stmcufinder\plugins\mcufinder//mcu/
2026-03-30 21:56:03,276 [WARN] DbFile:41 - Overriding database path with different value: C:\Users\dbank\.stmcufinder\plugins\mcufinder/ => C:\Users\dbank\.stmcufinder\plugins\mcufinder
2026-03-30 21:56:03,276 [INFO] DbMcusAds:125 - Set database path to: C:\Users\dbank\.stmcufinder\plugins\mcufinder//mcu/
2026-03-30 21:56:03,276 [WARN] DbFile:41 - Overriding database path with different value: C:\Users\dbank\.stmcufinder\plugins\mcufinder/ => C:\Users\dbank\.stmcufinder\plugins\mcufinder
2026-03-30 21:56:03,276 [WARN] DbFile:41 - Overriding database path with different value: C:\Users\dbank\.stmcufinder\plugins\mcufinder/ => C:\Users\dbank\.stmcufinder\plugins\mcufinder
2026-03-30 21:56:03,276 [INFO] CrossReferenceDbSqlite:203 - Set database path to: C:\Users\dbank\.stmcufinder\plugins\mcufinder//mcu/cs/
2026-03-30 21:56:03,330 [INFO] ApplicationProperties:184 - Using Application install path: C:\ST\STM32CubeIDE_1.15.1\STM32CubeIDE\plugins\com.st.stm32cube.common.mx_6.11.1.202404110753
2026-03-30 21:56:03,336 [INFO] PluginManage:196 - Search for loadable plugins [exclusion list=, ]
2026-03-30 21:56:03,346 [INFO] PluginManage:310 - Check plugin analytics
2026-03-30 21:56:09,394 [INFO] AnalyticsPlugin:253 - Accepted Software Licenses: 
2026-03-30 21:56:09,394 [INFO] AnalyticsPlugin:255 - Accepted CMSIS Pack Licenses: 
2026-03-30 21:56:09,394 [INFO] AnalyticsPlugin:257 - Accepted Firmware Licenses: 
2026-03-30 21:56:09,401 [INFO] PluginManage:359 - Loaded plugin analytics (category:tool,tabindex:-1)
2026-03-30 21:56:09,401 [INFO] PluginManage:310 - Check plugin cadmodel
2026-03-30 21:56:09,435 [INFO] CADModel:105 - Init CAD model plugin
2026-03-30 21:56:09,435 [INFO] PluginManage:359 - Loaded plugin cadmodel (category:power,tabindex:5)
2026-03-30 21:56:09,435 [INFO] PluginManage:310 - Check plugin clock
2026-03-30 21:56:09,516 [INFO] PluginManage:359 - Loaded plugin clock (category:base,tabindex:2)
2026-03-30 21:56:09,516 [INFO] PluginManage:310 - Check plugin ddr
2026-03-30 21:56:09,531 [INFO] PluginManage:359 - Loaded plugin ddr (category:tool,tabindex:6)
2026-03-30 21:56:09,531 [INFO] PluginManage:310 - Check plugin filemanager
2026-03-30 21:56:10,306 [INFO] PluginManage:359 - Loaded plugin filemanager (category:base,tabindex:10)
2026-03-30 21:56:10,306 [INFO] PluginManage:310 - Check plugin ipmanager
2026-03-30 21:56:10,396 [INFO] PluginManage:359 - Loaded plugin ipmanager (category:base,tabindex:5)
2026-03-30 21:56:10,396 [INFO] PluginManage:310 - Check plugin lpbam
2026-03-30 21:56:10,454 [INFO] PluginManage:359 - Loaded plugin lpbam (category:base,tabindex:0)
2026-03-30 21:56:10,454 [INFO] PluginManage:310 - Check plugin memorymap
2026-03-30 21:56:10,573 [INFO] PluginManage:359 - Loaded plugin memorymap (category:base,tabindex:4)
2026-03-30 21:56:10,574 [INFO] PluginManage:310 - Check plugin pinoutandconfiguration
2026-03-30 21:56:10,642 [INFO] PluginManage:359 - Loaded plugin pinoutandconfiguration (category:base,tabindex:1)
2026-03-30 21:56:10,642 [INFO] PluginManage:310 - Check plugin pinoutconfig
2026-03-30 21:56:11,061 [WARN] SupportedApi:132 - Cannot load RTOS API schema: s4s-elt-must-match.1: The content of 'definitions' must match (annotation?, (simpleType | complexType)?, (unique | key | keyref)*)). A problem was found starting at: attribute.
2026-03-30 21:56:11,959 [INFO] PluginManage:359 - Loaded plugin pinoutconfig (category:base,tabindex:0)
2026-03-30 21:56:11,959 [INFO] PluginManage:310 - Check plugin power
2026-03-30 21:56:12,014 [INFO] PluginManage:359 - Loaded plugin power (category:power,tabindex:4)
2026-03-30 21:56:12,015 [INFO] PluginManage:310 - Check plugin projectmanager
2026-03-30 21:56:12,064 [INFO] PluginManage:359 - Loaded plugin projectmanager (category:projectmanager,tabindex:3)
2026-03-30 21:56:12,065 [INFO] PluginManage:310 - Check plugin thirdparty
2026-03-30 21:56:12,678 [WARN] IntegrityCheckThread:84 - waiting for thirdparty lock release [integrity check]
2026-03-30 21:56:12,678 [INFO] IntegrityCheckThread:86 - entering critical section [integrity check]
2026-03-30 21:56:12,679 [INFO] ThirdPartyUpdaterWithRetryManager:70 - Updater plugin not ready yet. [1/15]
2026-03-30 21:56:12,680 [INFO] PluginManage:359 - Loaded plugin thirdparty (category:base,tabindex:-1)
2026-03-30 21:56:12,680 [INFO] PluginManage:310 - Check plugin tools
2026-03-30 21:56:12,692 [INFO] PluginManage:359 - Loaded plugin tools (category:base,tabindex:7)
2026-03-30 21:56:12,692 [INFO] PluginManage:310 - Check plugin tutovideos
2026-03-30 21:56:13,934 [INFO] PluginManage:359 - Loaded plugin tutovideos (category:base,tabindex:-1)
2026-03-30 21:56:13,934 [INFO] PluginManage:310 - Check plugin updater
2026-03-30 21:56:13,971 [INFO] PluginManage:359 - Loaded plugin updater (category:base,tabindex:12)
2026-03-30 21:56:13,971 [INFO] PluginManage:310 - Check plugin userauth
2026-03-30 21:56:13,988 [INFO] UserAuth:114 - Init User Auth plugin
2026-03-30 21:56:13,988 [INFO] PluginManage:359 - Loaded plugin userauth (category:base,tabindex:14)
2026-03-30 21:56:13,991 [INFO] PluginManage:283 - PluginManage : Loaded plugins [17]
2026-03-30 21:56:14,955 [INFO] PinOutPanel:1561 - setPackage(No Configuration,No Configuration)
2026-03-30 21:56:15,154 [INFO] CADModel:165 - CPN selected for project level
2026-03-30 21:56:15,154 [INFO] CADModel:114 - Register for checkConnection events
2026-03-30 21:56:15,209 [INFO] IPUIPlugin:80 - create IPUIPlugin
2026-03-30 21:56:15,209 [INFO] PluginManager:220 - loadIPPluginJar : add adc
2026-03-30 21:56:15,218 [INFO] IPUIPlugin:80 - create IPUIPlugin
2026-03-30 21:56:15,218 [INFO] PluginManager:220 - loadIPPluginJar : add aes
2026-03-30 21:56:15,227 [INFO] IPUIPlugin:80 - create IPUIPlugin
2026-03-30 21:56:15,227 [INFO] PluginManager:220 - loadIPPluginJar : add can
2026-03-30 21:56:15,235 [INFO] IPUIPlugin:80 - create IPUIPlugin
2026-03-30 21:56:15,235 [INFO] PluginManager:220 - loadIPPluginJar : add comp
2026-03-30 21:56:15,245 [INFO] IPUIPlugin:80 - create IPUIPlugin
2026-03-30 21:56:15,245 [INFO] PluginManager:220 - loadIPPluginJar : add cryp
2026-03-30 21:56:15,257 [INFO] IPUIPlugin:80 - create IPUIPlugin
2026-03-30 21:56:15,257 [INFO] PluginManager:220 - loadIPPluginJar : add dfsdm
2026-03-30 21:56:15,275 [INFO] IPUIPlugin:80 - create IPUIPlugin
2026-03-30 21:56:15,279 [INFO] PluginManager:220 - loadIPPluginJar : add dma
2026-03-30 21:56:15,292 [INFO] IPUIPlugin:80 - create IPUIPlugin
2026-03-30 21:56:15,292 [INFO] PluginManager:220 - loadIPPluginJar : add dma3
2026-03-30 21:56:15,301 [INFO] IPUIPlugin:80 - create IPUIPlugin
2026-03-30 21:56:15,301 [INFO] PluginManager:220 - loadIPPluginJar : add extmemmanager
2026-03-30 21:56:15,307 [INFO] IPUIPlugin:80 - create IPUIPlugin
2026-03-30 21:56:15,307 [INFO] PluginManager:220 - loadIPPluginJar : add fatfs
2026-03-30 21:56:15,318 [INFO] IPUIPlugin:80 - create IPUIPlugin
2026-03-30 21:56:15,318 [INFO] PluginManager:220 - loadIPPluginJar : add fmc
2026-03-30 21:56:15,377 [INFO] IPUIPlugin:80 - create IPUIPlugin
2026-03-30 21:56:15,377 [INFO] PluginManager:220 - loadIPPluginJar : add freertos
2026-03-30 21:56:15,390 [INFO] IPUIPlugin:80 - create IPUIPlugin
2026-03-30 21:56:15,390 [INFO] PluginManager:220 - loadIPPluginJar : add genericplugin
2026-03-30 21:56:15,401 [INFO] IPUIPlugin:80 - create IPUIPlugin
2026-03-30 21:56:15,401 [INFO] PluginManager:220 - loadIPPluginJar : add gfxmmu
2026-03-30 21:56:15,418 [INFO] IPUIPlugin:80 - create IPUIPlugin
2026-03-30 21:56:15,418 [INFO] PluginManager:220 - loadIPPluginJar : add gic
2026-03-30 21:56:15,438 [INFO] IPUIPlugin:80 - create IPUIPlugin
2026-03-30 21:56:15,439 [INFO] PluginManager:220 - loadIPPluginJar : add gpio
2026-03-30 21:56:15,455 [INFO] IPUIPlugin:80 - create IPUIPlugin
2026-03-30 21:56:15,455 [INFO] PluginManager:220 - loadIPPluginJar : add gtzc
2026-03-30 21:56:15,466 [INFO] IPUIPlugin:80 - create IPUIPlugin
2026-03-30 21:56:15,467 [INFO] PluginManager:220 - loadIPPluginJar : add hash
2026-03-30 21:56:15,476 [INFO] IPUIPlugin:80 - create IPUIPlugin
2026-03-30 21:56:15,476 [INFO] PluginManager:220 - loadIPPluginJar : add i2c
2026-03-30 21:56:15,485 [INFO] IPUIPlugin:80 - create IPUIPlugin
2026-03-30 21:56:15,485 [INFO] PluginManager:220 - loadIPPluginJar : add i2s
2026-03-30 21:56:15,496 [INFO] IPUIPlugin:80 - create IPUIPlugin
2026-03-30 21:56:15,496 [INFO] PluginManager:220 - loadIPPluginJar : add i3c
2026-03-30 21:56:15,519 [INFO] IPUIPlugin:80 - create IPUIPlugin
2026-03-30 21:56:15,519 [INFO] PluginManager:220 - loadIPPluginJar : add ipddr
2026-03-30 21:56:15,535 [INFO] IPUIPlugin:80 - create IPUIPlugin
2026-03-30 21:56:15,535 [INFO] PluginManager:220 - loadIPPluginJar : add linkedlist
2026-03-30 21:56:15,543 [INFO] IPUIPlugin:80 - create IPUIPlugin
2026-03-30 21:56:15,543 [INFO] PluginManager:220 - loadIPPluginJar : add lorawan
2026-03-30 21:56:15,548 [INFO] IPUIPlugin:80 - create IPUIPlugin
2026-03-30 21:56:15,549 [INFO] PluginManager:220 - loadIPPluginJar : add ltdc
2026-03-30 21:56:15,569 [INFO] IPUIPlugin:80 - create IPUIPlugin
2026-03-30 21:56:15,569 [INFO] PluginManager:220 - loadIPPluginJar : add mdma
2026-03-30 21:56:15,589 [INFO] IPUIPlugin:80 - create IPUIPlugin
2026-03-30 21:56:15,589 [INFO] PluginManager:220 - loadIPPluginJar : add nvic
2026-03-30 21:56:15,598 [INFO] IPUIPlugin:80 - create IPUIPlugin
2026-03-30 21:56:15,598 [INFO] PluginManager:220 - loadIPPluginJar : add opamp
2026-03-30 21:56:15,612 [INFO] IPUIPlugin:80 - create IPUIPlugin
2026-03-30 21:56:15,612 [INFO] PluginManager:220 - loadIPPluginJar : add openamp
2026-03-30 21:56:15,623 [INFO] IPUIPlugin:80 - create IPUIPlugin
2026-03-30 21:56:15,623 [INFO] PluginManager:220 - loadIPPluginJar : add pdm2pcm
2026-03-30 21:56:15,651 [INFO] IPUIPlugin:80 - create IPUIPlugin
2026-03-30 21:56:15,667 [INFO] PluginManager:220 - loadIPPluginJar : add plateformsettings
2026-03-30 21:56:15,677 [INFO] IPUIPlugin:80 - create IPUIPlugin
2026-03-30 21:56:15,678 [INFO] PluginManager:220 - loadIPPluginJar : add quadspi
2026-03-30 21:56:15,692 [INFO] ThirdPartyUpdaterWithRetryManager:70 - Updater plugin not ready yet. [2/15]
2026-03-30 21:56:15,716 [INFO] IPUIPlugin:80 - create IPUIPlugin
2026-03-30 21:56:15,716 [INFO] PluginManager:220 - loadIPPluginJar : add resmgrutility
2026-03-30 21:56:15,725 [INFO] IPUIPlugin:80 - create IPUIPlugin
2026-03-30 21:56:15,725 [INFO] PluginManager:220 - loadIPPluginJar : add sai
2026-03-30 21:56:15,736 [INFO] IPUIPlugin:80 - create IPUIPlugin
2026-03-30 21:56:15,736 [INFO] PluginManager:220 - loadIPPluginJar : add spi
2026-03-30 21:56:15,753 [INFO] IPUIPlugin:80 - create IPUIPlugin
2026-03-30 21:56:15,753 [INFO] PluginManager:220 - loadIPPluginJar : add stm32_wpan
2026-03-30 21:56:15,760 [INFO] IPUIPlugin:80 - create IPUIPlugin
2026-03-30 21:56:15,760 [INFO] PluginManager:220 - loadIPPluginJar : add tim
2026-03-30 21:56:15,770 [INFO] IPUIPlugin:80 - create IPUIPlugin
2026-03-30 21:56:15,770 [INFO] PluginManager:220 - loadIPPluginJar : add touchsensing
2026-03-30 21:56:15,778 [INFO] IPUIPlugin:80 - create IPUIPlugin
2026-03-30 21:56:15,778 [INFO] PluginManager:220 - loadIPPluginJar : add tracer_emb
2026-03-30 21:56:15,784 [INFO] IPUIPlugin:80 - create IPUIPlugin
2026-03-30 21:56:15,784 [INFO] PluginManager:220 - loadIPPluginJar : add ts
2026-03-30 21:56:15,789 [INFO] IPUIPlugin:80 - create IPUIPlugin
2026-03-30 21:56:15,789 [INFO] PluginManager:220 - loadIPPluginJar : add tsc
2026-03-30 21:56:15,797 [INFO] IPUIPlugin:80 - create IPUIPlugin
2026-03-30 21:56:15,797 [INFO] PluginManager:220 - loadIPPluginJar : add ucpd
2026-03-30 21:56:15,805 [INFO] IPUIPlugin:80 - create IPUIPlugin
2026-03-30 21:56:15,805 [INFO] PluginManager:220 - loadIPPluginJar : add usart
2026-03-30 21:56:15,817 [INFO] IPUIPlugin:80 - create IPUIPlugin
2026-03-30 21:56:15,817 [INFO] PluginManager:220 - loadIPPluginJar : add usbx
2026-03-30 21:56:16,009 [INFO] CADModel:165 - CPN selected for project level
2026-03-30 21:56:16,009 [INFO] CADModel:114 - Register for checkConnection events
2026-03-30 21:56:16,009 [FATAL] Updater:308 - Updater called before beeing initialized
2026-03-30 21:56:16,009 [ERROR] CADModel:125 - Updater not yet initialized, retry later 
2026-03-30 21:56:16,323 [INFO] CADModel:165 - CPN selected for project level
2026-03-30 21:56:16,323 [INFO] CADModel:114 - Register for checkConnection events
2026-03-30 21:56:16,323 [FATAL] Updater:308 - Updater called before beeing initialized
2026-03-30 21:56:16,323 [ERROR] CADModel:125 - Updater not yet initialized, retry later 
2026-03-30 21:56:16,327 [FATAL] Updater:308 - Updater called before beeing initialized
2026-03-30 21:56:16,460 [FATAL] Updater:308 - Updater called before beeing initialized
2026-03-30 21:56:16,482 [INFO] DbMcusAds:53 - JSON generation date=Thu Jan 08 16:57:51 CET 2026 (1767887871456)
2026-03-30 21:56:16,482 [FATAL] Updater:308 - Updater called before beeing initialized
2026-03-30 21:56:16,541 [WARN] DetailPanel:346 - Failed to get advertising image, set to default
2026-03-30 21:56:16,648 [FATAL] Updater:308 - Updater called before beeing initialized
2026-03-30 21:56:16,656 [FATAL] Updater:308 - Updater called before beeing initialized
2026-03-30 21:56:16,657 [FATAL] Updater:308 - Updater called before beeing initialized
2026-03-30 21:56:16,657 [WARN] DetailPanel:346 - Failed to get advertising image, set to default
2026-03-30 21:56:16,657 [FATAL] Updater:308 - Updater called before beeing initialized
2026-03-30 21:56:16,761 [ERROR] Updater:1120 - MainUpdater not yet initialized. External WinMGr cannot be set.
2026-03-30 21:56:16,771 [INFO] Updater:1056 - Updater Version found : 6.11.1
2026-03-30 21:56:16,832 [INFO] ApplicationProperties:184 - Using Application install path: C:\ST\STM32CubeIDE_1.15.1\STM32CubeIDE\plugins\com.st.stm32cube.common.mx_6.11.1.202404110753
2026-03-30 21:56:18,407 [ERROR] LogOutputStream:75 - [STDERR_REDIRECT] Mar 30, 2026 9:56:18 PM java.util.prefs.WindowsPreferences <init>
2026-03-30 21:56:18,408 [ERROR] LogOutputStream:75 - [STDERR_REDIRECT] WARNING: Could not open/create prefs root node Software\JavaSoft\Prefs at root 0xffffffff80000002. Windows RegCreateKeyEx(...) returned error code 5.
2026-03-30 21:56:18,409 [ERROR] LogOutputStream:75 - [STDERR_REDIRECT] 
2026-03-30 21:56:18,696 [INFO] ThirdPartyUpdaterWithRetryManager:70 - Updater plugin not ready yet. [3/15]
2026-03-30 21:56:18,999 [INFO] MainUpdater:2873 - connection check result : 10
2026-03-30 21:56:18,999 [INFO] MainUpdater:290 - Updater Check For Update Now.
2026-03-30 21:56:18,999 [INFO] MicroXplorer:498 - Change Database Version : DB.6.0.111
2026-03-30 21:56:19,033 [INFO] McuFinderGlobals:63 - Set McuFinder mode to 2 (CubeIDE integrated)
2026-03-30 21:56:19,048 [INFO] UserAuth:415 - Internet connection configuration mode: 1
2026-03-30 21:56:19,110 [INFO] JxBrowserEngine:152 - Initiate JxBrowser Engine with user profile folder
2026-03-30 21:56:19,197 [INFO] CheckServerUpdateThread:120 - End of CheckServer Thread
2026-03-30 21:56:20,798 [INFO] WebApp:161 - Instantiating new browser for Auth
2026-03-30 21:56:21,465 [INFO] WebApp:779 - Register for checkConnection events
2026-03-30 21:56:21,466 [INFO] WebApp:414 - Apply proxy settings
2026-03-30 21:56:21,466 [INFO] WebApp:499 - Chromium requires no authentication
2026-03-30 21:56:21,471 [INFO] WebApp:442 - Direct internet connection detected
2026-03-30 21:56:21,590 [INFO] WebApp:192 - Starting web application
2026-03-30 21:56:21,590 [INFO] WebApp:544 - Web application path used C:\ST\STM32CubeIDE_1.15.1\STM32CubeIDE\plugins\com.st.stm32cube.common.mx_6.11.1.202404110753\db\plugins\mcufinder\reactClient1\index.html
2026-03-30 21:56:22,124 [WARN] PackLoader:240 - Cannot read IP mode file for STMicroelectronics.X-CUBE-AZRTOS-H7.3.5.0
2026-03-30 21:56:22,135 [WARN] PackLoader:240 - Cannot read IP mode file for STMicroelectronics.FP-SNS-MOTENVWB1.1.4.0
2026-03-30 21:56:22,143 [WARN] PackLoader:240 - Cannot read IP mode file for STMicroelectronics.FP-ATR-ASTRA1.2.0.2
2026-03-30 21:56:22,176 [WARN] PackLoader:240 - Cannot read IP mode file for STMicroelectronics.X-CUBE-SMBUS.2.1.0
2026-03-30 21:56:22,197 [WARN] PackLoader:240 - Cannot read IP mode file for STMicroelectronics.X-CUBE-AZRTOS-F7.1.1.0
2026-03-30 21:56:22,210 [ERROR] Engine:466 - C:\Users\dbank\.stm32cubemx\thirdparties\pdsc\STMicroelectronics.FP-SNS-MOTENV1.5.1.0.pdsc: PDSC version is not supported
2026-03-30 21:56:22,219 [ERROR] Engine:466 - C:\Users\dbank\.stm32cubemx\thirdparties\pdsc\WES.I-CUBE-Cesium.1.4.0.pdsc: PDSC version is not supported
2026-03-30 21:56:22,249 [WARN] PackLoader:240 - Cannot read IP mode file for STMicroelectronics.X-CUBE-AZRTOS-H7.3.4.0
2026-03-30 21:56:22,262 [WARN] PackLoader:240 - Cannot read IP mode file for STMicroelectronics.X-CUBE-DISPLAY.3.0.0
2026-03-30 21:56:22,266 [ERROR] Engine:466 - C:\Users\dbank\.stm32cubemx\thirdparties\pdsc\STMicroelectronics.FP-SNS-MOTENVWB1.1.5.0.pdsc: PDSC version is not supported
2026-03-30 21:56:22,282 [WARN] PackLoader:240 - Cannot read IP mode file for STMicroelectronics.X-CUBE-NFC10.1.0.0
2026-03-30 21:56:22,286 [ERROR] Engine:466 - C:\Users\dbank\.stm32cubemx\thirdparties\pdsc\STMicroelectronics.X-CUBE-ST60.1.1.0.pdsc: PDSC version is not supported
2026-03-30 21:56:22,291 [WARN] PackLoader:240 - Cannot read IP mode file for emotas.I-CUBE-CANOPEN.1.3.0
2026-03-30 21:56:22,298 [WARN] PackLoader:240 - Cannot read IP mode file for STMicroelectronics.X-CUBE-GNSS1.7.1.0
2026-03-30 21:56:22,304 [ERROR] Engine:466 - C:\Users\dbank\.stm32cubemx\thirdparties\pdsc\STMicroelectronics.FP-SNS-STBOX1.2.1.0.pdsc: PDSC version is not supported
2026-03-30 21:56:22,309 [WARN] PackLoader:240 - Cannot read IP mode file for STMicroelectronics.FP-SNS-SMARTAG2.1.2.0
2026-03-30 21:56:22,311 [ERROR] Engine:466 - C:\Users\dbank\.stm32cubemx\thirdparties\pdsc\STMicroelectronics.FP-SNS-FLIGHT1.5.1.0.pdsc: PDSC version is not supported
2026-03-30 21:56:22,327 [INFO] LogOutputStream:77 - [STDOUT_REDIRECT] 1 : Invalid condition id : UX_CORESTACK_Condition cause : null
2026-03-30 21:56:22,328 [INFO] LogOutputStream:77 - [STDOUT_REDIRECT] 1 : Invalid condition id : UX_CORESTACK_Condition cause : null
2026-03-30 21:56:22,330 [INFO] LogOutputStream:77 - [STDOUT_REDIRECT] 1 : Invalid condition id : UX_CORESTACK_Condition cause : null
2026-03-30 21:56:22,332 [INFO] LogOutputStream:77 - [STDOUT_REDIRECT] 1 : Invalid condition id : UX_CORESTACK_Condition cause : null
2026-03-30 21:56:22,334 [INFO] LogOutputStream:77 - [STDOUT_REDIRECT] 1 : Invalid condition id : UX_CORESTACK_Condition cause : null
2026-03-30 21:56:22,335 [WARN] PackLoader:240 - Cannot read IP mode file for STMicroelectronics.X-CUBE-AZRTOS-WL.2.0.0
2026-03-30 21:56:22,378 [WARN] PackLoader:240 - Cannot read IP mode file for STMicroelectronics.X-CUBE-AZRTOS-H7RS.1.2.0
2026-03-30 21:56:22,395 [WARN] PackLoader:240 - Cannot read IP mode file for STMicroelectronics.X-CUBE-BLE2.3.3.0
2026-03-30 21:56:22,401 [ERROR] Engine:466 - C:\Users\dbank\.stm32cubemx\thirdparties\pdsc\Avnet-IOTCONNECT.X-CUBE-iotc-st67-sdk.1.0.0.pdsc: PDSC version is not supported
2026-03-30 21:56:22,429 [WARN] PackLoader:240 - Cannot read IP mode file for Infineon.AIROC-Wi-Fi-Bluetooth-STM32.1.8.0
2026-03-30 21:56:22,452 [WARN] PackLoader:240 - Cannot read IP mode file for STMicroelectronics.X-CUBE-NFC9.1.0.0
2026-03-30 21:56:22,463 [WARN] PackLoader:240 - Cannot read IP mode file for STMicroelectronics.X-CUBE-BLE1.7.1.0
2026-03-30 21:56:22,467 [WARN] PackLoader:240 - Cannot read IP mode file for wolfSSL.I-CUBE-wolfMQTT.1.19.2
2026-03-30 21:56:22,471 [ERROR] Engine:466 - C:\Users\dbank\.stm32cubemx\thirdparties\pdsc\STMicroelectronics.X-CUBE-FREERTOS.1.4.0.pdsc: PDSC version is not supported
2026-03-30 21:56:22,474 [WARN] PackLoader:240 - Cannot read IP mode file for STMicroelectronics.X-CUBE-EEPRMA1.5.2.0
2026-03-30 21:56:22,479 [WARN] PackLoader:240 - Cannot read IP mode file for wolfSSL.I-CUBE-wolfSSL.5.8.4
2026-03-30 21:56:22,481 [ERROR] Engine:466 - C:\Users\dbank\.stm32cubemx\thirdparties\pdsc\Cesanta.I-CUBE-Mongoose.7.20.0.pdsc: PDSC version is not supported
2026-03-30 21:56:22,489 [ERROR] Engine:466 - C:\Users\dbank\.stm32cubemx\thirdparties\pdsc\STMicroelectronics.X-CUBE-ST67W61.1.1.0.pdsc: PDSC version is not supported
2026-03-30 21:56:22,517 [WARN] PackLoader:240 - Cannot read IP mode file for STMicroelectronics.X-CUBE-MEMS1.12.0.0
2026-03-30 21:56:22,575 [WARN] PackLoader:240 - Cannot read IP mode file for STMicroelectronics.X-CUBE-AZRTOS-G0.1.1.0
2026-03-30 21:56:22,581 [WARN] PackLoader:240 - Cannot read IP mode file for STMicroelectronics.X-CUBE-NFC4.3.0.0
2026-03-30 21:56:22,588 [WARN] PackLoader:240 - Cannot read IP mode file for EmbeddedOffice.I-CUBE-FS-RTOS.1.0.1
2026-03-30 21:56:22,588 [ERROR] ConditionMgr:805 - Attr not supported : Dmpu
2026-03-30 21:56:22,588 [ERROR] ConditionMgr:805 - Attr not supported : Dmpu
2026-03-30 21:56:22,588 [ERROR] ConditionMgr:805 - Attr not supported : Dmpu
2026-03-30 21:56:22,588 [ERROR] ConditionMgr:805 - Attr not supported : Dmpu
2026-03-30 21:56:22,588 [ERROR] ConditionMgr:805 - Attr not supported : Dmpu
2026-03-30 21:56:22,588 [ERROR] ConditionMgr:805 - Attr not supported : Dmpu
2026-03-30 21:56:22,588 [ERROR] ConditionMgr:805 - Attr not supported : Dmpu
2026-03-30 21:56:22,588 [ERROR] ConditionMgr:805 - Attr not supported : Dmpu
2026-03-30 21:56:22,588 [ERROR] ConditionMgr:805 - Attr not supported : Dmpu
2026-03-30 21:56:22,588 [ERROR] ConditionMgr:805 - Attr not supported : Dmpu
2026-03-30 21:56:22,588 [ERROR] ConditionMgr:805 - Attr not supported : Dmpu
2026-03-30 21:56:22,588 [ERROR] ConditionMgr:805 - Attr not supported : Dmpu
2026-03-30 21:56:22,588 [ERROR] ConditionMgr:805 - Attr not supported : Dmpu
2026-03-30 21:56:22,588 [ERROR] ConditionMgr:805 - Attr not supported : Dmpu
2026-03-30 21:56:22,588 [ERROR] ConditionMgr:805 - Attr not supported : Dmpu
2026-03-30 21:56:22,588 [ERROR] ConditionMgr:805 - Attr not supported : Dmpu
2026-03-30 21:56:22,588 [ERROR] ConditionMgr:805 - Attr not supported : Dmpu
2026-03-30 21:56:22,589 [ERROR] ConditionMgr:805 - Attr not supported : Dmpu
2026-03-30 21:56:22,589 [ERROR] ConditionMgr:805 - Attr not supported : Dmpu
2026-03-30 21:56:22,589 [ERROR] ConditionMgr:805 - Attr not supported : Dmpu
2026-03-30 21:56:22,589 [ERROR] ConditionMgr:805 - Attr not supported : Dmpu
2026-03-30 21:56:22,589 [ERROR] ConditionMgr:805 - Attr not supported : Dmpu
2026-03-30 21:56:22,589 [ERROR] ConditionMgr:805 - Attr not supported : Dmpu
2026-03-30 21:56:22,589 [ERROR] ConditionMgr:805 - Attr not supported : Dmpu
2026-03-30 21:56:22,589 [ERROR] ConditionMgr:805 - Attr not supported : Dmpu
2026-03-30 21:56:22,589 [ERROR] ConditionMgr:805 - Attr not supported : Dmpu
2026-03-30 21:56:22,589 [ERROR] ConditionMgr:805 - Attr not supported : Dmpu
2026-03-30 21:56:22,589 [ERROR] ConditionMgr:805 - Attr not supported : Dmpu
2026-03-30 21:56:22,589 [ERROR] ConditionMgr:805 - Attr not supported : Dmpu
2026-03-30 21:56:22,589 [ERROR] ConditionMgr:805 - Attr not supported : Dmpu
2026-03-30 21:56:22,589 [ERROR] ConditionMgr:805 - Attr not supported : Dmpu
2026-03-30 21:56:22,589 [ERROR] ConditionMgr:805 - Attr not supported : Dmpu
2026-03-30 21:56:22,589 [ERROR] ConditionMgr:805 - Attr not supported : Dmpu
2026-03-30 21:56:22,589 [ERROR] ConditionMgr:805 - Attr not supported : Dmpu
2026-03-30 21:56:22,589 [ERROR] ConditionMgr:805 - Attr not supported : Dmpu
2026-03-30 21:56:22,589 [ERROR] ConditionMgr:805 - Attr not supported : Dmpu
2026-03-30 21:56:22,589 [ERROR] ConditionMgr:805 - Attr not supported : Dmpu
2026-03-30 21:56:22,589 [ERROR] ConditionMgr:805 - Attr not supported : Dmpu
2026-03-30 21:56:22,589 [ERROR] ConditionMgr:805 - Attr not supported : Dmpu
2026-03-30 21:56:22,589 [ERROR] ConditionMgr:805 - Attr not supported : Dmpu
2026-03-30 21:56:22,589 [ERROR] ConditionMgr:805 - Attr not supported : Dmpu
2026-03-30 21:56:22,589 [ERROR] ConditionMgr:805 - Attr not supported : Dmpu
2026-03-30 21:56:22,589 [ERROR] ConditionMgr:805 - Attr not supported : Dmpu
2026-03-30 21:56:22,589 [ERROR] ConditionMgr:805 - Attr not supported : Dmpu
2026-03-30 21:56:22,589 [ERROR] ConditionMgr:805 - Attr not supported : Dmpu
2026-03-30 21:56:22,589 [ERROR] ConditionMgr:805 - Attr not supported : Dmpu
2026-03-30 21:56:22,589 [ERROR] ConditionMgr:805 - Attr not supported : Dmpu
2026-03-30 21:56:22,589 [ERROR] ConditionMgr:805 - Attr not supported : Dmpu
2026-03-30 21:56:22,589 [ERROR] ConditionMgr:805 - Attr not supported : Dmpu
2026-03-30 21:56:22,589 [ERROR] ConditionMgr:805 - Attr not supported : Dmpu
2026-03-30 21:56:22,589 [ERROR] ConditionMgr:805 - Attr not supported : Dmpu
2026-03-30 21:56:22,589 [ERROR] ConditionMgr:805 - Attr not supported : Dmpu
2026-03-30 21:56:22,589 [ERROR] ConditionMgr:805 - Attr not supported : Dmpu
2026-03-30 21:56:22,589 [ERROR] ConditionMgr:805 - Attr not supported : Dmpu
2026-03-30 21:56:22,589 [ERROR] ConditionMgr:805 - Attr not supported : Dmpu
2026-03-30 21:56:22,589 [ERROR] ConditionMgr:805 - Attr not supported : Dmpu
2026-03-30 21:56:22,589 [ERROR] ConditionMgr:805 - Attr not supported : Dmpu
2026-03-30 21:56:22,589 [ERROR] ConditionMgr:805 - Attr not supported : Dmpu
2026-03-30 21:56:22,590 [ERROR] ConditionMgr:805 - Attr not supported : Dmpu
2026-03-30 21:56:22,590 [ERROR] ConditionMgr:805 - Attr not supported : Dmpu
2026-03-30 21:56:22,590 [ERROR] ConditionMgr:805 - Attr not supported : Dmpu
2026-03-30 21:56:22,590 [ERROR] ConditionMgr:805 - Attr not supported : Dmpu
2026-03-30 21:56:22,590 [ERROR] ConditionMgr:805 - Attr not supported : Dmpu
2026-03-30 21:56:22,590 [ERROR] ConditionMgr:805 - Attr not supported : Dmpu
2026-03-30 21:56:22,594 [WARN] PackLoader:240 - Cannot read IP mode file for STMicroelectronics.X-CUBE-WB05N.2.0.0
2026-03-30 21:56:22,597 [WARN] PackLoader:240 - Cannot read IP mode file for wolfSSL.I-CUBE-wolfTPM.3.8.0
2026-03-30 21:56:22,600 [ERROR] Engine:466 - C:\Users\dbank\.stm32cubemx\thirdparties\pdsc\STMicroelectronics.X-CUBE-TCPP.4.2.0.pdsc: PDSC version is not supported
2026-03-30 21:56:22,605 [WARN] PackLoader:240 - Cannot read IP mode file for RealThread.X-CUBE-RT-Thread_Nano.4.1.1
2026-03-30 21:56:22,608 [WARN] PackLoader:240 - Cannot read IP mode file for STMicroelectronics.FP-ATR-SIGFOX1.3.2.0
2026-03-30 21:56:22,610 [ERROR] Engine:466 - C:\Users\dbank\.stm32cubemx\thirdparties\pdsc\STMicroelectronics.X-CUBE-FREERTOS.1.5.0.pdsc: PDSC version is not supported
2026-03-30 21:56:22,614 [WARN] PackLoader:240 - Cannot read IP mode file for ITTIA_DB.I-CUBE-ITTIADB.8.9.0
2026-03-30 21:56:22,620 [WARN] PackLoader:240 - Cannot read IP mode file for STMicroelectronics.X-CUBE-NFC6.3.2.0
2026-03-30 21:56:22,624 [WARN] PackLoader:240 - Cannot read IP mode file for STMicroelectronics.X-CUBE-AI.10.2.0
2026-03-30 21:56:22,643 [WARN] PackLoader:240 - Cannot read IP mode file for SEGGER.I-CUBE-embOS.1.3.1
2026-03-30 21:56:22,663 [WARN] PackLoader:240 - Cannot read IP mode file for STMicroelectronics.X-CUBE-ALGOBUILD.1.4.0
2026-03-30 21:56:22,666 [WARN] PackLoader:240 - Cannot read IP mode file for STMicroelectronics.X-CUBE-PM33A1.1.0.0
2026-03-30 21:56:22,680 [WARN] PackLoader:240 - Cannot read IP mode file for STMicroelectronics.X-CUBE-AZRTOS-F4.1.1.0
2026-03-30 21:56:22,685 [WARN] PackLoader:240 - Cannot read IP mode file for STMicroelectronics.X-CUBE-ISPU.2.1.0
2026-03-30 21:56:22,690 [ERROR] Engine:466 - C:\Users\dbank\.stm32cubemx\thirdparties\pdsc\STMicroelectronics.X-CUBE-IPS.3.2.0.pdsc: PDSC version is not supported
2026-03-30 21:56:22,694 [WARN] PackLoader:240 - Cannot read IP mode file for STMicroelectronics.X-CUBE-NFC12.1.0.0
2026-03-30 21:56:22,710 [WARN] PackLoader:240 - Cannot read IP mode file for STMicroelectronics.X-CUBE-AZRTOS-L5.2.0.0
2026-03-30 21:56:22,715 [WARN] PackLoader:240 - Cannot read IP mode file for STMicroelectronics.X-CUBE-NFC6.3.1.0
2026-03-30 21:56:22,725 [WARN] PackLoader:240 - Cannot read IP mode file for STMicroelectronics.X-CUBE-TOUCHGFX.4.26.0
2026-03-30 21:56:22,727 [WARN] PackLoader:240 - Cannot read IP mode file for STMicroelectronics.X-CUBE-TOUCHGFX.4.26.1
2026-03-30 21:56:22,729 [ERROR] Engine:466 - C:\Users\dbank\.stm32cubemx\thirdparties\pdsc\STMicroelectronics.FP-SNS-STAIOTCFT.1.0.0.pdsc: PDSC version is not supported
2026-03-30 21:56:22,734 [WARN] PackLoader:240 - Cannot read IP mode file for STMicroelectronics.X-CUBE-DPower.1.3.0
2026-03-30 21:56:22,745 [ERROR] LogOutputStream:75 - [STDERR_REDIRECT] [Fatal Error] :1:1: Premature end of file.
2026-03-30 21:56:22,746 [ERROR] LogOutputStream:75 - [STDERR_REDIRECT] 
2026-03-30 21:56:22,749 [WARN] ConditionMgr:438 - getConditionDescription Invalid condition id : LAN8742 Phy interface Condition cause : null
2026-03-30 21:56:22,749 [WARN] PackLoader:240 - Cannot read IP mode file for STMicroelectronics.X-CUBE-AZRTOS-L4.2.0.0
2026-03-30 21:56:22,750 [WARN] ConditionMgr:1039 - genDependencies : Invalid condition id : LAN8742 Phy interface Condition cause : null
2026-03-30 21:56:22,750 [WARN] ConditionMgr:1039 - genDependencies : Invalid condition id : LAN8742 Phy interface Condition cause : null
2026-03-30 21:56:22,750 [WARN] ConditionMgr:1039 - genDependencies : Invalid condition id : LAN8742 Phy interface Condition cause : null
2026-03-30 21:56:22,755 [WARN] PackLoader:240 - Cannot read IP mode file for STMicroelectronics.X-CUBE-SFXS2LP1.4.0.0
2026-03-30 21:56:22,759 [ERROR] Engine:466 - C:\Users\dbank\.stm32cubemx\thirdparties\pdsc\STMicroelectronics.X-CUBE-ST67W61.1.2.0.pdsc: PDSC version is not supported
2026-03-30 21:56:22,763 [ERROR] Engine:466 - C:\Users\dbank\.stm32cubemx\thirdparties\pdsc\STMicroelectronics.X-CUBE-BLEMGR.4.1.0.pdsc: PDSC version is not supported
2026-03-30 21:56:22,773 [WARN] ConditionMgr:438 - getConditionDescription Invalid condition id : UX DEVICE CLASS RTOS Condition cause : null
2026-03-30 21:56:22,773 [WARN] ConditionMgr:438 - getConditionDescription Invalid condition id : UX DEVICE CLASS RTOS Condition cause : null
2026-03-30 21:56:22,775 [WARN] PackLoader:240 - Cannot read IP mode file for STMicroelectronics.X-CUBE-AZRTOS-WB.2.0.0
2026-03-30 21:56:22,775 [WARN] ConditionMgr:1039 - genDependencies : Invalid condition id : UX DEVICE CLASS RTOS Condition cause : null
2026-03-30 21:56:22,775 [WARN] ConditionMgr:1039 - genDependencies : Invalid condition id : UX DEVICE CLASS RTOS Condition cause : null
2026-03-30 21:56:22,776 [WARN] ConditionMgr:1039 - genDependencies : Invalid condition id : UX DEVICE CLASS RTOS Condition cause : null
2026-03-30 21:56:22,776 [WARN] ConditionMgr:1039 - genDependencies : Invalid condition id : UX DEVICE CLASS RTOS Condition cause : null
2026-03-30 21:56:22,776 [WARN] ConditionMgr:1039 - genDependencies : Invalid condition id : UX DEVICE CLASS RTOS Condition cause : null
2026-03-30 21:56:22,779 [WARN] ConditionMgr:438 - getConditionDescription Invalid condition id : Cortex-A Device cause : null
2026-03-30 21:56:22,806 [WARN] ConditionMgr:1039 - genDependencies : Invalid condition id : Cortex-A Device cause : null
2026-03-30 21:56:22,806 [WARN] ConditionMgr:1039 - genDependencies : Invalid condition id : Cortex-A Device cause : null
2026-03-30 21:56:22,806 [WARN] ConditionMgr:1039 - genDependencies : Invalid condition id : Cortex-A Device cause : null
2026-03-30 21:56:22,812 [WARN] PackLoader:240 - Cannot read IP mode file for STMicroelectronics.X-CUBE-STSE01.2.0.0
2026-03-30 21:56:22,820 [WARN] PackLoader:240 - Cannot read IP mode file for STMicroelectronics.X-CUBE-SUBG2.5.0.0
2026-03-30 21:56:22,836 [WARN] PackLoader:240 - Cannot read IP mode file for STMicroelectronics.X-CUBE-AZRTOS-G4.2.0.0
2026-03-30 21:56:22,840 [WARN] PackLoader:240 - Cannot read IP mode file for wolfSSL.I-CUBE-wolfSSH.1.4.20
2026-03-30 21:56:22,843 [WARN] PackLoader:240 - Cannot read IP mode file for STMicroelectronics.X-CUBE-NFC7.2.0.0
2026-03-30 21:56:22,847 [WARN] PackLoader:240 - Cannot read IP mode file for STMicroelectronics.X-CUBE-ALS.1.0.2
2026-03-30 21:56:22,852 [WARN] PackLoader:240 - Cannot read IP mode file for STMicroelectronics.X-CUBE-STSE01.1.0.0
2026-03-30 21:56:22,858 [ERROR] Engine:466 - C:\Users\dbank\.stm32cubemx\thirdparties\pdsc\STMicroelectronics.X-CUBE-TOF1.3.4.3.pdsc: PDSC version is not supported
2026-03-30 21:56:22,859 [INFO] ThirdParty:978 - Integrity check success = true
2026-03-30 21:56:22,859 [INFO] IntegrityCheckThread:100 - exiting critical section [integrity check]
2026-03-30 21:56:22,859 [INFO] IntegrityCheckThread:103 - End integrity checks thread
2026-03-30 21:56:23,745 [ERROR] LogOutputStream:75 - [STDERR_REDIRECT] [Fatal Error] :1:1: Premature end of file.
2026-03-30 21:56:23,746 [ERROR] LogOutputStream:75 - [STDERR_REDIRECT] 
2026-03-30 21:56:24,746 [ERROR] LogOutputStream:75 - [STDERR_REDIRECT] [Fatal Error] :1:1: Premature end of file.
2026-03-30 21:56:24,746 [ERROR] LogOutputStream:75 - [STDERR_REDIRECT] 
2026-03-30 21:56:25,736 [ERROR] LogOutputStream:75 - [STDERR_REDIRECT] [Fatal Error] :1:1: Premature end of file.
2026-03-30 21:56:25,736 [ERROR] LogOutputStream:75 - [STDERR_REDIRECT] 
2026-03-30 21:56:26,743 [ERROR] LogOutputStream:75 - [STDERR_REDIRECT] [Fatal Error] :1:1: Premature end of file.
2026-03-30 21:56:26,743 [ERROR] LogOutputStream:75 - [STDERR_REDIRECT] 
2026-03-30 21:56:27,750 [ERROR] LogOutputStream:75 - [STDERR_REDIRECT] [Fatal Error] :1:1: Premature end of file.
2026-03-30 21:56:27,750 [ERROR] LogOutputStream:75 - [STDERR_REDIRECT] 
2026-03-30 21:56:28,738 [ERROR] LogOutputStream:75 - [STDERR_REDIRECT] [Fatal Error] :1:1: Premature end of file.
2026-03-30 21:56:28,738 [ERROR] LogOutputStream:75 - [STDERR_REDIRECT] 
2026-03-30 21:56:29,737 [ERROR] LogOutputStream:75 - [STDERR_REDIRECT] [Fatal Error] :1:1: Premature end of file.
2026-03-30 21:56:29,737 [ERROR] LogOutputStream:75 - [STDERR_REDIRECT] 
2026-03-30 21:56:30,738 [ERROR] LogOutputStream:75 - [STDERR_REDIRECT] [Fatal Error] :1:1: Premature end of file.
2026-03-30 21:56:30,738 [ERROR] LogOutputStream:75 - [STDERR_REDIRECT] 
2026-03-30 21:56:31,736 [ERROR] LogOutputStream:75 - [STDERR_REDIRECT] [Fatal Error] :1:1: Premature end of file.
2026-03-30 21:56:31,736 [ERROR] LogOutputStream:75 - [STDERR_REDIRECT] 
2026-03-30 21:56:32,734 [ERROR] LogOutputStream:75 - [STDERR_REDIRECT] [Fatal Error] :1:1: Premature end of file.
2026-03-30 21:56:32,735 [ERROR] LogOutputStream:75 - [STDERR_REDIRECT] 
2026-03-30 21:56:33,738 [ERROR] LogOutputStream:75 - [STDERR_REDIRECT] [Fatal Error] :1:1: Premature end of file.
2026-03-30 21:56:33,739 [ERROR] LogOutputStream:75 - [STDERR_REDIRECT] 
2026-03-30 21:56:34,738 [ERROR] LogOutputStream:75 - [STDERR_REDIRECT] [Fatal Error] :1:1: Premature end of file.
2026-03-30 21:56:34,738 [ERROR] LogOutputStream:75 - [STDERR_REDIRECT] 
2026-03-30 21:56:35,733 [ERROR] LogOutputStream:75 - [STDERR_REDIRECT] [Fatal Error] :1:1: Premature end of file.
2026-03-30 21:56:35,733 [ERROR] LogOutputStream:75 - [STDERR_REDIRECT] 
2026-03-30 21:56:36,739 [ERROR] LogOutputStream:75 - [STDERR_REDIRECT] [Fatal Error] :1:1: Premature end of file.
2026-03-30 21:56:36,739 [ERROR] LogOutputStream:75 - [STDERR_REDIRECT] 
2026-03-30 21:56:37,750 [ERROR] LogOutputStream:75 - [STDERR_REDIRECT] [Fatal Error] :1:1: Premature end of file.
2026-03-30 21:56:37,750 [ERROR] LogOutputStream:75 - [STDERR_REDIRECT] 
2026-03-30 21:56:38,736 [ERROR] LogOutputStream:75 - [STDERR_REDIRECT] [Fatal Error] :1:1: Premature end of file.
2026-03-30 21:56:38,736 [ERROR] LogOutputStream:75 - [STDERR_REDIRECT] 
2026-03-30 21:56:39,737 [ERROR] LogOutputStream:75 - [STDERR_REDIRECT] [Fatal Error] :1:1: Premature end of file.
2026-03-30 21:56:39,737 [ERROR] LogOutputStream:75 - [STDERR_REDIRECT] 
2026-03-30 21:56:40,735 [ERROR] LogOutputStream:75 - [STDERR_REDIRECT] [Fatal Error] :1:1: Premature end of file.
2026-03-30 21:56:40,735 [ERROR] LogOutputStream:75 - [STDERR_REDIRECT] 
2026-03-30 21:56:41,739 [ERROR] LogOutputStream:75 - [STDERR_REDIRECT] [Fatal Error] :1:1: Premature end of file.
2026-03-30 21:56:41,739 [ERROR] LogOutputStream:75 - [STDERR_REDIRECT] 
2026-03-30 21:56:42,739 [ERROR] LogOutputStream:75 - [STDERR_REDIRECT] [Fatal Error] :1:1: Premature end of file.
2026-03-30 21:56:42,739 [ERROR] LogOutputStream:75 - [STDERR_REDIRECT] 
2026-03-30 21:56:43,738 [ERROR] LogOutputStream:75 - [STDERR_REDIRECT] [Fatal Error] :1:1: Premature end of file.
2026-03-30 21:56:43,739 [ERROR] LogOutputStream:75 - [STDERR_REDIRECT] 
2026-03-30 21:56:44,737 [ERROR] LogOutputStream:75 - [STDERR_REDIRECT] [Fatal Error] :1:1: Premature end of file.
2026-03-30 21:56:44,737 [ERROR] LogOutputStream:75 - [STDERR_REDIRECT] 
2026-03-30 21:56:45,737 [ERROR] LogOutputStream:75 - [STDERR_REDIRECT] [Fatal Error] :1:1: Premature end of file.
2026-03-30 21:56:45,738 [ERROR] LogOutputStream:75 - [STDERR_REDIRECT] 
2026-03-30 21:56:46,738 [ERROR] LogOutputStream:75 - [STDERR_REDIRECT] [Fatal Error] :1:1: Premature end of file.
2026-03-30 21:56:46,738 [ERROR] LogOutputStream:75 - [STDERR_REDIRECT] 
2026-03-30 21:56:47,740 [ERROR] LogOutputStream:75 - [STDERR_REDIRECT] [Fatal Error] :1:1: Premature end of file.
2026-03-30 21:56:47,740 [ERROR] LogOutputStream:75 - [STDERR_REDIRECT] 
2026-03-30 21:56:48,749 [ERROR] LogOutputStream:75 - [STDERR_REDIRECT] [Fatal Error] :1:1: Premature end of file.
2026-03-30 21:56:48,749 [ERROR] LogOutputStream:75 - [STDERR_REDIRECT] 
2026-03-30 21:56:49,750 [ERROR] LogOutputStream:75 - [STDERR_REDIRECT] [Fatal Error] :1:1: Premature end of file.
2026-03-30 21:56:49,750 [ERROR] LogOutputStream:75 - [STDERR_REDIRECT] 
2026-03-30 21:56:50,750 [ERROR] LogOutputStream:75 - [STDERR_REDIRECT] [Fatal Error] :1:1: Premature end of file.
2026-03-30 21:56:50,750 [ERROR] LogOutputStream:75 - [STDERR_REDIRECT] 
2026-03-30 21:56:51,738 [ERROR] LogOutputStream:75 - [STDERR_REDIRECT] [Fatal Error] :1:1: Premature end of file.
2026-03-30 21:56:51,739 [ERROR] LogOutputStream:75 - [STDERR_REDIRECT] 
2026-03-30 21:56:52,737 [ERROR] LogOutputStream:75 - [STDERR_REDIRECT] [Fatal Error] :1:1: Premature end of file.
2026-03-30 21:56:52,738 [ERROR] LogOutputStream:75 - [STDERR_REDIRECT] 
2026-03-30 21:56:53,738 [ERROR] LogOutputStream:75 - [STDERR_REDIRECT] [Fatal Error] :1:1: Premature end of file.
2026-03-30 21:56:53,739 [ERROR] LogOutputStream:75 - [STDERR_REDIRECT] 
2026-03-30 21:56:54,755 [ERROR] LogOutputStream:75 - [STDERR_REDIRECT] [Fatal Error] :1:1: Premature end of file.
2026-03-30 21:56:54,755 [ERROR] LogOutputStream:75 - [STDERR_REDIRECT] 
2026-03-30 21:56:55,737 [ERROR] LogOutputStream:75 - [STDERR_REDIRECT] [Fatal Error] :1:1: Premature end of file.
2026-03-30 21:56:55,738 [ERROR] LogOutputStream:75 - [STDERR_REDIRECT] 
2026-03-30 21:56:56,737 [ERROR] LogOutputStream:75 - [STDERR_REDIRECT] [Fatal Error] :1:1: Premature end of file.
2026-03-30 21:56:56,737 [ERROR] LogOutputStream:75 - [STDERR_REDIRECT] 
2026-03-30 21:56:57,763 [ERROR] LogOutputStream:75 - [STDERR_REDIRECT] [Fatal Error] :1:1: Premature end of file.
2026-03-30 21:56:57,763 [ERROR] LogOutputStream:75 - [STDERR_REDIRECT] 
2026-03-30 21:56:58,739 [ERROR] LogOutputStream:75 - [STDERR_REDIRECT] [Fatal Error] :1:1: Premature end of file.
2026-03-30 21:56:58,739 [ERROR] LogOutputStream:75 - [STDERR_REDIRECT] 
2026-03-30 21:56:59,740 [ERROR] LogOutputStream:75 - [STDERR_REDIRECT] [Fatal Error] :1:1: Premature end of file.
2026-03-30 21:56:59,741 [ERROR] LogOutputStream:75 - [STDERR_REDIRECT] 
2026-03-30 21:57:00,727 [ERROR] LogOutputStream:75 - [STDERR_REDIRECT] [Fatal Error] :1:1: Premature end of file.
2026-03-30 21:57:00,727 [ERROR] LogOutputStream:75 - [STDERR_REDIRECT] 
2026-03-30 21:57:01,730 [ERROR] LogOutputStream:75 - [STDERR_REDIRECT] [Fatal Error] :1:1: Premature end of file.
2026-03-30 21:57:01,730 [ERROR] LogOutputStream:75 - [STDERR_REDIRECT] 
2026-03-30 21:57:02,741 [ERROR] LogOutputStream:75 - [STDERR_REDIRECT] [Fatal Error] :1:1: Premature end of file.
2026-03-30 21:57:02,741 [ERROR] LogOutputStream:75 - [STDERR_REDIRECT] 
2026-03-30 21:57:03,743 [ERROR] LogOutputStream:75 - [STDERR_REDIRECT] [Fatal Error] :1:1: Premature end of file.
2026-03-30 21:57:03,743 [ERROR] LogOutputStream:75 - [STDERR_REDIRECT] 
2026-03-30 21:57:04,754 [ERROR] LogOutputStream:75 - [STDERR_REDIRECT] [Fatal Error] :1:1: Premature end of file.
2026-03-30 21:57:04,754 [ERROR] LogOutputStream:75 - [STDERR_REDIRECT] 
2026-03-30 21:57:05,751 [ERROR] LogOutputStream:75 - [STDERR_REDIRECT] [Fatal Error] :1:1: Premature end of file.
2026-03-30 21:57:05,751 [ERROR] LogOutputStream:75 - [STDERR_REDIRECT] 
2026-03-30 21:57:06,743 [ERROR] LogOutputStream:75 - [STDERR_REDIRECT] [Fatal Error] :1:1: Premature end of file.
2026-03-30 21:57:06,743 [ERROR] LogOutputStream:75 - [STDERR_REDIRECT] 
2026-03-30 21:57:07,752 [ERROR] LogOutputStream:75 - [STDERR_REDIRECT] [Fatal Error] :1:1: Premature end of file.
2026-03-30 21:57:07,752 [ERROR] LogOutputStream:75 - [STDERR_REDIRECT] 
2026-03-30 21:57:08,744 [ERROR] LogOutputStream:75 - [STDERR_REDIRECT] [Fatal Error] :1:1: Premature end of file.
2026-03-30 21:57:08,744 [ERROR] LogOutputStream:75 - [STDERR_REDIRECT] 
2026-03-30 21:57:09,726 [ERROR] LogOutputStream:75 - [STDERR_REDIRECT] [Fatal Error] :1:1: Premature end of file.
2026-03-30 21:57:09,726 [ERROR] LogOutputStream:75 - [STDERR_REDIRECT] 
2026-03-30 21:57:10,729 [ERROR] LogOutputStream:75 - [STDERR_REDIRECT] [Fatal Error] :1:1: Premature end of file.
2026-03-30 21:57:10,729 [ERROR] LogOutputStream:75 - [STDERR_REDIRECT] 
2026-03-30 21:57:11,729 [ERROR] LogOutputStream:75 - [STDERR_REDIRECT] [Fatal Error] :1:1: Premature end of file.
2026-03-30 21:57:11,729 [ERROR] LogOutputStream:75 - [STDERR_REDIRECT] 
2026-03-30 21:57:12,734 [ERROR] LogOutputStream:75 - [STDERR_REDIRECT] [Fatal Error] :1:1: Premature end of file.
2026-03-30 21:57:12,734 [ERROR] LogOutputStream:75 - [STDERR_REDIRECT] 
2026-03-30 21:57:13,734 [ERROR] LogOutputStream:75 - [STDERR_REDIRECT] [Fatal Error] :1:1: Premature end of file.
2026-03-30 21:57:13,734 [ERROR] LogOutputStream:75 - [STDERR_REDIRECT] 
2026-03-30 21:57:14,740 [ERROR] LogOutputStream:75 - [STDERR_REDIRECT] [Fatal Error] :1:1: Premature end of file.
2026-03-30 21:57:14,740 [ERROR] LogOutputStream:75 - [STDERR_REDIRECT] 
2026-03-30 21:57:15,737 [ERROR] LogOutputStream:75 - [STDERR_REDIRECT] [Fatal Error] :1:1: Premature end of file.
2026-03-30 21:57:15,737 [ERROR] LogOutputStream:75 - [STDERR_REDIRECT] 
2026-03-30 21:57:16,742 [ERROR] LogOutputStream:75 - [STDERR_REDIRECT] [Fatal Error] :1:1: Premature end of file.
2026-03-30 21:57:16,742 [ERROR] LogOutputStream:75 - [STDERR_REDIRECT] 
2026-03-30 21:57:17,739 [ERROR] LogOutputStream:75 - [STDERR_REDIRECT] [Fatal Error] :1:1: Premature end of file.
2026-03-30 21:57:17,739 [ERROR] LogOutputStream:75 - [STDERR_REDIRECT] 
2026-03-30 21:57:18,743 [ERROR] LogOutputStream:75 - [STDERR_REDIRECT] [Fatal Error] :1:1: Premature end of file.
2026-03-30 21:57:18,743 [ERROR] LogOutputStream:75 - [STDERR_REDIRECT] 
2026-03-30 21:57:19,746 [ERROR] LogOutputStream:75 - [STDERR_REDIRECT] [Fatal Error] :1:1: Premature end of file.
2026-03-30 21:57:19,746 [ERROR] LogOutputStream:75 - [STDERR_REDIRECT] 
2026-03-30 21:57:20,758 [ERROR] LogOutputStream:75 - [STDERR_REDIRECT] [Fatal Error] :1:1: Premature end of file.
2026-03-30 21:57:20,758 [ERROR] LogOutputStream:75 - [STDERR_REDIRECT] 
2026-03-30 21:57:21,732 [ERROR] LogOutputStream:75 - [STDERR_REDIRECT] [Fatal Error] :1:1: Premature end of file.
2026-03-30 21:57:21,732 [ERROR] LogOutputStream:75 - [STDERR_REDIRECT] 
2026-03-30 21:57:22,734 [ERROR] LogOutputStream:75 - [STDERR_REDIRECT] [Fatal Error] :1:1: Premature end of file.
2026-03-30 21:57:22,734 [ERROR] LogOutputStream:75 - [STDERR_REDIRECT] 
2026-03-30 21:57:23,753 [ERROR] LogOutputStream:75 - [STDERR_REDIRECT] [Fatal Error] :1:1: Premature end of file.
2026-03-30 21:57:23,753 [ERROR] LogOutputStream:75 - [STDERR_REDIRECT] 
2026-03-30 21:57:24,740 [ERROR] LogOutputStream:75 - [STDERR_REDIRECT] [Fatal Error] :1:1: Premature end of file.
2026-03-30 21:57:24,740 [ERROR] LogOutputStream:75 - [STDERR_REDIRECT] 
2026-03-30 21:57:25,738 [ERROR] LogOutputStream:75 - [STDERR_REDIRECT] [Fatal Error] :1:1: Premature end of file.
2026-03-30 21:57:25,738 [ERROR] LogOutputStream:75 - [STDERR_REDIRECT] 
2026-03-30 21:57:26,734 [ERROR] LogOutputStream:75 - [STDERR_REDIRECT] [Fatal Error] :1:1: Premature end of file.
2026-03-30 21:57:26,734 [ERROR] LogOutputStream:75 - [STDERR_REDIRECT] 
2026-03-30 21:57:27,727 [ERROR] LogOutputStream:75 - [STDERR_REDIRECT] [Fatal Error] :1:1: Premature end of file.
2026-03-30 21:57:27,727 [ERROR] LogOutputStream:75 - [STDERR_REDIRECT] 
2026-03-30 21:57:28,732 [ERROR] LogOutputStream:75 - [STDERR_REDIRECT] [Fatal Error] :1:1: Premature end of file.
2026-03-30 21:57:28,732 [ERROR] LogOutputStream:75 - [STDERR_REDIRECT] 
2026-03-30 21:57:29,727 [ERROR] LogOutputStream:75 - [STDERR_REDIRECT] [Fatal Error] :1:1: Premature end of file.
2026-03-30 21:57:29,727 [ERROR] LogOutputStream:75 - [STDERR_REDIRECT] 
2026-03-30 21:57:30,744 [ERROR] LogOutputStream:75 - [STDERR_REDIRECT] [Fatal Error] :1:1: Premature end of file.
2026-03-30 21:57:30,744 [ERROR] LogOutputStream:75 - [STDERR_REDIRECT] 
2026-03-30 21:57:31,727 [ERROR] LogOutputStream:75 - [STDERR_REDIRECT] [Fatal Error] :1:1: Premature end of file.
2026-03-30 21:57:31,727 [ERROR] LogOutputStream:75 - [STDERR_REDIRECT] 
2026-03-30 21:57:32,730 [ERROR] LogOutputStream:75 - [STDERR_REDIRECT] [Fatal Error] :1:1: Premature end of file.
2026-03-30 21:57:32,730 [ERROR] LogOutputStream:75 - [STDERR_REDIRECT] 
2026-03-30 21:57:33,752 [ERROR] LogOutputStream:75 - [STDERR_REDIRECT] [Fatal Error] :1:1: Premature end of file.
2026-03-30 21:57:33,753 [ERROR] LogOutputStream:75 - [STDERR_REDIRECT] 
2026-03-30 21:57:34,742 [ERROR] LogOutputStream:75 - [STDERR_REDIRECT] [Fatal Error] :1:1: Premature end of file.
2026-03-30 21:57:34,742 [ERROR] LogOutputStream:75 - [STDERR_REDIRECT] 
2026-03-30 21:57:35,754 [ERROR] LogOutputStream:75 - [STDERR_REDIRECT] [Fatal Error] :1:1: Premature end of file.
2026-03-30 21:57:35,755 [ERROR] LogOutputStream:75 - [STDERR_REDIRECT] 
2026-03-30 21:57:36,762 [ERROR] LogOutputStream:75 - [STDERR_REDIRECT] [Fatal Error] :1:1: Premature end of file.
2026-03-30 21:57:36,763 [ERROR] LogOutputStream:75 - [STDERR_REDIRECT] 
2026-03-30 21:57:37,733 [ERROR] LogOutputStream:75 - [STDERR_REDIRECT] [Fatal Error] :1:1: Premature end of file.
2026-03-30 21:57:37,733 [ERROR] LogOutputStream:75 - [STDERR_REDIRECT] 
2026-03-30 21:57:38,757 [ERROR] LogOutputStream:75 - [STDERR_REDIRECT] [Fatal Error] :1:1: Premature end of file.
2026-03-30 21:57:38,758 [ERROR] LogOutputStream:75 - [STDERR_REDIRECT] 
2026-03-30 21:57:39,766 [ERROR] LogOutputStream:75 - [STDERR_REDIRECT] [Fatal Error] :1:1: Premature end of file.
2026-03-30 21:57:39,766 [ERROR] LogOutputStream:75 - [STDERR_REDIRECT] 
2026-03-30 21:57:40,751 [ERROR] LogOutputStream:75 - [STDERR_REDIRECT] [Fatal Error] :1:1: Premature end of file.
2026-03-30 21:57:40,751 [ERROR] LogOutputStream:75 - [STDERR_REDIRECT] 
2026-03-30 21:57:41,741 [ERROR] LogOutputStream:75 - [STDERR_REDIRECT] [Fatal Error] :1:1: Premature end of file.
2026-03-30 21:57:41,741 [ERROR] LogOutputStream:75 - [STDERR_REDIRECT] 
2026-03-30 21:57:42,747 [ERROR] LogOutputStream:75 - [STDERR_REDIRECT] [Fatal Error] :1:1: Premature end of file.
2026-03-30 21:57:42,747 [ERROR] LogOutputStream:75 - [STDERR_REDIRECT] 
2026-03-30 21:57:43,742 [ERROR] LogOutputStream:75 - [STDERR_REDIRECT] [Fatal Error] :1:1: Premature end of file.
2026-03-30 21:57:43,742 [ERROR] LogOutputStream:75 - [STDERR_REDIRECT] 
2026-03-30 21:57:44,766 [ERROR] LogOutputStream:75 - [STDERR_REDIRECT] [Fatal Error] :1:1: Premature end of file.
2026-03-30 21:57:44,766 [ERROR] LogOutputStream:75 - [STDERR_REDIRECT] 
2026-03-30 21:57:45,754 [ERROR] LogOutputStream:75 - [STDERR_REDIRECT] [Fatal Error] :1:1: Premature end of file.
2026-03-30 21:57:45,754 [ERROR] LogOutputStream:75 - [STDERR_REDIRECT] 
2026-03-30 21:57:46,742 [ERROR] LogOutputStream:75 - [STDERR_REDIRECT] [Fatal Error] :1:1: Premature end of file.
2026-03-30 21:57:46,742 [ERROR] LogOutputStream:75 - [STDERR_REDIRECT] 
2026-03-30 21:57:47,750 [ERROR] LogOutputStream:75 - [STDERR_REDIRECT] [Fatal Error] :1:1: Premature end of file.
2026-03-30 21:57:47,750 [ERROR] LogOutputStream:75 - [STDERR_REDIRECT] 
2026-03-30 21:57:48,754 [ERROR] LogOutputStream:75 - [STDERR_REDIRECT] [Fatal Error] :1:1: Premature end of file.
2026-03-30 21:57:48,754 [ERROR] LogOutputStream:75 - [STDERR_REDIRECT] 
2026-03-30 21:57:49,742 [ERROR] LogOutputStream:75 - [STDERR_REDIRECT] [Fatal Error] :1:1: Premature end of file.
2026-03-30 21:57:49,742 [ERROR] LogOutputStream:75 - [STDERR_REDIRECT] 
2026-03-30 21:57:50,750 [ERROR] LogOutputStream:75 - [STDERR_REDIRECT] [Fatal Error] :1:1: Premature end of file.
2026-03-30 21:57:50,750 [ERROR] LogOutputStream:75 - [STDERR_REDIRECT] 
2026-03-30 21:57:51,742 [ERROR] LogOutputStream:75 - [STDERR_REDIRECT] [Fatal Error] :1:1: Premature end of file.
2026-03-30 21:57:51,742 [ERROR] LogOutputStream:75 - [STDERR_REDIRECT] 
2026-03-30 21:57:52,735 [ERROR] LogOutputStream:75 - [STDERR_REDIRECT] [Fatal Error] :1:1: Premature end of file.
2026-03-30 21:57:52,735 [ERROR] LogOutputStream:75 - [STDERR_REDIRECT] 
2026-03-30 21:57:53,743 [ERROR] LogOutputStream:75 - [STDERR_REDIRECT] [Fatal Error] :1:1: Premature end of file.
2026-03-30 21:57:53,743 [ERROR] LogOutputStream:75 - [STDERR_REDIRECT] 
2026-03-30 21:57:54,738 [ERROR] LogOutputStream:75 - [STDERR_REDIRECT] [Fatal Error] :1:1: Premature end of file.
2026-03-30 21:57:54,738 [ERROR] LogOutputStream:75 - [STDERR_REDIRECT] 
2026-03-30 21:57:55,738 [ERROR] LogOutputStream:75 - [STDERR_REDIRECT] [Fatal Error] :1:1: Premature end of file.
2026-03-30 21:57:55,738 [ERROR] LogOutputStream:75 - [STDERR_REDIRECT] 
2026-03-30 21:57:56,737 [ERROR] LogOutputStream:75 - [STDERR_REDIRECT] [Fatal Error] :1:1: Premature end of file.
2026-03-30 21:57:56,739 [ERROR] LogOutputStream:75 - [STDERR_REDIRECT] 
2026-03-30 21:57:57,746 [ERROR] LogOutputStream:75 - [STDERR_REDIRECT] [Fatal Error] :1:1: Premature end of file.
2026-03-30 21:57:57,747 [ERROR] LogOutputStream:75 - [STDERR_REDIRECT] 
2026-03-30 21:57:58,124 [ERROR] LogOutputStream:75 - [STDERR_REDIRECT] 
2026-03-30 22:01:16,923 [INFO] Activator:176 - 


2026-03-30 22:01:16,927 [INFO] Activator:177 - !SESSION log4j initialized
2026-03-30 22:01:21,974 [INFO] LogOutputStream:77 - [STDOUT_REDIRECT] 
2026-03-30 22:01:28,564 [INFO] ApplicationProperties:184 - Using Application install path: C:\ST\STM32CubeIDE_1.15.1\STM32CubeIDE\plugins\com.st.stm32cube.common.mx_6.11.1.202404110753
2026-03-30 22:01:28,642 [INFO] DbMcusXml:78 - Set database path to: C:\ST\STM32CubeIDE_1.15.1\STM32CubeIDE\plugins\com.st.stm32cube.common.mx_6.11.1.202404110753\\db\/mcu/
2026-03-30 22:01:28,644 [INFO] ApiDb:274 - Set plugin database path to: C:\ST\STM32CubeIDE_1.15.1\STM32CubeIDE\plugins\com.st.stm32cube.common.mx_6.11.1.202404110753\\db\/plugins/boardmanager/
2026-03-30 22:01:28,644 [WARN] ApiDb:259 - Overriding images path with different value:  => C:\ST\STM32CubeIDE_1.15.1\STM32CubeIDE\plugins\com.st.stm32cube.common.mx_6.11.1.202404110753\\db\/plugins/mcufinder/images/
2026-03-30 22:01:28,663 [INFO] ApiDb:250 - Set database path to: C:\Users\dbank\.stmcufinder\plugins\mcufinder//mcu/
2026-03-30 22:01:28,667 [INFO] DbMcusAds:125 - Set database path to: C:\Users\dbank\.stmcufinder\plugins\mcufinder//mcu/
2026-03-30 22:01:28,680 [INFO] CrossReferenceDbSqlite:203 - Set database path to: C:\Users\dbank\.stmcufinder\plugins\mcufinder//mcu/cs/
2026-03-30 22:01:29,198 [INFO] RulesReader:64 - Compatibility file has been processed (297 Rules)
2026-03-30 22:01:29,472 [INFO] DbMcusXml:78 - Set database path to: C:\ST\STM32CubeIDE_1.15.1\STM32CubeIDE\plugins\com.st.stm32cube.common.mx_6.11.1.202404110753\\db\/mcu/
2026-03-30 22:01:29,472 [INFO] ApiDb:274 - Set plugin database path to: C:\ST\STM32CubeIDE_1.15.1\STM32CubeIDE\plugins\com.st.stm32cube.common.mx_6.11.1.202404110753\\db\/plugins/boardmanager/
2026-03-30 22:01:29,472 [INFO] ApiDb:261 - Set plugin images path to: C:\ST\STM32CubeIDE_1.15.1\STM32CubeIDE\plugins\com.st.stm32cube.common.mx_6.11.1.202404110753\\db\/plugins/mcufinder/images/
2026-03-30 22:01:29,472 [WARN] DbFile:41 - Overriding database path with different value: C:\Users\dbank\.stmcufinder\plugins\mcufinder/ => C:\Users\dbank\.stmcufinder\plugins\mcufinder
2026-03-30 22:01:29,472 [INFO] ApiDb:250 - Set database path to: C:\Users\dbank\.stmcufinder\plugins\mcufinder//mcu/
2026-03-30 22:01:29,472 [WARN] DbFile:41 - Overriding database path with different value: C:\Users\dbank\.stmcufinder\plugins\mcufinder/ => C:\Users\dbank\.stmcufinder\plugins\mcufinder
2026-03-30 22:01:29,472 [INFO] DbMcusAds:125 - Set database path to: C:\Users\dbank\.stmcufinder\plugins\mcufinder//mcu/
2026-03-30 22:01:29,472 [WARN] DbFile:41 - Overriding database path with different value: C:\Users\dbank\.stmcufinder\plugins\mcufinder/ => C:\Users\dbank\.stmcufinder\plugins\mcufinder
2026-03-30 22:01:29,472 [WARN] DbFile:41 - Overriding database path with different value: C:\Users\dbank\.stmcufinder\plugins\mcufinder/ => C:\Users\dbank\.stmcufinder\plugins\mcufinder
2026-03-30 22:01:29,472 [INFO] CrossReferenceDbSqlite:203 - Set database path to: C:\Users\dbank\.stmcufinder\plugins\mcufinder//mcu/cs/
2026-03-30 22:01:29,803 [INFO] MainPanel:264 - HeapMemory: 268435456
2026-03-30 22:01:30,144 [INFO] DbMcusXml:78 - Set database path to: C:\ST\STM32CubeIDE_1.15.1\STM32CubeIDE\plugins\com.st.stm32cube.common.mx_6.11.1.202404110753\\db\/mcu/
2026-03-30 22:01:30,144 [INFO] ApiDb:274 - Set plugin database path to: C:\ST\STM32CubeIDE_1.15.1\STM32CubeIDE\plugins\com.st.stm32cube.common.mx_6.11.1.202404110753\\db\/plugins/boardmanager/
2026-03-30 22:01:30,144 [INFO] ApiDb:261 - Set plugin images path to: C:\ST\STM32CubeIDE_1.15.1\STM32CubeIDE\plugins\com.st.stm32cube.common.mx_6.11.1.202404110753\\db\/plugins/mcufinder/images/
2026-03-30 22:01:30,146 [WARN] DbFile:41 - Overriding database path with different value: C:\Users\dbank\.stmcufinder\plugins\mcufinder/ => C:\Users\dbank\.stmcufinder\plugins\mcufinder
2026-03-30 22:01:30,146 [INFO] ApiDb:250 - Set database path to: C:\Users\dbank\.stmcufinder\plugins\mcufinder//mcu/
2026-03-30 22:01:30,146 [WARN] DbFile:41 - Overriding database path with different value: C:\Users\dbank\.stmcufinder\plugins\mcufinder/ => C:\Users\dbank\.stmcufinder\plugins\mcufinder
2026-03-30 22:01:30,146 [INFO] DbMcusAds:125 - Set database path to: C:\Users\dbank\.stmcufinder\plugins\mcufinder//mcu/
2026-03-30 22:01:30,147 [WARN] DbFile:41 - Overriding database path with different value: C:\Users\dbank\.stmcufinder\plugins\mcufinder/ => C:\Users\dbank\.stmcufinder\plugins\mcufinder
2026-03-30 22:01:30,147 [WARN] DbFile:41 - Overriding database path with different value: C:\Users\dbank\.stmcufinder\plugins\mcufinder/ => C:\Users\dbank\.stmcufinder\plugins\mcufinder
2026-03-30 22:01:30,147 [INFO] CrossReferenceDbSqlite:203 - Set database path to: C:\Users\dbank\.stmcufinder\plugins\mcufinder//mcu/cs/
2026-03-30 22:01:30,193 [INFO] ApplicationProperties:184 - Using Application install path: C:\ST\STM32CubeIDE_1.15.1\STM32CubeIDE\plugins\com.st.stm32cube.common.mx_6.11.1.202404110753
2026-03-30 22:01:30,199 [INFO] PluginManage:196 - Search for loadable plugins [exclusion list=, ]
2026-03-30 22:01:30,205 [INFO] PluginManage:310 - Check plugin analytics
2026-03-30 22:01:36,115 [INFO] AnalyticsPlugin:253 - Accepted Software Licenses: 
2026-03-30 22:01:36,115 [INFO] AnalyticsPlugin:255 - Accepted CMSIS Pack Licenses: 
2026-03-30 22:01:36,115 [INFO] AnalyticsPlugin:257 - Accepted Firmware Licenses: 
2026-03-30 22:01:36,124 [INFO] PluginManage:359 - Loaded plugin analytics (category:tool,tabindex:-1)
2026-03-30 22:01:36,124 [INFO] PluginManage:310 - Check plugin cadmodel
2026-03-30 22:01:36,137 [INFO] CADModel:105 - Init CAD model plugin
2026-03-30 22:01:36,137 [INFO] PluginManage:359 - Loaded plugin cadmodel (category:power,tabindex:5)
2026-03-30 22:01:36,138 [INFO] PluginManage:310 - Check plugin clock
2026-03-30 22:01:36,185 [INFO] PluginManage:359 - Loaded plugin clock (category:base,tabindex:2)
2026-03-30 22:01:36,186 [INFO] PluginManage:310 - Check plugin ddr
2026-03-30 22:01:36,201 [INFO] PluginManage:359 - Loaded plugin ddr (category:tool,tabindex:6)
2026-03-30 22:01:36,201 [INFO] PluginManage:310 - Check plugin filemanager
2026-03-30 22:01:36,985 [INFO] PluginManage:359 - Loaded plugin filemanager (category:base,tabindex:10)
2026-03-30 22:01:36,985 [INFO] PluginManage:310 - Check plugin ipmanager
2026-03-30 22:01:37,001 [INFO] PluginManage:359 - Loaded plugin ipmanager (category:base,tabindex:5)
2026-03-30 22:01:37,001 [INFO] PluginManage:310 - Check plugin lpbam
2026-03-30 22:01:37,033 [INFO] PluginManage:359 - Loaded plugin lpbam (category:base,tabindex:0)
2026-03-30 22:01:37,033 [INFO] PluginManage:310 - Check plugin memorymap
2026-03-30 22:01:37,149 [INFO] PluginManage:359 - Loaded plugin memorymap (category:base,tabindex:4)
2026-03-30 22:01:37,149 [INFO] PluginManage:310 - Check plugin pinoutandconfiguration
2026-03-30 22:01:37,190 [INFO] PluginManage:359 - Loaded plugin pinoutandconfiguration (category:base,tabindex:1)
2026-03-30 22:01:37,190 [INFO] PluginManage:310 - Check plugin pinoutconfig
2026-03-30 22:01:37,619 [WARN] SupportedApi:132 - Cannot load RTOS API schema: s4s-elt-must-match.1: The content of 'definitions' must match (annotation?, (simpleType | complexType)?, (unique | key | keyref)*)). A problem was found starting at: attribute.
2026-03-30 22:01:38,719 [INFO] PluginManage:359 - Loaded plugin pinoutconfig (category:base,tabindex:0)
2026-03-30 22:01:38,719 [INFO] PluginManage:310 - Check plugin power
2026-03-30 22:01:38,763 [INFO] PluginManage:359 - Loaded plugin power (category:power,tabindex:4)
2026-03-30 22:01:38,763 [INFO] PluginManage:310 - Check plugin projectmanager
2026-03-30 22:01:38,838 [INFO] PluginManage:359 - Loaded plugin projectmanager (category:projectmanager,tabindex:3)
2026-03-30 22:01:38,838 [INFO] PluginManage:310 - Check plugin thirdparty
2026-03-30 22:01:39,471 [WARN] IntegrityCheckThread:84 - waiting for thirdparty lock release [integrity check]
2026-03-30 22:01:39,471 [INFO] IntegrityCheckThread:86 - entering critical section [integrity check]
2026-03-30 22:01:39,473 [INFO] ThirdPartyUpdaterWithRetryManager:70 - Updater plugin not ready yet. [1/15]
2026-03-30 22:01:39,474 [INFO] PluginManage:359 - Loaded plugin thirdparty (category:base,tabindex:-1)
2026-03-30 22:01:39,474 [INFO] PluginManage:310 - Check plugin tools
2026-03-30 22:01:39,484 [INFO] PluginManage:359 - Loaded plugin tools (category:base,tabindex:7)
2026-03-30 22:01:39,484 [INFO] PluginManage:310 - Check plugin tutovideos
2026-03-30 22:01:40,597 [INFO] PluginManage:359 - Loaded plugin tutovideos (category:base,tabindex:-1)
2026-03-30 22:01:40,597 [INFO] PluginManage:310 - Check plugin updater
2026-03-30 22:01:40,629 [INFO] PluginManage:359 - Loaded plugin updater (category:base,tabindex:12)
2026-03-30 22:01:40,629 [INFO] PluginManage:310 - Check plugin userauth
2026-03-30 22:01:40,659 [INFO] UserAuth:114 - Init User Auth plugin
2026-03-30 22:01:40,659 [INFO] PluginManage:359 - Loaded plugin userauth (category:base,tabindex:14)
2026-03-30 22:01:40,661 [INFO] PluginManage:283 - PluginManage : Loaded plugins [17]
2026-03-30 22:01:41,444 [INFO] PinOutPanel:1561 - setPackage(No Configuration,No Configuration)
2026-03-30 22:01:41,632 [INFO] CADModel:165 - CPN selected for project level
2026-03-30 22:01:41,632 [INFO] CADModel:114 - Register for checkConnection events
2026-03-30 22:01:41,691 [INFO] IPUIPlugin:80 - create IPUIPlugin
2026-03-30 22:01:41,692 [INFO] PluginManager:220 - loadIPPluginJar : add adc
2026-03-30 22:01:41,699 [INFO] IPUIPlugin:80 - create IPUIPlugin
2026-03-30 22:01:41,699 [INFO] PluginManager:220 - loadIPPluginJar : add aes
2026-03-30 22:01:41,702 [INFO] IPUIPlugin:80 - create IPUIPlugin
2026-03-30 22:01:41,702 [INFO] PluginManager:220 - loadIPPluginJar : add can
2026-03-30 22:01:41,702 [INFO] IPUIPlugin:80 - create IPUIPlugin
2026-03-30 22:01:41,702 [INFO] PluginManager:220 - loadIPPluginJar : add comp
2026-03-30 22:01:41,718 [INFO] IPUIPlugin:80 - create IPUIPlugin
2026-03-30 22:01:41,718 [INFO] PluginManager:220 - loadIPPluginJar : add cryp
2026-03-30 22:01:41,779 [INFO] IPUIPlugin:80 - create IPUIPlugin
2026-03-30 22:01:41,779 [INFO] PluginManager:220 - loadIPPluginJar : add dfsdm
2026-03-30 22:01:41,795 [INFO] IPUIPlugin:80 - create IPUIPlugin
2026-03-30 22:01:41,798 [INFO] PluginManager:220 - loadIPPluginJar : add dma
2026-03-30 22:01:41,815 [INFO] IPUIPlugin:80 - create IPUIPlugin
2026-03-30 22:01:41,815 [INFO] PluginManager:220 - loadIPPluginJar : add dma3
2026-03-30 22:01:41,820 [INFO] IPUIPlugin:80 - create IPUIPlugin
2026-03-30 22:01:41,820 [INFO] PluginManager:220 - loadIPPluginJar : add extmemmanager
2026-03-30 22:01:41,825 [INFO] IPUIPlugin:80 - create IPUIPlugin
2026-03-30 22:01:41,825 [INFO] PluginManager:220 - loadIPPluginJar : add fatfs
2026-03-30 22:01:41,833 [INFO] IPUIPlugin:80 - create IPUIPlugin
2026-03-30 22:01:41,833 [INFO] PluginManager:220 - loadIPPluginJar : add fmc
2026-03-30 22:01:41,869 [INFO] IPUIPlugin:80 - create IPUIPlugin
2026-03-30 22:01:41,870 [INFO] PluginManager:220 - loadIPPluginJar : add freertos
2026-03-30 22:01:41,875 [INFO] IPUIPlugin:80 - create IPUIPlugin
2026-03-30 22:01:41,875 [INFO] PluginManager:220 - loadIPPluginJar : add genericplugin
2026-03-30 22:01:41,880 [INFO] IPUIPlugin:80 - create IPUIPlugin
2026-03-30 22:01:41,880 [INFO] PluginManager:220 - loadIPPluginJar : add gfxmmu
2026-03-30 22:01:41,888 [INFO] IPUIPlugin:80 - create IPUIPlugin
2026-03-30 22:01:41,888 [INFO] PluginManager:220 - loadIPPluginJar : add gic
2026-03-30 22:01:41,896 [INFO] IPUIPlugin:80 - create IPUIPlugin
2026-03-30 22:01:41,896 [INFO] PluginManager:220 - loadIPPluginJar : add gpio
2026-03-30 22:01:41,903 [INFO] IPUIPlugin:80 - create IPUIPlugin
2026-03-30 22:01:41,903 [INFO] PluginManager:220 - loadIPPluginJar : add gtzc
2026-03-30 22:01:41,909 [INFO] IPUIPlugin:80 - create IPUIPlugin
2026-03-30 22:01:41,909 [INFO] PluginManager:220 - loadIPPluginJar : add hash
2026-03-30 22:01:41,914 [INFO] IPUIPlugin:80 - create IPUIPlugin
2026-03-30 22:01:41,914 [INFO] PluginManager:220 - loadIPPluginJar : add i2c
2026-03-30 22:01:41,920 [INFO] IPUIPlugin:80 - create IPUIPlugin
2026-03-30 22:01:41,920 [INFO] PluginManager:220 - loadIPPluginJar : add i2s
2026-03-30 22:01:41,926 [INFO] IPUIPlugin:80 - create IPUIPlugin
2026-03-30 22:01:41,926 [INFO] PluginManager:220 - loadIPPluginJar : add i3c
2026-03-30 22:01:41,941 [INFO] IPUIPlugin:80 - create IPUIPlugin
2026-03-30 22:01:41,941 [INFO] PluginManager:220 - loadIPPluginJar : add ipddr
2026-03-30 22:01:41,948 [INFO] IPUIPlugin:80 - create IPUIPlugin
2026-03-30 22:01:41,948 [INFO] PluginManager:220 - loadIPPluginJar : add linkedlist
2026-03-30 22:01:41,954 [INFO] IPUIPlugin:80 - create IPUIPlugin
2026-03-30 22:01:41,954 [INFO] PluginManager:220 - loadIPPluginJar : add lorawan
2026-03-30 22:01:41,957 [INFO] IPUIPlugin:80 - create IPUIPlugin
2026-03-30 22:01:41,957 [INFO] PluginManager:220 - loadIPPluginJar : add ltdc
2026-03-30 22:01:42,001 [INFO] IPUIPlugin:80 - create IPUIPlugin
2026-03-30 22:01:42,001 [INFO] PluginManager:220 - loadIPPluginJar : add mdma
2026-03-30 22:01:42,009 [INFO] IPUIPlugin:80 - create IPUIPlugin
2026-03-30 22:01:42,009 [INFO] PluginManager:220 - loadIPPluginJar : add nvic
2026-03-30 22:01:42,014 [INFO] IPUIPlugin:80 - create IPUIPlugin
2026-03-30 22:01:42,014 [INFO] PluginManager:220 - loadIPPluginJar : add opamp
2026-03-30 22:01:42,022 [INFO] IPUIPlugin:80 - create IPUIPlugin
2026-03-30 22:01:42,022 [INFO] PluginManager:220 - loadIPPluginJar : add openamp
2026-03-30 22:01:42,028 [INFO] IPUIPlugin:80 - create IPUIPlugin
2026-03-30 22:01:42,028 [INFO] PluginManager:220 - loadIPPluginJar : add pdm2pcm
2026-03-30 22:01:42,039 [INFO] IPUIPlugin:80 - create IPUIPlugin
2026-03-30 22:01:42,052 [INFO] PluginManager:220 - loadIPPluginJar : add plateformsettings
2026-03-30 22:01:42,056 [INFO] IPUIPlugin:80 - create IPUIPlugin
2026-03-30 22:01:42,056 [INFO] PluginManager:220 - loadIPPluginJar : add quadspi
2026-03-30 22:01:42,062 [INFO] IPUIPlugin:80 - create IPUIPlugin
2026-03-30 22:01:42,062 [INFO] PluginManager:220 - loadIPPluginJar : add resmgrutility
2026-03-30 22:01:42,067 [INFO] IPUIPlugin:80 - create IPUIPlugin
2026-03-30 22:01:42,067 [INFO] PluginManager:220 - loadIPPluginJar : add sai
2026-03-30 22:01:42,073 [INFO] IPUIPlugin:80 - create IPUIPlugin
2026-03-30 22:01:42,073 [INFO] PluginManager:220 - loadIPPluginJar : add spi
2026-03-30 22:01:42,083 [INFO] IPUIPlugin:80 - create IPUIPlugin
2026-03-30 22:01:42,084 [INFO] PluginManager:220 - loadIPPluginJar : add stm32_wpan
2026-03-30 22:01:42,088 [INFO] IPUIPlugin:80 - create IPUIPlugin
2026-03-30 22:01:42,088 [INFO] PluginManager:220 - loadIPPluginJar : add tim
2026-03-30 22:01:42,094 [INFO] IPUIPlugin:80 - create IPUIPlugin
2026-03-30 22:01:42,094 [INFO] PluginManager:220 - loadIPPluginJar : add touchsensing
2026-03-30 22:01:42,099 [INFO] IPUIPlugin:80 - create IPUIPlugin
2026-03-30 22:01:42,099 [INFO] PluginManager:220 - loadIPPluginJar : add tracer_emb
2026-03-30 22:01:42,102 [INFO] IPUIPlugin:80 - create IPUIPlugin
2026-03-30 22:01:42,103 [INFO] PluginManager:220 - loadIPPluginJar : add ts
2026-03-30 22:01:42,106 [INFO] IPUIPlugin:80 - create IPUIPlugin
2026-03-30 22:01:42,106 [INFO] PluginManager:220 - loadIPPluginJar : add tsc
2026-03-30 22:01:42,110 [INFO] IPUIPlugin:80 - create IPUIPlugin
2026-03-30 22:01:42,110 [INFO] PluginManager:220 - loadIPPluginJar : add ucpd
2026-03-30 22:01:42,117 [INFO] IPUIPlugin:80 - create IPUIPlugin
2026-03-30 22:01:42,117 [INFO] PluginManager:220 - loadIPPluginJar : add usart
2026-03-30 22:01:42,123 [INFO] IPUIPlugin:80 - create IPUIPlugin
2026-03-30 22:01:42,123 [INFO] PluginManager:220 - loadIPPluginJar : add usbx
2026-03-30 22:01:42,275 [INFO] CADModel:165 - CPN selected for project level
2026-03-30 22:01:42,276 [INFO] CADModel:114 - Register for checkConnection events
2026-03-30 22:01:42,276 [FATAL] Updater:308 - Updater called before beeing initialized
2026-03-30 22:01:42,276 [ERROR] CADModel:125 - Updater not yet initialized, retry later 
2026-03-30 22:01:42,474 [INFO] ThirdPartyUpdaterWithRetryManager:70 - Updater plugin not ready yet. [2/15]
2026-03-30 22:01:42,652 [INFO] CADModel:165 - CPN selected for project level
2026-03-30 22:01:42,652 [INFO] CADModel:114 - Register for checkConnection events
2026-03-30 22:01:42,652 [FATAL] Updater:308 - Updater called before beeing initialized
2026-03-30 22:01:42,652 [ERROR] CADModel:125 - Updater not yet initialized, retry later 
2026-03-30 22:01:42,657 [FATAL] Updater:308 - Updater called before beeing initialized
2026-03-30 22:01:42,839 [FATAL] Updater:308 - Updater called before beeing initialized
2026-03-30 22:01:42,872 [INFO] DbMcusAds:53 - JSON generation date=Thu Jan 08 16:57:51 CET 2026 (1767887871456)
2026-03-30 22:01:42,872 [FATAL] Updater:308 - Updater called before beeing initialized
2026-03-30 22:01:42,940 [WARN] DetailPanel:346 - Failed to get advertising image, set to default
2026-03-30 22:01:43,033 [FATAL] Updater:308 - Updater called before beeing initialized
2026-03-30 22:01:43,043 [FATAL] Updater:308 - Updater called before beeing initialized
2026-03-30 22:01:43,043 [FATAL] Updater:308 - Updater called before beeing initialized
2026-03-30 22:01:43,043 [WARN] DetailPanel:346 - Failed to get advertising image, set to default
2026-03-30 22:01:43,043 [FATAL] Updater:308 - Updater called before beeing initialized
2026-03-30 22:01:43,134 [ERROR] Updater:1120 - MainUpdater not yet initialized. External WinMGr cannot be set.
2026-03-30 22:01:43,142 [INFO] Updater:1056 - Updater Version found : 6.11.1
2026-03-30 22:01:43,199 [INFO] ApplicationProperties:184 - Using Application install path: C:\ST\STM32CubeIDE_1.15.1\STM32CubeIDE\plugins\com.st.stm32cube.common.mx_6.11.1.202404110753
2026-03-30 22:01:44,824 [ERROR] LogOutputStream:75 - [STDERR_REDIRECT] Mar 30, 2026 10:01:44 PM java.util.prefs.WindowsPreferences <init>
2026-03-30 22:01:44,824 [ERROR] LogOutputStream:75 - [STDERR_REDIRECT] WARNING: Could not open/create prefs root node Software\JavaSoft\Prefs at root 0xffffffff80000002. Windows RegCreateKeyEx(...) returned error code 5.
2026-03-30 22:01:44,824 [ERROR] LogOutputStream:75 - [STDERR_REDIRECT] 
2026-03-30 22:01:45,489 [FATAL] Updater:308 - Updater called before beeing initialized
2026-03-30 22:01:45,489 [ERROR] IntegrityCheckThread:130 - Cannot retrieve database content from updater: error 21
2026-03-30 22:01:45,489 [INFO] ThirdParty:978 - Integrity check success = false
2026-03-30 22:01:45,489 [INFO] IntegrityCheckThread:100 - exiting critical section [integrity check]
2026-03-30 22:01:45,489 [INFO] IntegrityCheckThread:103 - End integrity checks thread
2026-03-30 22:01:45,553 [INFO] MainUpdater:2873 - connection check result : 10
2026-03-30 22:01:45,553 [INFO] MainUpdater:290 - Updater Check For Update Now.
2026-03-30 22:01:45,553 [INFO] MicroXplorer:498 - Change Database Version : DB.6.0.111
2026-03-30 22:01:45,585 [INFO] McuFinderGlobals:63 - Set McuFinder mode to 2 (CubeIDE integrated)
2026-03-30 22:01:45,601 [INFO] UserAuth:415 - Internet connection configuration mode: 1
2026-03-30 22:01:45,664 [INFO] JxBrowserEngine:152 - Initiate JxBrowser Engine with user profile folder
2026-03-30 22:01:45,759 [INFO] CheckServerUpdateThread:120 - End of CheckServer Thread
2026-03-30 22:01:46,755 [INFO] WebApp:161 - Instantiating new browser for Auth
2026-03-30 22:01:47,156 [INFO] WebApp:779 - Register for checkConnection events
2026-03-30 22:01:47,156 [INFO] WebApp:414 - Apply proxy settings
2026-03-30 22:01:47,156 [INFO] WebApp:499 - Chromium requires no authentication
2026-03-30 22:01:47,158 [INFO] WebApp:442 - Direct internet connection detected
2026-03-30 22:01:47,253 [INFO] WebApp:192 - Starting web application
2026-03-30 22:01:47,253 [INFO] WebApp:544 - Web application path used C:\ST\STM32CubeIDE_1.15.1\STM32CubeIDE\plugins\com.st.stm32cube.common.mx_6.11.1.202404110753\db\plugins\mcufinder\reactClient1\index.html
2026-03-30 22:01:48,383 [ERROR] LogOutputStream:75 - [STDERR_REDIRECT] [Fatal Error] :1:1: Premature end of file.
2026-03-30 22:01:48,383 [ERROR] LogOutputStream:75 - [STDERR_REDIRECT] 
2026-03-30 22:01:49,382 [ERROR] LogOutputStream:75 - [STDERR_REDIRECT] [Fatal Error] :1:1: Premature end of file.
2026-03-30 22:01:49,382 [ERROR] LogOutputStream:75 - [STDERR_REDIRECT] 
2026-03-30 22:01:50,378 [ERROR] LogOutputStream:75 - [STDERR_REDIRECT] [Fatal Error] :1:1: Premature end of file.
2026-03-30 22:01:50,379 [ERROR] LogOutputStream:75 - [STDERR_REDIRECT] 
2026-03-30 22:01:51,380 [ERROR] LogOutputStream:75 - [STDERR_REDIRECT] [Fatal Error] :1:1: Premature end of file.
2026-03-30 22:01:51,380 [ERROR] LogOutputStream:75 - [STDERR_REDIRECT] 
2026-03-30 22:01:52,377 [ERROR] LogOutputStream:75 - [STDERR_REDIRECT] [Fatal Error] :1:1: Premature end of file.
2026-03-30 22:01:52,377 [ERROR] LogOutputStream:75 - [STDERR_REDIRECT] 
2026-03-30 22:01:53,376 [ERROR] LogOutputStream:75 - [STDERR_REDIRECT] [Fatal Error] :1:1: Premature end of file.
2026-03-30 22:01:53,376 [ERROR] LogOutputStream:75 - [STDERR_REDIRECT] 
2026-03-30 22:01:54,378 [ERROR] LogOutputStream:75 - [STDERR_REDIRECT] [Fatal Error] :1:1: Premature end of file.
2026-03-30 22:01:54,379 [ERROR] LogOutputStream:75 - [STDERR_REDIRECT] 
2026-03-30 22:01:55,377 [ERROR] LogOutputStream:75 - [STDERR_REDIRECT] [Fatal Error] :1:1: Premature end of file.
2026-03-30 22:01:55,377 [ERROR] LogOutputStream:75 - [STDERR_REDIRECT] 
2026-03-30 22:01:56,378 [ERROR] LogOutputStream:75 - [STDERR_REDIRECT] [Fatal Error] :1:1: Premature end of file.
2026-03-30 22:01:56,378 [ERROR] LogOutputStream:75 - [STDERR_REDIRECT] 
2026-03-30 22:01:57,381 [ERROR] LogOutputStream:75 - [STDERR_REDIRECT] [Fatal Error] :1:1: Premature end of file.
2026-03-30 22:01:57,381 [ERROR] LogOutputStream:75 - [STDERR_REDIRECT] 
2026-03-30 22:01:58,381 [ERROR] LogOutputStream:75 - [STDERR_REDIRECT] [Fatal Error] :1:1: Premature end of file.
2026-03-30 22:01:58,381 [ERROR] LogOutputStream:75 - [STDERR_REDIRECT] 
2026-03-30 22:01:59,378 [ERROR] LogOutputStream:75 - [STDERR_REDIRECT] [Fatal Error] :1:1: Premature end of file.
2026-03-30 22:01:59,379 [ERROR] LogOutputStream:75 - [STDERR_REDIRECT] 
2026-03-30 22:02:00,380 [ERROR] LogOutputStream:75 - [STDERR_REDIRECT] [Fatal Error] :1:1: Premature end of file.
2026-03-30 22:02:00,381 [ERROR] LogOutputStream:75 - [STDERR_REDIRECT] 
2026-03-30 22:02:01,378 [ERROR] LogOutputStream:75 - [STDERR_REDIRECT] [Fatal Error] :1:1: Premature end of file.
2026-03-30 22:02:01,378 [ERROR] LogOutputStream:75 - [STDERR_REDIRECT] 
2026-03-30 22:02:02,377 [ERROR] LogOutputStream:75 - [STDERR_REDIRECT] [Fatal Error] :1:1: Premature end of file.
2026-03-30 22:02:02,377 [ERROR] LogOutputStream:75 - [STDERR_REDIRECT] 
2026-03-30 22:02:03,381 [ERROR] LogOutputStream:75 - [STDERR_REDIRECT] [Fatal Error] :1:1: Premature end of file.
2026-03-30 22:02:03,381 [ERROR] LogOutputStream:75 - [STDERR_REDIRECT] 
2026-03-30 22:02:04,382 [ERROR] LogOutputStream:75 - [STDERR_REDIRECT] [Fatal Error] :1:1: Premature end of file.
2026-03-30 22:02:04,382 [ERROR] LogOutputStream:75 - [STDERR_REDIRECT] 
2026-03-30 22:02:05,380 [ERROR] LogOutputStream:75 - [STDERR_REDIRECT] [Fatal Error] :1:1: Premature end of file.
2026-03-30 22:02:05,381 [ERROR] LogOutputStream:75 - [STDERR_REDIRECT] 
2026-03-30 22:02:06,384 [ERROR] LogOutputStream:75 - [STDERR_REDIRECT] [Fatal Error] :1:1: Premature end of file.
2026-03-30 22:02:06,385 [ERROR] LogOutputStream:75 - [STDERR_REDIRECT] 
2026-03-30 22:02:07,380 [ERROR] LogOutputStream:75 - [STDERR_REDIRECT] [Fatal Error] :1:1: Premature end of file.
2026-03-30 22:02:07,381 [ERROR] LogOutputStream:75 - [STDERR_REDIRECT] 
2026-03-30 22:02:08,376 [ERROR] LogOutputStream:75 - [STDERR_REDIRECT] [Fatal Error] :1:1: Premature end of file.
2026-03-30 22:02:08,376 [ERROR] LogOutputStream:75 - [STDERR_REDIRECT] 
2026-03-30 22:02:09,388 [ERROR] LogOutputStream:75 - [STDERR_REDIRECT] [Fatal Error] :1:1: Premature end of file.
2026-03-30 22:02:09,389 [ERROR] LogOutputStream:75 - [STDERR_REDIRECT] 
2026-03-30 22:02:10,373 [ERROR] LogOutputStream:75 - [STDERR_REDIRECT] [Fatal Error] :1:1: Premature end of file.
2026-03-30 22:02:10,373 [ERROR] LogOutputStream:75 - [STDERR_REDIRECT] 
2026-03-30 22:02:11,387 [ERROR] LogOutputStream:75 - [STDERR_REDIRECT] [Fatal Error] :1:1: Premature end of file.
2026-03-30 22:02:11,389 [ERROR] LogOutputStream:75 - [STDERR_REDIRECT] 
2026-03-30 22:02:12,373 [ERROR] LogOutputStream:75 - [STDERR_REDIRECT] [Fatal Error] :1:1: Premature end of file.
2026-03-30 22:02:12,373 [ERROR] LogOutputStream:75 - [STDERR_REDIRECT] 
2026-03-30 22:02:13,389 [ERROR] LogOutputStream:75 - [STDERR_REDIRECT] [Fatal Error] :1:1: Premature end of file.
2026-03-30 22:02:13,389 [ERROR] LogOutputStream:75 - [STDERR_REDIRECT] 
2026-03-30 22:02:14,380 [ERROR] LogOutputStream:75 - [STDERR_REDIRECT] [Fatal Error] :1:1: Premature end of file.
2026-03-30 22:02:14,380 [ERROR] LogOutputStream:75 - [STDERR_REDIRECT] 
2026-03-30 22:02:15,373 [ERROR] LogOutputStream:75 - [STDERR_REDIRECT] [Fatal Error] :1:1: Premature end of file.
2026-03-30 22:02:15,373 [ERROR] LogOutputStream:75 - [STDERR_REDIRECT] 
2026-03-30 22:02:16,392 [ERROR] LogOutputStream:75 - [STDERR_REDIRECT] [Fatal Error] :1:1: Premature end of file.
2026-03-30 22:02:16,392 [ERROR] LogOutputStream:75 - [STDERR_REDIRECT] 
2026-03-30 22:02:17,379 [ERROR] LogOutputStream:75 - [STDERR_REDIRECT] [Fatal Error] :1:1: Premature end of file.
2026-03-30 22:02:17,379 [ERROR] LogOutputStream:75 - [STDERR_REDIRECT] 
2026-03-30 22:02:18,380 [ERROR] LogOutputStream:75 - [STDERR_REDIRECT] [Fatal Error] :1:1: Premature end of file.
2026-03-30 22:02:18,380 [ERROR] LogOutputStream:75 - [STDERR_REDIRECT] 
2026-03-30 22:02:19,381 [ERROR] LogOutputStream:75 - [STDERR_REDIRECT] [Fatal Error] :1:1: Premature end of file.
2026-03-30 22:02:19,381 [ERROR] LogOutputStream:75 - [STDERR_REDIRECT] 
2026-03-30 22:02:20,381 [ERROR] LogOutputStream:75 - [STDERR_REDIRECT] [Fatal Error] :1:1: Premature end of file.
2026-03-30 22:02:20,381 [ERROR] LogOutputStream:75 - [STDERR_REDIRECT] 
2026-03-30 22:02:21,376 [ERROR] LogOutputStream:75 - [STDERR_REDIRECT] [Fatal Error] :1:1: Premature end of file.
2026-03-30 22:02:21,376 [ERROR] LogOutputStream:75 - [STDERR_REDIRECT] 
2026-03-30 22:02:22,390 [ERROR] LogOutputStream:75 - [STDERR_REDIRECT] [Fatal Error] :1:1: Premature end of file.
2026-03-30 22:02:22,390 [ERROR] LogOutputStream:75 - [STDERR_REDIRECT] 
2026-03-30 22:02:23,373 [ERROR] LogOutputStream:75 - [STDERR_REDIRECT] [Fatal Error] :1:1: Premature end of file.
2026-03-30 22:02:23,373 [ERROR] LogOutputStream:75 - [STDERR_REDIRECT] 
2026-03-30 22:02:24,390 [ERROR] LogOutputStream:75 - [STDERR_REDIRECT] [Fatal Error] :1:1: Premature end of file.
2026-03-30 22:02:24,390 [ERROR] LogOutputStream:75 - [STDERR_REDIRECT] 
2026-03-30 22:02:25,374 [ERROR] LogOutputStream:75 - [STDERR_REDIRECT] [Fatal Error] :1:1: Premature end of file.
2026-03-30 22:02:25,374 [ERROR] LogOutputStream:75 - [STDERR_REDIRECT] 
2026-03-30 22:02:26,436 [ERROR] LogOutputStream:75 - [STDERR_REDIRECT] [Fatal Error] :1:1: Premature end of file.
2026-03-30 22:02:26,436 [ERROR] LogOutputStream:75 - [STDERR_REDIRECT] 
2026-03-30 22:02:27,394 [ERROR] LogOutputStream:75 - [STDERR_REDIRECT] [Fatal Error] :1:1: Premature end of file.
2026-03-30 22:02:27,394 [ERROR] LogOutputStream:75 - [STDERR_REDIRECT] 
2026-03-30 22:02:28,379 [ERROR] LogOutputStream:75 - [STDERR_REDIRECT] [Fatal Error] :1:1: Premature end of file.
2026-03-30 22:02:28,379 [ERROR] LogOutputStream:75 - [STDERR_REDIRECT] 
2026-03-30 22:02:29,383 [ERROR] LogOutputStream:75 - [STDERR_REDIRECT] [Fatal Error] :1:1: Premature end of file.
2026-03-30 22:02:29,383 [ERROR] LogOutputStream:75 - [STDERR_REDIRECT] 
2026-03-30 22:02:30,376 [ERROR] LogOutputStream:75 - [STDERR_REDIRECT] [Fatal Error] :1:1: Premature end of file.
2026-03-30 22:02:30,376 [ERROR] LogOutputStream:75 - [STDERR_REDIRECT] 
2026-03-30 22:02:31,385 [ERROR] LogOutputStream:75 - [STDERR_REDIRECT] [Fatal Error] :1:1: Premature end of file.
2026-03-30 22:02:31,385 [ERROR] LogOutputStream:75 - [STDERR_REDIRECT] 
2026-03-30 22:02:32,382 [ERROR] LogOutputStream:75 - [STDERR_REDIRECT] [Fatal Error] :1:1: Premature end of file.
2026-03-30 22:02:32,383 [ERROR] LogOutputStream:75 - [STDERR_REDIRECT] 
2026-03-30 22:02:33,380 [ERROR] LogOutputStream:75 - [STDERR_REDIRECT] [Fatal Error] :1:1: Premature end of file.
2026-03-30 22:02:33,380 [ERROR] LogOutputStream:75 - [STDERR_REDIRECT] 
2026-03-30 22:02:34,379 [ERROR] LogOutputStream:75 - [STDERR_REDIRECT] [Fatal Error] :1:1: Premature end of file.
2026-03-30 22:02:34,379 [ERROR] LogOutputStream:75 - [STDERR_REDIRECT] 
2026-03-30 22:02:35,390 [ERROR] LogOutputStream:75 - [STDERR_REDIRECT] [Fatal Error] :1:1: Premature end of file.
2026-03-30 22:02:35,390 [ERROR] LogOutputStream:75 - [STDERR_REDIRECT] 
2026-03-30 22:02:36,384 [ERROR] LogOutputStream:75 - [STDERR_REDIRECT] [Fatal Error] :1:1: Premature end of file.
2026-03-30 22:02:36,384 [ERROR] LogOutputStream:75 - [STDERR_REDIRECT] 
2026-03-30 22:02:37,376 [ERROR] LogOutputStream:75 - [STDERR_REDIRECT] [Fatal Error] :1:1: Premature end of file.
2026-03-30 22:02:37,377 [ERROR] LogOutputStream:75 - [STDERR_REDIRECT] 
2026-03-30 22:02:38,384 [ERROR] LogOutputStream:75 - [STDERR_REDIRECT] [Fatal Error] :1:1: Premature end of file.
2026-03-30 22:02:38,384 [ERROR] LogOutputStream:75 - [STDERR_REDIRECT] 
2026-03-30 22:02:39,376 [ERROR] LogOutputStream:75 - [STDERR_REDIRECT] [Fatal Error] :1:1: Premature end of file.
2026-03-30 22:02:39,376 [ERROR] LogOutputStream:75 - [STDERR_REDIRECT] 
2026-03-30 22:02:40,383 [ERROR] LogOutputStream:75 - [STDERR_REDIRECT] [Fatal Error] :1:1: Premature end of file.
2026-03-30 22:02:40,383 [ERROR] LogOutputStream:75 - [STDERR_REDIRECT] 
2026-03-30 22:02:41,380 [ERROR] LogOutputStream:75 - [STDERR_REDIRECT] [Fatal Error] :1:1: Premature end of file.
2026-03-30 22:02:41,381 [ERROR] LogOutputStream:75 - [STDERR_REDIRECT] 
2026-03-30 22:02:42,374 [ERROR] LogOutputStream:75 - [STDERR_REDIRECT] [Fatal Error] :1:1: Premature end of file.
2026-03-30 22:02:42,374 [ERROR] LogOutputStream:75 - [STDERR_REDIRECT] 
2026-03-30 22:02:43,409 [ERROR] LogOutputStream:75 - [STDERR_REDIRECT] [Fatal Error] :1:1: Premature end of file.
2026-03-30 22:02:43,409 [ERROR] LogOutputStream:75 - [STDERR_REDIRECT] 
2026-03-30 22:02:44,374 [ERROR] LogOutputStream:75 - [STDERR_REDIRECT] [Fatal Error] :1:1: Premature end of file.
2026-03-30 22:02:44,374 [ERROR] LogOutputStream:75 - [STDERR_REDIRECT] 
2026-03-30 22:02:45,374 [ERROR] LogOutputStream:75 - [STDERR_REDIRECT] [Fatal Error] :1:1: Premature end of file.
2026-03-30 22:02:45,374 [ERROR] LogOutputStream:75 - [STDERR_REDIRECT] 
2026-03-30 22:02:46,396 [ERROR] LogOutputStream:75 - [STDERR_REDIRECT] [Fatal Error] :1:1: Premature end of file.
2026-03-30 22:02:46,396 [ERROR] LogOutputStream:75 - [STDERR_REDIRECT] 
2026-03-30 22:02:47,374 [ERROR] LogOutputStream:75 - [STDERR_REDIRECT] [Fatal Error] :1:1: Premature end of file.
2026-03-30 22:02:47,374 [ERROR] LogOutputStream:75 - [STDERR_REDIRECT] 
2026-03-30 22:02:48,385 [ERROR] LogOutputStream:75 - [STDERR_REDIRECT] [Fatal Error] :1:1: Premature end of file.
2026-03-30 22:02:48,386 [ERROR] LogOutputStream:75 - [STDERR_REDIRECT] 
2026-03-30 22:02:49,394 [ERROR] LogOutputStream:75 - [STDERR_REDIRECT] [Fatal Error] :1:1: Premature end of file.
2026-03-30 22:02:49,394 [ERROR] LogOutputStream:75 - [STDERR_REDIRECT] 
2026-03-30 22:02:50,374 [ERROR] LogOutputStream:75 - [STDERR_REDIRECT] [Fatal Error] :1:1: Premature end of file.
2026-03-30 22:02:50,374 [ERROR] LogOutputStream:75 - [STDERR_REDIRECT] 
2026-03-30 22:02:51,391 [ERROR] LogOutputStream:75 - [STDERR_REDIRECT] [Fatal Error] :1:1: Premature end of file.
2026-03-30 22:02:51,391 [ERROR] LogOutputStream:75 - [STDERR_REDIRECT] 
2026-03-30 22:02:52,381 [ERROR] LogOutputStream:75 - [STDERR_REDIRECT] [Fatal Error] :1:1: Premature end of file.
2026-03-30 22:02:52,391 [ERROR] LogOutputStream:75 - [STDERR_REDIRECT] 
2026-03-30 22:02:53,376 [ERROR] LogOutputStream:75 - [STDERR_REDIRECT] [Fatal Error] :1:1: Premature end of file.
2026-03-30 22:02:53,376 [ERROR] LogOutputStream:75 - [STDERR_REDIRECT] 
2026-03-30 22:02:54,403 [ERROR] LogOutputStream:75 - [STDERR_REDIRECT] [Fatal Error] :1:1: Premature end of file.
2026-03-30 22:02:54,404 [ERROR] LogOutputStream:75 - [STDERR_REDIRECT] 
2026-03-30 22:02:55,382 [ERROR] LogOutputStream:75 - [STDERR_REDIRECT] [Fatal Error] :1:1: Premature end of file.
2026-03-30 22:02:55,382 [ERROR] LogOutputStream:75 - [STDERR_REDIRECT] 
2026-03-30 22:02:56,385 [ERROR] LogOutputStream:75 - [STDERR_REDIRECT] [Fatal Error] :1:1: Premature end of file.
2026-03-30 22:02:56,385 [ERROR] LogOutputStream:75 - [STDERR_REDIRECT] 
2026-03-30 22:02:57,372 [ERROR] LogOutputStream:75 - [STDERR_REDIRECT] [Fatal Error] :1:1: Premature end of file.
2026-03-30 22:02:57,372 [ERROR] LogOutputStream:75 - [STDERR_REDIRECT] 
2026-03-30 22:02:58,375 [ERROR] LogOutputStream:75 - [STDERR_REDIRECT] [Fatal Error] :1:1: Premature end of file.
2026-03-30 22:02:58,375 [ERROR] LogOutputStream:75 - [STDERR_REDIRECT] 
2026-03-30 22:02:59,380 [ERROR] LogOutputStream:75 - [STDERR_REDIRECT] [Fatal Error] :1:1: Premature end of file.
2026-03-30 22:02:59,380 [ERROR] LogOutputStream:75 - [STDERR_REDIRECT] 
2026-03-30 22:03:00,374 [ERROR] LogOutputStream:75 - [STDERR_REDIRECT] [Fatal Error] :1:1: Premature end of file.
2026-03-30 22:03:00,374 [ERROR] LogOutputStream:75 - [STDERR_REDIRECT] 
2026-03-30 22:03:01,377 [ERROR] LogOutputStream:75 - [STDERR_REDIRECT] [Fatal Error] :1:1: Premature end of file.
2026-03-30 22:03:01,377 [ERROR] LogOutputStream:75 - [STDERR_REDIRECT] 
2026-03-30 22:03:02,374 [ERROR] LogOutputStream:75 - [STDERR_REDIRECT] [Fatal Error] :1:1: Premature end of file.
2026-03-30 22:03:02,374 [ERROR] LogOutputStream:75 - [STDERR_REDIRECT] 
2026-03-30 22:03:03,374 [ERROR] LogOutputStream:75 - [STDERR_REDIRECT] [Fatal Error] :1:1: Premature end of file.
2026-03-30 22:03:03,374 [ERROR] LogOutputStream:75 - [STDERR_REDIRECT] 
2026-03-30 22:03:04,374 [ERROR] LogOutputStream:75 - [STDERR_REDIRECT] [Fatal Error] :1:1: Premature end of file.
2026-03-30 22:03:04,374 [ERROR] LogOutputStream:75 - [STDERR_REDIRECT] 
2026-03-30 22:03:05,378 [ERROR] LogOutputStream:75 - [STDERR_REDIRECT] [Fatal Error] :1:1: Premature end of file.
2026-03-30 22:03:05,378 [ERROR] LogOutputStream:75 - [STDERR_REDIRECT] 
2026-03-30 22:03:06,374 [ERROR] LogOutputStream:75 - [STDERR_REDIRECT] [Fatal Error] :1:1: Premature end of file.
2026-03-30 22:03:06,374 [ERROR] LogOutputStream:75 - [STDERR_REDIRECT] 
2026-03-30 22:03:07,374 [ERROR] LogOutputStream:75 - [STDERR_REDIRECT] [Fatal Error] :1:1: Premature end of file.
2026-03-30 22:03:07,374 [ERROR] LogOutputStream:75 - [STDERR_REDIRECT] 
2026-03-30 22:03:08,374 [ERROR] LogOutputStream:75 - [STDERR_REDIRECT] [Fatal Error] :1:1: Premature end of file.
2026-03-30 22:03:08,374 [ERROR] LogOutputStream:75 - [STDERR_REDIRECT] 
2026-03-30 22:03:09,391 [ERROR] LogOutputStream:75 - [STDERR_REDIRECT] [Fatal Error] :1:1: Premature end of file.
2026-03-30 22:03:09,391 [ERROR] LogOutputStream:75 - [STDERR_REDIRECT] 
2026-03-30 22:03:10,374 [ERROR] LogOutputStream:75 - [STDERR_REDIRECT] [Fatal Error] :1:1: Premature end of file.
2026-03-30 22:03:10,374 [ERROR] LogOutputStream:75 - [STDERR_REDIRECT] 
2026-03-30 22:03:11,374 [ERROR] LogOutputStream:75 - [STDERR_REDIRECT] [Fatal Error] :1:1: Premature end of file.
2026-03-30 22:03:11,374 [ERROR] LogOutputStream:75 - [STDERR_REDIRECT] 
2026-03-30 22:03:12,391 [ERROR] LogOutputStream:75 - [STDERR_REDIRECT] [Fatal Error] :1:1: Premature end of file.
2026-03-30 22:03:12,391 [ERROR] LogOutputStream:75 - [STDERR_REDIRECT] 
2026-03-30 22:03:13,375 [ERROR] LogOutputStream:75 - [STDERR_REDIRECT] [Fatal Error] :1:1: Premature end of file.
2026-03-30 22:03:13,375 [ERROR] LogOutputStream:75 - [STDERR_REDIRECT] 
2026-03-30 22:03:14,398 [ERROR] LogOutputStream:75 - [STDERR_REDIRECT] [Fatal Error] :1:1: Premature end of file.
2026-03-30 22:03:14,398 [ERROR] LogOutputStream:75 - [STDERR_REDIRECT] 
2026-03-30 22:03:15,387 [ERROR] LogOutputStream:75 - [STDERR_REDIRECT] [Fatal Error] :1:1: Premature end of file.
2026-03-30 22:03:15,387 [ERROR] LogOutputStream:75 - [STDERR_REDIRECT] 
2026-03-30 22:03:16,381 [ERROR] LogOutputStream:75 - [STDERR_REDIRECT] [Fatal Error] :1:1: Premature end of file.
2026-03-30 22:03:16,381 [ERROR] LogOutputStream:75 - [STDERR_REDIRECT] 
2026-03-30 22:03:17,378 [ERROR] LogOutputStream:75 - [STDERR_REDIRECT] [Fatal Error] :1:1: Premature end of file.
2026-03-30 22:03:17,378 [ERROR] LogOutputStream:75 - [STDERR_REDIRECT] 
2026-03-30 22:03:18,381 [ERROR] LogOutputStream:75 - [STDERR_REDIRECT] [Fatal Error] :1:1: Premature end of file.
2026-03-30 22:03:18,381 [ERROR] LogOutputStream:75 - [STDERR_REDIRECT] 
2026-03-30 22:03:19,375 [ERROR] LogOutputStream:75 - [STDERR_REDIRECT] [Fatal Error] :1:1: Premature end of file.
2026-03-30 22:03:19,375 [ERROR] LogOutputStream:75 - [STDERR_REDIRECT] 
2026-03-30 22:03:20,374 [ERROR] LogOutputStream:75 - [STDERR_REDIRECT] [Fatal Error] :1:1: Premature end of file.
2026-03-30 22:03:20,374 [ERROR] LogOutputStream:75 - [STDERR_REDIRECT] 
2026-03-30 22:03:21,374 [ERROR] LogOutputStream:75 - [STDERR_REDIRECT] [Fatal Error] :1:1: Premature end of file.
2026-03-30 22:03:21,374 [ERROR] LogOutputStream:75 - [STDERR_REDIRECT] 
2026-03-30 22:03:22,375 [ERROR] LogOutputStream:75 - [STDERR_REDIRECT] [Fatal Error] :1:1: Premature end of file.
2026-03-30 22:03:22,375 [ERROR] LogOutputStream:75 - [STDERR_REDIRECT] 
2026-03-30 22:03:23,396 [ERROR] LogOutputStream:75 - [STDERR_REDIRECT] [Fatal Error] :1:1: Premature end of file.
2026-03-30 22:03:23,396 [ERROR] LogOutputStream:75 - [STDERR_REDIRECT] 
2026-03-30 22:03:24,389 [ERROR] LogOutputStream:75 - [STDERR_REDIRECT] [Fatal Error] :1:1: Premature end of file.
2026-03-30 22:03:24,389 [ERROR] LogOutputStream:75 - [STDERR_REDIRECT] 
2026-03-30 22:03:25,374 [ERROR] LogOutputStream:75 - [STDERR_REDIRECT] [Fatal Error] :1:1: Premature end of file.
2026-03-30 22:03:25,374 [ERROR] LogOutputStream:75 - [STDERR_REDIRECT] 
2026-03-30 22:03:26,382 [ERROR] LogOutputStream:75 - [STDERR_REDIRECT] [Fatal Error] :1:1: Premature end of file.
2026-03-30 22:03:26,382 [ERROR] LogOutputStream:75 - [STDERR_REDIRECT] 
2026-03-30 22:03:27,382 [ERROR] LogOutputStream:75 - [STDERR_REDIRECT] [Fatal Error] :1:1: Premature end of file.
2026-03-30 22:03:27,382 [ERROR] LogOutputStream:75 - [STDERR_REDIRECT] 
2026-03-30 22:03:28,380 [ERROR] LogOutputStream:75 - [STDERR_REDIRECT] [Fatal Error] :1:1: Premature end of file.
2026-03-30 22:03:28,380 [ERROR] LogOutputStream:75 - [STDERR_REDIRECT] 
2026-03-30 22:03:29,395 [ERROR] LogOutputStream:75 - [STDERR_REDIRECT] [Fatal Error] :1:1: Premature end of file.
2026-03-30 22:03:29,395 [ERROR] LogOutputStream:75 - [STDERR_REDIRECT] 
2026-03-30 22:03:30,374 [ERROR] LogOutputStream:75 - [STDERR_REDIRECT] [Fatal Error] :1:1: Premature end of file.
2026-03-30 22:03:30,374 [ERROR] LogOutputStream:75 - [STDERR_REDIRECT] 
2026-03-30 22:03:31,382 [ERROR] LogOutputStream:75 - [STDERR_REDIRECT] [Fatal Error] :1:1: Premature end of file.
2026-03-30 22:03:31,382 [ERROR] LogOutputStream:75 - [STDERR_REDIRECT] 
2026-03-30 22:03:32,380 [ERROR] LogOutputStream:75 - [STDERR_REDIRECT] [Fatal Error] :1:1: Premature end of file.
2026-03-30 22:03:32,380 [ERROR] LogOutputStream:75 - [STDERR_REDIRECT] 
2026-03-30 22:03:33,375 [ERROR] LogOutputStream:75 - [STDERR_REDIRECT] [Fatal Error] :1:1: Premature end of file.
2026-03-30 22:03:33,375 [ERROR] LogOutputStream:75 - [STDERR_REDIRECT] 
2026-03-30 22:03:34,377 [ERROR] LogOutputStream:75 - [STDERR_REDIRECT] [Fatal Error] :1:1: Premature end of file.
2026-03-30 22:03:34,377 [ERROR] LogOutputStream:75 - [STDERR_REDIRECT] 
2026-03-30 22:03:35,375 [ERROR] LogOutputStream:75 - [STDERR_REDIRECT] [Fatal Error] :1:1: Premature end of file.
2026-03-30 22:03:35,375 [ERROR] LogOutputStream:75 - [STDERR_REDIRECT] 
2026-03-30 22:03:36,376 [ERROR] LogOutputStream:75 - [STDERR_REDIRECT] [Fatal Error] :1:1: Premature end of file.
2026-03-30 22:03:36,376 [ERROR] LogOutputStream:75 - [STDERR_REDIRECT] 
2026-03-30 22:03:37,378 [ERROR] LogOutputStream:75 - [STDERR_REDIRECT] [Fatal Error] :1:1: Premature end of file.
2026-03-30 22:03:37,379 [ERROR] LogOutputStream:75 - [STDERR_REDIRECT] 
2026-03-30 22:03:38,382 [ERROR] LogOutputStream:75 - [STDERR_REDIRECT] [Fatal Error] :1:1: Premature end of file.
2026-03-30 22:03:38,382 [ERROR] LogOutputStream:75 - [STDERR_REDIRECT] 
2026-03-30 22:03:39,376 [ERROR] LogOutputStream:75 - [STDERR_REDIRECT] [Fatal Error] :1:1: Premature end of file.
2026-03-30 22:03:39,376 [ERROR] LogOutputStream:75 - [STDERR_REDIRECT] 
2026-03-30 22:03:40,376 [ERROR] LogOutputStream:75 - [STDERR_REDIRECT] [Fatal Error] :1:1: Premature end of file.
2026-03-30 22:03:40,376 [ERROR] LogOutputStream:75 - [STDERR_REDIRECT] 
2026-03-30 22:03:41,378 [ERROR] LogOutputStream:75 - [STDERR_REDIRECT] [Fatal Error] :1:1: Premature end of file.
2026-03-30 22:03:41,379 [ERROR] LogOutputStream:75 - [STDERR_REDIRECT] 
2026-03-30 22:03:42,372 [ERROR] LogOutputStream:75 - [STDERR_REDIRECT] [Fatal Error] :1:1: Premature end of file.
2026-03-30 22:03:42,372 [ERROR] LogOutputStream:75 - [STDERR_REDIRECT] 
2026-03-30 22:03:43,375 [ERROR] LogOutputStream:75 - [STDERR_REDIRECT] [Fatal Error] :1:1: Premature end of file.
2026-03-30 22:03:43,375 [ERROR] LogOutputStream:75 - [STDERR_REDIRECT] 
2026-03-30 22:03:44,375 [ERROR] LogOutputStream:75 - [STDERR_REDIRECT] [Fatal Error] :1:1: Premature end of file.
2026-03-30 22:03:44,375 [ERROR] LogOutputStream:75 - [STDERR_REDIRECT] 
2026-03-30 22:03:45,380 [ERROR] LogOutputStream:75 - [STDERR_REDIRECT] [Fatal Error] :1:1: Premature end of file.
2026-03-30 22:03:45,380 [ERROR] LogOutputStream:75 - [STDERR_REDIRECT] 
2026-03-30 22:03:46,379 [ERROR] LogOutputStream:75 - [STDERR_REDIRECT] [Fatal Error] :1:1: Premature end of file.
2026-03-30 22:03:46,379 [ERROR] LogOutputStream:75 - [STDERR_REDIRECT] 
2026-03-30 22:03:47,374 [ERROR] LogOutputStream:75 - [STDERR_REDIRECT] [Fatal Error] :1:1: Premature end of file.
2026-03-30 22:03:47,374 [ERROR] LogOutputStream:75 - [STDERR_REDIRECT] 
2026-03-30 22:03:48,376 [ERROR] LogOutputStream:75 - [STDERR_REDIRECT] [Fatal Error] :1:1: Premature end of file.
2026-03-30 22:03:48,376 [ERROR] LogOutputStream:75 - [STDERR_REDIRECT] 
2026-03-30 22:03:49,393 [ERROR] LogOutputStream:75 - [STDERR_REDIRECT] [Fatal Error] :1:1: Premature end of file.
2026-03-30 22:03:49,393 [ERROR] LogOutputStream:75 - [STDERR_REDIRECT] 
2026-03-30 22:03:50,376 [ERROR] LogOutputStream:75 - [STDERR_REDIRECT] [Fatal Error] :1:1: Premature end of file.
2026-03-30 22:03:50,376 [ERROR] LogOutputStream:75 - [STDERR_REDIRECT] 
2026-03-30 22:03:51,376 [ERROR] LogOutputStream:75 - [STDERR_REDIRECT] [Fatal Error] :1:1: Premature end of file.
2026-03-30 22:03:51,376 [ERROR] LogOutputStream:75 - [STDERR_REDIRECT] 
2026-03-30 22:03:52,382 [ERROR] LogOutputStream:75 - [STDERR_REDIRECT] [Fatal Error] :1:1: Premature end of file.
2026-03-30 22:03:52,383 [ERROR] LogOutputStream:75 - [STDERR_REDIRECT] 
2026-03-30 22:03:53,375 [ERROR] LogOutputStream:75 - [STDERR_REDIRECT] [Fatal Error] :1:1: Premature end of file.
2026-03-30 22:03:53,375 [ERROR] LogOutputStream:75 - [STDERR_REDIRECT] 
2026-03-30 22:03:54,383 [ERROR] LogOutputStream:75 - [STDERR_REDIRECT] [Fatal Error] :1:1: Premature end of file.
2026-03-30 22:03:54,383 [ERROR] LogOutputStream:75 - [STDERR_REDIRECT] 
2026-03-30 22:03:55,376 [ERROR] LogOutputStream:75 - [STDERR_REDIRECT] [Fatal Error] :1:1: Premature end of file.
2026-03-30 22:03:55,376 [ERROR] LogOutputStream:75 - [STDERR_REDIRECT] 
2026-03-30 22:03:56,377 [ERROR] LogOutputStream:75 - [STDERR_REDIRECT] [Fatal Error] :1:1: Premature end of file.
2026-03-30 22:03:56,377 [ERROR] LogOutputStream:75 - [STDERR_REDIRECT] 
2026-03-30 22:03:57,383 [ERROR] LogOutputStream:75 - [STDERR_REDIRECT] [Fatal Error] :1:1: Premature end of file.
2026-03-30 22:03:57,383 [ERROR] LogOutputStream:75 - [STDERR_REDIRECT] 
2026-03-30 22:03:58,375 [ERROR] LogOutputStream:75 - [STDERR_REDIRECT] [Fatal Error] :1:1: Premature end of file.
2026-03-30 22:03:58,375 [ERROR] LogOutputStream:75 - [STDERR_REDIRECT] 
2026-03-30 22:03:59,409 [ERROR] LogOutputStream:75 - [STDERR_REDIRECT] [Fatal Error] :1:1: Premature end of file.
2026-03-30 22:03:59,409 [ERROR] LogOutputStream:75 - [STDERR_REDIRECT] 
2026-03-30 22:04:00,380 [ERROR] LogOutputStream:75 - [STDERR_REDIRECT] [Fatal Error] :1:1: Premature end of file.
2026-03-30 22:04:00,380 [ERROR] LogOutputStream:75 - [STDERR_REDIRECT] 
2026-03-30 22:04:01,382 [ERROR] LogOutputStream:75 - [STDERR_REDIRECT] [Fatal Error] :1:1: Premature end of file.
2026-03-30 22:04:01,382 [ERROR] LogOutputStream:75 - [STDERR_REDIRECT] 
2026-03-30 22:04:02,376 [ERROR] LogOutputStream:75 - [STDERR_REDIRECT] [Fatal Error] :1:1: Premature end of file.
2026-03-30 22:04:02,376 [ERROR] LogOutputStream:75 - [STDERR_REDIRECT] 
2026-03-30 22:04:03,391 [ERROR] LogOutputStream:75 - [STDERR_REDIRECT] [Fatal Error] :1:1: Premature end of file.
2026-03-30 22:04:03,391 [ERROR] LogOutputStream:75 - [STDERR_REDIRECT] 
2026-03-30 22:04:04,386 [ERROR] LogOutputStream:75 - [STDERR_REDIRECT] [Fatal Error] :1:1: Premature end of file.
2026-03-30 22:04:04,386 [ERROR] LogOutputStream:75 - [STDERR_REDIRECT] 
2026-03-30 22:04:05,378 [ERROR] LogOutputStream:75 - [STDERR_REDIRECT] [Fatal Error] :1:1: Premature end of file.
2026-03-30 22:04:05,378 [ERROR] LogOutputStream:75 - [STDERR_REDIRECT] 
2026-03-30 22:04:06,376 [ERROR] LogOutputStream:75 - [STDERR_REDIRECT] [Fatal Error] :1:1: Premature end of file.
2026-03-30 22:04:06,376 [ERROR] LogOutputStream:75 - [STDERR_REDIRECT] 
2026-03-30 22:04:07,377 [ERROR] LogOutputStream:75 - [STDERR_REDIRECT] [Fatal Error] :1:1: Premature end of file.
2026-03-30 22:04:07,377 [ERROR] LogOutputStream:75 - [STDERR_REDIRECT] 
2026-03-30 22:04:08,384 [ERROR] LogOutputStream:75 - [STDERR_REDIRECT] [Fatal Error] :1:1: Premature end of file.
2026-03-30 22:04:08,384 [ERROR] LogOutputStream:75 - [STDERR_REDIRECT] 
2026-03-30 22:04:09,388 [ERROR] LogOutputStream:75 - [STDERR_REDIRECT] [Fatal Error] :1:1: Premature end of file.
2026-03-30 22:04:09,388 [ERROR] LogOutputStream:75 - [STDERR_REDIRECT] 
2026-03-30 22:04:10,380 [ERROR] LogOutputStream:75 - [STDERR_REDIRECT] [Fatal Error] :1:1: Premature end of file.
2026-03-30 22:04:10,380 [ERROR] LogOutputStream:75 - [STDERR_REDIRECT] 
2026-03-30 22:04:11,379 [ERROR] LogOutputStream:75 - [STDERR_REDIRECT] [Fatal Error] :1:1: Premature end of file.
2026-03-30 22:04:11,379 [ERROR] LogOutputStream:75 - [STDERR_REDIRECT] 
2026-03-30 22:04:12,375 [ERROR] LogOutputStream:75 - [STDERR_REDIRECT] [Fatal Error] :1:1: Premature end of file.
2026-03-30 22:04:12,375 [ERROR] LogOutputStream:75 - [STDERR_REDIRECT] 
2026-03-30 22:04:13,370 [ERROR] LogOutputStream:75 - [STDERR_REDIRECT] [Fatal Error] :1:1: Premature end of file.
2026-03-30 22:04:13,370 [ERROR] LogOutputStream:75 - [STDERR_REDIRECT] 
2026-03-30 22:04:14,375 [ERROR] LogOutputStream:75 - [STDERR_REDIRECT] [Fatal Error] :1:1: Premature end of file.
2026-03-30 22:04:14,375 [ERROR] LogOutputStream:75 - [STDERR_REDIRECT] 
2026-03-30 22:04:15,377 [ERROR] LogOutputStream:75 - [STDERR_REDIRECT] [Fatal Error] :1:1: Premature end of file.
2026-03-30 22:04:15,377 [ERROR] LogOutputStream:75 - [STDERR_REDIRECT] 
2026-03-30 22:04:16,381 [ERROR] LogOutputStream:75 - [STDERR_REDIRECT] [Fatal Error] :1:1: Premature end of file.
2026-03-30 22:04:16,382 [ERROR] LogOutputStream:75 - [STDERR_REDIRECT] 
2026-03-30 22:04:17,374 [ERROR] LogOutputStream:75 - [STDERR_REDIRECT] [Fatal Error] :1:1: Premature end of file.
2026-03-30 22:04:17,374 [ERROR] LogOutputStream:75 - [STDERR_REDIRECT] 
2026-03-30 22:04:18,373 [ERROR] LogOutputStream:75 - [STDERR_REDIRECT] [Fatal Error] :1:1: Premature end of file.
2026-03-30 22:04:18,373 [ERROR] LogOutputStream:75 - [STDERR_REDIRECT] 
2026-03-30 22:04:19,383 [ERROR] LogOutputStream:75 - [STDERR_REDIRECT] [Fatal Error] :1:1: Premature end of file.
2026-03-30 22:04:19,384 [ERROR] LogOutputStream:75 - [STDERR_REDIRECT] 
2026-03-30 22:04:20,384 [ERROR] LogOutputStream:75 - [STDERR_REDIRECT] [Fatal Error] :1:1: Premature end of file.
2026-03-30 22:04:20,385 [ERROR] LogOutputStream:75 - [STDERR_REDIRECT] 
2026-03-30 22:04:21,376 [ERROR] LogOutputStream:75 - [STDERR_REDIRECT] [Fatal Error] :1:1: Premature end of file.
2026-03-30 22:04:21,376 [ERROR] LogOutputStream:75 - [STDERR_REDIRECT] 
2026-03-30 22:04:22,375 [ERROR] LogOutputStream:75 - [STDERR_REDIRECT] [Fatal Error] :1:1: Premature end of file.
2026-03-30 22:04:22,375 [ERROR] LogOutputStream:75 - [STDERR_REDIRECT] 
2026-03-30 22:04:23,381 [ERROR] LogOutputStream:75 - [STDERR_REDIRECT] [Fatal Error] :1:1: Premature end of file.
2026-03-30 22:04:23,382 [ERROR] LogOutputStream:75 - [STDERR_REDIRECT] 
2026-03-30 22:04:24,384 [ERROR] LogOutputStream:75 - [STDERR_REDIRECT] [Fatal Error] :1:1: Premature end of file.
2026-03-30 22:04:24,384 [ERROR] LogOutputStream:75 - [STDERR_REDIRECT] 
2026-03-30 22:04:25,383 [ERROR] LogOutputStream:75 - [STDERR_REDIRECT] [Fatal Error] :1:1: Premature end of file.
2026-03-30 22:04:25,383 [ERROR] LogOutputStream:75 - [STDERR_REDIRECT] 
2026-03-30 22:04:26,372 [ERROR] LogOutputStream:75 - [STDERR_REDIRECT] [Fatal Error] :1:1: Premature end of file.
2026-03-30 22:04:26,372 [ERROR] LogOutputStream:75 - [STDERR_REDIRECT] 
2026-03-30 22:04:27,377 [ERROR] LogOutputStream:75 - [STDERR_REDIRECT] [Fatal Error] :1:1: Premature end of file.
2026-03-30 22:04:27,377 [ERROR] LogOutputStream:75 - [STDERR_REDIRECT] 
2026-03-30 22:04:28,382 [ERROR] LogOutputStream:75 - [STDERR_REDIRECT] [Fatal Error] :1:1: Premature end of file.
2026-03-30 22:04:28,382 [ERROR] LogOutputStream:75 - [STDERR_REDIRECT] 
2026-03-30 22:04:29,375 [ERROR] LogOutputStream:75 - [STDERR_REDIRECT] [Fatal Error] :1:1: Premature end of file.
2026-03-30 22:04:29,375 [ERROR] LogOutputStream:75 - [STDERR_REDIRECT] 
2026-03-30 22:04:30,376 [ERROR] LogOutputStream:75 - [STDERR_REDIRECT] [Fatal Error] :1:1: Premature end of file.
2026-03-30 22:04:30,376 [ERROR] LogOutputStream:75 - [STDERR_REDIRECT] 
2026-03-30 22:04:31,381 [ERROR] LogOutputStream:75 - [STDERR_REDIRECT] [Fatal Error] :1:1: Premature end of file.
2026-03-30 22:04:31,381 [ERROR] LogOutputStream:75 - [STDERR_REDIRECT] 
2026-03-30 22:04:32,373 [ERROR] LogOutputStream:75 - [STDERR_REDIRECT] [Fatal Error] :1:1: Premature end of file.
2026-03-30 22:04:32,373 [ERROR] LogOutputStream:75 - [STDERR_REDIRECT] 
2026-03-30 22:04:33,394 [ERROR] LogOutputStream:75 - [STDERR_REDIRECT] [Fatal Error] :1:1: Premature end of file.
2026-03-30 22:04:33,394 [ERROR] LogOutputStream:75 - [STDERR_REDIRECT] 
2026-03-30 22:04:34,381 [ERROR] LogOutputStream:75 - [STDERR_REDIRECT] [Fatal Error] :1:1: Premature end of file.
2026-03-30 22:04:34,381 [ERROR] LogOutputStream:75 - [STDERR_REDIRECT] 
2026-03-30 22:04:35,377 [ERROR] LogOutputStream:75 - [STDERR_REDIRECT] [Fatal Error] :1:1: Premature end of file.
2026-03-30 22:04:35,377 [ERROR] LogOutputStream:75 - [STDERR_REDIRECT] 
2026-03-30 22:04:36,381 [ERROR] LogOutputStream:75 - [STDERR_REDIRECT] [Fatal Error] :1:1: Premature end of file.
2026-03-30 22:04:36,382 [ERROR] LogOutputStream:75 - [STDERR_REDIRECT] 
2026-03-30 22:04:37,382 [ERROR] LogOutputStream:75 - [STDERR_REDIRECT] [Fatal Error] :1:1: Premature end of file.
2026-03-30 22:04:37,383 [ERROR] LogOutputStream:75 - [STDERR_REDIRECT] 
2026-03-30 22:04:38,379 [ERROR] LogOutputStream:75 - [STDERR_REDIRECT] [Fatal Error] :1:1: Premature end of file.
2026-03-30 22:04:38,379 [ERROR] LogOutputStream:75 - [STDERR_REDIRECT] 
2026-03-30 22:04:39,378 [ERROR] LogOutputStream:75 - [STDERR_REDIRECT] [Fatal Error] :1:1: Premature end of file.
2026-03-30 22:04:39,379 [ERROR] LogOutputStream:75 - [STDERR_REDIRECT] 
2026-03-30 22:04:40,382 [ERROR] LogOutputStream:75 - [STDERR_REDIRECT] [Fatal Error] :1:1: Premature end of file.
2026-03-30 22:04:40,382 [ERROR] LogOutputStream:75 - [STDERR_REDIRECT] 
2026-03-30 22:04:41,380 [ERROR] LogOutputStream:75 - [STDERR_REDIRECT] [Fatal Error] :1:1: Premature end of file.
2026-03-30 22:04:41,380 [ERROR] LogOutputStream:75 - [STDERR_REDIRECT] 
2026-03-30 22:04:42,383 [ERROR] LogOutputStream:75 - [STDERR_REDIRECT] [Fatal Error] :1:1: Premature end of file.
2026-03-30 22:04:42,383 [ERROR] LogOutputStream:75 - [STDERR_REDIRECT] 
2026-03-30 22:04:43,384 [ERROR] LogOutputStream:75 - [STDERR_REDIRECT] [Fatal Error] :1:1: Premature end of file.
2026-03-30 22:04:43,384 [ERROR] LogOutputStream:75 - [STDERR_REDIRECT] 
2026-03-30 22:04:44,375 [ERROR] LogOutputStream:75 - [STDERR_REDIRECT] [Fatal Error] :1:1: Premature end of file.
2026-03-30 22:04:44,375 [ERROR] LogOutputStream:75 - [STDERR_REDIRECT] 
2026-03-30 22:04:45,384 [ERROR] LogOutputStream:75 - [STDERR_REDIRECT] [Fatal Error] :1:1: Premature end of file.
2026-03-30 22:04:45,384 [ERROR] LogOutputStream:75 - [STDERR_REDIRECT] 
2026-03-30 22:04:46,382 [ERROR] LogOutputStream:75 - [STDERR_REDIRECT] [Fatal Error] :1:1: Premature end of file.
2026-03-30 22:04:46,382 [ERROR] LogOutputStream:75 - [STDERR_REDIRECT] 
2026-03-30 22:04:47,378 [ERROR] LogOutputStream:75 - [STDERR_REDIRECT] [Fatal Error] :1:1: Premature end of file.
2026-03-30 22:04:47,378 [ERROR] LogOutputStream:75 - [STDERR_REDIRECT] 
2026-03-30 22:04:48,384 [ERROR] LogOutputStream:75 - [STDERR_REDIRECT] [Fatal Error] :1:1: Premature end of file.
2026-03-30 22:04:48,384 [ERROR] LogOutputStream:75 - [STDERR_REDIRECT] 
2026-03-30 22:04:49,373 [ERROR] LogOutputStream:75 - [STDERR_REDIRECT] [Fatal Error] :1:1: Premature end of file.
2026-03-30 22:04:49,373 [ERROR] LogOutputStream:75 - [STDERR_REDIRECT] 
2026-03-30 22:04:50,379 [ERROR] LogOutputStream:75 - [STDERR_REDIRECT] [Fatal Error] :1:1: Premature end of file.
2026-03-30 22:04:50,380 [ERROR] LogOutputStream:75 - [STDERR_REDIRECT] 
2026-03-30 22:04:51,377 [ERROR] LogOutputStream:75 - [STDERR_REDIRECT] [Fatal Error] :1:1: Premature end of file.
2026-03-30 22:04:51,377 [ERROR] LogOutputStream:75 - [STDERR_REDIRECT] 
2026-03-30 22:04:52,385 [ERROR] LogOutputStream:75 - [STDERR_REDIRECT] [Fatal Error] :1:1: Premature end of file.
2026-03-30 22:04:52,385 [ERROR] LogOutputStream:75 - [STDERR_REDIRECT] 
2026-03-30 22:04:53,376 [ERROR] LogOutputStream:75 - [STDERR_REDIRECT] [Fatal Error] :1:1: Premature end of file.
2026-03-30 22:04:53,376 [ERROR] LogOutputStream:75 - [STDERR_REDIRECT] 
2026-03-30 22:04:54,375 [ERROR] LogOutputStream:75 - [STDERR_REDIRECT] [Fatal Error] :1:1: Premature end of file.
2026-03-30 22:04:54,375 [ERROR] LogOutputStream:75 - [STDERR_REDIRECT] 
2026-03-30 22:04:55,380 [ERROR] LogOutputStream:75 - [STDERR_REDIRECT] [Fatal Error] :1:1: Premature end of file.
2026-03-30 22:04:55,381 [ERROR] LogOutputStream:75 - [STDERR_REDIRECT] 
2026-03-30 22:04:56,380 [ERROR] LogOutputStream:75 - [STDERR_REDIRECT] [Fatal Error] :1:1: Premature end of file.
2026-03-30 22:04:56,380 [ERROR] LogOutputStream:75 - [STDERR_REDIRECT] 
2026-03-30 22:04:57,391 [ERROR] LogOutputStream:75 - [STDERR_REDIRECT] [Fatal Error] :1:1: Premature end of file.
2026-03-30 22:04:57,392 [ERROR] LogOutputStream:75 - [STDERR_REDIRECT] 
2026-03-30 22:04:58,376 [ERROR] LogOutputStream:75 - [STDERR_REDIRECT] [Fatal Error] :1:1: Premature end of file.
2026-03-30 22:04:58,376 [ERROR] LogOutputStream:75 - [STDERR_REDIRECT] 
2026-03-30 22:04:59,375 [ERROR] LogOutputStream:75 - [STDERR_REDIRECT] [Fatal Error] :1:1: Premature end of file.
2026-03-30 22:04:59,375 [ERROR] LogOutputStream:75 - [STDERR_REDIRECT] 
2026-03-30 22:05:00,377 [ERROR] LogOutputStream:75 - [STDERR_REDIRECT] [Fatal Error] :1:1: Premature end of file.
2026-03-30 22:05:00,377 [ERROR] LogOutputStream:75 - [STDERR_REDIRECT] 
2026-03-30 22:05:01,380 [ERROR] LogOutputStream:75 - [STDERR_REDIRECT] [Fatal Error] :1:1: Premature end of file.
2026-03-30 22:05:01,380 [ERROR] LogOutputStream:75 - [STDERR_REDIRECT] 
2026-03-30 22:05:02,377 [ERROR] LogOutputStream:75 - [STDERR_REDIRECT] [Fatal Error] :1:1: Premature end of file.
2026-03-30 22:05:02,377 [ERROR] LogOutputStream:75 - [STDERR_REDIRECT] 
2026-03-30 22:05:03,382 [ERROR] LogOutputStream:75 - [STDERR_REDIRECT] [Fatal Error] :1:1: Premature end of file.
2026-03-30 22:05:03,382 [ERROR] LogOutputStream:75 - [STDERR_REDIRECT] 
2026-03-30 22:05:04,377 [ERROR] LogOutputStream:75 - [STDERR_REDIRECT] [Fatal Error] :1:1: Premature end of file.
2026-03-30 22:05:04,377 [ERROR] LogOutputStream:75 - [STDERR_REDIRECT] 
2026-03-30 22:05:05,377 [ERROR] LogOutputStream:75 - [STDERR_REDIRECT] [Fatal Error] :1:1: Premature end of file.
2026-03-30 22:05:05,377 [ERROR] LogOutputStream:75 - [STDERR_REDIRECT] 
2026-03-30 22:05:06,378 [ERROR] LogOutputStream:75 - [STDERR_REDIRECT] [Fatal Error] :1:1: Premature end of file.
2026-03-30 22:05:06,378 [ERROR] LogOutputStream:75 - [STDERR_REDIRECT] 
2026-03-30 22:05:07,374 [ERROR] LogOutputStream:75 - [STDERR_REDIRECT] [Fatal Error] :1:1: Premature end of file.
2026-03-30 22:05:07,374 [ERROR] LogOutputStream:75 - [STDERR_REDIRECT] 
2026-03-30 22:05:08,375 [ERROR] LogOutputStream:75 - [STDERR_REDIRECT] [Fatal Error] :1:1: Premature end of file.
2026-03-30 22:05:08,375 [ERROR] LogOutputStream:75 - [STDERR_REDIRECT] 
2026-03-30 22:05:09,385 [ERROR] LogOutputStream:75 - [STDERR_REDIRECT] [Fatal Error] :1:1: Premature end of file.
2026-03-30 22:05:09,385 [ERROR] LogOutputStream:75 - [STDERR_REDIRECT] 
2026-03-30 22:05:10,377 [ERROR] LogOutputStream:75 - [STDERR_REDIRECT] [Fatal Error] :1:1: Premature end of file.
2026-03-30 22:05:10,377 [ERROR] LogOutputStream:75 - [STDERR_REDIRECT] 
2026-03-30 22:05:11,383 [ERROR] LogOutputStream:75 - [STDERR_REDIRECT] [Fatal Error] :1:1: Premature end of file.
2026-03-30 22:05:11,383 [ERROR] LogOutputStream:75 - [STDERR_REDIRECT] 
2026-03-30 22:05:12,373 [ERROR] LogOutputStream:75 - [STDERR_REDIRECT] [Fatal Error] :1:1: Premature end of file.
2026-03-30 22:05:12,373 [ERROR] LogOutputStream:75 - [STDERR_REDIRECT] 
2026-03-30 22:05:13,383 [ERROR] LogOutputStream:75 - [STDERR_REDIRECT] [Fatal Error] :1:1: Premature end of file.
2026-03-30 22:05:13,384 [ERROR] LogOutputStream:75 - [STDERR_REDIRECT] 
2026-03-30 22:05:14,380 [ERROR] LogOutputStream:75 - [STDERR_REDIRECT] [Fatal Error] :1:1: Premature end of file.
2026-03-30 22:05:14,380 [ERROR] LogOutputStream:75 - [STDERR_REDIRECT] 
2026-03-30 22:05:15,383 [ERROR] LogOutputStream:75 - [STDERR_REDIRECT] [Fatal Error] :1:1: Premature end of file.
2026-03-30 22:05:15,383 [ERROR] LogOutputStream:75 - [STDERR_REDIRECT] 
2026-03-30 22:05:16,384 [ERROR] LogOutputStream:75 - [STDERR_REDIRECT] [Fatal Error] :1:1: Premature end of file.
2026-03-30 22:05:16,384 [ERROR] LogOutputStream:75 - [STDERR_REDIRECT] 
2026-03-30 22:05:17,376 [ERROR] LogOutputStream:75 - [STDERR_REDIRECT] [Fatal Error] :1:1: Premature end of file.
2026-03-30 22:05:17,376 [ERROR] LogOutputStream:75 - [STDERR_REDIRECT] 
2026-03-30 22:05:18,385 [ERROR] LogOutputStream:75 - [STDERR_REDIRECT] [Fatal Error] :1:1: Premature end of file.
2026-03-30 22:05:18,385 [ERROR] LogOutputStream:75 - [STDERR_REDIRECT] 
2026-03-30 22:05:19,384 [ERROR] LogOutputStream:75 - [STDERR_REDIRECT] [Fatal Error] :1:1: Premature end of file.
2026-03-30 22:05:19,385 [ERROR] LogOutputStream:75 - [STDERR_REDIRECT] 
2026-03-30 22:05:20,388 [ERROR] LogOutputStream:75 - [STDERR_REDIRECT] [Fatal Error] :1:1: Premature end of file.
2026-03-30 22:05:20,389 [ERROR] LogOutputStream:75 - [STDERR_REDIRECT] 
2026-03-30 22:05:21,377 [ERROR] LogOutputStream:75 - [STDERR_REDIRECT] [Fatal Error] :1:1: Premature end of file.
2026-03-30 22:05:21,377 [ERROR] LogOutputStream:75 - [STDERR_REDIRECT] 
2026-03-30 22:05:22,383 [ERROR] LogOutputStream:75 - [STDERR_REDIRECT] [Fatal Error] :1:1: Premature end of file.
2026-03-30 22:05:22,383 [ERROR] LogOutputStream:75 - [STDERR_REDIRECT] 
2026-03-30 22:05:23,376 [ERROR] LogOutputStream:75 - [STDERR_REDIRECT] [Fatal Error] :1:1: Premature end of file.
2026-03-30 22:05:23,376 [ERROR] LogOutputStream:75 - [STDERR_REDIRECT] 
2026-03-30 22:05:24,385 [ERROR] LogOutputStream:75 - [STDERR_REDIRECT] [Fatal Error] :1:1: Premature end of file.
2026-03-30 22:05:24,385 [ERROR] LogOutputStream:75 - [STDERR_REDIRECT] 
2026-03-30 22:05:25,388 [ERROR] LogOutputStream:75 - [STDERR_REDIRECT] [Fatal Error] :1:1: Premature end of file.
2026-03-30 22:05:25,388 [ERROR] LogOutputStream:75 - [STDERR_REDIRECT] 
2026-03-30 22:05:26,386 [ERROR] LogOutputStream:75 - [STDERR_REDIRECT] [Fatal Error] :1:1: Premature end of file.
2026-03-30 22:05:26,386 [ERROR] LogOutputStream:75 - [STDERR_REDIRECT] 
2026-03-30 22:05:27,385 [ERROR] LogOutputStream:75 - [STDERR_REDIRECT] [Fatal Error] :1:1: Premature end of file.
2026-03-30 22:05:27,386 [ERROR] LogOutputStream:75 - [STDERR_REDIRECT] 
2026-03-30 22:05:28,384 [ERROR] LogOutputStream:75 - [STDERR_REDIRECT] [Fatal Error] :1:1: Premature end of file.
2026-03-30 22:05:28,384 [ERROR] LogOutputStream:75 - [STDERR_REDIRECT] 
2026-03-30 22:05:29,375 [ERROR] LogOutputStream:75 - [STDERR_REDIRECT] [Fatal Error] :1:1: Premature end of file.
2026-03-30 22:05:29,375 [ERROR] LogOutputStream:75 - [STDERR_REDIRECT] 
2026-03-30 22:05:30,387 [ERROR] LogOutputStream:75 - [STDERR_REDIRECT] [Fatal Error] :1:1: Premature end of file.
2026-03-30 22:05:30,387 [ERROR] LogOutputStream:75 - [STDERR_REDIRECT] 
2026-03-30 22:05:31,382 [ERROR] LogOutputStream:75 - [STDERR_REDIRECT] [Fatal Error] :1:1: Premature end of file.
2026-03-30 22:05:31,383 [ERROR] LogOutputStream:75 - [STDERR_REDIRECT] 
2026-03-30 22:05:32,378 [ERROR] LogOutputStream:75 - [STDERR_REDIRECT] [Fatal Error] :1:1: Premature end of file.
2026-03-30 22:05:32,378 [ERROR] LogOutputStream:75 - [STDERR_REDIRECT] 
2026-03-30 22:05:33,380 [ERROR] LogOutputStream:75 - [STDERR_REDIRECT] [Fatal Error] :1:1: Premature end of file.
2026-03-30 22:05:33,380 [ERROR] LogOutputStream:75 - [STDERR_REDIRECT] 
2026-03-30 22:05:34,376 [ERROR] LogOutputStream:75 - [STDERR_REDIRECT] [Fatal Error] :1:1: Premature end of file.
2026-03-30 22:05:34,376 [ERROR] LogOutputStream:75 - [STDERR_REDIRECT] 
2026-03-30 22:05:35,372 [ERROR] LogOutputStream:75 - [STDERR_REDIRECT] [Fatal Error] :1:1: Premature end of file.
2026-03-30 22:05:35,372 [ERROR] LogOutputStream:75 - [STDERR_REDIRECT] 
2026-03-30 22:05:36,374 [ERROR] LogOutputStream:75 - [STDERR_REDIRECT] [Fatal Error] :1:1: Premature end of file.
2026-03-30 22:05:36,374 [ERROR] LogOutputStream:75 - [STDERR_REDIRECT] 
2026-03-30 22:05:37,376 [ERROR] LogOutputStream:75 - [STDERR_REDIRECT] [Fatal Error] :1:1: Premature end of file.
2026-03-30 22:05:37,376 [ERROR] LogOutputStream:75 - [STDERR_REDIRECT] 
2026-03-30 22:05:38,379 [ERROR] LogOutputStream:75 - [STDERR_REDIRECT] [Fatal Error] :1:1: Premature end of file.
2026-03-30 22:05:38,379 [ERROR] LogOutputStream:75 - [STDERR_REDIRECT] 
2026-03-30 22:05:39,374 [ERROR] LogOutputStream:75 - [STDERR_REDIRECT] [Fatal Error] :1:1: Premature end of file.
2026-03-30 22:05:39,374 [ERROR] LogOutputStream:75 - [STDERR_REDIRECT] 
2026-03-30 22:05:40,388 [ERROR] LogOutputStream:75 - [STDERR_REDIRECT] [Fatal Error] :1:1: Premature end of file.
2026-03-30 22:05:40,388 [ERROR] LogOutputStream:75 - [STDERR_REDIRECT] 
2026-03-30 22:05:41,380 [ERROR] LogOutputStream:75 - [STDERR_REDIRECT] [Fatal Error] :1:1: Premature end of file.
2026-03-30 22:05:41,380 [ERROR] LogOutputStream:75 - [STDERR_REDIRECT] 
2026-03-30 22:05:42,382 [ERROR] LogOutputStream:75 - [STDERR_REDIRECT] [Fatal Error] :1:1: Premature end of file.
2026-03-30 22:05:42,382 [ERROR] LogOutputStream:75 - [STDERR_REDIRECT] 
2026-03-30 22:05:43,370 [ERROR] LogOutputStream:75 - [STDERR_REDIRECT] [Fatal Error] :1:1: Premature end of file.
2026-03-30 22:05:43,370 [ERROR] LogOutputStream:75 - [STDERR_REDIRECT] 
2026-03-30 22:05:44,372 [ERROR] LogOutputStream:75 - [STDERR_REDIRECT] [Fatal Error] :1:1: Premature end of file.
2026-03-30 22:05:44,372 [ERROR] LogOutputStream:75 - [STDERR_REDIRECT] 
2026-03-30 22:05:45,373 [ERROR] LogOutputStream:75 - [STDERR_REDIRECT] [Fatal Error] :1:1: Premature end of file.
2026-03-30 22:05:45,373 [ERROR] LogOutputStream:75 - [STDERR_REDIRECT] 
2026-03-30 22:05:46,377 [ERROR] LogOutputStream:75 - [STDERR_REDIRECT] [Fatal Error] :1:1: Premature end of file.
2026-03-30 22:05:46,377 [ERROR] LogOutputStream:75 - [STDERR_REDIRECT] 
2026-03-30 22:05:47,380 [ERROR] LogOutputStream:75 - [STDERR_REDIRECT] [Fatal Error] :1:1: Premature end of file.
2026-03-30 22:05:47,380 [ERROR] LogOutputStream:75 - [STDERR_REDIRECT] 
2026-03-30 22:05:48,382 [ERROR] LogOutputStream:75 - [STDERR_REDIRECT] [Fatal Error] :1:1: Premature end of file.
2026-03-30 22:05:48,382 [ERROR] LogOutputStream:75 - [STDERR_REDIRECT] 
2026-03-30 22:05:49,382 [ERROR] LogOutputStream:75 - [STDERR_REDIRECT] [Fatal Error] :1:1: Premature end of file.
2026-03-30 22:05:49,382 [ERROR] LogOutputStream:75 - [STDERR_REDIRECT] 
2026-03-30 22:05:50,380 [ERROR] LogOutputStream:75 - [STDERR_REDIRECT] [Fatal Error] :1:1: Premature end of file.
2026-03-30 22:05:50,380 [ERROR] LogOutputStream:75 - [STDERR_REDIRECT] 
2026-03-30 22:05:51,392 [ERROR] LogOutputStream:75 - [STDERR_REDIRECT] [Fatal Error] :1:1: Premature end of file.
2026-03-30 22:05:51,392 [ERROR] LogOutputStream:75 - [STDERR_REDIRECT] 
2026-03-30 22:05:52,370 [ERROR] LogOutputStream:75 - [STDERR_REDIRECT] [Fatal Error] :1:1: Premature end of file.
2026-03-30 22:05:52,370 [ERROR] LogOutputStream:75 - [STDERR_REDIRECT] 
2026-03-30 22:05:53,373 [ERROR] LogOutputStream:75 - [STDERR_REDIRECT] [Fatal Error] :1:1: Premature end of file.
2026-03-30 22:05:53,373 [ERROR] LogOutputStream:75 - [STDERR_REDIRECT] 
2026-03-30 22:05:54,376 [ERROR] LogOutputStream:75 - [STDERR_REDIRECT] [Fatal Error] :1:1: Premature end of file.
2026-03-30 22:05:54,376 [ERROR] LogOutputStream:75 - [STDERR_REDIRECT] 
2026-03-30 22:05:55,378 [ERROR] LogOutputStream:75 - [STDERR_REDIRECT] [Fatal Error] :1:1: Premature end of file.
2026-03-30 22:05:55,378 [ERROR] LogOutputStream:75 - [STDERR_REDIRECT] 
2026-03-30 22:05:56,375 [ERROR] LogOutputStream:75 - [STDERR_REDIRECT] [Fatal Error] :1:1: Premature end of file.
2026-03-30 22:05:56,375 [ERROR] LogOutputStream:75 - [STDERR_REDIRECT] 
2026-03-30 22:05:57,375 [ERROR] LogOutputStream:75 - [STDERR_REDIRECT] [Fatal Error] :1:1: Premature end of file.
2026-03-30 22:05:57,391 [ERROR] LogOutputStream:75 - [STDERR_REDIRECT] 
2026-03-30 22:05:58,378 [ERROR] LogOutputStream:75 - [STDERR_REDIRECT] [Fatal Error] :1:1: Premature end of file.
2026-03-30 22:05:58,378 [ERROR] LogOutputStream:75 - [STDERR_REDIRECT] 
2026-03-30 22:05:59,384 [ERROR] LogOutputStream:75 - [STDERR_REDIRECT] [Fatal Error] :1:1: Premature end of file.
2026-03-30 22:05:59,384 [ERROR] LogOutputStream:75 - [STDERR_REDIRECT] 
2026-03-30 22:06:00,385 [ERROR] LogOutputStream:75 - [STDERR_REDIRECT] [Fatal Error] :1:1: Premature end of file.
2026-03-30 22:06:00,385 [ERROR] LogOutputStream:75 - [STDERR_REDIRECT] 
2026-03-30 22:06:01,371 [ERROR] LogOutputStream:75 - [STDERR_REDIRECT] [Fatal Error] :1:1: Premature end of file.
2026-03-30 22:06:01,371 [ERROR] LogOutputStream:75 - [STDERR_REDIRECT] 
2026-03-30 22:06:02,373 [ERROR] LogOutputStream:75 - [STDERR_REDIRECT] [Fatal Error] :1:1: Premature end of file.
2026-03-30 22:06:02,373 [ERROR] LogOutputStream:75 - [STDERR_REDIRECT] 
2026-03-30 22:06:03,376 [ERROR] LogOutputStream:75 - [STDERR_REDIRECT] [Fatal Error] :1:1: Premature end of file.
2026-03-30 22:06:03,376 [ERROR] LogOutputStream:75 - [STDERR_REDIRECT] 
2026-03-30 22:06:04,378 [ERROR] LogOutputStream:75 - [STDERR_REDIRECT] [Fatal Error] :1:1: Premature end of file.
2026-03-30 22:06:04,378 [ERROR] LogOutputStream:75 - [STDERR_REDIRECT] 
2026-03-30 22:06:05,374 [ERROR] LogOutputStream:75 - [STDERR_REDIRECT] [Fatal Error] :1:1: Premature end of file.
2026-03-30 22:06:05,374 [ERROR] LogOutputStream:75 - [STDERR_REDIRECT] 
2026-03-30 22:06:06,377 [ERROR] LogOutputStream:75 - [STDERR_REDIRECT] [Fatal Error] :1:1: Premature end of file.
2026-03-30 22:06:06,377 [ERROR] LogOutputStream:75 - [STDERR_REDIRECT] 
2026-03-30 22:06:07,374 [ERROR] LogOutputStream:75 - [STDERR_REDIRECT] [Fatal Error] :1:1: Premature end of file.
2026-03-30 22:06:07,374 [ERROR] LogOutputStream:75 - [STDERR_REDIRECT] 
2026-03-30 22:06:08,381 [ERROR] LogOutputStream:75 - [STDERR_REDIRECT] [Fatal Error] :1:1: Premature end of file.
2026-03-30 22:06:08,381 [ERROR] LogOutputStream:75 - [STDERR_REDIRECT] 
2026-03-30 22:06:09,384 [ERROR] LogOutputStream:75 - [STDERR_REDIRECT] [Fatal Error] :1:1: Premature end of file.
2026-03-30 22:06:09,384 [ERROR] LogOutputStream:75 - [STDERR_REDIRECT] 
2026-03-30 22:06:10,372 [ERROR] LogOutputStream:75 - [STDERR_REDIRECT] [Fatal Error] :1:1: Premature end of file.
2026-03-30 22:06:10,372 [ERROR] LogOutputStream:75 - [STDERR_REDIRECT] 
2026-03-30 22:06:11,374 [ERROR] LogOutputStream:75 - [STDERR_REDIRECT] [Fatal Error] :1:1: Premature end of file.
2026-03-30 22:06:11,374 [ERROR] LogOutputStream:75 - [STDERR_REDIRECT] 
2026-03-30 22:06:12,381 [ERROR] LogOutputStream:75 - [STDERR_REDIRECT] [Fatal Error] :1:1: Premature end of file.
2026-03-30 22:06:12,381 [ERROR] LogOutputStream:75 - [STDERR_REDIRECT] 
2026-03-30 22:06:13,380 [ERROR] LogOutputStream:75 - [STDERR_REDIRECT] [Fatal Error] :1:1: Premature end of file.
2026-03-30 22:06:13,380 [ERROR] LogOutputStream:75 - [STDERR_REDIRECT] 
2026-03-30 22:06:14,382 [ERROR] LogOutputStream:75 - [STDERR_REDIRECT] [Fatal Error] :1:1: Premature end of file.
2026-03-30 22:06:14,382 [ERROR] LogOutputStream:75 - [STDERR_REDIRECT] 
2026-03-30 22:06:15,413 [ERROR] LogOutputStream:75 - [STDERR_REDIRECT] [Fatal Error] :1:1: Premature end of file.
2026-03-30 22:06:15,413 [ERROR] LogOutputStream:75 - [STDERR_REDIRECT] 
2026-03-30 22:06:16,380 [ERROR] LogOutputStream:75 - [STDERR_REDIRECT] [Fatal Error] :1:1: Premature end of file.
2026-03-30 22:06:16,380 [ERROR] LogOutputStream:75 - [STDERR_REDIRECT] 
2026-03-30 22:06:17,382 [ERROR] LogOutputStream:75 - [STDERR_REDIRECT] [Fatal Error] :1:1: Premature end of file.
2026-03-30 22:06:17,382 [ERROR] LogOutputStream:75 - [STDERR_REDIRECT] 
2026-03-30 22:06:18,382 [ERROR] LogOutputStream:75 - [STDERR_REDIRECT] [Fatal Error] :1:1: Premature end of file.
2026-03-30 22:06:18,383 [ERROR] LogOutputStream:75 - [STDERR_REDIRECT] 
2026-03-30 22:06:19,380 [ERROR] LogOutputStream:75 - [STDERR_REDIRECT] [Fatal Error] :1:1: Premature end of file.
2026-03-30 22:06:19,380 [ERROR] LogOutputStream:75 - [STDERR_REDIRECT] 
2026-03-30 22:06:20,386 [ERROR] LogOutputStream:75 - [STDERR_REDIRECT] [Fatal Error] :1:1: Premature end of file.
2026-03-30 22:06:20,386 [ERROR] LogOutputStream:75 - [STDERR_REDIRECT] 
2026-03-30 22:06:21,385 [ERROR] LogOutputStream:75 - [STDERR_REDIRECT] [Fatal Error] :1:1: Premature end of file.
2026-03-30 22:06:21,385 [ERROR] LogOutputStream:75 - [STDERR_REDIRECT] 
2026-03-30 22:06:22,377 [ERROR] LogOutputStream:75 - [STDERR_REDIRECT] [Fatal Error] :1:1: Premature end of file.
2026-03-30 22:06:22,377 [ERROR] LogOutputStream:75 - [STDERR_REDIRECT] 
2026-03-30 22:06:23,375 [ERROR] LogOutputStream:75 - [STDERR_REDIRECT] [Fatal Error] :1:1: Premature end of file.
2026-03-30 22:06:23,375 [ERROR] LogOutputStream:75 - [STDERR_REDIRECT] 
2026-03-30 22:06:24,376 [ERROR] LogOutputStream:75 - [STDERR_REDIRECT] [Fatal Error] :1:1: Premature end of file.
2026-03-30 22:06:24,376 [ERROR] LogOutputStream:75 - [STDERR_REDIRECT] 
2026-03-30 22:06:25,375 [ERROR] LogOutputStream:75 - [STDERR_REDIRECT] [Fatal Error] :1:1: Premature end of file.
2026-03-30 22:06:25,375 [ERROR] LogOutputStream:75 - [STDERR_REDIRECT] 
2026-03-30 22:06:26,383 [ERROR] LogOutputStream:75 - [STDERR_REDIRECT] [Fatal Error] :1:1: Premature end of file.
2026-03-30 22:06:26,383 [ERROR] LogOutputStream:75 - [STDERR_REDIRECT] 
2026-03-30 22:06:27,380 [ERROR] LogOutputStream:75 - [STDERR_REDIRECT] [Fatal Error] :1:1: Premature end of file.
2026-03-30 22:06:27,381 [ERROR] LogOutputStream:75 - [STDERR_REDIRECT] 
2026-03-30 22:06:28,373 [ERROR] LogOutputStream:75 - [STDERR_REDIRECT] [Fatal Error] :1:1: Premature end of file.
2026-03-30 22:06:28,373 [ERROR] LogOutputStream:75 - [STDERR_REDIRECT] 
2026-03-30 22:06:29,382 [ERROR] LogOutputStream:75 - [STDERR_REDIRECT] [Fatal Error] :1:1: Premature end of file.
2026-03-30 22:06:29,382 [ERROR] LogOutputStream:75 - [STDERR_REDIRECT] 
2026-03-30 22:06:30,387 [ERROR] LogOutputStream:75 - [STDERR_REDIRECT] [Fatal Error] :1:1: Premature end of file.
2026-03-30 22:06:30,387 [ERROR] LogOutputStream:75 - [STDERR_REDIRECT] 
2026-03-30 22:06:31,373 [ERROR] LogOutputStream:75 - [STDERR_REDIRECT] [Fatal Error] :1:1: Premature end of file.
2026-03-30 22:06:31,373 [ERROR] LogOutputStream:75 - [STDERR_REDIRECT] 
2026-03-30 22:06:32,377 [ERROR] LogOutputStream:75 - [STDERR_REDIRECT] [Fatal Error] :1:1: Premature end of file.
2026-03-30 22:06:32,377 [ERROR] LogOutputStream:75 - [STDERR_REDIRECT] 
2026-03-30 22:06:33,382 [ERROR] LogOutputStream:75 - [STDERR_REDIRECT] [Fatal Error] :1:1: Premature end of file.
2026-03-30 22:06:33,382 [ERROR] LogOutputStream:75 - [STDERR_REDIRECT] 
2026-03-30 22:06:34,376 [ERROR] LogOutputStream:75 - [STDERR_REDIRECT] [Fatal Error] :1:1: Premature end of file.
2026-03-30 22:06:34,376 [ERROR] LogOutputStream:75 - [STDERR_REDIRECT] 
2026-03-30 22:06:35,371 [ERROR] LogOutputStream:75 - [STDERR_REDIRECT] [Fatal Error] :1:1: Premature end of file.
2026-03-30 22:06:35,371 [ERROR] LogOutputStream:75 - [STDERR_REDIRECT] 
2026-03-30 22:06:36,378 [ERROR] LogOutputStream:75 - [STDERR_REDIRECT] [Fatal Error] :1:1: Premature end of file.
2026-03-30 22:06:36,378 [ERROR] LogOutputStream:75 - [STDERR_REDIRECT] 
2026-03-30 22:06:37,377 [ERROR] LogOutputStream:75 - [STDERR_REDIRECT] [Fatal Error] :1:1: Premature end of file.
2026-03-30 22:06:37,378 [ERROR] LogOutputStream:75 - [STDERR_REDIRECT] 
2026-03-30 22:06:38,386 [ERROR] LogOutputStream:75 - [STDERR_REDIRECT] [Fatal Error] :1:1: Premature end of file.
2026-03-30 22:06:38,386 [ERROR] LogOutputStream:75 - [STDERR_REDIRECT] 
2026-03-30 22:06:39,417 [ERROR] LogOutputStream:75 - [STDERR_REDIRECT] [Fatal Error] :1:1: Premature end of file.
2026-03-30 22:06:39,417 [ERROR] LogOutputStream:75 - [STDERR_REDIRECT] 
2026-03-30 22:06:40,378 [ERROR] LogOutputStream:75 - [STDERR_REDIRECT] [Fatal Error] :1:1: Premature end of file.
2026-03-30 22:06:40,378 [ERROR] LogOutputStream:75 - [STDERR_REDIRECT] 
2026-03-30 22:06:41,378 [ERROR] LogOutputStream:75 - [STDERR_REDIRECT] [Fatal Error] :1:1: Premature end of file.
2026-03-30 22:06:41,378 [ERROR] LogOutputStream:75 - [STDERR_REDIRECT] 
2026-03-30 22:06:42,378 [ERROR] LogOutputStream:75 - [STDERR_REDIRECT] [Fatal Error] :1:1: Premature end of file.
2026-03-30 22:06:42,378 [ERROR] LogOutputStream:75 - [STDERR_REDIRECT] 
2026-03-30 22:06:43,378 [ERROR] LogOutputStream:75 - [STDERR_REDIRECT] [Fatal Error] :1:1: Premature end of file.
2026-03-30 22:06:43,378 [ERROR] LogOutputStream:75 - [STDERR_REDIRECT] 
2026-03-30 22:06:44,378 [ERROR] LogOutputStream:75 - [STDERR_REDIRECT] [Fatal Error] :1:1: Premature end of file.
2026-03-30 22:06:44,378 [ERROR] LogOutputStream:75 - [STDERR_REDIRECT] 
2026-03-30 22:06:45,379 [ERROR] LogOutputStream:75 - [STDERR_REDIRECT] [Fatal Error] :1:1: Premature end of file.
2026-03-30 22:06:45,379 [ERROR] LogOutputStream:75 - [STDERR_REDIRECT] 
2026-03-30 22:06:46,378 [ERROR] LogOutputStream:75 - [STDERR_REDIRECT] [Fatal Error] :1:1: Premature end of file.
2026-03-30 22:06:46,378 [ERROR] LogOutputStream:75 - [STDERR_REDIRECT] 
2026-03-30 22:06:47,379 [ERROR] LogOutputStream:75 - [STDERR_REDIRECT] [Fatal Error] :1:1: Premature end of file.
2026-03-30 22:06:47,379 [ERROR] LogOutputStream:75 - [STDERR_REDIRECT] 
2026-03-30 22:06:48,378 [ERROR] LogOutputStream:75 - [STDERR_REDIRECT] [Fatal Error] :1:1: Premature end of file.
2026-03-30 22:06:48,378 [ERROR] LogOutputStream:75 - [STDERR_REDIRECT] 
2026-03-30 22:06:49,395 [ERROR] LogOutputStream:75 - [STDERR_REDIRECT] [Fatal Error] :1:1: Premature end of file.
2026-03-30 22:06:49,395 [ERROR] LogOutputStream:75 - [STDERR_REDIRECT] 
2026-03-30 22:06:50,380 [ERROR] LogOutputStream:75 - [STDERR_REDIRECT] [Fatal Error] :1:1: Premature end of file.
2026-03-30 22:06:50,380 [ERROR] LogOutputStream:75 - [STDERR_REDIRECT] 
2026-03-30 22:06:51,378 [ERROR] LogOutputStream:75 - [STDERR_REDIRECT] [Fatal Error] :1:1: Premature end of file.
2026-03-30 22:06:51,378 [ERROR] LogOutputStream:75 - [STDERR_REDIRECT] 
2026-03-30 22:06:52,378 [ERROR] LogOutputStream:75 - [STDERR_REDIRECT] [Fatal Error] :1:1: Premature end of file.
2026-03-30 22:06:52,378 [ERROR] LogOutputStream:75 - [STDERR_REDIRECT] 
2026-03-30 22:06:53,378 [ERROR] LogOutputStream:75 - [STDERR_REDIRECT] [Fatal Error] :1:1: Premature end of file.
2026-03-30 22:06:53,378 [ERROR] LogOutputStream:75 - [STDERR_REDIRECT] 
2026-03-30 22:06:54,395 [ERROR] LogOutputStream:75 - [STDERR_REDIRECT] [Fatal Error] :1:1: Premature end of file.
2026-03-30 22:06:54,395 [ERROR] LogOutputStream:75 - [STDERR_REDIRECT] 
2026-03-30 22:06:55,378 [ERROR] LogOutputStream:75 - [STDERR_REDIRECT] [Fatal Error] :1:1: Premature end of file.
2026-03-30 22:06:55,378 [ERROR] LogOutputStream:75 - [STDERR_REDIRECT] 
2026-03-30 22:06:56,379 [ERROR] LogOutputStream:75 - [STDERR_REDIRECT] [Fatal Error] :1:1: Premature end of file.
2026-03-30 22:06:56,379 [ERROR] LogOutputStream:75 - [STDERR_REDIRECT] 
2026-03-30 22:06:57,382 [ERROR] LogOutputStream:75 - [STDERR_REDIRECT] [Fatal Error] :1:1: Premature end of file.
2026-03-30 22:06:57,382 [ERROR] LogOutputStream:75 - [STDERR_REDIRECT] 
2026-03-30 22:06:58,362 [ERROR] LogOutputStream:75 - [STDERR_REDIRECT] [Fatal Error] :1:1: Premature end of file.
2026-03-30 22:06:58,362 [ERROR] LogOutputStream:75 - [STDERR_REDIRECT] 
2026-03-30 22:06:59,377 [ERROR] LogOutputStream:75 - [STDERR_REDIRECT] [Fatal Error] :1:1: Premature end of file.
2026-03-30 22:06:59,377 [ERROR] LogOutputStream:75 - [STDERR_REDIRECT] 
2026-03-30 22:07:00,362 [ERROR] LogOutputStream:75 - [STDERR_REDIRECT] [Fatal Error] :1:1: Premature end of file.
2026-03-30 22:07:00,362 [ERROR] LogOutputStream:75 - [STDERR_REDIRECT] 
2026-03-30 22:07:01,378 [ERROR] LogOutputStream:75 - [STDERR_REDIRECT] [Fatal Error] :1:1: Premature end of file.
2026-03-30 22:07:01,378 [ERROR] LogOutputStream:75 - [STDERR_REDIRECT] 
2026-03-30 22:07:02,380 [ERROR] LogOutputStream:75 - [STDERR_REDIRECT] [Fatal Error] :1:1: Premature end of file.
2026-03-30 22:07:02,380 [ERROR] LogOutputStream:75 - [STDERR_REDIRECT] 
2026-03-30 22:07:03,378 [ERROR] LogOutputStream:75 - [STDERR_REDIRECT] [Fatal Error] :1:1: Premature end of file.
2026-03-30 22:07:03,378 [ERROR] LogOutputStream:75 - [STDERR_REDIRECT] 
2026-03-30 22:07:04,384 [ERROR] LogOutputStream:75 - [STDERR_REDIRECT] [Fatal Error] :1:1: Premature end of file.
2026-03-30 22:07:04,384 [ERROR] LogOutputStream:75 - [STDERR_REDIRECT] 
2026-03-30 22:07:05,375 [ERROR] LogOutputStream:75 - [STDERR_REDIRECT] [Fatal Error] :1:1: Premature end of file.
2026-03-30 22:07:05,375 [ERROR] LogOutputStream:75 - [STDERR_REDIRECT] 
2026-03-30 22:07:06,374 [ERROR] LogOutputStream:75 - [STDERR_REDIRECT] [Fatal Error] :1:1: Premature end of file.
2026-03-30 22:07:06,374 [ERROR] LogOutputStream:75 - [STDERR_REDIRECT] 
2026-03-30 22:07:07,378 [ERROR] LogOutputStream:75 - [STDERR_REDIRECT] [Fatal Error] :1:1: Premature end of file.
2026-03-30 22:07:07,378 [ERROR] LogOutputStream:75 - [STDERR_REDIRECT] 
2026-03-30 22:07:08,377 [ERROR] LogOutputStream:75 - [STDERR_REDIRECT] [Fatal Error] :1:1: Premature end of file.
2026-03-30 22:07:08,377 [ERROR] LogOutputStream:75 - [STDERR_REDIRECT] 
2026-03-30 22:07:09,380 [ERROR] LogOutputStream:75 - [STDERR_REDIRECT] [Fatal Error] :1:1: Premature end of file.
2026-03-30 22:07:09,380 [ERROR] LogOutputStream:75 - [STDERR_REDIRECT] 
2026-03-30 22:07:10,379 [ERROR] LogOutputStream:75 - [STDERR_REDIRECT] [Fatal Error] :1:1: Premature end of file.
2026-03-30 22:07:10,379 [ERROR] LogOutputStream:75 - [STDERR_REDIRECT] 
2026-03-30 22:07:11,383 [ERROR] LogOutputStream:75 - [STDERR_REDIRECT] [Fatal Error] :1:1: Premature end of file.
2026-03-30 22:07:11,383 [ERROR] LogOutputStream:75 - [STDERR_REDIRECT] 
2026-03-30 22:07:12,380 [ERROR] LogOutputStream:75 - [STDERR_REDIRECT] [Fatal Error] :1:1: Premature end of file.
2026-03-30 22:07:12,380 [ERROR] LogOutputStream:75 - [STDERR_REDIRECT] 
2026-03-30 22:07:13,376 [ERROR] LogOutputStream:75 - [STDERR_REDIRECT] [Fatal Error] :1:1: Premature end of file.
2026-03-30 22:07:13,376 [ERROR] LogOutputStream:75 - [STDERR_REDIRECT] 
2026-03-30 22:07:14,377 [ERROR] LogOutputStream:75 - [STDERR_REDIRECT] [Fatal Error] :1:1: Premature end of file.
2026-03-30 22:07:14,377 [ERROR] LogOutputStream:75 - [STDERR_REDIRECT] 
2026-03-30 22:07:15,381 [ERROR] LogOutputStream:75 - [STDERR_REDIRECT] [Fatal Error] :1:1: Premature end of file.
2026-03-30 22:07:15,381 [ERROR] LogOutputStream:75 - [STDERR_REDIRECT] 
2026-03-30 22:07:16,376 [ERROR] LogOutputStream:75 - [STDERR_REDIRECT] [Fatal Error] :1:1: Premature end of file.
2026-03-30 22:07:16,376 [ERROR] LogOutputStream:75 - [STDERR_REDIRECT] 
2026-03-30 22:07:17,376 [ERROR] LogOutputStream:75 - [STDERR_REDIRECT] [Fatal Error] :1:1: Premature end of file.
2026-03-30 22:07:17,376 [ERROR] LogOutputStream:75 - [STDERR_REDIRECT] 
2026-03-30 22:07:18,381 [ERROR] LogOutputStream:75 - [STDERR_REDIRECT] [Fatal Error] :1:1: Premature end of file.
2026-03-30 22:07:18,381 [ERROR] LogOutputStream:75 - [STDERR_REDIRECT] 
2026-03-30 22:07:19,379 [ERROR] LogOutputStream:75 - [STDERR_REDIRECT] [Fatal Error] :1:1: Premature end of file.
2026-03-30 22:07:19,379 [ERROR] LogOutputStream:75 - [STDERR_REDIRECT] 
2026-03-30 22:07:20,391 [ERROR] LogOutputStream:75 - [STDERR_REDIRECT] [Fatal Error] :1:1: Premature end of file.
2026-03-30 22:07:20,391 [ERROR] LogOutputStream:75 - [STDERR_REDIRECT] 
2026-03-30 22:07:21,373 [ERROR] LogOutputStream:75 - [STDERR_REDIRECT] [Fatal Error] :1:1: Premature end of file.
2026-03-30 22:07:21,373 [ERROR] LogOutputStream:75 - [STDERR_REDIRECT] 
2026-03-30 22:07:22,382 [ERROR] LogOutputStream:75 - [STDERR_REDIRECT] [Fatal Error] :1:1: Premature end of file.
2026-03-30 22:07:22,382 [ERROR] LogOutputStream:75 - [STDERR_REDIRECT] 
2026-03-30 22:07:23,380 [ERROR] LogOutputStream:75 - [STDERR_REDIRECT] [Fatal Error] :1:1: Premature end of file.
2026-03-30 22:07:23,380 [ERROR] LogOutputStream:75 - [STDERR_REDIRECT] 
2026-03-30 22:07:24,384 [ERROR] LogOutputStream:75 - [STDERR_REDIRECT] [Fatal Error] :1:1: Premature end of file.
2026-03-30 22:07:24,384 [ERROR] LogOutputStream:75 - [STDERR_REDIRECT] 
2026-03-30 22:07:25,388 [ERROR] LogOutputStream:75 - [STDERR_REDIRECT] [Fatal Error] :1:1: Premature end of file.
2026-03-30 22:07:25,388 [ERROR] LogOutputStream:75 - [STDERR_REDIRECT] 
2026-03-30 22:07:26,386 [ERROR] LogOutputStream:75 - [STDERR_REDIRECT] [Fatal Error] :1:1: Premature end of file.
2026-03-30 22:07:26,386 [ERROR] LogOutputStream:75 - [STDERR_REDIRECT] 
2026-03-30 22:07:27,379 [ERROR] LogOutputStream:75 - [STDERR_REDIRECT] [Fatal Error] :1:1: Premature end of file.
2026-03-30 22:07:27,379 [ERROR] LogOutputStream:75 - [STDERR_REDIRECT] 
2026-03-30 22:07:28,387 [ERROR] LogOutputStream:75 - [STDERR_REDIRECT] [Fatal Error] :1:1: Premature end of file.
2026-03-30 22:07:28,387 [ERROR] LogOutputStream:75 - [STDERR_REDIRECT] 
2026-03-30 22:07:29,386 [ERROR] LogOutputStream:75 - [STDERR_REDIRECT] [Fatal Error] :1:1: Premature end of file.
2026-03-30 22:07:29,386 [ERROR] LogOutputStream:75 - [STDERR_REDIRECT] 
2026-03-30 22:07:30,378 [ERROR] LogOutputStream:75 - [STDERR_REDIRECT] [Fatal Error] :1:1: Premature end of file.
2026-03-30 22:07:30,378 [ERROR] LogOutputStream:75 - [STDERR_REDIRECT] 
2026-03-30 22:07:31,381 [ERROR] LogOutputStream:75 - [STDERR_REDIRECT] [Fatal Error] :1:1: Premature end of file.
2026-03-30 22:07:31,381 [ERROR] LogOutputStream:75 - [STDERR_REDIRECT] 
2026-03-30 22:07:32,380 [ERROR] LogOutputStream:75 - [STDERR_REDIRECT] [Fatal Error] :1:1: Premature end of file.
2026-03-30 22:07:32,380 [ERROR] LogOutputStream:75 - [STDERR_REDIRECT] 
2026-03-30 22:07:33,383 [ERROR] LogOutputStream:75 - [STDERR_REDIRECT] [Fatal Error] :1:1: Premature end of file.
2026-03-30 22:07:33,383 [ERROR] LogOutputStream:75 - [STDERR_REDIRECT] 
2026-03-30 22:07:34,386 [ERROR] LogOutputStream:75 - [STDERR_REDIRECT] [Fatal Error] :1:1: Premature end of file.
2026-03-30 22:07:34,386 [ERROR] LogOutputStream:75 - [STDERR_REDIRECT] 
2026-03-30 22:07:35,386 [ERROR] LogOutputStream:75 - [STDERR_REDIRECT] [Fatal Error] :1:1: Premature end of file.
2026-03-30 22:07:35,386 [ERROR] LogOutputStream:75 - [STDERR_REDIRECT] 
2026-03-30 22:07:36,376 [ERROR] LogOutputStream:75 - [STDERR_REDIRECT] [Fatal Error] :1:1: Premature end of file.
2026-03-30 22:07:36,376 [ERROR] LogOutputStream:75 - [STDERR_REDIRECT] 
2026-03-30 22:07:37,382 [ERROR] LogOutputStream:75 - [STDERR_REDIRECT] [Fatal Error] :1:1: Premature end of file.
2026-03-30 22:07:37,383 [ERROR] LogOutputStream:75 - [STDERR_REDIRECT] 
2026-03-30 22:07:38,381 [ERROR] LogOutputStream:75 - [STDERR_REDIRECT] [Fatal Error] :1:1: Premature end of file.
2026-03-30 22:07:38,381 [ERROR] LogOutputStream:75 - [STDERR_REDIRECT] 
2026-03-30 22:07:39,386 [ERROR] LogOutputStream:75 - [STDERR_REDIRECT] [Fatal Error] :1:1: Premature end of file.
2026-03-30 22:07:39,386 [ERROR] LogOutputStream:75 - [STDERR_REDIRECT] 
2026-03-30 22:07:40,385 [ERROR] LogOutputStream:75 - [STDERR_REDIRECT] [Fatal Error] :1:1: Premature end of file.
2026-03-30 22:07:40,385 [ERROR] LogOutputStream:75 - [STDERR_REDIRECT] 
2026-03-30 22:07:41,375 [ERROR] LogOutputStream:75 - [STDERR_REDIRECT] [Fatal Error] :1:1: Premature end of file.
2026-03-30 22:07:41,375 [ERROR] LogOutputStream:75 - [STDERR_REDIRECT] 
2026-03-30 22:07:42,377 [ERROR] LogOutputStream:75 - [STDERR_REDIRECT] [Fatal Error] :1:1: Premature end of file.
2026-03-30 22:07:42,377 [ERROR] LogOutputStream:75 - [STDERR_REDIRECT] 
2026-03-30 22:07:43,381 [ERROR] LogOutputStream:75 - [STDERR_REDIRECT] [Fatal Error] :1:1: Premature end of file.
2026-03-30 22:07:43,381 [ERROR] LogOutputStream:75 - [STDERR_REDIRECT] 
2026-03-30 22:07:44,385 [ERROR] LogOutputStream:75 - [STDERR_REDIRECT] [Fatal Error] :1:1: Premature end of file.
2026-03-30 22:07:44,385 [ERROR] LogOutputStream:75 - [STDERR_REDIRECT] 
2026-03-30 22:07:45,379 [ERROR] LogOutputStream:75 - [STDERR_REDIRECT] [Fatal Error] :1:1: Premature end of file.
2026-03-30 22:07:45,379 [ERROR] LogOutputStream:75 - [STDERR_REDIRECT] 
2026-03-30 22:07:46,377 [ERROR] LogOutputStream:75 - [STDERR_REDIRECT] [Fatal Error] :1:1: Premature end of file.
2026-03-30 22:07:46,377 [ERROR] LogOutputStream:75 - [STDERR_REDIRECT] 
2026-03-30 22:07:47,379 [ERROR] LogOutputStream:75 - [STDERR_REDIRECT] [Fatal Error] :1:1: Premature end of file.
2026-03-30 22:07:47,379 [ERROR] LogOutputStream:75 - [STDERR_REDIRECT] 
2026-03-30 22:07:48,381 [ERROR] LogOutputStream:75 - [STDERR_REDIRECT] [Fatal Error] :1:1: Premature end of file.
2026-03-30 22:07:48,381 [ERROR] LogOutputStream:75 - [STDERR_REDIRECT] 
2026-03-30 22:07:49,386 [ERROR] LogOutputStream:75 - [STDERR_REDIRECT] [Fatal Error] :1:1: Premature end of file.
2026-03-30 22:07:49,387 [ERROR] LogOutputStream:75 - [STDERR_REDIRECT] 
2026-03-30 22:07:50,386 [ERROR] LogOutputStream:75 - [STDERR_REDIRECT] [Fatal Error] :1:1: Premature end of file.
2026-03-30 22:07:50,387 [ERROR] LogOutputStream:75 - [STDERR_REDIRECT] 
2026-03-30 22:07:51,385 [ERROR] LogOutputStream:75 - [STDERR_REDIRECT] [Fatal Error] :1:1: Premature end of file.
2026-03-30 22:07:51,385 [ERROR] LogOutputStream:75 - [STDERR_REDIRECT] 
2026-03-30 22:07:52,381 [ERROR] LogOutputStream:75 - [STDERR_REDIRECT] [Fatal Error] :1:1: Premature end of file.
2026-03-30 22:07:52,381 [ERROR] LogOutputStream:75 - [STDERR_REDIRECT] 
2026-03-30 22:07:53,381 [ERROR] LogOutputStream:75 - [STDERR_REDIRECT] [Fatal Error] :1:1: Premature end of file.
2026-03-30 22:07:53,381 [ERROR] LogOutputStream:75 - [STDERR_REDIRECT] 
2026-03-30 22:07:54,384 [ERROR] LogOutputStream:75 - [STDERR_REDIRECT] [Fatal Error] :1:1: Premature end of file.
2026-03-30 22:07:54,384 [ERROR] LogOutputStream:75 - [STDERR_REDIRECT] 
2026-03-30 22:07:55,381 [ERROR] LogOutputStream:75 - [STDERR_REDIRECT] [Fatal Error] :1:1: Premature end of file.
2026-03-30 22:07:55,381 [ERROR] LogOutputStream:75 - [STDERR_REDIRECT] 
2026-03-30 22:07:56,379 [ERROR] LogOutputStream:75 - [STDERR_REDIRECT] [Fatal Error] :1:1: Premature end of file.
2026-03-30 22:07:56,379 [ERROR] LogOutputStream:75 - [STDERR_REDIRECT] 
2026-03-30 22:07:57,379 [ERROR] LogOutputStream:75 - [STDERR_REDIRECT] [Fatal Error] :1:1: Premature end of file.
2026-03-30 22:07:57,379 [ERROR] LogOutputStream:75 - [STDERR_REDIRECT] 
2026-03-30 22:07:58,381 [ERROR] LogOutputStream:75 - [STDERR_REDIRECT] [Fatal Error] :1:1: Premature end of file.
2026-03-30 22:07:58,381 [ERROR] LogOutputStream:75 - [STDERR_REDIRECT] 
2026-03-30 22:07:59,386 [ERROR] LogOutputStream:75 - [STDERR_REDIRECT] [Fatal Error] :1:1: Premature end of file.
2026-03-30 22:07:59,386 [ERROR] LogOutputStream:75 - [STDERR_REDIRECT] 
2026-03-30 22:08:00,379 [ERROR] LogOutputStream:75 - [STDERR_REDIRECT] [Fatal Error] :1:1: Premature end of file.
2026-03-30 22:08:00,379 [ERROR] LogOutputStream:75 - [STDERR_REDIRECT] 
2026-03-30 22:08:01,384 [ERROR] LogOutputStream:75 - [STDERR_REDIRECT] [Fatal Error] :1:1: Premature end of file.
2026-03-30 22:08:01,385 [ERROR] LogOutputStream:75 - [STDERR_REDIRECT] 
2026-03-30 22:08:02,387 [ERROR] LogOutputStream:75 - [STDERR_REDIRECT] [Fatal Error] :1:1: Premature end of file.
2026-03-30 22:08:02,387 [ERROR] LogOutputStream:75 - [STDERR_REDIRECT] 
2026-03-30 22:08:03,385 [ERROR] LogOutputStream:75 - [STDERR_REDIRECT] [Fatal Error] :1:1: Premature end of file.
2026-03-30 22:08:03,385 [ERROR] LogOutputStream:75 - [STDERR_REDIRECT] 
2026-03-30 22:08:04,387 [ERROR] LogOutputStream:75 - [STDERR_REDIRECT] [Fatal Error] :1:1: Premature end of file.
2026-03-30 22:08:04,387 [ERROR] LogOutputStream:75 - [STDERR_REDIRECT] 
2026-03-30 22:08:05,381 [ERROR] LogOutputStream:75 - [STDERR_REDIRECT] [Fatal Error] :1:1: Premature end of file.
2026-03-30 22:08:05,381 [ERROR] LogOutputStream:75 - [STDERR_REDIRECT] 
2026-03-30 22:08:06,378 [ERROR] LogOutputStream:75 - [STDERR_REDIRECT] [Fatal Error] :1:1: Premature end of file.
2026-03-30 22:08:06,378 [ERROR] LogOutputStream:75 - [STDERR_REDIRECT] 
2026-03-30 22:08:07,382 [ERROR] LogOutputStream:75 - [STDERR_REDIRECT] [Fatal Error] :1:1: Premature end of file.
2026-03-30 22:08:07,382 [ERROR] LogOutputStream:75 - [STDERR_REDIRECT] 
2026-03-30 22:08:08,381 [ERROR] LogOutputStream:75 - [STDERR_REDIRECT] [Fatal Error] :1:1: Premature end of file.
2026-03-30 22:08:08,381 [ERROR] LogOutputStream:75 - [STDERR_REDIRECT] 
2026-03-30 22:08:09,381 [ERROR] LogOutputStream:75 - [STDERR_REDIRECT] [Fatal Error] :1:1: Premature end of file.
2026-03-30 22:08:09,381 [ERROR] LogOutputStream:75 - [STDERR_REDIRECT] 
2026-03-30 22:08:10,386 [ERROR] LogOutputStream:75 - [STDERR_REDIRECT] [Fatal Error] :1:1: Premature end of file.
2026-03-30 22:08:10,386 [ERROR] LogOutputStream:75 - [STDERR_REDIRECT] 
2026-03-30 22:08:11,380 [ERROR] LogOutputStream:75 - [STDERR_REDIRECT] [Fatal Error] :1:1: Premature end of file.
2026-03-30 22:08:11,380 [ERROR] LogOutputStream:75 - [STDERR_REDIRECT] 
2026-03-30 22:08:12,372 [ERROR] LogOutputStream:75 - [STDERR_REDIRECT] [Fatal Error] :1:1: Premature end of file.
2026-03-30 22:08:12,372 [ERROR] LogOutputStream:75 - [STDERR_REDIRECT] 
2026-03-30 22:08:13,381 [ERROR] LogOutputStream:75 - [STDERR_REDIRECT] [Fatal Error] :1:1: Premature end of file.
2026-03-30 22:08:13,381 [ERROR] LogOutputStream:75 - [STDERR_REDIRECT] 
2026-03-30 22:08:14,391 [ERROR] LogOutputStream:75 - [STDERR_REDIRECT] [Fatal Error] :1:1: Premature end of file.
2026-03-30 22:08:14,391 [ERROR] LogOutputStream:75 - [STDERR_REDIRECT] 
2026-03-30 22:08:15,378 [ERROR] LogOutputStream:75 - [STDERR_REDIRECT] [Fatal Error] :1:1: Premature end of file.
2026-03-30 22:08:15,378 [ERROR] LogOutputStream:75 - [STDERR_REDIRECT] 
2026-03-30 22:08:16,381 [ERROR] LogOutputStream:75 - [STDERR_REDIRECT] [Fatal Error] :1:1: Premature end of file.
2026-03-30 22:08:16,381 [ERROR] LogOutputStream:75 - [STDERR_REDIRECT] 
2026-03-30 22:08:17,384 [ERROR] LogOutputStream:75 - [STDERR_REDIRECT] [Fatal Error] :1:1: Premature end of file.
2026-03-30 22:08:17,384 [ERROR] LogOutputStream:75 - [STDERR_REDIRECT] 
2026-03-30 22:08:18,384 [ERROR] LogOutputStream:75 - [STDERR_REDIRECT] [Fatal Error] :1:1: Premature end of file.
2026-03-30 22:08:18,389 [ERROR] LogOutputStream:75 - [STDERR_REDIRECT] 
2026-03-30 22:08:19,388 [ERROR] LogOutputStream:75 - [STDERR_REDIRECT] [Fatal Error] :1:1: Premature end of file.
2026-03-30 22:08:19,388 [ERROR] LogOutputStream:75 - [STDERR_REDIRECT] 
2026-03-30 22:08:20,381 [ERROR] LogOutputStream:75 - [STDERR_REDIRECT] [Fatal Error] :1:1: Premature end of file.
2026-03-30 22:08:20,381 [ERROR] LogOutputStream:75 - [STDERR_REDIRECT] 
2026-03-30 22:08:21,379 [ERROR] LogOutputStream:75 - [STDERR_REDIRECT] [Fatal Error] :1:1: Premature end of file.
2026-03-30 22:08:21,379 [ERROR] LogOutputStream:75 - [STDERR_REDIRECT] 
2026-03-30 22:08:22,377 [ERROR] LogOutputStream:75 - [STDERR_REDIRECT] [Fatal Error] :1:1: Premature end of file.
2026-03-30 22:08:22,377 [ERROR] LogOutputStream:75 - [STDERR_REDIRECT] 
2026-03-30 22:08:23,380 [ERROR] LogOutputStream:75 - [STDERR_REDIRECT] [Fatal Error] :1:1: Premature end of file.
2026-03-30 22:08:23,380 [ERROR] LogOutputStream:75 - [STDERR_REDIRECT] 
2026-03-30 22:08:24,386 [ERROR] LogOutputStream:75 - [STDERR_REDIRECT] [Fatal Error] :1:1: Premature end of file.
2026-03-30 22:08:24,386 [ERROR] LogOutputStream:75 - [STDERR_REDIRECT] 
2026-03-30 22:08:25,384 [ERROR] LogOutputStream:75 - [STDERR_REDIRECT] [Fatal Error] :1:1: Premature end of file.
2026-03-30 22:08:25,384 [ERROR] LogOutputStream:75 - [STDERR_REDIRECT] 
2026-03-30 22:08:26,386 [ERROR] LogOutputStream:75 - [STDERR_REDIRECT] [Fatal Error] :1:1: Premature end of file.
2026-03-30 22:08:26,386 [ERROR] LogOutputStream:75 - [STDERR_REDIRECT] 
2026-03-30 22:08:27,377 [ERROR] LogOutputStream:75 - [STDERR_REDIRECT] [Fatal Error] :1:1: Premature end of file.
2026-03-30 22:08:27,377 [ERROR] LogOutputStream:75 - [STDERR_REDIRECT] 
2026-03-30 22:08:28,386 [ERROR] LogOutputStream:75 - [STDERR_REDIRECT] [Fatal Error] :1:1: Premature end of file.
2026-03-30 22:08:28,386 [ERROR] LogOutputStream:75 - [STDERR_REDIRECT] 
2026-03-30 22:08:29,395 [ERROR] LogOutputStream:75 - [STDERR_REDIRECT] [Fatal Error] :1:1: Premature end of file.
2026-03-30 22:08:29,395 [ERROR] LogOutputStream:75 - [STDERR_REDIRECT] 
2026-03-30 22:08:30,374 [ERROR] LogOutputStream:75 - [STDERR_REDIRECT] [Fatal Error] :1:1: Premature end of file.
2026-03-30 22:08:30,374 [ERROR] LogOutputStream:75 - [STDERR_REDIRECT] 
2026-03-30 22:08:31,381 [ERROR] LogOutputStream:75 - [STDERR_REDIRECT] [Fatal Error] :1:1: Premature end of file.
2026-03-30 22:08:31,381 [ERROR] LogOutputStream:75 - [STDERR_REDIRECT] 
2026-03-30 22:08:32,387 [ERROR] LogOutputStream:75 - [STDERR_REDIRECT] [Fatal Error] :1:1: Premature end of file.
2026-03-30 22:08:32,387 [ERROR] LogOutputStream:75 - [STDERR_REDIRECT] 
2026-03-30 22:08:33,383 [ERROR] LogOutputStream:75 - [STDERR_REDIRECT] [Fatal Error] :1:1: Premature end of file.
2026-03-30 22:08:33,383 [ERROR] LogOutputStream:75 - [STDERR_REDIRECT] 
2026-03-30 22:08:34,386 [ERROR] LogOutputStream:75 - [STDERR_REDIRECT] [Fatal Error] :1:1: Premature end of file.
2026-03-30 22:08:34,387 [ERROR] LogOutputStream:75 - [STDERR_REDIRECT] 
2026-03-30 22:08:35,386 [ERROR] LogOutputStream:75 - [STDERR_REDIRECT] [Fatal Error] :1:1: Premature end of file.
2026-03-30 22:08:35,386 [ERROR] LogOutputStream:75 - [STDERR_REDIRECT] 
2026-03-30 22:08:36,379 [ERROR] LogOutputStream:75 - [STDERR_REDIRECT] [Fatal Error] :1:1: Premature end of file.
2026-03-30 22:08:36,379 [ERROR] LogOutputStream:75 - [STDERR_REDIRECT] 
2026-03-30 22:08:37,381 [ERROR] LogOutputStream:75 - [STDERR_REDIRECT] [Fatal Error] :1:1: Premature end of file.
2026-03-30 22:08:37,381 [ERROR] LogOutputStream:75 - [STDERR_REDIRECT] 
2026-03-30 22:08:38,381 [ERROR] LogOutputStream:75 - [STDERR_REDIRECT] [Fatal Error] :1:1: Premature end of file.
2026-03-30 22:08:38,381 [ERROR] LogOutputStream:75 - [STDERR_REDIRECT] 
2026-03-30 22:08:39,388 [ERROR] LogOutputStream:75 - [STDERR_REDIRECT] [Fatal Error] :1:1: Premature end of file.
2026-03-30 22:08:39,388 [ERROR] LogOutputStream:75 - [STDERR_REDIRECT] 
2026-03-30 22:08:40,379 [ERROR] LogOutputStream:75 - [STDERR_REDIRECT] [Fatal Error] :1:1: Premature end of file.
2026-03-30 22:08:40,379 [ERROR] LogOutputStream:75 - [STDERR_REDIRECT] 
2026-03-30 22:08:41,390 [ERROR] LogOutputStream:75 - [STDERR_REDIRECT] [Fatal Error] :1:1: Premature end of file.
2026-03-30 22:08:41,390 [ERROR] LogOutputStream:75 - [STDERR_REDIRECT] 
2026-03-30 22:08:42,375 [ERROR] LogOutputStream:75 - [STDERR_REDIRECT] [Fatal Error] :1:1: Premature end of file.
2026-03-30 22:08:42,375 [ERROR] LogOutputStream:75 - [STDERR_REDIRECT] 
2026-03-30 22:08:43,378 [ERROR] LogOutputStream:75 - [STDERR_REDIRECT] [Fatal Error] :1:1: Premature end of file.
2026-03-30 22:08:43,378 [ERROR] LogOutputStream:75 - [STDERR_REDIRECT] 
2026-03-30 22:08:44,382 [ERROR] LogOutputStream:75 - [STDERR_REDIRECT] [Fatal Error] :1:1: Premature end of file.
2026-03-30 22:08:44,382 [ERROR] LogOutputStream:75 - [STDERR_REDIRECT] 
2026-03-30 22:08:45,385 [ERROR] LogOutputStream:75 - [STDERR_REDIRECT] [Fatal Error] :1:1: Premature end of file.
2026-03-30 22:08:45,385 [ERROR] LogOutputStream:75 - [STDERR_REDIRECT] 
2026-03-30 22:08:46,381 [ERROR] LogOutputStream:75 - [STDERR_REDIRECT] [Fatal Error] :1:1: Premature end of file.
2026-03-30 22:08:46,382 [ERROR] LogOutputStream:75 - [STDERR_REDIRECT] 
2026-03-30 22:08:47,378 [ERROR] LogOutputStream:75 - [STDERR_REDIRECT] [Fatal Error] :1:1: Premature end of file.
2026-03-30 22:08:47,378 [ERROR] LogOutputStream:75 - [STDERR_REDIRECT] 
2026-03-30 22:08:48,381 [ERROR] LogOutputStream:75 - [STDERR_REDIRECT] [Fatal Error] :1:1: Premature end of file.
2026-03-30 22:08:48,381 [ERROR] LogOutputStream:75 - [STDERR_REDIRECT] 
2026-03-30 22:08:49,382 [ERROR] LogOutputStream:75 - [STDERR_REDIRECT] [Fatal Error] :1:1: Premature end of file.
2026-03-30 22:08:49,382 [ERROR] LogOutputStream:75 - [STDERR_REDIRECT] 
2026-03-30 22:08:50,371 [ERROR] LogOutputStream:75 - [STDERR_REDIRECT] [Fatal Error] :1:1: Premature end of file.
2026-03-30 22:08:50,371 [ERROR] LogOutputStream:75 - [STDERR_REDIRECT] 
2026-03-30 22:08:51,372 [ERROR] LogOutputStream:75 - [STDERR_REDIRECT] [Fatal Error] :1:1: Premature end of file.
2026-03-30 22:08:51,372 [ERROR] LogOutputStream:75 - [STDERR_REDIRECT] 
2026-03-30 22:08:52,376 [ERROR] LogOutputStream:75 - [STDERR_REDIRECT] [Fatal Error] :1:1: Premature end of file.
2026-03-30 22:08:52,376 [ERROR] LogOutputStream:75 - [STDERR_REDIRECT] 
2026-03-30 22:08:53,378 [ERROR] LogOutputStream:75 - [STDERR_REDIRECT] [Fatal Error] :1:1: Premature end of file.
2026-03-30 22:08:53,378 [ERROR] LogOutputStream:75 - [STDERR_REDIRECT] 
2026-03-30 22:08:54,381 [ERROR] LogOutputStream:75 - [STDERR_REDIRECT] [Fatal Error] :1:1: Premature end of file.
2026-03-30 22:08:54,381 [ERROR] LogOutputStream:75 - [STDERR_REDIRECT] 
2026-03-30 22:08:55,386 [ERROR] LogOutputStream:75 - [STDERR_REDIRECT] [Fatal Error] :1:1: Premature end of file.
2026-03-30 22:08:55,387 [ERROR] LogOutputStream:75 - [STDERR_REDIRECT] 
2026-03-30 22:08:56,378 [ERROR] LogOutputStream:75 - [STDERR_REDIRECT] [Fatal Error] :1:1: Premature end of file.
2026-03-30 22:08:56,378 [ERROR] LogOutputStream:75 - [STDERR_REDIRECT] 
2026-03-30 22:08:57,381 [ERROR] LogOutputStream:75 - [STDERR_REDIRECT] [Fatal Error] :1:1: Premature end of file.
2026-03-30 22:08:57,381 [ERROR] LogOutputStream:75 - [STDERR_REDIRECT] 
2026-03-30 22:08:58,383 [ERROR] LogOutputStream:75 - [STDERR_REDIRECT] [Fatal Error] :1:1: Premature end of file.
2026-03-30 22:08:58,383 [ERROR] LogOutputStream:75 - [STDERR_REDIRECT] 
2026-03-30 22:08:59,370 [ERROR] LogOutputStream:75 - [STDERR_REDIRECT] [Fatal Error] :1:1: Premature end of file.
2026-03-30 22:08:59,370 [ERROR] LogOutputStream:75 - [STDERR_REDIRECT] 
2026-03-30 22:09:00,372 [ERROR] LogOutputStream:75 - [STDERR_REDIRECT] [Fatal Error] :1:1: Premature end of file.
2026-03-30 22:09:00,372 [ERROR] LogOutputStream:75 - [STDERR_REDIRECT] 
2026-03-30 22:09:01,383 [ERROR] LogOutputStream:75 - [STDERR_REDIRECT] [Fatal Error] :1:1: Premature end of file.
2026-03-30 22:09:01,383 [ERROR] LogOutputStream:75 - [STDERR_REDIRECT] 
2026-03-30 22:09:02,379 [ERROR] LogOutputStream:75 - [STDERR_REDIRECT] [Fatal Error] :1:1: Premature end of file.
2026-03-30 22:09:02,379 [ERROR] LogOutputStream:75 - [STDERR_REDIRECT] 
2026-03-30 22:09:03,380 [ERROR] LogOutputStream:75 - [STDERR_REDIRECT] [Fatal Error] :1:1: Premature end of file.
2026-03-30 22:09:03,380 [ERROR] LogOutputStream:75 - [STDERR_REDIRECT] 
2026-03-30 22:09:04,386 [ERROR] LogOutputStream:75 - [STDERR_REDIRECT] [Fatal Error] :1:1: Premature end of file.
2026-03-30 22:09:04,386 [ERROR] LogOutputStream:75 - [STDERR_REDIRECT] 
2026-03-30 22:09:05,378 [ERROR] LogOutputStream:75 - [STDERR_REDIRECT] [Fatal Error] :1:1: Premature end of file.
2026-03-30 22:09:05,378 [ERROR] LogOutputStream:75 - [STDERR_REDIRECT] 
2026-03-30 22:09:06,382 [ERROR] LogOutputStream:75 - [STDERR_REDIRECT] [Fatal Error] :1:1: Premature end of file.
2026-03-30 22:09:06,382 [ERROR] LogOutputStream:75 - [STDERR_REDIRECT] 
2026-03-30 22:09:07,382 [ERROR] LogOutputStream:75 - [STDERR_REDIRECT] [Fatal Error] :1:1: Premature end of file.
2026-03-30 22:09:07,382 [ERROR] LogOutputStream:75 - [STDERR_REDIRECT] 
2026-03-30 22:09:08,370 [ERROR] LogOutputStream:75 - [STDERR_REDIRECT] [Fatal Error] :1:1: Premature end of file.
2026-03-30 22:09:08,370 [ERROR] LogOutputStream:75 - [STDERR_REDIRECT] 
2026-03-30 22:09:09,373 [ERROR] LogOutputStream:75 - [STDERR_REDIRECT] [Fatal Error] :1:1: Premature end of file.
2026-03-30 22:09:09,373 [ERROR] LogOutputStream:75 - [STDERR_REDIRECT] 
2026-03-30 22:09:10,377 [ERROR] LogOutputStream:75 - [STDERR_REDIRECT] [Fatal Error] :1:1: Premature end of file.
2026-03-30 22:09:10,377 [ERROR] LogOutputStream:75 - [STDERR_REDIRECT] 
2026-03-30 22:09:11,379 [ERROR] LogOutputStream:75 - [STDERR_REDIRECT] [Fatal Error] :1:1: Premature end of file.
2026-03-30 22:09:11,379 [ERROR] LogOutputStream:75 - [STDERR_REDIRECT] 
2026-03-30 22:09:12,381 [ERROR] LogOutputStream:75 - [STDERR_REDIRECT] [Fatal Error] :1:1: Premature end of file.
2026-03-30 22:09:12,381 [ERROR] LogOutputStream:75 - [STDERR_REDIRECT] 
2026-03-30 22:09:13,380 [ERROR] LogOutputStream:75 - [STDERR_REDIRECT] [Fatal Error] :1:1: Premature end of file.
2026-03-30 22:09:13,380 [ERROR] LogOutputStream:75 - [STDERR_REDIRECT] 
2026-03-30 22:09:14,381 [ERROR] LogOutputStream:75 - [STDERR_REDIRECT] [Fatal Error] :1:1: Premature end of file.
2026-03-30 22:09:14,381 [ERROR] LogOutputStream:75 - [STDERR_REDIRECT] 
2026-03-30 22:09:15,381 [ERROR] LogOutputStream:75 - [STDERR_REDIRECT] [Fatal Error] :1:1: Premature end of file.
2026-03-30 22:09:15,381 [ERROR] LogOutputStream:75 - [STDERR_REDIRECT] 
2026-03-30 22:09:16,365 [ERROR] LogOutputStream:75 - [STDERR_REDIRECT] [Fatal Error] :1:1: Premature end of file.
2026-03-30 22:09:16,365 [ERROR] LogOutputStream:75 - [STDERR_REDIRECT] 
2026-03-30 22:09:17,376 [ERROR] LogOutputStream:75 - [STDERR_REDIRECT] [Fatal Error] :1:1: Premature end of file.
2026-03-30 22:09:17,376 [ERROR] LogOutputStream:75 - [STDERR_REDIRECT] 
2026-03-30 22:09:18,378 [ERROR] LogOutputStream:75 - [STDERR_REDIRECT] [Fatal Error] :1:1: Premature end of file.
2026-03-30 22:09:18,378 [ERROR] LogOutputStream:75 - [STDERR_REDIRECT] 
2026-03-30 22:09:19,381 [ERROR] LogOutputStream:75 - [STDERR_REDIRECT] [Fatal Error] :1:1: Premature end of file.
2026-03-30 22:09:19,381 [ERROR] LogOutputStream:75 - [STDERR_REDIRECT] 
2026-03-30 22:09:20,379 [ERROR] LogOutputStream:75 - [STDERR_REDIRECT] [Fatal Error] :1:1: Premature end of file.
2026-03-30 22:09:20,379 [ERROR] LogOutputStream:75 - [STDERR_REDIRECT] 
2026-03-30 22:09:21,386 [ERROR] LogOutputStream:75 - [STDERR_REDIRECT] [Fatal Error] :1:1: Premature end of file.
2026-03-30 22:09:21,386 [ERROR] LogOutputStream:75 - [STDERR_REDIRECT] 
2026-03-30 22:09:22,376 [ERROR] LogOutputStream:75 - [STDERR_REDIRECT] [Fatal Error] :1:1: Premature end of file.
2026-03-30 22:09:22,376 [ERROR] LogOutputStream:75 - [STDERR_REDIRECT] 
2026-03-30 22:09:23,381 [ERROR] LogOutputStream:75 - [STDERR_REDIRECT] [Fatal Error] :1:1: Premature end of file.
2026-03-30 22:09:23,381 [ERROR] LogOutputStream:75 - [STDERR_REDIRECT] 
2026-03-30 22:09:24,386 [ERROR] LogOutputStream:75 - [STDERR_REDIRECT] [Fatal Error] :1:1: Premature end of file.
2026-03-30 22:09:24,386 [ERROR] LogOutputStream:75 - [STDERR_REDIRECT] 
2026-03-30 22:09:25,381 [ERROR] LogOutputStream:75 - [STDERR_REDIRECT] [Fatal Error] :1:1: Premature end of file.
2026-03-30 22:09:25,381 [ERROR] LogOutputStream:75 - [STDERR_REDIRECT] 
2026-03-30 22:09:26,386 [ERROR] LogOutputStream:75 - [STDERR_REDIRECT] [Fatal Error] :1:1: Premature end of file.
2026-03-30 22:09:26,386 [ERROR] LogOutputStream:75 - [STDERR_REDIRECT] 
2026-03-30 22:09:27,382 [ERROR] LogOutputStream:75 - [STDERR_REDIRECT] [Fatal Error] :1:1: Premature end of file.
2026-03-30 22:09:27,382 [ERROR] LogOutputStream:75 - [STDERR_REDIRECT] 
2026-03-30 22:09:28,379 [ERROR] LogOutputStream:75 - [STDERR_REDIRECT] [Fatal Error] :1:1: Premature end of file.
2026-03-30 22:09:28,379 [ERROR] LogOutputStream:75 - [STDERR_REDIRECT] 
2026-03-30 22:09:29,381 [ERROR] LogOutputStream:75 - [STDERR_REDIRECT] [Fatal Error] :1:1: Premature end of file.
2026-03-30 22:09:29,381 [ERROR] LogOutputStream:75 - [STDERR_REDIRECT] 
2026-03-30 22:09:30,379 [ERROR] LogOutputStream:75 - [STDERR_REDIRECT] [Fatal Error] :1:1: Premature end of file.
2026-03-30 22:09:30,379 [ERROR] LogOutputStream:75 - [STDERR_REDIRECT] 
2026-03-30 22:09:31,386 [ERROR] LogOutputStream:75 - [STDERR_REDIRECT] [Fatal Error] :1:1: Premature end of file.
2026-03-30 22:09:31,386 [ERROR] LogOutputStream:75 - [STDERR_REDIRECT] 
2026-03-30 22:09:32,378 [ERROR] LogOutputStream:75 - [STDERR_REDIRECT] [Fatal Error] :1:1: Premature end of file.
2026-03-30 22:09:32,378 [ERROR] LogOutputStream:75 - [STDERR_REDIRECT] 
2026-03-30 22:09:33,375 [ERROR] LogOutputStream:75 - [STDERR_REDIRECT] [Fatal Error] :1:1: Premature end of file.
2026-03-30 22:09:33,375 [ERROR] LogOutputStream:75 - [STDERR_REDIRECT] 
2026-03-30 22:09:34,384 [ERROR] LogOutputStream:75 - [STDERR_REDIRECT] [Fatal Error] :1:1: Premature end of file.
2026-03-30 22:09:34,384 [ERROR] LogOutputStream:75 - [STDERR_REDIRECT] 
2026-03-30 22:09:35,377 [ERROR] LogOutputStream:75 - [STDERR_REDIRECT] [Fatal Error] :1:1: Premature end of file.
2026-03-30 22:09:35,377 [ERROR] LogOutputStream:75 - [STDERR_REDIRECT] 
2026-03-30 22:09:36,376 [ERROR] LogOutputStream:75 - [STDERR_REDIRECT] [Fatal Error] :1:1: Premature end of file.
2026-03-30 22:09:36,376 [ERROR] LogOutputStream:75 - [STDERR_REDIRECT] 
2026-03-30 22:09:37,373 [ERROR] LogOutputStream:75 - [STDERR_REDIRECT] [Fatal Error] :1:1: Premature end of file.
2026-03-30 22:09:37,373 [ERROR] LogOutputStream:75 - [STDERR_REDIRECT] 
2026-03-30 22:09:38,381 [ERROR] LogOutputStream:75 - [STDERR_REDIRECT] [Fatal Error] :1:1: Premature end of file.
2026-03-30 22:09:38,381 [ERROR] LogOutputStream:75 - [STDERR_REDIRECT] 
2026-03-30 22:09:39,380 [ERROR] LogOutputStream:75 - [STDERR_REDIRECT] [Fatal Error] :1:1: Premature end of file.
2026-03-30 22:09:39,380 [ERROR] LogOutputStream:75 - [STDERR_REDIRECT] 
2026-03-30 22:09:40,375 [ERROR] LogOutputStream:75 - [STDERR_REDIRECT] [Fatal Error] :1:1: Premature end of file.
2026-03-30 22:09:40,375 [ERROR] LogOutputStream:75 - [STDERR_REDIRECT] 
2026-03-30 22:09:41,380 [ERROR] LogOutputStream:75 - [STDERR_REDIRECT] [Fatal Error] :1:1: Premature end of file.
2026-03-30 22:09:41,380 [ERROR] LogOutputStream:75 - [STDERR_REDIRECT] 
2026-03-30 22:09:42,381 [ERROR] LogOutputStream:75 - [STDERR_REDIRECT] [Fatal Error] :1:1: Premature end of file.
2026-03-30 22:09:42,381 [ERROR] LogOutputStream:75 - [STDERR_REDIRECT] 
2026-03-30 22:09:43,381 [ERROR] LogOutputStream:75 - [STDERR_REDIRECT] [Fatal Error] :1:1: Premature end of file.
2026-03-30 22:09:43,381 [ERROR] LogOutputStream:75 - [STDERR_REDIRECT] 
2026-03-30 22:09:44,376 [ERROR] LogOutputStream:75 - [STDERR_REDIRECT] [Fatal Error] :1:1: Premature end of file.
2026-03-30 22:09:44,376 [ERROR] LogOutputStream:75 - [STDERR_REDIRECT] 
2026-03-30 22:09:45,379 [ERROR] LogOutputStream:75 - [STDERR_REDIRECT] [Fatal Error] :1:1: Premature end of file.
2026-03-30 22:09:45,379 [ERROR] LogOutputStream:75 - [STDERR_REDIRECT] 
2026-03-30 22:09:46,382 [ERROR] LogOutputStream:75 - [STDERR_REDIRECT] [Fatal Error] :1:1: Premature end of file.
2026-03-30 22:09:46,382 [ERROR] LogOutputStream:75 - [STDERR_REDIRECT] 
2026-03-30 22:09:47,384 [ERROR] LogOutputStream:75 - [STDERR_REDIRECT] [Fatal Error] :1:1: Premature end of file.
2026-03-30 22:09:47,384 [ERROR] LogOutputStream:75 - [STDERR_REDIRECT] 
2026-03-30 22:09:48,388 [ERROR] LogOutputStream:75 - [STDERR_REDIRECT] [Fatal Error] :1:1: Premature end of file.
2026-03-30 22:09:48,388 [ERROR] LogOutputStream:75 - [STDERR_REDIRECT] 
2026-03-30 22:09:49,380 [ERROR] LogOutputStream:75 - [STDERR_REDIRECT] [Fatal Error] :1:1: Premature end of file.
2026-03-30 22:09:49,380 [ERROR] LogOutputStream:75 - [STDERR_REDIRECT] 
2026-03-30 22:09:50,371 [ERROR] LogOutputStream:75 - [STDERR_REDIRECT] [Fatal Error] :1:1: Premature end of file.
2026-03-30 22:09:50,371 [ERROR] LogOutputStream:75 - [STDERR_REDIRECT] 
2026-03-30 22:09:51,374 [ERROR] LogOutputStream:75 - [STDERR_REDIRECT] [Fatal Error] :1:1: Premature end of file.
2026-03-30 22:09:51,374 [ERROR] LogOutputStream:75 - [STDERR_REDIRECT] 
2026-03-30 22:09:52,375 [ERROR] LogOutputStream:75 - [STDERR_REDIRECT] [Fatal Error] :1:1: Premature end of file.
2026-03-30 22:09:52,375 [ERROR] LogOutputStream:75 - [STDERR_REDIRECT] 
2026-03-30 22:09:53,378 [ERROR] LogOutputStream:75 - [STDERR_REDIRECT] [Fatal Error] :1:1: Premature end of file.
2026-03-30 22:09:53,378 [ERROR] LogOutputStream:75 - [STDERR_REDIRECT] 
2026-03-30 22:09:54,380 [ERROR] LogOutputStream:75 - [STDERR_REDIRECT] [Fatal Error] :1:1: Premature end of file.
2026-03-30 22:09:54,380 [ERROR] LogOutputStream:75 - [STDERR_REDIRECT] 
2026-03-30 22:09:55,382 [ERROR] LogOutputStream:75 - [STDERR_REDIRECT] [Fatal Error] :1:1: Premature end of file.
2026-03-30 22:09:55,382 [ERROR] LogOutputStream:75 - [STDERR_REDIRECT] 
2026-03-30 22:09:56,379 [ERROR] LogOutputStream:75 - [STDERR_REDIRECT] [Fatal Error] :1:1: Premature end of file.
2026-03-30 22:09:56,379 [ERROR] LogOutputStream:75 - [STDERR_REDIRECT] 
2026-03-30 22:09:57,382 [ERROR] LogOutputStream:75 - [STDERR_REDIRECT] [Fatal Error] :1:1: Premature end of file.
2026-03-30 22:09:57,382 [ERROR] LogOutputStream:75 - [STDERR_REDIRECT] 
2026-03-30 22:09:58,380 [ERROR] LogOutputStream:75 - [STDERR_REDIRECT] [Fatal Error] :1:1: Premature end of file.
2026-03-30 22:09:58,380 [ERROR] LogOutputStream:75 - [STDERR_REDIRECT] 
2026-03-30 22:09:59,378 [ERROR] LogOutputStream:75 - [STDERR_REDIRECT] [Fatal Error] :1:1: Premature end of file.
2026-03-30 22:09:59,382 [ERROR] LogOutputStream:75 - [STDERR_REDIRECT] 
2026-03-30 22:10:00,388 [ERROR] LogOutputStream:75 - [STDERR_REDIRECT] [Fatal Error] :1:1: Premature end of file.
2026-03-30 22:10:00,388 [ERROR] LogOutputStream:75 - [STDERR_REDIRECT] 
2026-03-30 22:10:01,372 [ERROR] LogOutputStream:75 - [STDERR_REDIRECT] [Fatal Error] :1:1: Premature end of file.
2026-03-30 22:10:01,372 [ERROR] LogOutputStream:75 - [STDERR_REDIRECT] 
2026-03-30 22:10:02,378 [ERROR] LogOutputStream:75 - [STDERR_REDIRECT] [Fatal Error] :1:1: Premature end of file.
2026-03-30 22:10:02,378 [ERROR] LogOutputStream:75 - [STDERR_REDIRECT] 
2026-03-30 22:10:03,386 [ERROR] LogOutputStream:75 - [STDERR_REDIRECT] [Fatal Error] :1:1: Premature end of file.
2026-03-30 22:10:03,386 [ERROR] LogOutputStream:75 - [STDERR_REDIRECT] 
2026-03-30 22:10:04,387 [ERROR] LogOutputStream:75 - [STDERR_REDIRECT] [Fatal Error] :1:1: Premature end of file.
2026-03-30 22:10:04,387 [ERROR] LogOutputStream:75 - [STDERR_REDIRECT] 
2026-03-30 22:10:05,378 [ERROR] LogOutputStream:75 - [STDERR_REDIRECT] [Fatal Error] :1:1: Premature end of file.
2026-03-30 22:10:05,378 [ERROR] LogOutputStream:75 - [STDERR_REDIRECT] 
2026-03-30 22:10:06,380 [ERROR] LogOutputStream:75 - [STDERR_REDIRECT] [Fatal Error] :1:1: Premature end of file.
2026-03-30 22:10:06,380 [ERROR] LogOutputStream:75 - [STDERR_REDIRECT] 
2026-03-30 22:10:07,377 [ERROR] LogOutputStream:75 - [STDERR_REDIRECT] [Fatal Error] :1:1: Premature end of file.
2026-03-30 22:10:07,377 [ERROR] LogOutputStream:75 - [STDERR_REDIRECT] 
2026-03-30 22:10:08,383 [ERROR] LogOutputStream:75 - [STDERR_REDIRECT] [Fatal Error] :1:1: Premature end of file.
2026-03-30 22:10:08,383 [ERROR] LogOutputStream:75 - [STDERR_REDIRECT] 
2026-03-30 22:10:09,381 [ERROR] LogOutputStream:75 - [STDERR_REDIRECT] [Fatal Error] :1:1: Premature end of file.
2026-03-30 22:10:09,381 [ERROR] LogOutputStream:75 - [STDERR_REDIRECT] 
2026-03-30 22:10:10,382 [ERROR] LogOutputStream:75 - [STDERR_REDIRECT] [Fatal Error] :1:1: Premature end of file.
2026-03-30 22:10:10,382 [ERROR] LogOutputStream:75 - [STDERR_REDIRECT] 
2026-03-30 22:10:11,372 [ERROR] LogOutputStream:75 - [STDERR_REDIRECT] [Fatal Error] :1:1: Premature end of file.
2026-03-30 22:10:11,372 [ERROR] LogOutputStream:75 - [STDERR_REDIRECT] 
2026-03-30 22:10:12,382 [ERROR] LogOutputStream:75 - [STDERR_REDIRECT] [Fatal Error] :1:1: Premature end of file.
2026-03-30 22:10:12,382 [ERROR] LogOutputStream:75 - [STDERR_REDIRECT] 
2026-03-30 22:10:13,384 [ERROR] LogOutputStream:75 - [STDERR_REDIRECT] [Fatal Error] :1:1: Premature end of file.
2026-03-30 22:10:13,384 [ERROR] LogOutputStream:75 - [STDERR_REDIRECT] 
2026-03-30 22:10:14,377 [ERROR] LogOutputStream:75 - [STDERR_REDIRECT] [Fatal Error] :1:1: Premature end of file.
2026-03-30 22:10:14,377 [ERROR] LogOutputStream:75 - [STDERR_REDIRECT] 
2026-03-30 22:10:15,381 [ERROR] LogOutputStream:75 - [STDERR_REDIRECT] [Fatal Error] :1:1: Premature end of file.
2026-03-30 22:10:15,381 [ERROR] LogOutputStream:75 - [STDERR_REDIRECT] 
2026-03-30 22:10:16,383 [ERROR] LogOutputStream:75 - [STDERR_REDIRECT] [Fatal Error] :1:1: Premature end of file.
2026-03-30 22:10:16,383 [ERROR] LogOutputStream:75 - [STDERR_REDIRECT] 
2026-03-30 22:10:17,382 [ERROR] LogOutputStream:75 - [STDERR_REDIRECT] [Fatal Error] :1:1: Premature end of file.
2026-03-30 22:10:17,382 [ERROR] LogOutputStream:75 - [STDERR_REDIRECT] 
2026-03-30 22:10:18,370 [ERROR] LogOutputStream:75 - [STDERR_REDIRECT] [Fatal Error] :1:1: Premature end of file.
2026-03-30 22:10:18,370 [ERROR] LogOutputStream:75 - [STDERR_REDIRECT] 
2026-03-30 22:10:19,383 [ERROR] LogOutputStream:75 - [STDERR_REDIRECT] [Fatal Error] :1:1: Premature end of file.
2026-03-30 22:10:19,383 [ERROR] LogOutputStream:75 - [STDERR_REDIRECT] 
2026-03-30 22:10:20,382 [ERROR] LogOutputStream:75 - [STDERR_REDIRECT] [Fatal Error] :1:1: Premature end of file.
2026-03-30 22:10:20,382 [ERROR] LogOutputStream:75 - [STDERR_REDIRECT] 
2026-03-30 22:10:21,393 [ERROR] LogOutputStream:75 - [STDERR_REDIRECT] [Fatal Error] :1:1: Premature end of file.
2026-03-30 22:10:21,393 [ERROR] LogOutputStream:75 - [STDERR_REDIRECT] 
2026-03-30 22:10:22,374 [ERROR] LogOutputStream:75 - [STDERR_REDIRECT] [Fatal Error] :1:1: Premature end of file.
2026-03-30 22:10:22,374 [ERROR] LogOutputStream:75 - [STDERR_REDIRECT] 
2026-03-30 22:10:23,385 [ERROR] LogOutputStream:75 - [STDERR_REDIRECT] [Fatal Error] :1:1: Premature end of file.
2026-03-30 22:10:23,386 [ERROR] LogOutputStream:75 - [STDERR_REDIRECT] 
2026-03-30 22:10:24,384 [ERROR] LogOutputStream:75 - [STDERR_REDIRECT] [Fatal Error] :1:1: Premature end of file.
2026-03-30 22:10:24,384 [ERROR] LogOutputStream:75 - [STDERR_REDIRECT] 
2026-03-30 22:10:25,387 [ERROR] LogOutputStream:75 - [STDERR_REDIRECT] [Fatal Error] :1:1: Premature end of file.
2026-03-30 22:10:25,388 [ERROR] LogOutputStream:75 - [STDERR_REDIRECT] 
2026-03-30 22:10:26,379 [ERROR] LogOutputStream:75 - [STDERR_REDIRECT] [Fatal Error] :1:1: Premature end of file.
2026-03-30 22:10:26,380 [ERROR] LogOutputStream:75 - [STDERR_REDIRECT] 
2026-03-30 22:10:27,384 [ERROR] LogOutputStream:75 - [STDERR_REDIRECT] [Fatal Error] :1:1: Premature end of file.
2026-03-30 22:10:27,384 [ERROR] LogOutputStream:75 - [STDERR_REDIRECT] 
2026-03-30 22:10:28,384 [ERROR] LogOutputStream:75 - [STDERR_REDIRECT] [Fatal Error] :1:1: Premature end of file.
2026-03-30 22:10:28,384 [ERROR] LogOutputStream:75 - [STDERR_REDIRECT] 
2026-03-30 22:10:29,388 [ERROR] LogOutputStream:75 - [STDERR_REDIRECT] [Fatal Error] :1:1: Premature end of file.
2026-03-30 22:10:29,388 [ERROR] LogOutputStream:75 - [STDERR_REDIRECT] 
2026-03-30 22:10:30,392 [ERROR] LogOutputStream:75 - [STDERR_REDIRECT] [Fatal Error] :1:1: Premature end of file.
2026-03-30 22:10:30,392 [ERROR] LogOutputStream:75 - [STDERR_REDIRECT] 
2026-03-30 22:10:31,389 [ERROR] LogOutputStream:75 - [STDERR_REDIRECT] [Fatal Error] :1:1: Premature end of file.
2026-03-30 22:10:31,389 [ERROR] LogOutputStream:75 - [STDERR_REDIRECT] 
2026-03-30 22:10:32,398 [ERROR] LogOutputStream:75 - [STDERR_REDIRECT] [Fatal Error] :1:1: Premature end of file.
2026-03-30 22:10:32,398 [ERROR] LogOutputStream:75 - [STDERR_REDIRECT] 
2026-03-30 22:10:33,384 [ERROR] LogOutputStream:75 - [STDERR_REDIRECT] [Fatal Error] :1:1: Premature end of file.
2026-03-30 22:10:33,384 [ERROR] LogOutputStream:75 - [STDERR_REDIRECT] 
2026-03-30 22:10:34,390 [ERROR] LogOutputStream:75 - [STDERR_REDIRECT] [Fatal Error] :1:1: Premature end of file.
2026-03-30 22:10:34,391 [ERROR] LogOutputStream:75 - [STDERR_REDIRECT] 
2026-03-30 22:10:35,381 [ERROR] LogOutputStream:75 - [STDERR_REDIRECT] [Fatal Error] :1:1: Premature end of file.
2026-03-30 22:10:35,381 [ERROR] LogOutputStream:75 - [STDERR_REDIRECT] 
2026-03-30 22:10:36,376 [ERROR] LogOutputStream:75 - [STDERR_REDIRECT] [Fatal Error] :1:1: Premature end of file.
2026-03-30 22:10:36,376 [ERROR] LogOutputStream:75 - [STDERR_REDIRECT] 
2026-03-30 22:10:37,383 [ERROR] LogOutputStream:75 - [STDERR_REDIRECT] [Fatal Error] :1:1: Premature end of file.
2026-03-30 22:10:37,383 [ERROR] LogOutputStream:75 - [STDERR_REDIRECT] 
2026-03-30 22:10:38,384 [ERROR] LogOutputStream:75 - [STDERR_REDIRECT] [Fatal Error] :1:1: Premature end of file.
2026-03-30 22:10:38,384 [ERROR] LogOutputStream:75 - [STDERR_REDIRECT] 
2026-03-30 22:10:39,393 [ERROR] LogOutputStream:75 - [STDERR_REDIRECT] [Fatal Error] :1:1: Premature end of file.
2026-03-30 22:10:39,393 [ERROR] LogOutputStream:75 - [STDERR_REDIRECT] 
2026-03-30 22:10:40,383 [ERROR] LogOutputStream:75 - [STDERR_REDIRECT] [Fatal Error] :1:1: Premature end of file.
2026-03-30 22:10:40,383 [ERROR] LogOutputStream:75 - [STDERR_REDIRECT] 
2026-03-30 22:10:41,376 [ERROR] LogOutputStream:75 - [STDERR_REDIRECT] [Fatal Error] :1:1: Premature end of file.
2026-03-30 22:10:41,376 [ERROR] LogOutputStream:75 - [STDERR_REDIRECT] 
2026-03-30 22:10:42,387 [ERROR] LogOutputStream:75 - [STDERR_REDIRECT] [Fatal Error] :1:1: Premature end of file.
2026-03-30 22:10:42,387 [ERROR] LogOutputStream:75 - [STDERR_REDIRECT] 
2026-03-30 22:10:43,391 [ERROR] LogOutputStream:75 - [STDERR_REDIRECT] [Fatal Error] :1:1: Premature end of file.
2026-03-30 22:10:43,391 [ERROR] LogOutputStream:75 - [STDERR_REDIRECT] 
2026-03-30 22:10:44,389 [ERROR] LogOutputStream:75 - [STDERR_REDIRECT] [Fatal Error] :1:1: Premature end of file.
2026-03-30 22:10:44,389 [ERROR] LogOutputStream:75 - [STDERR_REDIRECT] 
2026-03-30 22:10:45,384 [ERROR] LogOutputStream:75 - [STDERR_REDIRECT] [Fatal Error] :1:1: Premature end of file.
2026-03-30 22:10:45,384 [ERROR] LogOutputStream:75 - [STDERR_REDIRECT] 
2026-03-30 22:10:46,379 [ERROR] LogOutputStream:75 - [STDERR_REDIRECT] [Fatal Error] :1:1: Premature end of file.
2026-03-30 22:10:46,379 [ERROR] LogOutputStream:75 - [STDERR_REDIRECT] 
2026-03-30 22:10:47,384 [ERROR] LogOutputStream:75 - [STDERR_REDIRECT] [Fatal Error] :1:1: Premature end of file.
2026-03-30 22:10:47,384 [ERROR] LogOutputStream:75 - [STDERR_REDIRECT] 
2026-03-30 22:10:48,384 [ERROR] LogOutputStream:75 - [STDERR_REDIRECT] [Fatal Error] :1:1: Premature end of file.
2026-03-30 22:10:48,384 [ERROR] LogOutputStream:75 - [STDERR_REDIRECT] 
2026-03-30 22:10:49,389 [ERROR] LogOutputStream:75 - [STDERR_REDIRECT] [Fatal Error] :1:1: Premature end of file.
2026-03-30 22:10:49,389 [ERROR] LogOutputStream:75 - [STDERR_REDIRECT] 
2026-03-30 22:10:50,383 [ERROR] LogOutputStream:75 - [STDERR_REDIRECT] [Fatal Error] :1:1: Premature end of file.
2026-03-30 22:10:50,383 [ERROR] LogOutputStream:75 - [STDERR_REDIRECT] 
2026-03-30 22:10:51,381 [ERROR] LogOutputStream:75 - [STDERR_REDIRECT] [Fatal Error] :1:1: Premature end of file.
2026-03-30 22:10:51,381 [ERROR] LogOutputStream:75 - [STDERR_REDIRECT] 
2026-03-30 22:10:52,384 [ERROR] LogOutputStream:75 - [STDERR_REDIRECT] [Fatal Error] :1:1: Premature end of file.
2026-03-30 22:10:52,384 [ERROR] LogOutputStream:75 - [STDERR_REDIRECT] 
2026-03-30 22:10:53,389 [ERROR] LogOutputStream:75 - [STDERR_REDIRECT] [Fatal Error] :1:1: Premature end of file.
2026-03-30 22:10:53,389 [ERROR] LogOutputStream:75 - [STDERR_REDIRECT] 
2026-03-30 22:10:54,391 [ERROR] LogOutputStream:75 - [STDERR_REDIRECT] [Fatal Error] :1:1: Premature end of file.
2026-03-30 22:10:54,391 [ERROR] LogOutputStream:75 - [STDERR_REDIRECT] 
2026-03-30 22:10:55,388 [ERROR] LogOutputStream:75 - [STDERR_REDIRECT] [Fatal Error] :1:1: Premature end of file.
2026-03-30 22:10:55,388 [ERROR] LogOutputStream:75 - [STDERR_REDIRECT] 
2026-03-30 22:10:56,383 [ERROR] LogOutputStream:75 - [STDERR_REDIRECT] [Fatal Error] :1:1: Premature end of file.
2026-03-30 22:10:56,383 [ERROR] LogOutputStream:75 - [STDERR_REDIRECT] 
2026-03-30 22:10:57,384 [ERROR] LogOutputStream:75 - [STDERR_REDIRECT] [Fatal Error] :1:1: Premature end of file.
2026-03-30 22:10:57,384 [ERROR] LogOutputStream:75 - [STDERR_REDIRECT] 
2026-03-30 22:10:58,388 [ERROR] LogOutputStream:75 - [STDERR_REDIRECT] [Fatal Error] :1:1: Premature end of file.
2026-03-30 22:10:58,388 [ERROR] LogOutputStream:75 - [STDERR_REDIRECT] 
2026-03-30 22:10:59,388 [ERROR] LogOutputStream:75 - [STDERR_REDIRECT] [Fatal Error] :1:1: Premature end of file.
2026-03-30 22:10:59,388 [ERROR] LogOutputStream:75 - [STDERR_REDIRECT] 
2026-03-30 22:11:00,384 [ERROR] LogOutputStream:75 - [STDERR_REDIRECT] [Fatal Error] :1:1: Premature end of file.
2026-03-30 22:11:00,384 [ERROR] LogOutputStream:75 - [STDERR_REDIRECT] 
2026-03-30 22:11:01,389 [ERROR] LogOutputStream:75 - [STDERR_REDIRECT] [Fatal Error] :1:1: Premature end of file.
2026-03-30 22:11:01,389 [ERROR] LogOutputStream:75 - [STDERR_REDIRECT] 
2026-03-30 22:11:02,382 [ERROR] LogOutputStream:75 - [STDERR_REDIRECT] [Fatal Error] :1:1: Premature end of file.
2026-03-30 22:11:02,382 [ERROR] LogOutputStream:75 - [STDERR_REDIRECT] 
2026-03-30 22:11:03,383 [ERROR] LogOutputStream:75 - [STDERR_REDIRECT] [Fatal Error] :1:1: Premature end of file.
2026-03-30 22:11:03,383 [ERROR] LogOutputStream:75 - [STDERR_REDIRECT] 
2026-03-30 22:11:04,383 [ERROR] LogOutputStream:75 - [STDERR_REDIRECT] [Fatal Error] :1:1: Premature end of file.
2026-03-30 22:11:04,383 [ERROR] LogOutputStream:75 - [STDERR_REDIRECT] 
2026-03-30 22:11:05,383 [ERROR] LogOutputStream:75 - [STDERR_REDIRECT] [Fatal Error] :1:1: Premature end of file.
2026-03-30 22:11:05,383 [ERROR] LogOutputStream:75 - [STDERR_REDIRECT] 
2026-03-30 22:11:06,385 [ERROR] LogOutputStream:75 - [STDERR_REDIRECT] [Fatal Error] :1:1: Premature end of file.
2026-03-30 22:11:06,385 [ERROR] LogOutputStream:75 - [STDERR_REDIRECT] 
2026-03-30 22:11:07,384 [ERROR] LogOutputStream:75 - [STDERR_REDIRECT] [Fatal Error] :1:1: Premature end of file.
2026-03-30 22:11:07,384 [ERROR] LogOutputStream:75 - [STDERR_REDIRECT] 
2026-03-30 22:11:08,391 [ERROR] LogOutputStream:75 - [STDERR_REDIRECT] [Fatal Error] :1:1: Premature end of file.
2026-03-30 22:11:08,391 [ERROR] LogOutputStream:75 - [STDERR_REDIRECT] 
2026-03-30 22:11:09,389 [ERROR] LogOutputStream:75 - [STDERR_REDIRECT] [Fatal Error] :1:1: Premature end of file.
2026-03-30 22:11:09,389 [ERROR] LogOutputStream:75 - [STDERR_REDIRECT] 
2026-03-30 22:11:10,389 [ERROR] LogOutputStream:75 - [STDERR_REDIRECT] [Fatal Error] :1:1: Premature end of file.
2026-03-30 22:11:10,389 [ERROR] LogOutputStream:75 - [STDERR_REDIRECT] 
2026-03-30 22:11:11,383 [ERROR] LogOutputStream:75 - [STDERR_REDIRECT] [Fatal Error] :1:1: Premature end of file.
2026-03-30 22:11:11,383 [ERROR] LogOutputStream:75 - [STDERR_REDIRECT] 
2026-03-30 22:11:12,391 [ERROR] LogOutputStream:75 - [STDERR_REDIRECT] [Fatal Error] :1:1: Premature end of file.
2026-03-30 22:11:12,391 [ERROR] LogOutputStream:75 - [STDERR_REDIRECT] 
2026-03-30 22:11:13,380 [ERROR] LogOutputStream:75 - [STDERR_REDIRECT] [Fatal Error] :1:1: Premature end of file.
2026-03-30 22:11:13,381 [ERROR] LogOutputStream:75 - [STDERR_REDIRECT] 
2026-03-30 22:11:14,396 [ERROR] LogOutputStream:75 - [STDERR_REDIRECT] [Fatal Error] :1:1: Premature end of file.
2026-03-30 22:11:14,396 [ERROR] LogOutputStream:75 - [STDERR_REDIRECT] 
2026-03-30 22:11:15,392 [ERROR] LogOutputStream:75 - [STDERR_REDIRECT] [Fatal Error] :1:1: Premature end of file.
2026-03-30 22:11:15,393 [ERROR] LogOutputStream:75 - [STDERR_REDIRECT] 
2026-03-30 22:11:16,384 [ERROR] LogOutputStream:75 - [STDERR_REDIRECT] [Fatal Error] :1:1: Premature end of file.
2026-03-30 22:11:16,384 [ERROR] LogOutputStream:75 - [STDERR_REDIRECT] 
2026-03-30 22:11:17,391 [ERROR] LogOutputStream:75 - [STDERR_REDIRECT] [Fatal Error] :1:1: Premature end of file.
2026-03-30 22:11:17,391 [ERROR] LogOutputStream:75 - [STDERR_REDIRECT] 
2026-03-30 22:11:18,384 [ERROR] LogOutputStream:75 - [STDERR_REDIRECT] [Fatal Error] :1:1: Premature end of file.
2026-03-30 22:11:18,384 [ERROR] LogOutputStream:75 - [STDERR_REDIRECT] 
2026-03-30 22:11:19,391 [ERROR] LogOutputStream:75 - [STDERR_REDIRECT] [Fatal Error] :1:1: Premature end of file.
2026-03-30 22:11:19,391 [ERROR] LogOutputStream:75 - [STDERR_REDIRECT] 
2026-03-30 22:11:20,382 [ERROR] LogOutputStream:75 - [STDERR_REDIRECT] [Fatal Error] :1:1: Premature end of file.
2026-03-30 22:11:20,382 [ERROR] LogOutputStream:75 - [STDERR_REDIRECT] 
2026-03-30 22:11:21,367 [ERROR] LogOutputStream:75 - [STDERR_REDIRECT] [Fatal Error] :1:1: Premature end of file.
2026-03-30 22:11:21,367 [ERROR] LogOutputStream:75 - [STDERR_REDIRECT] 
2026-03-30 22:11:22,382 [ERROR] LogOutputStream:75 - [STDERR_REDIRECT] [Fatal Error] :1:1: Premature end of file.
2026-03-30 22:11:22,382 [ERROR] LogOutputStream:75 - [STDERR_REDIRECT] 
2026-03-30 22:11:23,392 [ERROR] LogOutputStream:75 - [STDERR_REDIRECT] [Fatal Error] :1:1: Premature end of file.
2026-03-30 22:11:23,392 [ERROR] LogOutputStream:75 - [STDERR_REDIRECT] 
2026-03-30 22:11:24,390 [ERROR] LogOutputStream:75 - [STDERR_REDIRECT] [Fatal Error] :1:1: Premature end of file.
2026-03-30 22:11:24,390 [ERROR] LogOutputStream:75 - [STDERR_REDIRECT] 
2026-03-30 22:11:25,386 [ERROR] LogOutputStream:75 - [STDERR_REDIRECT] [Fatal Error] :1:1: Premature end of file.
2026-03-30 22:11:25,386 [ERROR] LogOutputStream:75 - [STDERR_REDIRECT] 
2026-03-30 22:11:26,382 [ERROR] LogOutputStream:75 - [STDERR_REDIRECT] [Fatal Error] :1:1: Premature end of file.
2026-03-30 22:11:26,382 [ERROR] LogOutputStream:75 - [STDERR_REDIRECT] 
2026-03-30 22:11:27,382 [ERROR] LogOutputStream:75 - [STDERR_REDIRECT] [Fatal Error] :1:1: Premature end of file.
2026-03-30 22:11:27,382 [ERROR] LogOutputStream:75 - [STDERR_REDIRECT] 
2026-03-30 22:11:28,385 [ERROR] LogOutputStream:75 - [STDERR_REDIRECT] [Fatal Error] :1:1: Premature end of file.
2026-03-30 22:11:28,385 [ERROR] LogOutputStream:75 - [STDERR_REDIRECT] 
2026-03-30 22:11:29,393 [ERROR] LogOutputStream:75 - [STDERR_REDIRECT] [Fatal Error] :1:1: Premature end of file.
2026-03-30 22:11:29,393 [ERROR] LogOutputStream:75 - [STDERR_REDIRECT] 
2026-03-30 22:11:30,389 [ERROR] LogOutputStream:75 - [STDERR_REDIRECT] [Fatal Error] :1:1: Premature end of file.
2026-03-30 22:11:30,389 [ERROR] LogOutputStream:75 - [STDERR_REDIRECT] 
2026-03-30 22:11:31,384 [ERROR] LogOutputStream:75 - [STDERR_REDIRECT] [Fatal Error] :1:1: Premature end of file.
2026-03-30 22:11:31,384 [ERROR] LogOutputStream:75 - [STDERR_REDIRECT] 
2026-03-30 22:11:32,385 [ERROR] LogOutputStream:75 - [STDERR_REDIRECT] [Fatal Error] :1:1: Premature end of file.
2026-03-30 22:11:32,385 [ERROR] LogOutputStream:75 - [STDERR_REDIRECT] 
2026-03-30 22:11:33,390 [ERROR] LogOutputStream:75 - [STDERR_REDIRECT] [Fatal Error] :1:1: Premature end of file.
2026-03-30 22:11:33,390 [ERROR] LogOutputStream:75 - [STDERR_REDIRECT] 
2026-03-30 22:11:34,389 [ERROR] LogOutputStream:75 - [STDERR_REDIRECT] [Fatal Error] :1:1: Premature end of file.
2026-03-30 22:11:34,389 [ERROR] LogOutputStream:75 - [STDERR_REDIRECT] 
2026-03-30 22:11:35,381 [ERROR] LogOutputStream:75 - [STDERR_REDIRECT] [Fatal Error] :1:1: Premature end of file.
2026-03-30 22:11:35,381 [ERROR] LogOutputStream:75 - [STDERR_REDIRECT] 
2026-03-30 22:11:36,385 [ERROR] LogOutputStream:75 - [STDERR_REDIRECT] [Fatal Error] :1:1: Premature end of file.
2026-03-30 22:11:36,385 [ERROR] LogOutputStream:75 - [STDERR_REDIRECT] 
2026-03-30 22:11:37,391 [ERROR] LogOutputStream:75 - [STDERR_REDIRECT] [Fatal Error] :1:1: Premature end of file.
2026-03-30 22:11:37,391 [ERROR] LogOutputStream:75 - [STDERR_REDIRECT] 
2026-03-30 22:11:38,391 [ERROR] LogOutputStream:75 - [STDERR_REDIRECT] [Fatal Error] :1:1: Premature end of file.
2026-03-30 22:11:38,391 [ERROR] LogOutputStream:75 - [STDERR_REDIRECT] 
2026-03-30 22:11:39,385 [ERROR] LogOutputStream:75 - [STDERR_REDIRECT] [Fatal Error] :1:1: Premature end of file.
2026-03-30 22:11:39,385 [ERROR] LogOutputStream:75 - [STDERR_REDIRECT] 
2026-03-30 22:11:40,383 [ERROR] LogOutputStream:75 - [STDERR_REDIRECT] [Fatal Error] :1:1: Premature end of file.
2026-03-30 22:11:40,383 [ERROR] LogOutputStream:75 - [STDERR_REDIRECT] 
2026-03-30 22:11:41,389 [ERROR] LogOutputStream:75 - [STDERR_REDIRECT] [Fatal Error] :1:1: Premature end of file.
2026-03-30 22:11:41,390 [ERROR] LogOutputStream:75 - [STDERR_REDIRECT] 
2026-03-30 22:11:42,392 [ERROR] LogOutputStream:75 - [STDERR_REDIRECT] [Fatal Error] :1:1: Premature end of file.
2026-03-30 22:11:42,392 [ERROR] LogOutputStream:75 - [STDERR_REDIRECT] 
2026-03-30 22:11:43,380 [ERROR] LogOutputStream:75 - [STDERR_REDIRECT] [Fatal Error] :1:1: Premature end of file.
2026-03-30 22:11:43,380 [ERROR] LogOutputStream:75 - [STDERR_REDIRECT] 
2026-03-30 22:11:44,392 [ERROR] LogOutputStream:75 - [STDERR_REDIRECT] [Fatal Error] :1:1: Premature end of file.
2026-03-30 22:11:44,392 [ERROR] LogOutputStream:75 - [STDERR_REDIRECT] 
2026-03-30 22:11:45,381 [ERROR] LogOutputStream:75 - [STDERR_REDIRECT] [Fatal Error] :1:1: Premature end of file.
2026-03-30 22:11:45,381 [ERROR] LogOutputStream:75 - [STDERR_REDIRECT] 
2026-03-30 22:11:46,382 [ERROR] LogOutputStream:75 - [STDERR_REDIRECT] [Fatal Error] :1:1: Premature end of file.
2026-03-30 22:11:46,382 [ERROR] LogOutputStream:75 - [STDERR_REDIRECT] 
2026-03-30 22:11:47,386 [ERROR] LogOutputStream:75 - [STDERR_REDIRECT] [Fatal Error] :1:1: Premature end of file.
2026-03-30 22:11:47,386 [ERROR] LogOutputStream:75 - [STDERR_REDIRECT] 
2026-03-30 22:11:48,390 [ERROR] LogOutputStream:75 - [STDERR_REDIRECT] [Fatal Error] :1:1: Premature end of file.
2026-03-30 22:11:48,390 [ERROR] LogOutputStream:75 - [STDERR_REDIRECT] 
2026-03-30 22:11:49,391 [ERROR] LogOutputStream:75 - [STDERR_REDIRECT] [Fatal Error] :1:1: Premature end of file.
2026-03-30 22:11:49,391 [ERROR] LogOutputStream:75 - [STDERR_REDIRECT] 
2026-03-30 22:11:50,384 [ERROR] LogOutputStream:75 - [STDERR_REDIRECT] [Fatal Error] :1:1: Premature end of file.
2026-03-30 22:11:50,384 [ERROR] LogOutputStream:75 - [STDERR_REDIRECT] 
2026-03-30 22:11:51,390 [ERROR] LogOutputStream:75 - [STDERR_REDIRECT] [Fatal Error] :1:1: Premature end of file.
2026-03-30 22:11:51,390 [ERROR] LogOutputStream:75 - [STDERR_REDIRECT] 
2026-03-30 22:11:52,390 [ERROR] LogOutputStream:75 - [STDERR_REDIRECT] [Fatal Error] :1:1: Premature end of file.
2026-03-30 22:11:52,390 [ERROR] LogOutputStream:75 - [STDERR_REDIRECT] 
2026-03-30 22:11:53,379 [ERROR] LogOutputStream:75 - [STDERR_REDIRECT] [Fatal Error] :1:1: Premature end of file.
2026-03-30 22:11:53,379 [ERROR] LogOutputStream:75 - [STDERR_REDIRECT] 
2026-03-30 22:11:54,391 [ERROR] LogOutputStream:75 - [STDERR_REDIRECT] [Fatal Error] :1:1: Premature end of file.
2026-03-30 22:11:54,391 [ERROR] LogOutputStream:75 - [STDERR_REDIRECT] 
2026-03-30 22:11:55,386 [ERROR] LogOutputStream:75 - [STDERR_REDIRECT] [Fatal Error] :1:1: Premature end of file.
2026-03-30 22:11:55,386 [ERROR] LogOutputStream:75 - [STDERR_REDIRECT] 
2026-03-30 22:11:56,383 [ERROR] LogOutputStream:75 - [STDERR_REDIRECT] [Fatal Error] :1:1: Premature end of file.
2026-03-30 22:11:56,383 [ERROR] LogOutputStream:75 - [STDERR_REDIRECT] 
2026-03-30 22:11:57,391 [ERROR] LogOutputStream:75 - [STDERR_REDIRECT] [Fatal Error] :1:1: Premature end of file.
2026-03-30 22:11:57,391 [ERROR] LogOutputStream:75 - [STDERR_REDIRECT] 
2026-03-30 22:11:58,384 [ERROR] LogOutputStream:75 - [STDERR_REDIRECT] [Fatal Error] :1:1: Premature end of file.
2026-03-30 22:11:58,384 [ERROR] LogOutputStream:75 - [STDERR_REDIRECT] 
2026-03-30 22:11:59,397 [ERROR] LogOutputStream:75 - [STDERR_REDIRECT] [Fatal Error] :1:1: Premature end of file.
2026-03-30 22:11:59,397 [ERROR] LogOutputStream:75 - [STDERR_REDIRECT] 
2026-03-30 22:12:00,385 [ERROR] LogOutputStream:75 - [STDERR_REDIRECT] [Fatal Error] :1:1: Premature end of file.
2026-03-30 22:12:00,385 [ERROR] LogOutputStream:75 - [STDERR_REDIRECT] 
2026-03-30 22:12:01,385 [ERROR] LogOutputStream:75 - [STDERR_REDIRECT] [Fatal Error] :1:1: Premature end of file.
2026-03-30 22:12:01,385 [ERROR] LogOutputStream:75 - [STDERR_REDIRECT] 
2026-03-30 22:12:02,387 [ERROR] LogOutputStream:75 - [STDERR_REDIRECT] [Fatal Error] :1:1: Premature end of file.
2026-03-30 22:12:02,387 [ERROR] LogOutputStream:75 - [STDERR_REDIRECT] 
2026-03-30 22:12:03,390 [ERROR] LogOutputStream:75 - [STDERR_REDIRECT] [Fatal Error] :1:1: Premature end of file.
2026-03-30 22:12:03,390 [ERROR] LogOutputStream:75 - [STDERR_REDIRECT] 
2026-03-30 22:12:04,391 [ERROR] LogOutputStream:75 - [STDERR_REDIRECT] [Fatal Error] :1:1: Premature end of file.
2026-03-30 22:12:04,391 [ERROR] LogOutputStream:75 - [STDERR_REDIRECT] 
2026-03-30 22:12:05,384 [ERROR] LogOutputStream:75 - [STDERR_REDIRECT] [Fatal Error] :1:1: Premature end of file.
2026-03-30 22:12:05,384 [ERROR] LogOutputStream:75 - [STDERR_REDIRECT] 
2026-03-30 22:12:06,385 [ERROR] LogOutputStream:75 - [STDERR_REDIRECT] [Fatal Error] :1:1: Premature end of file.
2026-03-30 22:12:06,385 [ERROR] LogOutputStream:75 - [STDERR_REDIRECT] 
2026-03-30 22:12:07,394 [ERROR] LogOutputStream:75 - [STDERR_REDIRECT] [Fatal Error] :1:1: Premature end of file.
2026-03-30 22:12:07,394 [ERROR] LogOutputStream:75 - [STDERR_REDIRECT] 
2026-03-30 22:12:08,371 [ERROR] LogOutputStream:75 - [STDERR_REDIRECT] [Fatal Error] :1:1: Premature end of file.
2026-03-30 22:12:08,371 [ERROR] LogOutputStream:75 - [STDERR_REDIRECT] 
2026-03-30 22:12:09,384 [ERROR] LogOutputStream:75 - [STDERR_REDIRECT] [Fatal Error] :1:1: Premature end of file.
2026-03-30 22:12:09,384 [ERROR] LogOutputStream:75 - [STDERR_REDIRECT] 
2026-03-30 22:12:10,370 [ERROR] LogOutputStream:75 - [STDERR_REDIRECT] [Fatal Error] :1:1: Premature end of file.
2026-03-30 22:12:10,370 [ERROR] LogOutputStream:75 - [STDERR_REDIRECT] 
2026-03-30 22:12:11,373 [ERROR] LogOutputStream:75 - [STDERR_REDIRECT] [Fatal Error] :1:1: Premature end of file.
2026-03-30 22:12:11,373 [ERROR] LogOutputStream:75 - [STDERR_REDIRECT] 
2026-03-30 22:12:12,376 [ERROR] LogOutputStream:75 - [STDERR_REDIRECT] [Fatal Error] :1:1: Premature end of file.
2026-03-30 22:12:12,376 [ERROR] LogOutputStream:75 - [STDERR_REDIRECT] 
2026-03-30 22:12:13,377 [ERROR] LogOutputStream:75 - [STDERR_REDIRECT] [Fatal Error] :1:1: Premature end of file.
2026-03-30 22:12:13,377 [ERROR] LogOutputStream:75 - [STDERR_REDIRECT] 
2026-03-30 22:12:14,380 [ERROR] LogOutputStream:75 - [STDERR_REDIRECT] [Fatal Error] :1:1: Premature end of file.
2026-03-30 22:12:14,380 [ERROR] LogOutputStream:75 - [STDERR_REDIRECT] 
2026-03-30 22:12:15,383 [ERROR] LogOutputStream:75 - [STDERR_REDIRECT] [Fatal Error] :1:1: Premature end of file.
2026-03-30 22:12:15,383 [ERROR] LogOutputStream:75 - [STDERR_REDIRECT] 
2026-03-30 22:12:16,385 [ERROR] LogOutputStream:75 - [STDERR_REDIRECT] [Fatal Error] :1:1: Premature end of file.
2026-03-30 22:12:16,385 [ERROR] LogOutputStream:75 - [STDERR_REDIRECT] 
2026-03-30 22:12:17,383 [ERROR] LogOutputStream:75 - [STDERR_REDIRECT] [Fatal Error] :1:1: Premature end of file.
2026-03-30 22:12:17,383 [ERROR] LogOutputStream:75 - [STDERR_REDIRECT] 
2026-03-30 22:12:18,370 [ERROR] LogOutputStream:75 - [STDERR_REDIRECT] [Fatal Error] :1:1: Premature end of file.
2026-03-30 22:12:18,370 [ERROR] LogOutputStream:75 - [STDERR_REDIRECT] 
2026-03-30 22:12:19,369 [ERROR] LogOutputStream:75 - [STDERR_REDIRECT] [Fatal Error] :1:1: Premature end of file.
2026-03-30 22:12:19,369 [ERROR] LogOutputStream:75 - [STDERR_REDIRECT] 
2026-03-30 22:12:20,373 [ERROR] LogOutputStream:75 - [STDERR_REDIRECT] [Fatal Error] :1:1: Premature end of file.
2026-03-30 22:12:20,373 [ERROR] LogOutputStream:75 - [STDERR_REDIRECT] 
2026-03-30 22:12:21,376 [ERROR] LogOutputStream:75 - [STDERR_REDIRECT] [Fatal Error] :1:1: Premature end of file.
2026-03-30 22:12:21,376 [ERROR] LogOutputStream:75 - [STDERR_REDIRECT] 
2026-03-30 22:12:22,378 [ERROR] LogOutputStream:75 - [STDERR_REDIRECT] [Fatal Error] :1:1: Premature end of file.
2026-03-30 22:12:22,378 [ERROR] LogOutputStream:75 - [STDERR_REDIRECT] 
2026-03-30 22:12:23,380 [ERROR] LogOutputStream:75 - [STDERR_REDIRECT] [Fatal Error] :1:1: Premature end of file.
2026-03-30 22:12:23,380 [ERROR] LogOutputStream:75 - [STDERR_REDIRECT] 
2026-03-30 22:12:24,383 [ERROR] LogOutputStream:75 - [STDERR_REDIRECT] [Fatal Error] :1:1: Premature end of file.
2026-03-30 22:12:24,383 [ERROR] LogOutputStream:75 - [STDERR_REDIRECT] 
2026-03-30 22:12:25,386 [ERROR] LogOutputStream:75 - [STDERR_REDIRECT] [Fatal Error] :1:1: Premature end of file.
2026-03-30 22:12:25,386 [ERROR] LogOutputStream:75 - [STDERR_REDIRECT] 
2026-03-30 22:12:26,382 [ERROR] LogOutputStream:75 - [STDERR_REDIRECT] [Fatal Error] :1:1: Premature end of file.
2026-03-30 22:12:26,382 [ERROR] LogOutputStream:75 - [STDERR_REDIRECT] 
2026-03-30 22:12:27,369 [ERROR] LogOutputStream:75 - [STDERR_REDIRECT] [Fatal Error] :1:1: Premature end of file.
2026-03-30 22:12:27,369 [ERROR] LogOutputStream:75 - [STDERR_REDIRECT] 
2026-03-30 22:12:28,373 [ERROR] LogOutputStream:75 - [STDERR_REDIRECT] [Fatal Error] :1:1: Premature end of file.
2026-03-30 22:12:28,373 [ERROR] LogOutputStream:75 - [STDERR_REDIRECT] 
2026-03-30 22:12:29,378 [ERROR] LogOutputStream:75 - [STDERR_REDIRECT] [Fatal Error] :1:1: Premature end of file.
2026-03-30 22:12:29,378 [ERROR] LogOutputStream:75 - [STDERR_REDIRECT] 
2026-03-30 22:12:30,376 [ERROR] LogOutputStream:75 - [STDERR_REDIRECT] [Fatal Error] :1:1: Premature end of file.
2026-03-30 22:12:30,376 [ERROR] LogOutputStream:75 - [STDERR_REDIRECT] 
2026-03-30 22:12:31,380 [ERROR] LogOutputStream:75 - [STDERR_REDIRECT] [Fatal Error] :1:1: Premature end of file.
2026-03-30 22:12:31,380 [ERROR] LogOutputStream:75 - [STDERR_REDIRECT] 
2026-03-30 22:12:32,383 [ERROR] LogOutputStream:75 - [STDERR_REDIRECT] [Fatal Error] :1:1: Premature end of file.
2026-03-30 22:12:32,383 [ERROR] LogOutputStream:75 - [STDERR_REDIRECT] 
2026-03-30 22:12:33,387 [ERROR] LogOutputStream:75 - [STDERR_REDIRECT] [Fatal Error] :1:1: Premature end of file.
2026-03-30 22:12:33,387 [ERROR] LogOutputStream:75 - [STDERR_REDIRECT] 
2026-03-30 22:12:34,377 [ERROR] LogOutputStream:75 - [STDERR_REDIRECT] [Fatal Error] :1:1: Premature end of file.
2026-03-30 22:12:34,377 [ERROR] LogOutputStream:75 - [STDERR_REDIRECT] 
2026-03-30 22:12:35,389 [ERROR] LogOutputStream:75 - [STDERR_REDIRECT] [Fatal Error] :1:1: Premature end of file.
2026-03-30 22:12:35,389 [ERROR] LogOutputStream:75 - [STDERR_REDIRECT] 
2026-03-30 22:12:36,383 [ERROR] LogOutputStream:75 - [STDERR_REDIRECT] [Fatal Error] :1:1: Premature end of file.
2026-03-30 22:12:36,383 [ERROR] LogOutputStream:75 - [STDERR_REDIRECT] 
2026-03-30 22:12:37,384 [ERROR] LogOutputStream:75 - [STDERR_REDIRECT] [Fatal Error] :1:1: Premature end of file.
2026-03-30 22:12:37,384 [ERROR] LogOutputStream:75 - [STDERR_REDIRECT] 
2026-03-30 22:12:38,385 [ERROR] LogOutputStream:75 - [STDERR_REDIRECT] [Fatal Error] :1:1: Premature end of file.
2026-03-30 22:12:38,385 [ERROR] LogOutputStream:75 - [STDERR_REDIRECT] 
2026-03-30 22:12:39,394 [ERROR] LogOutputStream:75 - [STDERR_REDIRECT] [Fatal Error] :1:1: Premature end of file.
2026-03-30 22:12:39,394 [ERROR] LogOutputStream:75 - [STDERR_REDIRECT] 
2026-03-30 22:12:40,379 [ERROR] LogOutputStream:75 - [STDERR_REDIRECT] [Fatal Error] :1:1: Premature end of file.
2026-03-30 22:12:40,379 [ERROR] LogOutputStream:75 - [STDERR_REDIRECT] 
2026-03-30 22:12:41,391 [ERROR] LogOutputStream:75 - [STDERR_REDIRECT] [Fatal Error] :1:1: Premature end of file.
2026-03-30 22:12:41,391 [ERROR] LogOutputStream:75 - [STDERR_REDIRECT] 
2026-03-30 22:12:42,383 [ERROR] LogOutputStream:75 - [STDERR_REDIRECT] [Fatal Error] :1:1: Premature end of file.
2026-03-30 22:12:42,383 [ERROR] LogOutputStream:75 - [STDERR_REDIRECT] 
2026-03-30 22:12:43,391 [ERROR] LogOutputStream:75 - [STDERR_REDIRECT] [Fatal Error] :1:1: Premature end of file.
2026-03-30 22:12:43,391 [ERROR] LogOutputStream:75 - [STDERR_REDIRECT] 
2026-03-30 22:12:44,391 [ERROR] LogOutputStream:75 - [STDERR_REDIRECT] [Fatal Error] :1:1: Premature end of file.
2026-03-30 22:12:44,391 [ERROR] LogOutputStream:75 - [STDERR_REDIRECT] 
2026-03-30 22:12:45,398 [ERROR] LogOutputStream:75 - [STDERR_REDIRECT] [Fatal Error] :1:1: Premature end of file.
2026-03-30 22:12:45,399 [ERROR] LogOutputStream:75 - [STDERR_REDIRECT] 
2026-03-30 22:12:46,386 [ERROR] LogOutputStream:75 - [STDERR_REDIRECT] [Fatal Error] :1:1: Premature end of file.
2026-03-30 22:12:46,386 [ERROR] LogOutputStream:75 - [STDERR_REDIRECT] 
2026-03-30 22:12:47,391 [ERROR] LogOutputStream:75 - [STDERR_REDIRECT] [Fatal Error] :1:1: Premature end of file.
2026-03-30 22:12:47,391 [ERROR] LogOutputStream:75 - [STDERR_REDIRECT] 
2026-03-30 22:12:48,393 [ERROR] LogOutputStream:75 - [STDERR_REDIRECT] [Fatal Error] :1:1: Premature end of file.
2026-03-30 22:12:48,394 [ERROR] LogOutputStream:75 - [STDERR_REDIRECT] 
2026-03-30 22:12:49,385 [ERROR] LogOutputStream:75 - [STDERR_REDIRECT] [Fatal Error] :1:1: Premature end of file.
2026-03-30 22:12:49,385 [ERROR] LogOutputStream:75 - [STDERR_REDIRECT] 
2026-03-30 22:12:50,388 [ERROR] LogOutputStream:75 - [STDERR_REDIRECT] [Fatal Error] :1:1: Premature end of file.
2026-03-30 22:12:50,388 [ERROR] LogOutputStream:75 - [STDERR_REDIRECT] 
2026-03-30 22:12:51,393 [ERROR] LogOutputStream:75 - [STDERR_REDIRECT] [Fatal Error] :1:1: Premature end of file.
2026-03-30 22:12:51,393 [ERROR] LogOutputStream:75 - [STDERR_REDIRECT] 
2026-03-30 22:12:52,384 [ERROR] LogOutputStream:75 - [STDERR_REDIRECT] [Fatal Error] :1:1: Premature end of file.
2026-03-30 22:12:52,384 [ERROR] LogOutputStream:75 - [STDERR_REDIRECT] 
2026-03-30 22:12:53,389 [ERROR] LogOutputStream:75 - [STDERR_REDIRECT] [Fatal Error] :1:1: Premature end of file.
2026-03-30 22:12:53,389 [ERROR] LogOutputStream:75 - [STDERR_REDIRECT] 
2026-03-30 22:12:54,385 [ERROR] LogOutputStream:75 - [STDERR_REDIRECT] [Fatal Error] :1:1: Premature end of file.
2026-03-30 22:12:54,385 [ERROR] LogOutputStream:75 - [STDERR_REDIRECT] 
2026-03-30 22:12:55,390 [ERROR] LogOutputStream:75 - [STDERR_REDIRECT] [Fatal Error] :1:1: Premature end of file.
2026-03-30 22:12:55,390 [ERROR] LogOutputStream:75 - [STDERR_REDIRECT] 
2026-03-30 22:12:56,381 [ERROR] LogOutputStream:75 - [STDERR_REDIRECT] [Fatal Error] :1:1: Premature end of file.
2026-03-30 22:12:56,381 [ERROR] LogOutputStream:75 - [STDERR_REDIRECT] 
2026-03-30 22:12:57,383 [ERROR] LogOutputStream:75 - [STDERR_REDIRECT] [Fatal Error] :1:1: Premature end of file.
2026-03-30 22:12:57,383 [ERROR] LogOutputStream:75 - [STDERR_REDIRECT] 
2026-03-30 22:12:58,386 [ERROR] LogOutputStream:75 - [STDERR_REDIRECT] [Fatal Error] :1:1: Premature end of file.
2026-03-30 22:12:58,386 [ERROR] LogOutputStream:75 - [STDERR_REDIRECT] 
2026-03-30 22:12:59,383 [ERROR] LogOutputStream:75 - [STDERR_REDIRECT] [Fatal Error] :1:1: Premature end of file.
2026-03-30 22:12:59,383 [ERROR] LogOutputStream:75 - [STDERR_REDIRECT] 
2026-03-30 22:13:00,382 [ERROR] LogOutputStream:75 - [STDERR_REDIRECT] [Fatal Error] :1:1: Premature end of file.
2026-03-30 22:13:00,382 [ERROR] LogOutputStream:75 - [STDERR_REDIRECT] 
2026-03-30 22:13:01,371 [ERROR] LogOutputStream:75 - [STDERR_REDIRECT] [Fatal Error] :1:1: Premature end of file.
2026-03-30 22:13:01,371 [ERROR] LogOutputStream:75 - [STDERR_REDIRECT] 
2026-03-30 22:13:02,373 [ERROR] LogOutputStream:75 - [STDERR_REDIRECT] [Fatal Error] :1:1: Premature end of file.
2026-03-30 22:13:02,373 [ERROR] LogOutputStream:75 - [STDERR_REDIRECT] 
2026-03-30 22:13:03,377 [ERROR] LogOutputStream:75 - [STDERR_REDIRECT] [Fatal Error] :1:1: Premature end of file.
2026-03-30 22:13:03,377 [ERROR] LogOutputStream:75 - [STDERR_REDIRECT] 
2026-03-30 22:13:04,379 [ERROR] LogOutputStream:75 - [STDERR_REDIRECT] [Fatal Error] :1:1: Premature end of file.
2026-03-30 22:13:04,379 [ERROR] LogOutputStream:75 - [STDERR_REDIRECT] 
2026-03-30 22:13:05,381 [ERROR] LogOutputStream:75 - [STDERR_REDIRECT] [Fatal Error] :1:1: Premature end of file.
2026-03-30 22:13:05,381 [ERROR] LogOutputStream:75 - [STDERR_REDIRECT] 
2026-03-30 22:13:06,385 [ERROR] LogOutputStream:75 - [STDERR_REDIRECT] [Fatal Error] :1:1: Premature end of file.
2026-03-30 22:13:06,385 [ERROR] LogOutputStream:75 - [STDERR_REDIRECT] 
2026-03-30 22:13:07,385 [ERROR] LogOutputStream:75 - [STDERR_REDIRECT] [Fatal Error] :1:1: Premature end of file.
2026-03-30 22:13:07,385 [ERROR] LogOutputStream:75 - [STDERR_REDIRECT] 
2026-03-30 22:13:08,382 [ERROR] LogOutputStream:75 - [STDERR_REDIRECT] [Fatal Error] :1:1: Premature end of file.
2026-03-30 22:13:08,382 [ERROR] LogOutputStream:75 - [STDERR_REDIRECT] 
2026-03-30 22:13:09,383 [ERROR] LogOutputStream:75 - [STDERR_REDIRECT] [Fatal Error] :1:1: Premature end of file.
2026-03-30 22:13:09,383 [ERROR] LogOutputStream:75 - [STDERR_REDIRECT] 
2026-03-30 22:13:10,372 [ERROR] LogOutputStream:75 - [STDERR_REDIRECT] [Fatal Error] :1:1: Premature end of file.
2026-03-30 22:13:10,372 [ERROR] LogOutputStream:75 - [STDERR_REDIRECT] 
2026-03-30 22:13:11,376 [ERROR] LogOutputStream:75 - [STDERR_REDIRECT] [Fatal Error] :1:1: Premature end of file.
2026-03-30 22:13:11,376 [ERROR] LogOutputStream:75 - [STDERR_REDIRECT] 
2026-03-30 22:13:12,380 [ERROR] LogOutputStream:75 - [STDERR_REDIRECT] [Fatal Error] :1:1: Premature end of file.
2026-03-30 22:13:12,380 [ERROR] LogOutputStream:75 - [STDERR_REDIRECT] 
2026-03-30 22:13:13,382 [ERROR] LogOutputStream:75 - [STDERR_REDIRECT] [Fatal Error] :1:1: Premature end of file.
2026-03-30 22:13:13,382 [ERROR] LogOutputStream:75 - [STDERR_REDIRECT] 
2026-03-30 22:13:14,383 [ERROR] LogOutputStream:75 - [STDERR_REDIRECT] [Fatal Error] :1:1: Premature end of file.
2026-03-30 22:13:14,383 [ERROR] LogOutputStream:75 - [STDERR_REDIRECT] 
2026-03-30 22:13:15,385 [ERROR] LogOutputStream:75 - [STDERR_REDIRECT] [Fatal Error] :1:1: Premature end of file.
2026-03-30 22:13:15,385 [ERROR] LogOutputStream:75 - [STDERR_REDIRECT] 
2026-03-30 22:13:16,381 [ERROR] LogOutputStream:75 - [STDERR_REDIRECT] [Fatal Error] :1:1: Premature end of file.
2026-03-30 22:13:16,381 [ERROR] LogOutputStream:75 - [STDERR_REDIRECT] 
2026-03-30 22:13:17,388 [ERROR] LogOutputStream:75 - [STDERR_REDIRECT] [Fatal Error] :1:1: Premature end of file.
2026-03-30 22:13:17,389 [ERROR] LogOutputStream:75 - [STDERR_REDIRECT] 
2026-03-30 22:13:18,383 [ERROR] LogOutputStream:75 - [STDERR_REDIRECT] [Fatal Error] :1:1: Premature end of file.
2026-03-30 22:13:18,383 [ERROR] LogOutputStream:75 - [STDERR_REDIRECT] 
2026-03-30 22:13:19,384 [ERROR] LogOutputStream:75 - [STDERR_REDIRECT] [Fatal Error] :1:1: Premature end of file.
2026-03-30 22:13:19,384 [ERROR] LogOutputStream:75 - [STDERR_REDIRECT] 
2026-03-30 22:13:20,374 [ERROR] LogOutputStream:75 - [STDERR_REDIRECT] [Fatal Error] :1:1: Premature end of file.
2026-03-30 22:13:20,374 [ERROR] LogOutputStream:75 - [STDERR_REDIRECT] 
2026-03-30 22:13:21,385 [ERROR] LogOutputStream:75 - [STDERR_REDIRECT] [Fatal Error] :1:1: Premature end of file.
2026-03-30 22:13:21,385 [ERROR] LogOutputStream:75 - [STDERR_REDIRECT] 
2026-03-30 22:13:22,384 [ERROR] LogOutputStream:75 - [STDERR_REDIRECT] [Fatal Error] :1:1: Premature end of file.
2026-03-30 22:13:22,384 [ERROR] LogOutputStream:75 - [STDERR_REDIRECT] 
2026-03-30 22:13:23,384 [ERROR] LogOutputStream:75 - [STDERR_REDIRECT] [Fatal Error] :1:1: Premature end of file.
2026-03-30 22:13:23,384 [ERROR] LogOutputStream:75 - [STDERR_REDIRECT] 
2026-03-30 22:13:24,387 [ERROR] LogOutputStream:75 - [STDERR_REDIRECT] [Fatal Error] :1:1: Premature end of file.
2026-03-30 22:13:24,387 [ERROR] LogOutputStream:75 - [STDERR_REDIRECT] 
2026-03-30 22:13:25,385 [ERROR] LogOutputStream:75 - [STDERR_REDIRECT] [Fatal Error] :1:1: Premature end of file.
2026-03-30 22:13:25,385 [ERROR] LogOutputStream:75 - [STDERR_REDIRECT] 
2026-03-30 22:13:26,384 [ERROR] LogOutputStream:75 - [STDERR_REDIRECT] [Fatal Error] :1:1: Premature end of file.
2026-03-30 22:13:26,384 [ERROR] LogOutputStream:75 - [STDERR_REDIRECT] 
2026-03-30 22:13:27,381 [ERROR] LogOutputStream:75 - [STDERR_REDIRECT] [Fatal Error] :1:1: Premature end of file.
2026-03-30 22:13:27,381 [ERROR] LogOutputStream:75 - [STDERR_REDIRECT] 
2026-03-30 22:13:28,375 [ERROR] LogOutputStream:75 - [STDERR_REDIRECT] [Fatal Error] :1:1: Premature end of file.
2026-03-30 22:13:28,375 [ERROR] LogOutputStream:75 - [STDERR_REDIRECT] 
2026-03-30 22:13:29,378 [ERROR] LogOutputStream:75 - [STDERR_REDIRECT] [Fatal Error] :1:1: Premature end of file.
2026-03-30 22:13:29,378 [ERROR] LogOutputStream:75 - [STDERR_REDIRECT] 
2026-03-30 22:13:30,401 [ERROR] LogOutputStream:75 - [STDERR_REDIRECT] [Fatal Error] :1:1: Premature end of file.
2026-03-30 22:13:30,401 [ERROR] LogOutputStream:75 - [STDERR_REDIRECT] 
2026-03-30 22:13:31,386 [ERROR] LogOutputStream:75 - [STDERR_REDIRECT] [Fatal Error] :1:1: Premature end of file.
2026-03-30 22:13:31,386 [ERROR] LogOutputStream:75 - [STDERR_REDIRECT] 
2026-03-30 22:13:32,400 [ERROR] LogOutputStream:75 - [STDERR_REDIRECT] [Fatal Error] :1:1: Premature end of file.
2026-03-30 22:13:32,400 [ERROR] LogOutputStream:75 - [STDERR_REDIRECT] 
2026-03-30 22:13:33,379 [ERROR] LogOutputStream:75 - [STDERR_REDIRECT] [Fatal Error] :1:1: Premature end of file.
2026-03-30 22:13:33,379 [ERROR] LogOutputStream:75 - [STDERR_REDIRECT] 
2026-03-30 22:13:34,384 [ERROR] LogOutputStream:75 - [STDERR_REDIRECT] [Fatal Error] :1:1: Premature end of file.
2026-03-30 22:13:34,384 [ERROR] LogOutputStream:75 - [STDERR_REDIRECT] 
2026-03-30 22:13:35,381 [ERROR] LogOutputStream:75 - [STDERR_REDIRECT] [Fatal Error] :1:1: Premature end of file.
2026-03-30 22:13:35,381 [ERROR] LogOutputStream:75 - [STDERR_REDIRECT] 
2026-03-30 22:13:36,380 [ERROR] LogOutputStream:75 - [STDERR_REDIRECT] [Fatal Error] :1:1: Premature end of file.
2026-03-30 22:13:36,380 [ERROR] LogOutputStream:75 - [STDERR_REDIRECT] 
2026-03-30 22:13:37,371 [ERROR] LogOutputStream:75 - [STDERR_REDIRECT] [Fatal Error] :1:1: Premature end of file.
2026-03-30 22:13:37,371 [ERROR] LogOutputStream:75 - [STDERR_REDIRECT] 
2026-03-30 22:13:38,383 [ERROR] LogOutputStream:75 - [STDERR_REDIRECT] [Fatal Error] :1:1: Premature end of file.
2026-03-30 22:13:38,383 [ERROR] LogOutputStream:75 - [STDERR_REDIRECT] 
2026-03-30 22:13:39,378 [ERROR] LogOutputStream:75 - [STDERR_REDIRECT] [Fatal Error] :1:1: Premature end of file.
2026-03-30 22:13:39,378 [ERROR] LogOutputStream:75 - [STDERR_REDIRECT] 
2026-03-30 22:13:40,395 [ERROR] LogOutputStream:75 - [STDERR_REDIRECT] [Fatal Error] :1:1: Premature end of file.
2026-03-30 22:13:40,395 [ERROR] LogOutputStream:75 - [STDERR_REDIRECT] 
2026-03-30 22:13:41,383 [ERROR] LogOutputStream:75 - [STDERR_REDIRECT] [Fatal Error] :1:1: Premature end of file.
2026-03-30 22:13:41,383 [ERROR] LogOutputStream:75 - [STDERR_REDIRECT] 
2026-03-30 22:13:42,379 [ERROR] LogOutputStream:75 - [STDERR_REDIRECT] [Fatal Error] :1:1: Premature end of file.
2026-03-30 22:13:42,379 [ERROR] LogOutputStream:75 - [STDERR_REDIRECT] 
2026-03-30 22:13:43,384 [ERROR] LogOutputStream:75 - [STDERR_REDIRECT] [Fatal Error] :1:1: Premature end of file.
2026-03-30 22:13:43,384 [ERROR] LogOutputStream:75 - [STDERR_REDIRECT] 
2026-03-30 22:13:44,387 [ERROR] LogOutputStream:75 - [STDERR_REDIRECT] [Fatal Error] :1:1: Premature end of file.
2026-03-30 22:13:44,387 [ERROR] LogOutputStream:75 - [STDERR_REDIRECT] 
2026-03-30 22:13:45,397 [ERROR] LogOutputStream:75 - [STDERR_REDIRECT] [Fatal Error] :1:1: Premature end of file.
2026-03-30 22:13:45,397 [ERROR] LogOutputStream:75 - [STDERR_REDIRECT] 
2026-03-30 22:13:46,386 [ERROR] LogOutputStream:75 - [STDERR_REDIRECT] [Fatal Error] :1:1: Premature end of file.
2026-03-30 22:13:46,386 [ERROR] LogOutputStream:75 - [STDERR_REDIRECT] 
2026-03-30 22:13:47,392 [ERROR] LogOutputStream:75 - [STDERR_REDIRECT] [Fatal Error] :1:1: Premature end of file.
2026-03-30 22:13:47,392 [ERROR] LogOutputStream:75 - [STDERR_REDIRECT] 
2026-03-30 22:13:48,384 [ERROR] LogOutputStream:75 - [STDERR_REDIRECT] [Fatal Error] :1:1: Premature end of file.
2026-03-30 22:13:48,384 [ERROR] LogOutputStream:75 - [STDERR_REDIRECT] 
2026-03-30 22:13:49,395 [ERROR] LogOutputStream:75 - [STDERR_REDIRECT] [Fatal Error] :1:1: Premature end of file.
2026-03-30 22:13:49,395 [ERROR] LogOutputStream:75 - [STDERR_REDIRECT] 
2026-03-30 22:13:50,393 [ERROR] LogOutputStream:75 - [STDERR_REDIRECT] [Fatal Error] :1:1: Premature end of file.
2026-03-30 22:13:50,393 [ERROR] LogOutputStream:75 - [STDERR_REDIRECT] 
2026-03-30 22:13:51,383 [ERROR] LogOutputStream:75 - [STDERR_REDIRECT] [Fatal Error] :1:1: Premature end of file.
2026-03-30 22:13:51,383 [ERROR] LogOutputStream:75 - [STDERR_REDIRECT] 
2026-03-30 22:13:52,377 [ERROR] LogOutputStream:75 - [STDERR_REDIRECT] [Fatal Error] :1:1: Premature end of file.
2026-03-30 22:13:52,378 [ERROR] LogOutputStream:75 - [STDERR_REDIRECT] 
2026-03-30 22:13:53,386 [ERROR] LogOutputStream:75 - [STDERR_REDIRECT] [Fatal Error] :1:1: Premature end of file.
2026-03-30 22:13:53,386 [ERROR] LogOutputStream:75 - [STDERR_REDIRECT] 
2026-03-30 22:13:54,388 [ERROR] LogOutputStream:75 - [STDERR_REDIRECT] [Fatal Error] :1:1: Premature end of file.
2026-03-30 22:13:54,388 [ERROR] LogOutputStream:75 - [STDERR_REDIRECT] 
2026-03-30 22:13:55,387 [ERROR] LogOutputStream:75 - [STDERR_REDIRECT] [Fatal Error] :1:1: Premature end of file.
2026-03-30 22:13:55,387 [ERROR] LogOutputStream:75 - [STDERR_REDIRECT] 
2026-03-30 22:13:56,382 [ERROR] LogOutputStream:75 - [STDERR_REDIRECT] [Fatal Error] :1:1: Premature end of file.
2026-03-30 22:13:56,382 [ERROR] LogOutputStream:75 - [STDERR_REDIRECT] 
2026-03-30 22:13:57,393 [ERROR] LogOutputStream:75 - [STDERR_REDIRECT] [Fatal Error] :1:1: Premature end of file.
2026-03-30 22:13:57,393 [ERROR] LogOutputStream:75 - [STDERR_REDIRECT] 
2026-03-30 22:13:58,394 [ERROR] LogOutputStream:75 - [STDERR_REDIRECT] [Fatal Error] :1:1: Premature end of file.
2026-03-30 22:13:58,395 [ERROR] LogOutputStream:75 - [STDERR_REDIRECT] 
2026-03-30 22:13:59,395 [ERROR] LogOutputStream:75 - [STDERR_REDIRECT] [Fatal Error] :1:1: Premature end of file.
2026-03-30 22:13:59,395 [ERROR] LogOutputStream:75 - [STDERR_REDIRECT] 
2026-03-30 22:14:00,387 [ERROR] LogOutputStream:75 - [STDERR_REDIRECT] [Fatal Error] :1:1: Premature end of file.
2026-03-30 22:14:00,387 [ERROR] LogOutputStream:75 - [STDERR_REDIRECT] 
2026-03-30 22:14:01,372 [ERROR] LogOutputStream:75 - [STDERR_REDIRECT] [Fatal Error] :1:1: Premature end of file.
2026-03-30 22:14:01,372 [ERROR] LogOutputStream:75 - [STDERR_REDIRECT] 
2026-03-30 22:14:02,372 [ERROR] LogOutputStream:75 - [STDERR_REDIRECT] [Fatal Error] :1:1: Premature end of file.
2026-03-30 22:14:02,372 [ERROR] LogOutputStream:75 - [STDERR_REDIRECT] 
2026-03-30 22:14:03,376 [ERROR] LogOutputStream:75 - [STDERR_REDIRECT] [Fatal Error] :1:1: Premature end of file.
2026-03-30 22:14:03,376 [ERROR] LogOutputStream:75 - [STDERR_REDIRECT] 
2026-03-30 22:14:04,379 [ERROR] LogOutputStream:75 - [STDERR_REDIRECT] [Fatal Error] :1:1: Premature end of file.
2026-03-30 22:14:04,379 [ERROR] LogOutputStream:75 - [STDERR_REDIRECT] 
2026-03-30 22:14:05,394 [ERROR] LogOutputStream:75 - [STDERR_REDIRECT] [Fatal Error] :1:1: Premature end of file.
2026-03-30 22:14:05,394 [ERROR] LogOutputStream:75 - [STDERR_REDIRECT] 
2026-03-30 22:14:06,395 [ERROR] LogOutputStream:75 - [STDERR_REDIRECT] [Fatal Error] :1:1: Premature end of file.
2026-03-30 22:14:06,396 [ERROR] LogOutputStream:75 - [STDERR_REDIRECT] 
2026-03-30 22:14:07,386 [ERROR] LogOutputStream:75 - [STDERR_REDIRECT] [Fatal Error] :1:1: Premature end of file.
2026-03-30 22:14:07,386 [ERROR] LogOutputStream:75 - [STDERR_REDIRECT] 
2026-03-30 22:14:08,371 [ERROR] LogOutputStream:75 - [STDERR_REDIRECT] [Fatal Error] :1:1: Premature end of file.
2026-03-30 22:14:08,371 [ERROR] LogOutputStream:75 - [STDERR_REDIRECT] 
2026-03-30 22:14:09,385 [ERROR] LogOutputStream:75 - [STDERR_REDIRECT] [Fatal Error] :1:1: Premature end of file.
2026-03-30 22:14:09,385 [ERROR] LogOutputStream:75 - [STDERR_REDIRECT] 
2026-03-30 22:14:10,380 [ERROR] LogOutputStream:75 - [STDERR_REDIRECT] [Fatal Error] :1:1: Premature end of file.
2026-03-30 22:14:10,380 [ERROR] LogOutputStream:75 - [STDERR_REDIRECT] 
2026-03-30 22:14:11,373 [ERROR] LogOutputStream:75 - [STDERR_REDIRECT] [Fatal Error] :1:1: Premature end of file.
2026-03-30 22:14:11,373 [ERROR] LogOutputStream:75 - [STDERR_REDIRECT] 
2026-03-30 22:14:12,370 [ERROR] LogOutputStream:75 - [STDERR_REDIRECT] [Fatal Error] :1:1: Premature end of file.
2026-03-30 22:14:12,370 [ERROR] LogOutputStream:75 - [STDERR_REDIRECT] 
2026-03-30 22:14:13,372 [ERROR] LogOutputStream:75 - [STDERR_REDIRECT] [Fatal Error] :1:1: Premature end of file.
2026-03-30 22:14:13,372 [ERROR] LogOutputStream:75 - [STDERR_REDIRECT] 
2026-03-30 22:14:14,371 [ERROR] LogOutputStream:75 - [STDERR_REDIRECT] [Fatal Error] :1:1: Premature end of file.
2026-03-30 22:14:14,371 [ERROR] LogOutputStream:75 - [STDERR_REDIRECT] 
2026-03-30 22:14:15,374 [ERROR] LogOutputStream:75 - [STDERR_REDIRECT] [Fatal Error] :1:1: Premature end of file.
2026-03-30 22:14:15,374 [ERROR] LogOutputStream:75 - [STDERR_REDIRECT] 
2026-03-30 22:14:16,377 [ERROR] LogOutputStream:75 - [STDERR_REDIRECT] [Fatal Error] :1:1: Premature end of file.
2026-03-30 22:14:16,377 [ERROR] LogOutputStream:75 - [STDERR_REDIRECT] 
2026-03-30 22:14:17,381 [ERROR] LogOutputStream:75 - [STDERR_REDIRECT] [Fatal Error] :1:1: Premature end of file.
2026-03-30 22:14:17,381 [ERROR] LogOutputStream:75 - [STDERR_REDIRECT] 
2026-03-30 22:14:18,383 [ERROR] LogOutputStream:75 - [STDERR_REDIRECT] [Fatal Error] :1:1: Premature end of file.
2026-03-30 22:14:18,383 [ERROR] LogOutputStream:75 - [STDERR_REDIRECT] 
2026-03-30 22:14:19,371 [ERROR] LogOutputStream:75 - [STDERR_REDIRECT] [Fatal Error] :1:1: Premature end of file.
2026-03-30 22:14:19,371 [ERROR] LogOutputStream:75 - [STDERR_REDIRECT] 
2026-03-30 22:14:20,388 [ERROR] LogOutputStream:75 - [STDERR_REDIRECT] [Fatal Error] :1:1: Premature end of file.
2026-03-30 22:14:20,388 [ERROR] LogOutputStream:75 - [STDERR_REDIRECT] 
2026-03-30 22:14:21,379 [ERROR] LogOutputStream:75 - [STDERR_REDIRECT] [Fatal Error] :1:1: Premature end of file.
2026-03-30 22:14:21,379 [ERROR] LogOutputStream:75 - [STDERR_REDIRECT] 
2026-03-30 22:14:22,379 [ERROR] LogOutputStream:75 - [STDERR_REDIRECT] [Fatal Error] :1:1: Premature end of file.
2026-03-30 22:14:22,379 [ERROR] LogOutputStream:75 - [STDERR_REDIRECT] 
2026-03-30 22:14:23,390 [ERROR] LogOutputStream:75 - [STDERR_REDIRECT] [Fatal Error] :1:1: Premature end of file.
2026-03-30 22:14:23,390 [ERROR] LogOutputStream:75 - [STDERR_REDIRECT] 
2026-03-30 22:14:24,382 [ERROR] LogOutputStream:75 - [STDERR_REDIRECT] [Fatal Error] :1:1: Premature end of file.
2026-03-30 22:14:24,382 [ERROR] LogOutputStream:75 - [STDERR_REDIRECT] 
2026-03-30 22:14:25,385 [ERROR] LogOutputStream:75 - [STDERR_REDIRECT] [Fatal Error] :1:1: Premature end of file.
2026-03-30 22:14:25,385 [ERROR] LogOutputStream:75 - [STDERR_REDIRECT] 
2026-03-30 22:14:26,388 [ERROR] LogOutputStream:75 - [STDERR_REDIRECT] [Fatal Error] :1:1: Premature end of file.
2026-03-30 22:14:26,388 [ERROR] LogOutputStream:75 - [STDERR_REDIRECT] 
2026-03-30 22:14:27,373 [ERROR] LogOutputStream:75 - [STDERR_REDIRECT] [Fatal Error] :1:1: Premature end of file.
2026-03-30 22:14:27,373 [ERROR] LogOutputStream:75 - [STDERR_REDIRECT] 
2026-03-30 22:14:28,374 [ERROR] LogOutputStream:75 - [STDERR_REDIRECT] [Fatal Error] :1:1: Premature end of file.
2026-03-30 22:14:28,374 [ERROR] LogOutputStream:75 - [STDERR_REDIRECT] 
2026-03-30 22:14:29,371 [ERROR] LogOutputStream:75 - [STDERR_REDIRECT] [Fatal Error] :1:1: Premature end of file.
2026-03-30 22:14:29,371 [ERROR] LogOutputStream:75 - [STDERR_REDIRECT] 
2026-03-30 22:14:30,392 [ERROR] LogOutputStream:75 - [STDERR_REDIRECT] [Fatal Error] :1:1: Premature end of file.
2026-03-30 22:14:30,392 [ERROR] LogOutputStream:75 - [STDERR_REDIRECT] 
2026-03-30 22:14:31,382 [ERROR] LogOutputStream:75 - [STDERR_REDIRECT] [Fatal Error] :1:1: Premature end of file.
2026-03-30 22:14:31,382 [ERROR] LogOutputStream:75 - [STDERR_REDIRECT] 
2026-03-30 22:14:32,375 [ERROR] LogOutputStream:75 - [STDERR_REDIRECT] [Fatal Error] :1:1: Premature end of file.
2026-03-30 22:14:32,375 [ERROR] LogOutputStream:75 - [STDERR_REDIRECT] 
2026-03-30 22:14:33,387 [ERROR] LogOutputStream:75 - [STDERR_REDIRECT] [Fatal Error] :1:1: Premature end of file.
2026-03-30 22:14:33,387 [ERROR] LogOutputStream:75 - [STDERR_REDIRECT] 
2026-03-30 22:14:34,380 [ERROR] LogOutputStream:75 - [STDERR_REDIRECT] [Fatal Error] :1:1: Premature end of file.
2026-03-30 22:14:34,380 [ERROR] LogOutputStream:75 - [STDERR_REDIRECT] 
2026-03-30 22:14:35,388 [ERROR] LogOutputStream:75 - [STDERR_REDIRECT] [Fatal Error] :1:1: Premature end of file.
2026-03-30 22:14:35,388 [ERROR] LogOutputStream:75 - [STDERR_REDIRECT] 
2026-03-30 22:14:36,394 [ERROR] LogOutputStream:75 - [STDERR_REDIRECT] [Fatal Error] :1:1: Premature end of file.
2026-03-30 22:14:36,394 [ERROR] LogOutputStream:75 - [STDERR_REDIRECT] 
2026-03-30 22:14:37,372 [ERROR] LogOutputStream:75 - [STDERR_REDIRECT] [Fatal Error] :1:1: Premature end of file.
2026-03-30 22:14:37,372 [ERROR] LogOutputStream:75 - [STDERR_REDIRECT] 
2026-03-30 22:14:38,389 [ERROR] LogOutputStream:75 - [STDERR_REDIRECT] [Fatal Error] :1:1: Premature end of file.
2026-03-30 22:14:38,389 [ERROR] LogOutputStream:75 - [STDERR_REDIRECT] 
2026-03-30 22:14:39,377 [ERROR] LogOutputStream:75 - [STDERR_REDIRECT] [Fatal Error] :1:1: Premature end of file.
2026-03-30 22:14:39,377 [ERROR] LogOutputStream:75 - [STDERR_REDIRECT] 
2026-03-30 22:14:40,371 [ERROR] LogOutputStream:75 - [STDERR_REDIRECT] [Fatal Error] :1:1: Premature end of file.
2026-03-30 22:14:40,371 [ERROR] LogOutputStream:75 - [STDERR_REDIRECT] 
2026-03-30 22:14:41,371 [ERROR] LogOutputStream:75 - [STDERR_REDIRECT] [Fatal Error] :1:1: Premature end of file.
2026-03-30 22:14:41,371 [ERROR] LogOutputStream:75 - [STDERR_REDIRECT] 
2026-03-30 22:14:42,371 [ERROR] LogOutputStream:75 - [STDERR_REDIRECT] [Fatal Error] :1:1: Premature end of file.
2026-03-30 22:14:42,371 [ERROR] LogOutputStream:75 - [STDERR_REDIRECT] 
2026-03-30 22:14:43,371 [ERROR] LogOutputStream:75 - [STDERR_REDIRECT] [Fatal Error] :1:1: Premature end of file.
2026-03-30 22:14:43,371 [ERROR] LogOutputStream:75 - [STDERR_REDIRECT] 
2026-03-30 22:14:44,371 [ERROR] LogOutputStream:75 - [STDERR_REDIRECT] [Fatal Error] :1:1: Premature end of file.
2026-03-30 22:14:44,371 [ERROR] LogOutputStream:75 - [STDERR_REDIRECT] 
2026-03-30 22:14:45,371 [ERROR] LogOutputStream:75 - [STDERR_REDIRECT] [Fatal Error] :1:1: Premature end of file.
2026-03-30 22:14:45,371 [ERROR] LogOutputStream:75 - [STDERR_REDIRECT] 
2026-03-30 22:14:46,371 [ERROR] LogOutputStream:75 - [STDERR_REDIRECT] [Fatal Error] :1:1: Premature end of file.
2026-03-30 22:14:46,371 [ERROR] LogOutputStream:75 - [STDERR_REDIRECT] 
2026-03-30 22:14:47,388 [ERROR] LogOutputStream:75 - [STDERR_REDIRECT] [Fatal Error] :1:1: Premature end of file.
2026-03-30 22:14:47,388 [ERROR] LogOutputStream:75 - [STDERR_REDIRECT] 
2026-03-30 22:14:48,388 [ERROR] LogOutputStream:75 - [STDERR_REDIRECT] [Fatal Error] :1:1: Premature end of file.
2026-03-30 22:14:48,388 [ERROR] LogOutputStream:75 - [STDERR_REDIRECT] 
2026-03-30 22:14:49,369 [ERROR] LogOutputStream:75 - [STDERR_REDIRECT] [Fatal Error] :1:1: Premature end of file.
2026-03-30 22:14:49,369 [ERROR] LogOutputStream:75 - [STDERR_REDIRECT] 
2026-03-30 22:14:50,382 [ERROR] LogOutputStream:75 - [STDERR_REDIRECT] [Fatal Error] :1:1: Premature end of file.
2026-03-30 22:14:50,382 [ERROR] LogOutputStream:75 - [STDERR_REDIRECT] 
2026-03-30 22:14:51,399 [ERROR] LogOutputStream:75 - [STDERR_REDIRECT] [Fatal Error] :1:1: Premature end of file.
2026-03-30 22:14:51,399 [ERROR] LogOutputStream:75 - [STDERR_REDIRECT] 
2026-03-30 22:14:52,395 [ERROR] LogOutputStream:75 - [STDERR_REDIRECT] [Fatal Error] :1:1: Premature end of file.
2026-03-30 22:14:52,395 [ERROR] LogOutputStream:75 - [STDERR_REDIRECT] 
2026-03-30 22:14:53,385 [ERROR] LogOutputStream:75 - [STDERR_REDIRECT] [Fatal Error] :1:1: Premature end of file.
2026-03-30 22:14:53,385 [ERROR] LogOutputStream:75 - [STDERR_REDIRECT] 
2026-03-30 22:14:54,397 [ERROR] LogOutputStream:75 - [STDERR_REDIRECT] [Fatal Error] :1:1: Premature end of file.
2026-03-30 22:14:54,397 [ERROR] LogOutputStream:75 - [STDERR_REDIRECT] 
2026-03-30 22:14:55,387 [ERROR] LogOutputStream:75 - [STDERR_REDIRECT] [Fatal Error] :1:1: Premature end of file.
2026-03-30 22:14:55,387 [ERROR] LogOutputStream:75 - [STDERR_REDIRECT] 
2026-03-30 22:14:56,371 [ERROR] LogOutputStream:75 - [STDERR_REDIRECT] [Fatal Error] :1:1: Premature end of file.
2026-03-30 22:14:56,371 [ERROR] LogOutputStream:75 - [STDERR_REDIRECT] 
2026-03-30 22:14:57,377 [ERROR] LogOutputStream:75 - [STDERR_REDIRECT] [Fatal Error] :1:1: Premature end of file.
2026-03-30 22:14:57,377 [ERROR] LogOutputStream:75 - [STDERR_REDIRECT] 
2026-03-30 22:14:58,384 [ERROR] LogOutputStream:75 - [STDERR_REDIRECT] [Fatal Error] :1:1: Premature end of file.
2026-03-30 22:14:58,384 [ERROR] LogOutputStream:75 - [STDERR_REDIRECT] 
2026-03-30 22:14:59,371 [ERROR] LogOutputStream:75 - [STDERR_REDIRECT] [Fatal Error] :1:1: Premature end of file.
2026-03-30 22:14:59,371 [ERROR] LogOutputStream:75 - [STDERR_REDIRECT] 
2026-03-30 22:15:00,371 [ERROR] LogOutputStream:75 - [STDERR_REDIRECT] [Fatal Error] :1:1: Premature end of file.
2026-03-30 22:15:00,371 [ERROR] LogOutputStream:75 - [STDERR_REDIRECT] 
2026-03-30 22:15:01,372 [ERROR] LogOutputStream:75 - [STDERR_REDIRECT] [Fatal Error] :1:1: Premature end of file.
2026-03-30 22:15:01,372 [ERROR] LogOutputStream:75 - [STDERR_REDIRECT] 
2026-03-30 22:15:02,375 [ERROR] LogOutputStream:75 - [STDERR_REDIRECT] [Fatal Error] :1:1: Premature end of file.
2026-03-30 22:15:02,375 [ERROR] LogOutputStream:75 - [STDERR_REDIRECT] 
2026-03-30 22:15:03,384 [ERROR] LogOutputStream:75 - [STDERR_REDIRECT] [Fatal Error] :1:1: Premature end of file.
2026-03-30 22:15:03,384 [ERROR] LogOutputStream:75 - [STDERR_REDIRECT] 
2026-03-30 22:15:04,370 [ERROR] LogOutputStream:75 - [STDERR_REDIRECT] [Fatal Error] :1:1: Premature end of file.
2026-03-30 22:15:04,370 [ERROR] LogOutputStream:75 - [STDERR_REDIRECT] 
2026-03-30 22:15:05,371 [ERROR] LogOutputStream:75 - [STDERR_REDIRECT] [Fatal Error] :1:1: Premature end of file.
2026-03-30 22:15:05,371 [ERROR] LogOutputStream:75 - [STDERR_REDIRECT] 
2026-03-30 22:15:06,372 [ERROR] LogOutputStream:75 - [STDERR_REDIRECT] [Fatal Error] :1:1: Premature end of file.
2026-03-30 22:15:06,372 [ERROR] LogOutputStream:75 - [STDERR_REDIRECT] 
2026-03-30 22:15:07,370 [ERROR] LogOutputStream:75 - [STDERR_REDIRECT] [Fatal Error] :1:1: Premature end of file.
2026-03-30 22:15:07,370 [ERROR] LogOutputStream:75 - [STDERR_REDIRECT] 
2026-03-30 22:15:08,371 [ERROR] LogOutputStream:75 - [STDERR_REDIRECT] [Fatal Error] :1:1: Premature end of file.
2026-03-30 22:15:08,371 [ERROR] LogOutputStream:75 - [STDERR_REDIRECT] 
2026-03-30 22:15:09,376 [ERROR] LogOutputStream:75 - [STDERR_REDIRECT] [Fatal Error] :1:1: Premature end of file.
2026-03-30 22:15:09,376 [ERROR] LogOutputStream:75 - [STDERR_REDIRECT] 
2026-03-30 22:15:10,383 [ERROR] LogOutputStream:75 - [STDERR_REDIRECT] [Fatal Error] :1:1: Premature end of file.
2026-03-30 22:15:10,383 [ERROR] LogOutputStream:75 - [STDERR_REDIRECT] 
2026-03-30 22:15:11,381 [ERROR] LogOutputStream:75 - [STDERR_REDIRECT] [Fatal Error] :1:1: Premature end of file.
2026-03-30 22:15:11,381 [ERROR] LogOutputStream:75 - [STDERR_REDIRECT] 
2026-03-30 22:15:12,372 [ERROR] LogOutputStream:75 - [STDERR_REDIRECT] [Fatal Error] :1:1: Premature end of file.
2026-03-30 22:15:12,372 [ERROR] LogOutputStream:75 - [STDERR_REDIRECT] 
2026-03-30 22:15:13,376 [ERROR] LogOutputStream:75 - [STDERR_REDIRECT] [Fatal Error] :1:1: Premature end of file.
2026-03-30 22:15:13,376 [ERROR] LogOutputStream:75 - [STDERR_REDIRECT] 
2026-03-30 22:15:14,379 [ERROR] LogOutputStream:75 - [STDERR_REDIRECT] [Fatal Error] :1:1: Premature end of file.
2026-03-30 22:15:14,379 [ERROR] LogOutputStream:75 - [STDERR_REDIRECT] 
2026-03-30 22:15:15,382 [ERROR] LogOutputStream:75 - [STDERR_REDIRECT] [Fatal Error] :1:1: Premature end of file.
2026-03-30 22:15:15,382 [ERROR] LogOutputStream:75 - [STDERR_REDIRECT] 
2026-03-30 22:15:16,383 [ERROR] LogOutputStream:75 - [STDERR_REDIRECT] [Fatal Error] :1:1: Premature end of file.
2026-03-30 22:15:16,383 [ERROR] LogOutputStream:75 - [STDERR_REDIRECT] 
2026-03-30 22:15:17,370 [ERROR] LogOutputStream:75 - [STDERR_REDIRECT] [Fatal Error] :1:1: Premature end of file.
2026-03-30 22:15:17,370 [ERROR] LogOutputStream:75 - [STDERR_REDIRECT] 
2026-03-30 22:15:18,371 [ERROR] LogOutputStream:75 - [STDERR_REDIRECT] [Fatal Error] :1:1: Premature end of file.
2026-03-30 22:15:18,371 [ERROR] LogOutputStream:75 - [STDERR_REDIRECT] 
2026-03-30 22:15:19,373 [ERROR] LogOutputStream:75 - [STDERR_REDIRECT] [Fatal Error] :1:1: Premature end of file.
2026-03-30 22:15:19,373 [ERROR] LogOutputStream:75 - [STDERR_REDIRECT] 
2026-03-30 22:15:20,378 [ERROR] LogOutputStream:75 - [STDERR_REDIRECT] [Fatal Error] :1:1: Premature end of file.
2026-03-30 22:15:20,378 [ERROR] LogOutputStream:75 - [STDERR_REDIRECT] 
2026-03-30 22:15:21,380 [ERROR] LogOutputStream:75 - [STDERR_REDIRECT] [Fatal Error] :1:1: Premature end of file.
2026-03-30 22:15:21,380 [ERROR] LogOutputStream:75 - [STDERR_REDIRECT] 
2026-03-30 22:15:22,382 [ERROR] LogOutputStream:75 - [STDERR_REDIRECT] [Fatal Error] :1:1: Premature end of file.
2026-03-30 22:15:22,382 [ERROR] LogOutputStream:75 - [STDERR_REDIRECT] 
2026-03-30 22:15:23,384 [ERROR] LogOutputStream:75 - [STDERR_REDIRECT] [Fatal Error] :1:1: Premature end of file.
2026-03-30 22:15:23,384 [ERROR] LogOutputStream:75 - [STDERR_REDIRECT] 
2026-03-30 22:15:24,373 [ERROR] LogOutputStream:75 - [STDERR_REDIRECT] [Fatal Error] :1:1: Premature end of file.
2026-03-30 22:15:24,373 [ERROR] LogOutputStream:75 - [STDERR_REDIRECT] 
2026-03-30 22:15:25,374 [ERROR] LogOutputStream:75 - [STDERR_REDIRECT] [Fatal Error] :1:1: Premature end of file.
2026-03-30 22:15:25,374 [ERROR] LogOutputStream:75 - [STDERR_REDIRECT] 
2026-03-30 22:15:26,379 [ERROR] LogOutputStream:75 - [STDERR_REDIRECT] [Fatal Error] :1:1: Premature end of file.
2026-03-30 22:15:26,379 [ERROR] LogOutputStream:75 - [STDERR_REDIRECT] 
2026-03-30 22:15:27,383 [ERROR] LogOutputStream:75 - [STDERR_REDIRECT] [Fatal Error] :1:1: Premature end of file.
2026-03-30 22:15:27,383 [ERROR] LogOutputStream:75 - [STDERR_REDIRECT] 
2026-03-30 22:15:28,370 [ERROR] LogOutputStream:75 - [STDERR_REDIRECT] [Fatal Error] :1:1: Premature end of file.
2026-03-30 22:15:28,370 [ERROR] LogOutputStream:75 - [STDERR_REDIRECT] 
2026-03-30 22:15:29,373 [ERROR] LogOutputStream:75 - [STDERR_REDIRECT] [Fatal Error] :1:1: Premature end of file.
2026-03-30 22:15:29,373 [ERROR] LogOutputStream:75 - [STDERR_REDIRECT] 
2026-03-30 22:15:30,375 [ERROR] LogOutputStream:75 - [STDERR_REDIRECT] [Fatal Error] :1:1: Premature end of file.
2026-03-30 22:15:30,375 [ERROR] LogOutputStream:75 - [STDERR_REDIRECT] 
2026-03-30 22:15:31,379 [ERROR] LogOutputStream:75 - [STDERR_REDIRECT] [Fatal Error] :1:1: Premature end of file.
2026-03-30 22:15:31,379 [ERROR] LogOutputStream:75 - [STDERR_REDIRECT] 
2026-03-30 22:15:32,380 [ERROR] LogOutputStream:75 - [STDERR_REDIRECT] [Fatal Error] :1:1: Premature end of file.
2026-03-30 22:15:32,380 [ERROR] LogOutputStream:75 - [STDERR_REDIRECT] 
2026-03-30 22:15:33,383 [ERROR] LogOutputStream:75 - [STDERR_REDIRECT] [Fatal Error] :1:1: Premature end of file.
2026-03-30 22:15:33,383 [ERROR] LogOutputStream:75 - [STDERR_REDIRECT] 
2026-03-30 22:15:34,385 [ERROR] LogOutputStream:75 - [STDERR_REDIRECT] [Fatal Error] :1:1: Premature end of file.
2026-03-30 22:15:34,385 [ERROR] LogOutputStream:75 - [STDERR_REDIRECT] 
2026-03-30 22:15:35,373 [ERROR] LogOutputStream:75 - [STDERR_REDIRECT] [Fatal Error] :1:1: Premature end of file.
2026-03-30 22:15:35,373 [ERROR] LogOutputStream:75 - [STDERR_REDIRECT] 
2026-03-30 22:15:36,377 [ERROR] LogOutputStream:75 - [STDERR_REDIRECT] [Fatal Error] :1:1: Premature end of file.
2026-03-30 22:15:36,377 [ERROR] LogOutputStream:75 - [STDERR_REDIRECT] 
2026-03-30 22:15:37,382 [ERROR] LogOutputStream:75 - [STDERR_REDIRECT] [Fatal Error] :1:1: Premature end of file.
2026-03-30 22:15:37,382 [ERROR] LogOutputStream:75 - [STDERR_REDIRECT] 
2026-03-30 22:15:38,373 [ERROR] LogOutputStream:75 - [STDERR_REDIRECT] [Fatal Error] :1:1: Premature end of file.
2026-03-30 22:15:38,373 [ERROR] LogOutputStream:75 - [STDERR_REDIRECT] 
2026-03-30 22:15:39,376 [ERROR] LogOutputStream:75 - [STDERR_REDIRECT] [Fatal Error] :1:1: Premature end of file.
2026-03-30 22:15:39,376 [ERROR] LogOutputStream:75 - [STDERR_REDIRECT] 
2026-03-30 22:15:40,379 [ERROR] LogOutputStream:75 - [STDERR_REDIRECT] [Fatal Error] :1:1: Premature end of file.
2026-03-30 22:15:40,379 [ERROR] LogOutputStream:75 - [STDERR_REDIRECT] 
2026-03-30 22:15:41,374 [ERROR] LogOutputStream:75 - [STDERR_REDIRECT] [Fatal Error] :1:1: Premature end of file.
2026-03-30 22:15:41,374 [ERROR] LogOutputStream:75 - [STDERR_REDIRECT] 
2026-03-30 22:15:42,377 [ERROR] LogOutputStream:75 - [STDERR_REDIRECT] [Fatal Error] :1:1: Premature end of file.
2026-03-30 22:15:42,377 [ERROR] LogOutputStream:75 - [STDERR_REDIRECT] 
2026-03-30 22:15:43,378 [ERROR] LogOutputStream:75 - [STDERR_REDIRECT] [Fatal Error] :1:1: Premature end of file.
2026-03-30 22:15:43,378 [ERROR] LogOutputStream:75 - [STDERR_REDIRECT] 
2026-03-30 22:15:44,388 [ERROR] LogOutputStream:75 - [STDERR_REDIRECT] [Fatal Error] :1:1: Premature end of file.
2026-03-30 22:15:44,388 [ERROR] LogOutputStream:75 - [STDERR_REDIRECT] 
2026-03-30 22:15:45,370 [ERROR] LogOutputStream:75 - [STDERR_REDIRECT] [Fatal Error] :1:1: Premature end of file.
2026-03-30 22:15:45,370 [ERROR] LogOutputStream:75 - [STDERR_REDIRECT] 
2026-03-30 22:15:46,373 [ERROR] LogOutputStream:75 - [STDERR_REDIRECT] [Fatal Error] :1:1: Premature end of file.
2026-03-30 22:15:46,373 [ERROR] LogOutputStream:75 - [STDERR_REDIRECT] 
2026-03-30 22:15:47,380 [ERROR] LogOutputStream:75 - [STDERR_REDIRECT] [Fatal Error] :1:1: Premature end of file.
2026-03-30 22:15:47,380 [ERROR] LogOutputStream:75 - [STDERR_REDIRECT] 
2026-03-30 22:15:48,380 [ERROR] LogOutputStream:75 - [STDERR_REDIRECT] [Fatal Error] :1:1: Premature end of file.
2026-03-30 22:15:48,380 [ERROR] LogOutputStream:75 - [STDERR_REDIRECT] 
2026-03-30 22:15:49,383 [ERROR] LogOutputStream:75 - [STDERR_REDIRECT] [Fatal Error] :1:1: Premature end of file.
2026-03-30 22:15:49,383 [ERROR] LogOutputStream:75 - [STDERR_REDIRECT] 
2026-03-30 22:15:50,371 [ERROR] LogOutputStream:75 - [STDERR_REDIRECT] [Fatal Error] :1:1: Premature end of file.
2026-03-30 22:15:50,371 [ERROR] LogOutputStream:75 - [STDERR_REDIRECT] 
2026-03-30 22:15:51,372 [ERROR] LogOutputStream:75 - [STDERR_REDIRECT] [Fatal Error] :1:1: Premature end of file.
2026-03-30 22:15:51,372 [ERROR] LogOutputStream:75 - [STDERR_REDIRECT] 
2026-03-30 22:15:52,375 [ERROR] LogOutputStream:75 - [STDERR_REDIRECT] [Fatal Error] :1:1: Premature end of file.
2026-03-30 22:15:52,375 [ERROR] LogOutputStream:75 - [STDERR_REDIRECT] 
2026-03-30 22:15:53,378 [ERROR] LogOutputStream:75 - [STDERR_REDIRECT] [Fatal Error] :1:1: Premature end of file.
2026-03-30 22:15:53,378 [ERROR] LogOutputStream:75 - [STDERR_REDIRECT] 
2026-03-30 22:15:54,383 [ERROR] LogOutputStream:75 - [STDERR_REDIRECT] [Fatal Error] :1:1: Premature end of file.
2026-03-30 22:15:54,383 [ERROR] LogOutputStream:75 - [STDERR_REDIRECT] 
2026-03-30 22:15:55,369 [ERROR] LogOutputStream:75 - [STDERR_REDIRECT] [Fatal Error] :1:1: Premature end of file.
2026-03-30 22:15:55,369 [ERROR] LogOutputStream:75 - [STDERR_REDIRECT] 
2026-03-30 22:15:56,371 [ERROR] LogOutputStream:75 - [STDERR_REDIRECT] [Fatal Error] :1:1: Premature end of file.
2026-03-30 22:15:56,371 [ERROR] LogOutputStream:75 - [STDERR_REDIRECT] 
2026-03-30 22:15:57,373 [ERROR] LogOutputStream:75 - [STDERR_REDIRECT] [Fatal Error] :1:1: Premature end of file.
2026-03-30 22:15:57,373 [ERROR] LogOutputStream:75 - [STDERR_REDIRECT] 
2026-03-30 22:15:58,376 [ERROR] LogOutputStream:75 - [STDERR_REDIRECT] [Fatal Error] :1:1: Premature end of file.
2026-03-30 22:15:58,376 [ERROR] LogOutputStream:75 - [STDERR_REDIRECT] 
2026-03-30 22:15:59,384 [ERROR] LogOutputStream:75 - [STDERR_REDIRECT] [Fatal Error] :1:1: Premature end of file.
2026-03-30 22:15:59,384 [ERROR] LogOutputStream:75 - [STDERR_REDIRECT] 
2026-03-30 22:16:00,382 [ERROR] LogOutputStream:75 - [STDERR_REDIRECT] [Fatal Error] :1:1: Premature end of file.
2026-03-30 22:16:00,382 [ERROR] LogOutputStream:75 - [STDERR_REDIRECT] 
2026-03-30 22:16:01,371 [ERROR] LogOutputStream:75 - [STDERR_REDIRECT] [Fatal Error] :1:1: Premature end of file.
2026-03-30 22:16:01,371 [ERROR] LogOutputStream:75 - [STDERR_REDIRECT] 
2026-03-30 22:16:02,376 [ERROR] LogOutputStream:75 - [STDERR_REDIRECT] [Fatal Error] :1:1: Premature end of file.
2026-03-30 22:16:02,376 [ERROR] LogOutputStream:75 - [STDERR_REDIRECT] 
2026-03-30 22:16:03,377 [ERROR] LogOutputStream:75 - [STDERR_REDIRECT] [Fatal Error] :1:1: Premature end of file.
2026-03-30 22:16:03,377 [ERROR] LogOutputStream:75 - [STDERR_REDIRECT] 
2026-03-30 22:16:04,380 [ERROR] LogOutputStream:75 - [STDERR_REDIRECT] [Fatal Error] :1:1: Premature end of file.
2026-03-30 22:16:04,380 [ERROR] LogOutputStream:75 - [STDERR_REDIRECT] 
2026-03-30 22:16:05,382 [ERROR] LogOutputStream:75 - [STDERR_REDIRECT] [Fatal Error] :1:1: Premature end of file.
2026-03-30 22:16:05,382 [ERROR] LogOutputStream:75 - [STDERR_REDIRECT] 
2026-03-30 22:16:06,370 [ERROR] LogOutputStream:75 - [STDERR_REDIRECT] [Fatal Error] :1:1: Premature end of file.
2026-03-30 22:16:06,370 [ERROR] LogOutputStream:75 - [STDERR_REDIRECT] 
2026-03-30 22:16:07,373 [ERROR] LogOutputStream:75 - [STDERR_REDIRECT] [Fatal Error] :1:1: Premature end of file.
2026-03-30 22:16:07,373 [ERROR] LogOutputStream:75 - [STDERR_REDIRECT] 
2026-03-30 22:16:08,376 [ERROR] LogOutputStream:75 - [STDERR_REDIRECT] [Fatal Error] :1:1: Premature end of file.
2026-03-30 22:16:08,376 [ERROR] LogOutputStream:75 - [STDERR_REDIRECT] 
2026-03-30 22:16:09,378 [ERROR] LogOutputStream:75 - [STDERR_REDIRECT] [Fatal Error] :1:1: Premature end of file.
2026-03-30 22:16:09,378 [ERROR] LogOutputStream:75 - [STDERR_REDIRECT] 
2026-03-30 22:16:10,378 [ERROR] LogOutputStream:75 - [STDERR_REDIRECT] [Fatal Error] :1:1: Premature end of file.
2026-03-30 22:16:10,378 [ERROR] LogOutputStream:75 - [STDERR_REDIRECT] 
2026-03-30 22:16:11,383 [ERROR] LogOutputStream:75 - [STDERR_REDIRECT] [Fatal Error] :1:1: Premature end of file.
2026-03-30 22:16:11,383 [ERROR] LogOutputStream:75 - [STDERR_REDIRECT] 
2026-03-30 22:16:12,370 [ERROR] LogOutputStream:75 - [STDERR_REDIRECT] [Fatal Error] :1:1: Premature end of file.
2026-03-30 22:16:12,370 [ERROR] LogOutputStream:75 - [STDERR_REDIRECT] 
2026-03-30 22:16:13,372 [ERROR] LogOutputStream:75 - [STDERR_REDIRECT] [Fatal Error] :1:1: Premature end of file.
2026-03-30 22:16:13,372 [ERROR] LogOutputStream:75 - [STDERR_REDIRECT] 
2026-03-30 22:16:14,375 [ERROR] LogOutputStream:75 - [STDERR_REDIRECT] [Fatal Error] :1:1: Premature end of file.
2026-03-30 22:16:14,375 [ERROR] LogOutputStream:75 - [STDERR_REDIRECT] 
2026-03-30 22:16:15,379 [ERROR] LogOutputStream:75 - [STDERR_REDIRECT] [Fatal Error] :1:1: Premature end of file.
2026-03-30 22:16:15,379 [ERROR] LogOutputStream:75 - [STDERR_REDIRECT] 
2026-03-30 22:16:16,383 [ERROR] LogOutputStream:75 - [STDERR_REDIRECT] [Fatal Error] :1:1: Premature end of file.
2026-03-30 22:16:16,383 [ERROR] LogOutputStream:75 - [STDERR_REDIRECT] 
2026-03-30 22:16:17,370 [ERROR] LogOutputStream:75 - [STDERR_REDIRECT] [Fatal Error] :1:1: Premature end of file.
2026-03-30 22:16:17,370 [ERROR] LogOutputStream:75 - [STDERR_REDIRECT] 
2026-03-30 22:16:18,371 [ERROR] LogOutputStream:75 - [STDERR_REDIRECT] [Fatal Error] :1:1: Premature end of file.
2026-03-30 22:16:18,371 [ERROR] LogOutputStream:75 - [STDERR_REDIRECT] 
2026-03-30 22:16:19,373 [ERROR] LogOutputStream:75 - [STDERR_REDIRECT] [Fatal Error] :1:1: Premature end of file.
2026-03-30 22:16:19,373 [ERROR] LogOutputStream:75 - [STDERR_REDIRECT] 
2026-03-30 22:16:20,378 [ERROR] LogOutputStream:75 - [STDERR_REDIRECT] [Fatal Error] :1:1: Premature end of file.
2026-03-30 22:16:20,378 [ERROR] LogOutputStream:75 - [STDERR_REDIRECT] 
2026-03-30 22:16:21,383 [ERROR] LogOutputStream:75 - [STDERR_REDIRECT] [Fatal Error] :1:1: Premature end of file.
2026-03-30 22:16:21,383 [ERROR] LogOutputStream:75 - [STDERR_REDIRECT] 
2026-03-30 22:16:22,382 [ERROR] LogOutputStream:75 - [STDERR_REDIRECT] [Fatal Error] :1:1: Premature end of file.
2026-03-30 22:16:22,382 [ERROR] LogOutputStream:75 - [STDERR_REDIRECT] 
2026-03-30 22:16:23,384 [ERROR] LogOutputStream:75 - [STDERR_REDIRECT] [Fatal Error] :1:1: Premature end of file.
2026-03-30 22:16:23,384 [ERROR] LogOutputStream:75 - [STDERR_REDIRECT] 
2026-03-30 22:16:24,369 [ERROR] LogOutputStream:75 - [STDERR_REDIRECT] [Fatal Error] :1:1: Premature end of file.
2026-03-30 22:16:24,369 [ERROR] LogOutputStream:75 - [STDERR_REDIRECT] 
2026-03-30 22:16:25,373 [ERROR] LogOutputStream:75 - [STDERR_REDIRECT] [Fatal Error] :1:1: Premature end of file.
2026-03-30 22:16:25,373 [ERROR] LogOutputStream:75 - [STDERR_REDIRECT] 
2026-03-30 22:16:26,376 [ERROR] LogOutputStream:75 - [STDERR_REDIRECT] [Fatal Error] :1:1: Premature end of file.
2026-03-30 22:16:26,376 [ERROR] LogOutputStream:75 - [STDERR_REDIRECT] 
2026-03-30 22:16:27,379 [ERROR] LogOutputStream:75 - [STDERR_REDIRECT] [Fatal Error] :1:1: Premature end of file.
2026-03-30 22:16:27,379 [ERROR] LogOutputStream:75 - [STDERR_REDIRECT] 
2026-03-30 22:16:28,380 [ERROR] LogOutputStream:75 - [STDERR_REDIRECT] [Fatal Error] :1:1: Premature end of file.
2026-03-30 22:16:28,380 [ERROR] LogOutputStream:75 - [STDERR_REDIRECT] 
2026-03-30 22:16:29,369 [ERROR] LogOutputStream:75 - [STDERR_REDIRECT] [Fatal Error] :1:1: Premature end of file.
2026-03-30 22:16:29,369 [ERROR] LogOutputStream:75 - [STDERR_REDIRECT] 
2026-03-30 22:16:30,371 [ERROR] LogOutputStream:75 - [STDERR_REDIRECT] [Fatal Error] :1:1: Premature end of file.
2026-03-30 22:16:30,371 [ERROR] LogOutputStream:75 - [STDERR_REDIRECT] 
2026-03-30 22:16:31,372 [ERROR] LogOutputStream:75 - [STDERR_REDIRECT] [Fatal Error] :1:1: Premature end of file.
2026-03-30 22:16:31,372 [ERROR] LogOutputStream:75 - [STDERR_REDIRECT] 
2026-03-30 22:16:32,375 [ERROR] LogOutputStream:75 - [STDERR_REDIRECT] [Fatal Error] :1:1: Premature end of file.
2026-03-30 22:16:32,375 [ERROR] LogOutputStream:75 - [STDERR_REDIRECT] 
2026-03-30 22:16:33,374 [ERROR] LogOutputStream:75 - [STDERR_REDIRECT] [Fatal Error] :1:1: Premature end of file.
2026-03-30 22:16:33,374 [ERROR] LogOutputStream:75 - [STDERR_REDIRECT] 
2026-03-30 22:16:34,374 [ERROR] LogOutputStream:75 - [STDERR_REDIRECT] [Fatal Error] :1:1: Premature end of file.
2026-03-30 22:16:34,374 [ERROR] LogOutputStream:75 - [STDERR_REDIRECT] 
2026-03-30 22:16:35,396 [ERROR] LogOutputStream:75 - [STDERR_REDIRECT] [Fatal Error] :1:1: Premature end of file.
2026-03-30 22:16:35,396 [ERROR] LogOutputStream:75 - [STDERR_REDIRECT] 
2026-03-30 22:16:36,373 [ERROR] LogOutputStream:75 - [STDERR_REDIRECT] [Fatal Error] :1:1: Premature end of file.
2026-03-30 22:16:36,373 [ERROR] LogOutputStream:75 - [STDERR_REDIRECT] 
2026-03-30 22:16:37,374 [ERROR] LogOutputStream:75 - [STDERR_REDIRECT] [Fatal Error] :1:1: Premature end of file.
2026-03-30 22:16:37,374 [ERROR] LogOutputStream:75 - [STDERR_REDIRECT] 
2026-03-30 22:16:38,373 [ERROR] LogOutputStream:75 - [STDERR_REDIRECT] [Fatal Error] :1:1: Premature end of file.
2026-03-30 22:16:38,373 [ERROR] LogOutputStream:75 - [STDERR_REDIRECT] 
2026-03-30 22:16:39,382 [ERROR] LogOutputStream:75 - [STDERR_REDIRECT] [Fatal Error] :1:1: Premature end of file.
2026-03-30 22:16:39,382 [ERROR] LogOutputStream:75 - [STDERR_REDIRECT] 
2026-03-30 22:16:40,384 [ERROR] LogOutputStream:75 - [STDERR_REDIRECT] [Fatal Error] :1:1: Premature end of file.
2026-03-30 22:16:40,384 [ERROR] LogOutputStream:75 - [STDERR_REDIRECT] 
2026-03-30 22:16:41,373 [ERROR] LogOutputStream:75 - [STDERR_REDIRECT] [Fatal Error] :1:1: Premature end of file.
2026-03-30 22:16:41,373 [ERROR] LogOutputStream:75 - [STDERR_REDIRECT] 
2026-03-30 22:16:42,374 [ERROR] LogOutputStream:75 - [STDERR_REDIRECT] [Fatal Error] :1:1: Premature end of file.
2026-03-30 22:16:42,374 [ERROR] LogOutputStream:75 - [STDERR_REDIRECT] 
2026-03-30 22:16:43,370 [ERROR] LogOutputStream:75 - [STDERR_REDIRECT] [Fatal Error] :1:1: Premature end of file.
2026-03-30 22:16:43,370 [ERROR] LogOutputStream:75 - [STDERR_REDIRECT] 
2026-03-30 22:16:44,370 [ERROR] LogOutputStream:75 - [STDERR_REDIRECT] [Fatal Error] :1:1: Premature end of file.
2026-03-30 22:16:44,370 [ERROR] LogOutputStream:75 - [STDERR_REDIRECT] 
2026-03-30 22:16:45,372 [ERROR] LogOutputStream:75 - [STDERR_REDIRECT] [Fatal Error] :1:1: Premature end of file.
2026-03-30 22:16:45,372 [ERROR] LogOutputStream:75 - [STDERR_REDIRECT] 
2026-03-30 22:16:46,372 [ERROR] LogOutputStream:75 - [STDERR_REDIRECT] [Fatal Error] :1:1: Premature end of file.
2026-03-30 22:16:46,372 [ERROR] LogOutputStream:75 - [STDERR_REDIRECT] 
2026-03-30 22:16:47,378 [ERROR] LogOutputStream:75 - [STDERR_REDIRECT] [Fatal Error] :1:1: Premature end of file.
2026-03-30 22:16:47,378 [ERROR] LogOutputStream:75 - [STDERR_REDIRECT] 
2026-03-30 22:16:48,375 [ERROR] LogOutputStream:75 - [STDERR_REDIRECT] [Fatal Error] :1:1: Premature end of file.
2026-03-30 22:16:48,375 [ERROR] LogOutputStream:75 - [STDERR_REDIRECT] 
2026-03-30 22:16:49,375 [ERROR] LogOutputStream:75 - [STDERR_REDIRECT] [Fatal Error] :1:1: Premature end of file.
2026-03-30 22:16:49,375 [ERROR] LogOutputStream:75 - [STDERR_REDIRECT] 
2026-03-30 22:16:50,379 [ERROR] LogOutputStream:75 - [STDERR_REDIRECT] [Fatal Error] :1:1: Premature end of file.
2026-03-30 22:16:50,379 [ERROR] LogOutputStream:75 - [STDERR_REDIRECT] 
2026-03-30 22:16:51,389 [ERROR] LogOutputStream:75 - [STDERR_REDIRECT] [Fatal Error] :1:1: Premature end of file.
2026-03-30 22:16:51,389 [ERROR] LogOutputStream:75 - [STDERR_REDIRECT] 
2026-03-30 22:16:52,376 [ERROR] LogOutputStream:75 - [STDERR_REDIRECT] [Fatal Error] :1:1: Premature end of file.
2026-03-30 22:16:52,376 [ERROR] LogOutputStream:75 - [STDERR_REDIRECT] 
2026-03-30 22:16:53,374 [ERROR] LogOutputStream:75 - [STDERR_REDIRECT] [Fatal Error] :1:1: Premature end of file.
2026-03-30 22:16:53,374 [ERROR] LogOutputStream:75 - [STDERR_REDIRECT] 
2026-03-30 22:16:54,377 [ERROR] LogOutputStream:75 - [STDERR_REDIRECT] [Fatal Error] :1:1: Premature end of file.
2026-03-30 22:16:54,377 [ERROR] LogOutputStream:75 - [STDERR_REDIRECT] 
2026-03-30 22:16:55,373 [ERROR] LogOutputStream:75 - [STDERR_REDIRECT] [Fatal Error] :1:1: Premature end of file.
2026-03-30 22:16:55,373 [ERROR] LogOutputStream:75 - [STDERR_REDIRECT] 
2026-03-30 22:16:56,381 [ERROR] LogOutputStream:75 - [STDERR_REDIRECT] [Fatal Error] :1:1: Premature end of file.
2026-03-30 22:16:56,381 [ERROR] LogOutputStream:75 - [STDERR_REDIRECT] 
2026-03-30 22:16:57,376 [ERROR] LogOutputStream:75 - [STDERR_REDIRECT] [Fatal Error] :1:1: Premature end of file.
2026-03-30 22:16:57,376 [ERROR] LogOutputStream:75 - [STDERR_REDIRECT] 
2026-03-30 22:16:58,379 [ERROR] LogOutputStream:75 - [STDERR_REDIRECT] [Fatal Error] :1:1: Premature end of file.
2026-03-30 22:16:58,379 [ERROR] LogOutputStream:75 - [STDERR_REDIRECT] 
2026-03-30 22:16:59,374 [ERROR] LogOutputStream:75 - [STDERR_REDIRECT] [Fatal Error] :1:1: Premature end of file.
2026-03-30 22:16:59,374 [ERROR] LogOutputStream:75 - [STDERR_REDIRECT] 
2026-03-30 22:17:00,374 [ERROR] LogOutputStream:75 - [STDERR_REDIRECT] [Fatal Error] :1:1: Premature end of file.
2026-03-30 22:17:00,374 [ERROR] LogOutputStream:75 - [STDERR_REDIRECT] 
2026-03-30 22:17:01,374 [ERROR] LogOutputStream:75 - [STDERR_REDIRECT] [Fatal Error] :1:1: Premature end of file.
2026-03-30 22:17:01,374 [ERROR] LogOutputStream:75 - [STDERR_REDIRECT] 
2026-03-30 22:17:02,374 [ERROR] LogOutputStream:75 - [STDERR_REDIRECT] [Fatal Error] :1:1: Premature end of file.
2026-03-30 22:17:02,374 [ERROR] LogOutputStream:75 - [STDERR_REDIRECT] 
2026-03-30 22:17:03,374 [ERROR] LogOutputStream:75 - [STDERR_REDIRECT] [Fatal Error] :1:1: Premature end of file.
2026-03-30 22:17:03,374 [ERROR] LogOutputStream:75 - [STDERR_REDIRECT] 
2026-03-30 22:17:04,376 [ERROR] LogOutputStream:75 - [STDERR_REDIRECT] [Fatal Error] :1:1: Premature end of file.
2026-03-30 22:17:04,376 [ERROR] LogOutputStream:75 - [STDERR_REDIRECT] 
2026-03-30 22:17:05,374 [ERROR] LogOutputStream:75 - [STDERR_REDIRECT] [Fatal Error] :1:1: Premature end of file.
2026-03-30 22:17:05,374 [ERROR] LogOutputStream:75 - [STDERR_REDIRECT] 
2026-03-30 22:17:06,374 [ERROR] LogOutputStream:75 - [STDERR_REDIRECT] [Fatal Error] :1:1: Premature end of file.
2026-03-30 22:17:06,374 [ERROR] LogOutputStream:75 - [STDERR_REDIRECT] 
2026-03-30 22:17:07,381 [ERROR] LogOutputStream:75 - [STDERR_REDIRECT] [Fatal Error] :1:1: Premature end of file.
2026-03-30 22:17:07,381 [ERROR] LogOutputStream:75 - [STDERR_REDIRECT] 
2026-03-30 22:17:08,383 [ERROR] LogOutputStream:75 - [STDERR_REDIRECT] [Fatal Error] :1:1: Premature end of file.
2026-03-30 22:17:08,383 [ERROR] LogOutputStream:75 - [STDERR_REDIRECT] 
2026-03-30 22:17:09,374 [ERROR] LogOutputStream:75 - [STDERR_REDIRECT] [Fatal Error] :1:1: Premature end of file.
2026-03-30 22:17:09,374 [ERROR] LogOutputStream:75 - [STDERR_REDIRECT] 
2026-03-30 22:17:10,384 [ERROR] LogOutputStream:75 - [STDERR_REDIRECT] [Fatal Error] :1:1: Premature end of file.
2026-03-30 22:17:10,384 [ERROR] LogOutputStream:75 - [STDERR_REDIRECT] 
2026-03-30 22:17:11,380 [ERROR] LogOutputStream:75 - [STDERR_REDIRECT] [Fatal Error] :1:1: Premature end of file.
2026-03-30 22:17:11,380 [ERROR] LogOutputStream:75 - [STDERR_REDIRECT] 
2026-03-30 22:17:12,371 [ERROR] LogOutputStream:75 - [STDERR_REDIRECT] [Fatal Error] :1:1: Premature end of file.
2026-03-30 22:17:12,371 [ERROR] LogOutputStream:75 - [STDERR_REDIRECT] 
2026-03-30 22:17:13,375 [ERROR] LogOutputStream:75 - [STDERR_REDIRECT] [Fatal Error] :1:1: Premature end of file.
2026-03-30 22:17:13,375 [ERROR] LogOutputStream:75 - [STDERR_REDIRECT] 
2026-03-30 22:17:14,374 [ERROR] LogOutputStream:75 - [STDERR_REDIRECT] [Fatal Error] :1:1: Premature end of file.
2026-03-30 22:17:14,374 [ERROR] LogOutputStream:75 - [STDERR_REDIRECT] 
2026-03-30 22:17:15,377 [ERROR] LogOutputStream:75 - [STDERR_REDIRECT] [Fatal Error] :1:1: Premature end of file.
2026-03-30 22:17:15,377 [ERROR] LogOutputStream:75 - [STDERR_REDIRECT] 
2026-03-30 22:17:16,380 [ERROR] LogOutputStream:75 - [STDERR_REDIRECT] [Fatal Error] :1:1: Premature end of file.
2026-03-30 22:17:16,380 [ERROR] LogOutputStream:75 - [STDERR_REDIRECT] 
2026-03-30 22:17:17,383 [ERROR] LogOutputStream:75 - [STDERR_REDIRECT] [Fatal Error] :1:1: Premature end of file.
2026-03-30 22:17:17,383 [ERROR] LogOutputStream:75 - [STDERR_REDIRECT] 
2026-03-30 22:17:18,371 [ERROR] LogOutputStream:75 - [STDERR_REDIRECT] [Fatal Error] :1:1: Premature end of file.
2026-03-30 22:17:18,371 [ERROR] LogOutputStream:75 - [STDERR_REDIRECT] 
2026-03-30 22:17:19,372 [ERROR] LogOutputStream:75 - [STDERR_REDIRECT] [Fatal Error] :1:1: Premature end of file.
2026-03-30 22:17:19,372 [ERROR] LogOutputStream:75 - [STDERR_REDIRECT] 
2026-03-30 22:17:20,387 [ERROR] LogOutputStream:75 - [STDERR_REDIRECT] [Fatal Error] :1:1: Premature end of file.
2026-03-30 22:17:20,390 [ERROR] LogOutputStream:75 - [STDERR_REDIRECT] 
2026-03-30 22:17:21,383 [ERROR] LogOutputStream:75 - [STDERR_REDIRECT] [Fatal Error] :1:1: Premature end of file.
2026-03-30 22:17:21,383 [ERROR] LogOutputStream:75 - [STDERR_REDIRECT] 
2026-03-30 22:17:22,372 [ERROR] LogOutputStream:75 - [STDERR_REDIRECT] [Fatal Error] :1:1: Premature end of file.
2026-03-30 22:17:22,372 [ERROR] LogOutputStream:75 - [STDERR_REDIRECT] 
2026-03-30 22:17:23,375 [ERROR] LogOutputStream:75 - [STDERR_REDIRECT] [Fatal Error] :1:1: Premature end of file.
2026-03-30 22:17:23,375 [ERROR] LogOutputStream:75 - [STDERR_REDIRECT] 
2026-03-30 22:17:24,376 [ERROR] LogOutputStream:75 - [STDERR_REDIRECT] [Fatal Error] :1:1: Premature end of file.
2026-03-30 22:17:24,376 [ERROR] LogOutputStream:75 - [STDERR_REDIRECT] 
2026-03-30 22:17:25,382 [ERROR] LogOutputStream:75 - [STDERR_REDIRECT] [Fatal Error] :1:1: Premature end of file.
2026-03-30 22:17:25,382 [ERROR] LogOutputStream:75 - [STDERR_REDIRECT] 
2026-03-30 22:17:26,383 [ERROR] LogOutputStream:75 - [STDERR_REDIRECT] [Fatal Error] :1:1: Premature end of file.
2026-03-30 22:17:26,383 [ERROR] LogOutputStream:75 - [STDERR_REDIRECT] 
2026-03-30 22:17:27,402 [ERROR] LogOutputStream:75 - [STDERR_REDIRECT] [Fatal Error] :1:1: Premature end of file.
2026-03-30 22:17:27,402 [ERROR] LogOutputStream:75 - [STDERR_REDIRECT] 
2026-03-30 22:17:28,376 [ERROR] LogOutputStream:75 - [STDERR_REDIRECT] [Fatal Error] :1:1: Premature end of file.
2026-03-30 22:17:28,376 [ERROR] LogOutputStream:75 - [STDERR_REDIRECT] 
2026-03-30 22:17:29,375 [ERROR] LogOutputStream:75 - [STDERR_REDIRECT] [Fatal Error] :1:1: Premature end of file.
2026-03-30 22:17:29,375 [ERROR] LogOutputStream:75 - [STDERR_REDIRECT] 
2026-03-30 22:17:30,377 [ERROR] LogOutputStream:75 - [STDERR_REDIRECT] [Fatal Error] :1:1: Premature end of file.
2026-03-30 22:17:30,377 [ERROR] LogOutputStream:75 - [STDERR_REDIRECT] 
2026-03-30 22:17:31,382 [ERROR] LogOutputStream:75 - [STDERR_REDIRECT] [Fatal Error] :1:1: Premature end of file.
2026-03-30 22:17:31,382 [ERROR] LogOutputStream:75 - [STDERR_REDIRECT] 
2026-03-30 22:17:32,374 [ERROR] LogOutputStream:75 - [STDERR_REDIRECT] [Fatal Error] :1:1: Premature end of file.
2026-03-30 22:17:32,374 [ERROR] LogOutputStream:75 - [STDERR_REDIRECT] 
2026-03-30 22:17:33,374 [ERROR] LogOutputStream:75 - [STDERR_REDIRECT] [Fatal Error] :1:1: Premature end of file.
2026-03-30 22:17:33,374 [ERROR] LogOutputStream:75 - [STDERR_REDIRECT] 
2026-03-30 22:17:34,381 [ERROR] LogOutputStream:75 - [STDERR_REDIRECT] [Fatal Error] :1:1: Premature end of file.
2026-03-30 22:17:34,381 [ERROR] LogOutputStream:75 - [STDERR_REDIRECT] 
2026-03-30 22:17:35,376 [ERROR] LogOutputStream:75 - [STDERR_REDIRECT] [Fatal Error] :1:1: Premature end of file.
2026-03-30 22:17:35,376 [ERROR] LogOutputStream:75 - [STDERR_REDIRECT] 
2026-03-30 22:17:36,376 [ERROR] LogOutputStream:75 - [STDERR_REDIRECT] [Fatal Error] :1:1: Premature end of file.
2026-03-30 22:17:36,376 [ERROR] LogOutputStream:75 - [STDERR_REDIRECT] 
2026-03-30 22:17:37,380 [ERROR] LogOutputStream:75 - [STDERR_REDIRECT] [Fatal Error] :1:1: Premature end of file.
2026-03-30 22:17:37,380 [ERROR] LogOutputStream:75 - [STDERR_REDIRECT] 
2026-03-30 22:17:38,383 [ERROR] LogOutputStream:75 - [STDERR_REDIRECT] [Fatal Error] :1:1: Premature end of file.
2026-03-30 22:17:38,383 [ERROR] LogOutputStream:75 - [STDERR_REDIRECT] 
2026-03-30 22:17:39,373 [ERROR] LogOutputStream:75 - [STDERR_REDIRECT] [Fatal Error] :1:1: Premature end of file.
2026-03-30 22:17:39,373 [ERROR] LogOutputStream:75 - [STDERR_REDIRECT] 
2026-03-30 22:17:40,376 [ERROR] LogOutputStream:75 - [STDERR_REDIRECT] [Fatal Error] :1:1: Premature end of file.
2026-03-30 22:17:40,376 [ERROR] LogOutputStream:75 - [STDERR_REDIRECT] 
2026-03-30 22:17:41,380 [ERROR] LogOutputStream:75 - [STDERR_REDIRECT] [Fatal Error] :1:1: Premature end of file.
2026-03-30 22:17:41,380 [ERROR] LogOutputStream:75 - [STDERR_REDIRECT] 
2026-03-30 22:17:42,372 [ERROR] LogOutputStream:75 - [STDERR_REDIRECT] [Fatal Error] :1:1: Premature end of file.
2026-03-30 22:17:42,372 [ERROR] LogOutputStream:75 - [STDERR_REDIRECT] 
2026-03-30 22:17:43,387 [ERROR] LogOutputStream:75 - [STDERR_REDIRECT] [Fatal Error] :1:1: Premature end of file.
2026-03-30 22:17:43,387 [ERROR] LogOutputStream:75 - [STDERR_REDIRECT] 
2026-03-30 22:17:44,390 [ERROR] LogOutputStream:75 - [STDERR_REDIRECT] [Fatal Error] :1:1: Premature end of file.
2026-03-30 22:17:44,390 [ERROR] LogOutputStream:75 - [STDERR_REDIRECT] 
2026-03-30 22:17:45,383 [ERROR] LogOutputStream:75 - [STDERR_REDIRECT] [Fatal Error] :1:1: Premature end of file.
2026-03-30 22:17:45,383 [ERROR] LogOutputStream:75 - [STDERR_REDIRECT] 
2026-03-30 22:17:46,380 [ERROR] LogOutputStream:75 - [STDERR_REDIRECT] [Fatal Error] :1:1: Premature end of file.
2026-03-30 22:17:46,380 [ERROR] LogOutputStream:75 - [STDERR_REDIRECT] 
2026-03-30 22:17:47,375 [ERROR] LogOutputStream:75 - [STDERR_REDIRECT] [Fatal Error] :1:1: Premature end of file.
2026-03-30 22:17:47,375 [ERROR] LogOutputStream:75 - [STDERR_REDIRECT] 
2026-03-30 22:17:48,375 [ERROR] LogOutputStream:75 - [STDERR_REDIRECT] [Fatal Error] :1:1: Premature end of file.
2026-03-30 22:17:48,375 [ERROR] LogOutputStream:75 - [STDERR_REDIRECT] 
2026-03-30 22:17:49,378 [ERROR] LogOutputStream:75 - [STDERR_REDIRECT] [Fatal Error] :1:1: Premature end of file.
2026-03-30 22:17:49,378 [ERROR] LogOutputStream:75 - [STDERR_REDIRECT] 
2026-03-30 22:17:50,376 [ERROR] LogOutputStream:75 - [STDERR_REDIRECT] [Fatal Error] :1:1: Premature end of file.
2026-03-30 22:17:50,376 [ERROR] LogOutputStream:75 - [STDERR_REDIRECT] 
2026-03-30 22:17:51,375 [ERROR] LogOutputStream:75 - [STDERR_REDIRECT] [Fatal Error] :1:1: Premature end of file.
2026-03-30 22:17:51,375 [ERROR] LogOutputStream:75 - [STDERR_REDIRECT] 
2026-03-30 22:17:52,375 [ERROR] LogOutputStream:75 - [STDERR_REDIRECT] [Fatal Error] :1:1: Premature end of file.
2026-03-30 22:17:52,375 [ERROR] LogOutputStream:75 - [STDERR_REDIRECT] 
2026-03-30 22:17:53,375 [ERROR] LogOutputStream:75 - [STDERR_REDIRECT] [Fatal Error] :1:1: Premature end of file.
2026-03-30 22:17:53,375 [ERROR] LogOutputStream:75 - [STDERR_REDIRECT] 
2026-03-30 22:17:54,375 [ERROR] LogOutputStream:75 - [STDERR_REDIRECT] [Fatal Error] :1:1: Premature end of file.
2026-03-30 22:17:54,375 [ERROR] LogOutputStream:75 - [STDERR_REDIRECT] 
2026-03-30 22:17:55,376 [ERROR] LogOutputStream:75 - [STDERR_REDIRECT] [Fatal Error] :1:1: Premature end of file.
2026-03-30 22:17:55,376 [ERROR] LogOutputStream:75 - [STDERR_REDIRECT] 
2026-03-30 22:17:56,375 [ERROR] LogOutputStream:75 - [STDERR_REDIRECT] [Fatal Error] :1:1: Premature end of file.
2026-03-30 22:17:56,375 [ERROR] LogOutputStream:75 - [STDERR_REDIRECT] 
2026-03-30 22:17:57,375 [ERROR] LogOutputStream:75 - [STDERR_REDIRECT] [Fatal Error] :1:1: Premature end of file.
2026-03-30 22:17:57,375 [ERROR] LogOutputStream:75 - [STDERR_REDIRECT] 
2026-03-30 22:17:58,380 [ERROR] LogOutputStream:75 - [STDERR_REDIRECT] [Fatal Error] :1:1: Premature end of file.
2026-03-30 22:17:58,380 [ERROR] LogOutputStream:75 - [STDERR_REDIRECT] 
2026-03-30 22:17:59,375 [ERROR] LogOutputStream:75 - [STDERR_REDIRECT] [Fatal Error] :1:1: Premature end of file.
2026-03-30 22:17:59,375 [ERROR] LogOutputStream:75 - [STDERR_REDIRECT] 
2026-03-30 22:18:00,380 [ERROR] LogOutputStream:75 - [STDERR_REDIRECT] [Fatal Error] :1:1: Premature end of file.
2026-03-30 22:18:00,380 [ERROR] LogOutputStream:75 - [STDERR_REDIRECT] 
2026-03-30 22:18:01,381 [ERROR] LogOutputStream:75 - [STDERR_REDIRECT] [Fatal Error] :1:1: Premature end of file.
2026-03-30 22:18:01,381 [ERROR] LogOutputStream:75 - [STDERR_REDIRECT] 
2026-03-30 22:18:02,382 [ERROR] LogOutputStream:75 - [STDERR_REDIRECT] [Fatal Error] :1:1: Premature end of file.
2026-03-30 22:18:02,382 [ERROR] LogOutputStream:75 - [STDERR_REDIRECT] 
2026-03-30 22:18:03,392 [ERROR] LogOutputStream:75 - [STDERR_REDIRECT] [Fatal Error] :1:1: Premature end of file.
2026-03-30 22:18:03,392 [ERROR] LogOutputStream:75 - [STDERR_REDIRECT] 
2026-03-30 22:18:04,397 [ERROR] LogOutputStream:75 - [STDERR_REDIRECT] [Fatal Error] :1:1: Premature end of file.
2026-03-30 22:18:04,397 [ERROR] LogOutputStream:75 - [STDERR_REDIRECT] 
2026-03-30 22:18:05,375 [ERROR] LogOutputStream:75 - [STDERR_REDIRECT] [Fatal Error] :1:1: Premature end of file.
2026-03-30 22:18:05,375 [ERROR] LogOutputStream:75 - [STDERR_REDIRECT] 
2026-03-30 22:18:06,382 [ERROR] LogOutputStream:75 - [STDERR_REDIRECT] [Fatal Error] :1:1: Premature end of file.
2026-03-30 22:18:06,382 [ERROR] LogOutputStream:75 - [STDERR_REDIRECT] 
2026-03-30 22:18:07,382 [ERROR] LogOutputStream:75 - [STDERR_REDIRECT] [Fatal Error] :1:1: Premature end of file.
2026-03-30 22:18:07,382 [ERROR] LogOutputStream:75 - [STDERR_REDIRECT] 
2026-03-30 22:18:08,381 [ERROR] LogOutputStream:75 - [STDERR_REDIRECT] [Fatal Error] :1:1: Premature end of file.
2026-03-30 22:18:08,381 [ERROR] LogOutputStream:75 - [STDERR_REDIRECT] 
2026-03-30 22:18:09,384 [ERROR] LogOutputStream:75 - [STDERR_REDIRECT] [Fatal Error] :1:1: Premature end of file.
2026-03-30 22:18:09,384 [ERROR] LogOutputStream:75 - [STDERR_REDIRECT] 
2026-03-30 22:18:10,390 [ERROR] LogOutputStream:75 - [STDERR_REDIRECT] [Fatal Error] :1:1: Premature end of file.
2026-03-30 22:18:10,390 [ERROR] LogOutputStream:75 - [STDERR_REDIRECT] 
2026-03-30 22:18:11,447 [ERROR] LogOutputStream:75 - [STDERR_REDIRECT] [Fatal Error] :1:1: Premature end of file.
2026-03-30 22:18:11,447 [ERROR] LogOutputStream:75 - [STDERR_REDIRECT] 
2026-03-30 22:18:12,393 [ERROR] LogOutputStream:75 - [STDERR_REDIRECT] [Fatal Error] :1:1: Premature end of file.
2026-03-30 22:18:12,393 [ERROR] LogOutputStream:75 - [STDERR_REDIRECT] 
2026-03-30 22:18:13,387 [ERROR] LogOutputStream:75 - [STDERR_REDIRECT] [Fatal Error] :1:1: Premature end of file.
2026-03-30 22:18:13,387 [ERROR] LogOutputStream:75 - [STDERR_REDIRECT] 
2026-03-30 22:18:14,382 [ERROR] LogOutputStream:75 - [STDERR_REDIRECT] [Fatal Error] :1:1: Premature end of file.
2026-03-30 22:18:14,382 [ERROR] LogOutputStream:75 - [STDERR_REDIRECT] 
2026-03-30 22:18:15,383 [ERROR] LogOutputStream:75 - [STDERR_REDIRECT] [Fatal Error] :1:1: Premature end of file.
2026-03-30 22:18:15,383 [ERROR] LogOutputStream:75 - [STDERR_REDIRECT] 
2026-03-30 22:18:16,383 [ERROR] LogOutputStream:75 - [STDERR_REDIRECT] [Fatal Error] :1:1: Premature end of file.
2026-03-30 22:18:16,383 [ERROR] LogOutputStream:75 - [STDERR_REDIRECT] 
2026-03-30 22:18:17,383 [ERROR] LogOutputStream:75 - [STDERR_REDIRECT] [Fatal Error] :1:1: Premature end of file.
2026-03-30 22:18:17,383 [ERROR] LogOutputStream:75 - [STDERR_REDIRECT] 
2026-03-30 22:18:18,380 [ERROR] LogOutputStream:75 - [STDERR_REDIRECT] [Fatal Error] :1:1: Premature end of file.
2026-03-30 22:18:18,380 [ERROR] LogOutputStream:75 - [STDERR_REDIRECT] 
2026-03-30 22:18:19,383 [ERROR] LogOutputStream:75 - [STDERR_REDIRECT] [Fatal Error] :1:1: Premature end of file.
2026-03-30 22:18:19,383 [ERROR] LogOutputStream:75 - [STDERR_REDIRECT] 
2026-03-30 22:18:20,384 [ERROR] LogOutputStream:75 - [STDERR_REDIRECT] [Fatal Error] :1:1: Premature end of file.
2026-03-30 22:18:20,384 [ERROR] LogOutputStream:75 - [STDERR_REDIRECT] 
2026-03-30 22:18:21,371 [ERROR] LogOutputStream:75 - [STDERR_REDIRECT] [Fatal Error] :1:1: Premature end of file.
2026-03-30 22:18:21,371 [ERROR] LogOutputStream:75 - [STDERR_REDIRECT] 
2026-03-30 22:18:22,376 [ERROR] LogOutputStream:75 - [STDERR_REDIRECT] [Fatal Error] :1:1: Premature end of file.
2026-03-30 22:18:22,376 [ERROR] LogOutputStream:75 - [STDERR_REDIRECT] 
2026-03-30 22:18:23,370 [ERROR] LogOutputStream:75 - [STDERR_REDIRECT] [Fatal Error] :1:1: Premature end of file.
2026-03-30 22:18:23,370 [ERROR] LogOutputStream:75 - [STDERR_REDIRECT] 
2026-03-30 22:18:24,371 [ERROR] LogOutputStream:75 - [STDERR_REDIRECT] [Fatal Error] :1:1: Premature end of file.
2026-03-30 22:18:24,371 [ERROR] LogOutputStream:75 - [STDERR_REDIRECT] 
2026-03-30 22:18:25,373 [ERROR] LogOutputStream:75 - [STDERR_REDIRECT] [Fatal Error] :1:1: Premature end of file.
2026-03-30 22:18:25,373 [ERROR] LogOutputStream:75 - [STDERR_REDIRECT] 
2026-03-30 22:18:26,376 [ERROR] LogOutputStream:75 - [STDERR_REDIRECT] [Fatal Error] :1:1: Premature end of file.
2026-03-30 22:18:26,376 [ERROR] LogOutputStream:75 - [STDERR_REDIRECT] 
2026-03-30 22:18:27,377 [ERROR] LogOutputStream:75 - [STDERR_REDIRECT] [Fatal Error] :1:1: Premature end of file.
2026-03-30 22:18:27,377 [ERROR] LogOutputStream:75 - [STDERR_REDIRECT] 
2026-03-30 22:18:28,384 [ERROR] LogOutputStream:75 - [STDERR_REDIRECT] [Fatal Error] :1:1: Premature end of file.
2026-03-30 22:18:28,384 [ERROR] LogOutputStream:75 - [STDERR_REDIRECT] 
2026-03-30 22:18:29,369 [ERROR] LogOutputStream:75 - [STDERR_REDIRECT] [Fatal Error] :1:1: Premature end of file.
2026-03-30 22:18:29,369 [ERROR] LogOutputStream:75 - [STDERR_REDIRECT] 
2026-03-30 22:18:30,372 [ERROR] LogOutputStream:75 - [STDERR_REDIRECT] [Fatal Error] :1:1: Premature end of file.
2026-03-30 22:18:30,372 [ERROR] LogOutputStream:75 - [STDERR_REDIRECT] 
2026-03-30 22:18:31,375 [ERROR] LogOutputStream:75 - [STDERR_REDIRECT] [Fatal Error] :1:1: Premature end of file.
2026-03-30 22:18:31,375 [ERROR] LogOutputStream:75 - [STDERR_REDIRECT] 
2026-03-30 22:18:32,376 [ERROR] LogOutputStream:75 - [STDERR_REDIRECT] [Fatal Error] :1:1: Premature end of file.
2026-03-30 22:18:32,376 [ERROR] LogOutputStream:75 - [STDERR_REDIRECT] 
2026-03-30 22:18:33,374 [ERROR] LogOutputStream:75 - [STDERR_REDIRECT] [Fatal Error] :1:1: Premature end of file.
2026-03-30 22:18:33,374 [ERROR] LogOutputStream:75 - [STDERR_REDIRECT] 
2026-03-30 22:18:34,373 [ERROR] LogOutputStream:75 - [STDERR_REDIRECT] [Fatal Error] :1:1: Premature end of file.
2026-03-30 22:18:34,373 [ERROR] LogOutputStream:75 - [STDERR_REDIRECT] 
2026-03-30 22:18:35,373 [ERROR] LogOutputStream:75 - [STDERR_REDIRECT] [Fatal Error] :1:1: Premature end of file.
2026-03-30 22:18:35,373 [ERROR] LogOutputStream:75 - [STDERR_REDIRECT] 
2026-03-30 22:18:36,376 [ERROR] LogOutputStream:75 - [STDERR_REDIRECT] [Fatal Error] :1:1: Premature end of file.
2026-03-30 22:18:36,376 [ERROR] LogOutputStream:75 - [STDERR_REDIRECT] 
2026-03-30 22:18:37,379 [ERROR] LogOutputStream:75 - [STDERR_REDIRECT] [Fatal Error] :1:1: Premature end of file.
2026-03-30 22:18:37,379 [ERROR] LogOutputStream:75 - [STDERR_REDIRECT] 
2026-03-30 22:18:38,370 [ERROR] LogOutputStream:75 - [STDERR_REDIRECT] [Fatal Error] :1:1: Premature end of file.
2026-03-30 22:18:38,370 [ERROR] LogOutputStream:75 - [STDERR_REDIRECT] 
2026-03-30 22:18:39,373 [ERROR] LogOutputStream:75 - [STDERR_REDIRECT] [Fatal Error] :1:1: Premature end of file.
2026-03-30 22:18:39,373 [ERROR] LogOutputStream:75 - [STDERR_REDIRECT] 
2026-03-30 22:18:40,376 [ERROR] LogOutputStream:75 - [STDERR_REDIRECT] [Fatal Error] :1:1: Premature end of file.
2026-03-30 22:18:40,376 [ERROR] LogOutputStream:75 - [STDERR_REDIRECT] 
2026-03-30 22:18:41,378 [ERROR] LogOutputStream:75 - [STDERR_REDIRECT] [Fatal Error] :1:1: Premature end of file.
2026-03-30 22:18:41,378 [ERROR] LogOutputStream:75 - [STDERR_REDIRECT] 
2026-03-30 22:18:42,380 [ERROR] LogOutputStream:75 - [STDERR_REDIRECT] [Fatal Error] :1:1: Premature end of file.
2026-03-30 22:18:42,380 [ERROR] LogOutputStream:75 - [STDERR_REDIRECT] 
2026-03-30 22:18:43,377 [ERROR] LogOutputStream:75 - [STDERR_REDIRECT] [Fatal Error] :1:1: Premature end of file.
2026-03-30 22:18:43,377 [ERROR] LogOutputStream:75 - [STDERR_REDIRECT] 
2026-03-30 22:18:44,381 [ERROR] LogOutputStream:75 - [STDERR_REDIRECT] [Fatal Error] :1:1: Premature end of file.
2026-03-30 22:18:44,381 [ERROR] LogOutputStream:75 - [STDERR_REDIRECT] 
2026-03-30 22:18:45,383 [ERROR] LogOutputStream:75 - [STDERR_REDIRECT] [Fatal Error] :1:1: Premature end of file.
2026-03-30 22:18:45,383 [ERROR] LogOutputStream:75 - [STDERR_REDIRECT] 
2026-03-30 22:18:46,385 [ERROR] LogOutputStream:75 - [STDERR_REDIRECT] [Fatal Error] :1:1: Premature end of file.
2026-03-30 22:18:46,385 [ERROR] LogOutputStream:75 - [STDERR_REDIRECT] 
2026-03-30 22:18:47,370 [ERROR] LogOutputStream:75 - [STDERR_REDIRECT] [Fatal Error] :1:1: Premature end of file.
2026-03-30 22:18:47,370 [ERROR] LogOutputStream:75 - [STDERR_REDIRECT] 
2026-03-30 22:18:48,383 [ERROR] LogOutputStream:75 - [STDERR_REDIRECT] [Fatal Error] :1:1: Premature end of file.
2026-03-30 22:18:48,383 [ERROR] LogOutputStream:75 - [STDERR_REDIRECT] 
2026-03-30 22:18:49,369 [ERROR] LogOutputStream:75 - [STDERR_REDIRECT] [Fatal Error] :1:1: Premature end of file.
2026-03-30 22:18:49,369 [ERROR] LogOutputStream:75 - [STDERR_REDIRECT] 
2026-03-30 22:18:50,372 [ERROR] LogOutputStream:75 - [STDERR_REDIRECT] [Fatal Error] :1:1: Premature end of file.
2026-03-30 22:18:50,372 [ERROR] LogOutputStream:75 - [STDERR_REDIRECT] 
2026-03-30 22:18:51,374 [ERROR] LogOutputStream:75 - [STDERR_REDIRECT] [Fatal Error] :1:1: Premature end of file.
2026-03-30 22:18:51,374 [ERROR] LogOutputStream:75 - [STDERR_REDIRECT] 
2026-03-30 22:18:52,378 [ERROR] LogOutputStream:75 - [STDERR_REDIRECT] [Fatal Error] :1:1: Premature end of file.
2026-03-30 22:18:52,378 [ERROR] LogOutputStream:75 - [STDERR_REDIRECT] 
2026-03-30 22:18:53,370 [ERROR] LogOutputStream:75 - [STDERR_REDIRECT] [Fatal Error] :1:1: Premature end of file.
2026-03-30 22:18:53,370 [ERROR] LogOutputStream:75 - [STDERR_REDIRECT] 
2026-03-30 22:18:54,374 [ERROR] LogOutputStream:75 - [STDERR_REDIRECT] [Fatal Error] :1:1: Premature end of file.
2026-03-30 22:18:54,374 [ERROR] LogOutputStream:75 - [STDERR_REDIRECT] 
2026-03-30 22:18:55,376 [ERROR] LogOutputStream:75 - [STDERR_REDIRECT] [Fatal Error] :1:1: Premature end of file.
2026-03-30 22:18:55,376 [ERROR] LogOutputStream:75 - [STDERR_REDIRECT] 
2026-03-30 22:18:56,380 [ERROR] LogOutputStream:75 - [STDERR_REDIRECT] [Fatal Error] :1:1: Premature end of file.
2026-03-30 22:18:56,380 [ERROR] LogOutputStream:75 - [STDERR_REDIRECT] 
2026-03-30 22:18:57,384 [ERROR] LogOutputStream:75 - [STDERR_REDIRECT] [Fatal Error] :1:1: Premature end of file.
2026-03-30 22:18:57,384 [ERROR] LogOutputStream:75 - [STDERR_REDIRECT] 
2026-03-30 22:18:58,383 [ERROR] LogOutputStream:75 - [STDERR_REDIRECT] [Fatal Error] :1:1: Premature end of file.
2026-03-30 22:18:58,383 [ERROR] LogOutputStream:75 - [STDERR_REDIRECT] 
2026-03-30 22:18:59,372 [ERROR] LogOutputStream:75 - [STDERR_REDIRECT] [Fatal Error] :1:1: Premature end of file.
2026-03-30 22:18:59,372 [ERROR] LogOutputStream:75 - [STDERR_REDIRECT] 
2026-03-30 22:19:00,374 [ERROR] LogOutputStream:75 - [STDERR_REDIRECT] [Fatal Error] :1:1: Premature end of file.
2026-03-30 22:19:00,374 [ERROR] LogOutputStream:75 - [STDERR_REDIRECT] 
2026-03-30 22:19:01,383 [ERROR] LogOutputStream:75 - [STDERR_REDIRECT] [Fatal Error] :1:1: Premature end of file.
2026-03-30 22:19:01,383 [ERROR] LogOutputStream:75 - [STDERR_REDIRECT] 
2026-03-30 22:19:02,382 [ERROR] LogOutputStream:75 - [STDERR_REDIRECT] [Fatal Error] :1:1: Premature end of file.
2026-03-30 22:19:02,382 [ERROR] LogOutputStream:75 - [STDERR_REDIRECT] 
2026-03-30 22:19:03,373 [ERROR] LogOutputStream:75 - [STDERR_REDIRECT] [Fatal Error] :1:1: Premature end of file.
2026-03-30 22:19:03,373 [ERROR] LogOutputStream:75 - [STDERR_REDIRECT] 
2026-03-30 22:19:04,375 [ERROR] LogOutputStream:75 - [STDERR_REDIRECT] [Fatal Error] :1:1: Premature end of file.
2026-03-30 22:19:04,375 [ERROR] LogOutputStream:75 - [STDERR_REDIRECT] 
2026-03-30 22:19:05,377 [ERROR] LogOutputStream:75 - [STDERR_REDIRECT] [Fatal Error] :1:1: Premature end of file.
2026-03-30 22:19:05,377 [ERROR] LogOutputStream:75 - [STDERR_REDIRECT] 
2026-03-30 22:19:06,379 [ERROR] LogOutputStream:75 - [STDERR_REDIRECT] [Fatal Error] :1:1: Premature end of file.
2026-03-30 22:19:06,379 [ERROR] LogOutputStream:75 - [STDERR_REDIRECT] 
2026-03-30 22:19:07,379 [ERROR] LogOutputStream:75 - [STDERR_REDIRECT] [Fatal Error] :1:1: Premature end of file.
2026-03-30 22:19:07,379 [ERROR] LogOutputStream:75 - [STDERR_REDIRECT] 
2026-03-30 22:19:08,381 [ERROR] LogOutputStream:75 - [STDERR_REDIRECT] [Fatal Error] :1:1: Premature end of file.
2026-03-30 22:19:08,381 [ERROR] LogOutputStream:75 - [STDERR_REDIRECT] 
2026-03-30 22:19:09,383 [ERROR] LogOutputStream:75 - [STDERR_REDIRECT] [Fatal Error] :1:1: Premature end of file.
2026-03-30 22:19:09,383 [ERROR] LogOutputStream:75 - [STDERR_REDIRECT] 
2026-03-30 22:19:10,369 [ERROR] LogOutputStream:75 - [STDERR_REDIRECT] [Fatal Error] :1:1: Premature end of file.
2026-03-30 22:19:10,369 [ERROR] LogOutputStream:75 - [STDERR_REDIRECT] 
2026-03-30 22:19:11,375 [ERROR] LogOutputStream:75 - [STDERR_REDIRECT] [Fatal Error] :1:1: Premature end of file.
2026-03-30 22:19:11,375 [ERROR] LogOutputStream:75 - [STDERR_REDIRECT] 
2026-03-30 22:19:12,375 [ERROR] LogOutputStream:75 - [STDERR_REDIRECT] [Fatal Error] :1:1: Premature end of file.
2026-03-30 22:19:12,375 [ERROR] LogOutputStream:75 - [STDERR_REDIRECT] 
2026-03-30 22:19:13,378 [ERROR] LogOutputStream:75 - [STDERR_REDIRECT] [Fatal Error] :1:1: Premature end of file.
2026-03-30 22:19:13,378 [ERROR] LogOutputStream:75 - [STDERR_REDIRECT] 
2026-03-30 22:19:14,381 [ERROR] LogOutputStream:75 - [STDERR_REDIRECT] [Fatal Error] :1:1: Premature end of file.
2026-03-30 22:19:14,381 [ERROR] LogOutputStream:75 - [STDERR_REDIRECT] 
2026-03-30 22:19:15,385 [ERROR] LogOutputStream:75 - [STDERR_REDIRECT] [Fatal Error] :1:1: Premature end of file.
2026-03-30 22:19:15,385 [ERROR] LogOutputStream:75 - [STDERR_REDIRECT] 
2026-03-30 22:19:16,378 [ERROR] LogOutputStream:75 - [STDERR_REDIRECT] [Fatal Error] :1:1: Premature end of file.
2026-03-30 22:19:16,378 [ERROR] LogOutputStream:75 - [STDERR_REDIRECT] 
2026-03-30 22:19:17,392 [ERROR] LogOutputStream:75 - [STDERR_REDIRECT] [Fatal Error] :1:1: Premature end of file.
2026-03-30 22:19:17,392 [ERROR] LogOutputStream:75 - [STDERR_REDIRECT] 
2026-03-30 22:19:18,373 [ERROR] LogOutputStream:75 - [STDERR_REDIRECT] [Fatal Error] :1:1: Premature end of file.
2026-03-30 22:19:18,373 [ERROR] LogOutputStream:75 - [STDERR_REDIRECT] 
2026-03-30 22:19:19,376 [ERROR] LogOutputStream:75 - [STDERR_REDIRECT] [Fatal Error] :1:1: Premature end of file.
2026-03-30 22:19:19,376 [ERROR] LogOutputStream:75 - [STDERR_REDIRECT] 
2026-03-30 22:19:20,396 [ERROR] LogOutputStream:75 - [STDERR_REDIRECT] [Fatal Error] :1:1: Premature end of file.
2026-03-30 22:19:20,396 [ERROR] LogOutputStream:75 - [STDERR_REDIRECT] 
2026-03-30 22:19:21,382 [ERROR] LogOutputStream:75 - [STDERR_REDIRECT] [Fatal Error] :1:1: Premature end of file.
2026-03-30 22:19:21,382 [ERROR] LogOutputStream:75 - [STDERR_REDIRECT] 
2026-03-30 22:19:22,370 [ERROR] LogOutputStream:75 - [STDERR_REDIRECT] [Fatal Error] :1:1: Premature end of file.
2026-03-30 22:19:22,370 [ERROR] LogOutputStream:75 - [STDERR_REDIRECT] 
2026-03-30 22:19:23,374 [ERROR] LogOutputStream:75 - [STDERR_REDIRECT] [Fatal Error] :1:1: Premature end of file.
2026-03-30 22:19:23,374 [ERROR] LogOutputStream:75 - [STDERR_REDIRECT] 
2026-03-30 22:19:24,376 [ERROR] LogOutputStream:75 - [STDERR_REDIRECT] [Fatal Error] :1:1: Premature end of file.
2026-03-30 22:19:24,376 [ERROR] LogOutputStream:75 - [STDERR_REDIRECT] 
2026-03-30 22:19:25,380 [ERROR] LogOutputStream:75 - [STDERR_REDIRECT] [Fatal Error] :1:1: Premature end of file.
2026-03-30 22:19:25,380 [ERROR] LogOutputStream:75 - [STDERR_REDIRECT] 
2026-03-30 22:19:26,383 [ERROR] LogOutputStream:75 - [STDERR_REDIRECT] [Fatal Error] :1:1: Premature end of file.
2026-03-30 22:19:26,383 [ERROR] LogOutputStream:75 - [STDERR_REDIRECT] 
2026-03-30 22:19:27,372 [ERROR] LogOutputStream:75 - [STDERR_REDIRECT] [Fatal Error] :1:1: Premature end of file.
2026-03-30 22:19:27,372 [ERROR] LogOutputStream:75 - [STDERR_REDIRECT] 
2026-03-30 22:19:28,374 [ERROR] LogOutputStream:75 - [STDERR_REDIRECT] [Fatal Error] :1:1: Premature end of file.
2026-03-30 22:19:28,374 [ERROR] LogOutputStream:75 - [STDERR_REDIRECT] 
2026-03-30 22:19:29,377 [ERROR] LogOutputStream:75 - [STDERR_REDIRECT] [Fatal Error] :1:1: Premature end of file.
2026-03-30 22:19:29,377 [ERROR] LogOutputStream:75 - [STDERR_REDIRECT] 
2026-03-30 22:19:30,378 [ERROR] LogOutputStream:75 - [STDERR_REDIRECT] [Fatal Error] :1:1: Premature end of file.
2026-03-30 22:19:30,378 [ERROR] LogOutputStream:75 - [STDERR_REDIRECT] 
2026-03-30 22:19:31,381 [ERROR] LogOutputStream:75 - [STDERR_REDIRECT] [Fatal Error] :1:1: Premature end of file.
2026-03-30 22:19:31,381 [ERROR] LogOutputStream:75 - [STDERR_REDIRECT] 
2026-03-30 22:19:32,371 [ERROR] LogOutputStream:75 - [STDERR_REDIRECT] [Fatal Error] :1:1: Premature end of file.
2026-03-30 22:19:32,371 [ERROR] LogOutputStream:75 - [STDERR_REDIRECT] 
2026-03-30 22:19:33,374 [ERROR] LogOutputStream:75 - [STDERR_REDIRECT] [Fatal Error] :1:1: Premature end of file.
2026-03-30 22:19:33,374 [ERROR] LogOutputStream:75 - [STDERR_REDIRECT] 
2026-03-30 22:19:34,378 [ERROR] LogOutputStream:75 - [STDERR_REDIRECT] [Fatal Error] :1:1: Premature end of file.
2026-03-30 22:19:34,378 [ERROR] LogOutputStream:75 - [STDERR_REDIRECT] 
2026-03-30 22:19:35,380 [ERROR] LogOutputStream:75 - [STDERR_REDIRECT] [Fatal Error] :1:1: Premature end of file.
2026-03-30 22:19:35,380 [ERROR] LogOutputStream:75 - [STDERR_REDIRECT] 
2026-03-30 22:19:36,377 [ERROR] LogOutputStream:75 - [STDERR_REDIRECT] [Fatal Error] :1:1: Premature end of file.
2026-03-30 22:19:36,377 [ERROR] LogOutputStream:75 - [STDERR_REDIRECT] 
2026-03-30 22:19:37,381 [ERROR] LogOutputStream:75 - [STDERR_REDIRECT] [Fatal Error] :1:1: Premature end of file.
2026-03-30 22:19:37,381 [ERROR] LogOutputStream:75 - [STDERR_REDIRECT] 
2026-03-30 22:19:38,375 [ERROR] LogOutputStream:75 - [STDERR_REDIRECT] [Fatal Error] :1:1: Premature end of file.
2026-03-30 22:19:38,375 [ERROR] LogOutputStream:75 - [STDERR_REDIRECT] 
2026-03-30 22:19:39,377 [ERROR] LogOutputStream:75 - [STDERR_REDIRECT] [Fatal Error] :1:1: Premature end of file.
2026-03-30 22:19:39,377 [ERROR] LogOutputStream:75 - [STDERR_REDIRECT] 
2026-03-30 22:19:40,381 [ERROR] LogOutputStream:75 - [STDERR_REDIRECT] [Fatal Error] :1:1: Premature end of file.
2026-03-30 22:19:40,381 [ERROR] LogOutputStream:75 - [STDERR_REDIRECT] 
2026-03-30 22:19:41,385 [ERROR] LogOutputStream:75 - [STDERR_REDIRECT] [Fatal Error] :1:1: Premature end of file.
2026-03-30 22:19:41,385 [ERROR] LogOutputStream:75 - [STDERR_REDIRECT] 
2026-03-30 22:19:42,372 [ERROR] LogOutputStream:75 - [STDERR_REDIRECT] [Fatal Error] :1:1: Premature end of file.
2026-03-30 22:19:42,372 [ERROR] LogOutputStream:75 - [STDERR_REDIRECT] 
2026-03-30 22:19:43,375 [ERROR] LogOutputStream:75 - [STDERR_REDIRECT] [Fatal Error] :1:1: Premature end of file.
2026-03-30 22:19:43,375 [ERROR] LogOutputStream:75 - [STDERR_REDIRECT] 
2026-03-30 22:19:44,377 [ERROR] LogOutputStream:75 - [STDERR_REDIRECT] [Fatal Error] :1:1: Premature end of file.
2026-03-30 22:19:44,377 [ERROR] LogOutputStream:75 - [STDERR_REDIRECT] 
2026-03-30 22:19:45,380 [ERROR] LogOutputStream:75 - [STDERR_REDIRECT] [Fatal Error] :1:1: Premature end of file.
2026-03-30 22:19:45,380 [ERROR] LogOutputStream:75 - [STDERR_REDIRECT] 
2026-03-30 22:19:46,392 [ERROR] LogOutputStream:75 - [STDERR_REDIRECT] [Fatal Error] :1:1: Premature end of file.
2026-03-30 22:19:46,392 [ERROR] LogOutputStream:75 - [STDERR_REDIRECT] 
2026-03-30 22:19:47,378 [ERROR] LogOutputStream:75 - [STDERR_REDIRECT] [Fatal Error] :1:1: Premature end of file.
2026-03-30 22:19:47,378 [ERROR] LogOutputStream:75 - [STDERR_REDIRECT] 
2026-03-30 22:19:48,374 [ERROR] LogOutputStream:75 - [STDERR_REDIRECT] [Fatal Error] :1:1: Premature end of file.
2026-03-30 22:19:48,374 [ERROR] LogOutputStream:75 - [STDERR_REDIRECT] 
2026-03-30 22:19:49,376 [ERROR] LogOutputStream:75 - [STDERR_REDIRECT] [Fatal Error] :1:1: Premature end of file.
2026-03-30 22:19:49,376 [ERROR] LogOutputStream:75 - [STDERR_REDIRECT] 
2026-03-30 22:19:50,374 [ERROR] LogOutputStream:75 - [STDERR_REDIRECT] [Fatal Error] :1:1: Premature end of file.
2026-03-30 22:19:50,374 [ERROR] LogOutputStream:75 - [STDERR_REDIRECT] 
2026-03-30 22:19:51,374 [ERROR] LogOutputStream:75 - [STDERR_REDIRECT] [Fatal Error] :1:1: Premature end of file.
2026-03-30 22:19:51,374 [ERROR] LogOutputStream:75 - [STDERR_REDIRECT] 
2026-03-30 22:19:52,376 [ERROR] LogOutputStream:75 - [STDERR_REDIRECT] [Fatal Error] :1:1: Premature end of file.
2026-03-30 22:19:52,376 [ERROR] LogOutputStream:75 - [STDERR_REDIRECT] 
2026-03-30 22:19:53,374 [ERROR] LogOutputStream:75 - [STDERR_REDIRECT] [Fatal Error] :1:1: Premature end of file.
2026-03-30 22:19:53,374 [ERROR] LogOutputStream:75 - [STDERR_REDIRECT] 
2026-03-30 22:19:54,375 [ERROR] LogOutputStream:75 - [STDERR_REDIRECT] [Fatal Error] :1:1: Premature end of file.
2026-03-30 22:19:54,375 [ERROR] LogOutputStream:75 - [STDERR_REDIRECT] 
2026-03-30 22:19:55,376 [ERROR] LogOutputStream:75 - [STDERR_REDIRECT] [Fatal Error] :1:1: Premature end of file.
2026-03-30 22:19:55,376 [ERROR] LogOutputStream:75 - [STDERR_REDIRECT] 
2026-03-30 22:19:56,378 [ERROR] LogOutputStream:75 - [STDERR_REDIRECT] [Fatal Error] :1:1: Premature end of file.
2026-03-30 22:19:56,378 [ERROR] LogOutputStream:75 - [STDERR_REDIRECT] 
2026-03-30 22:19:57,383 [ERROR] LogOutputStream:75 - [STDERR_REDIRECT] [Fatal Error] :1:1: Premature end of file.
2026-03-30 22:19:57,383 [ERROR] LogOutputStream:75 - [STDERR_REDIRECT] 
2026-03-30 22:19:58,376 [ERROR] LogOutputStream:75 - [STDERR_REDIRECT] [Fatal Error] :1:1: Premature end of file.
2026-03-30 22:19:58,376 [ERROR] LogOutputStream:75 - [STDERR_REDIRECT] 
2026-03-30 22:19:59,378 [ERROR] LogOutputStream:75 - [STDERR_REDIRECT] [Fatal Error] :1:1: Premature end of file.
2026-03-30 22:19:59,378 [ERROR] LogOutputStream:75 - [STDERR_REDIRECT] 
2026-03-30 22:20:00,381 [ERROR] LogOutputStream:75 - [STDERR_REDIRECT] [Fatal Error] :1:1: Premature end of file.
2026-03-30 22:20:00,381 [ERROR] LogOutputStream:75 - [STDERR_REDIRECT] 
2026-03-30 22:20:01,374 [ERROR] LogOutputStream:75 - [STDERR_REDIRECT] [Fatal Error] :1:1: Premature end of file.
2026-03-30 22:20:01,374 [ERROR] LogOutputStream:75 - [STDERR_REDIRECT] 
2026-03-30 22:20:02,381 [ERROR] LogOutputStream:75 - [STDERR_REDIRECT] [Fatal Error] :1:1: Premature end of file.
2026-03-30 22:20:02,381 [ERROR] LogOutputStream:75 - [STDERR_REDIRECT] 
2026-03-30 22:20:03,377 [ERROR] LogOutputStream:75 - [STDERR_REDIRECT] [Fatal Error] :1:1: Premature end of file.
2026-03-30 22:20:03,377 [ERROR] LogOutputStream:75 - [STDERR_REDIRECT] 
2026-03-30 22:20:04,381 [ERROR] LogOutputStream:75 - [STDERR_REDIRECT] [Fatal Error] :1:1: Premature end of file.
2026-03-30 22:20:04,381 [ERROR] LogOutputStream:75 - [STDERR_REDIRECT] 
2026-03-30 22:20:05,383 [ERROR] LogOutputStream:75 - [STDERR_REDIRECT] [Fatal Error] :1:1: Premature end of file.
2026-03-30 22:20:05,383 [ERROR] LogOutputStream:75 - [STDERR_REDIRECT] 
2026-03-30 22:20:06,384 [ERROR] LogOutputStream:75 - [STDERR_REDIRECT] [Fatal Error] :1:1: Premature end of file.
2026-03-30 22:20:06,384 [ERROR] LogOutputStream:75 - [STDERR_REDIRECT] 
2026-03-30 22:20:07,371 [ERROR] LogOutputStream:75 - [STDERR_REDIRECT] [Fatal Error] :1:1: Premature end of file.
2026-03-30 22:20:07,371 [ERROR] LogOutputStream:75 - [STDERR_REDIRECT] 
2026-03-30 22:20:08,376 [ERROR] LogOutputStream:75 - [STDERR_REDIRECT] [Fatal Error] :1:1: Premature end of file.
2026-03-30 22:20:08,376 [ERROR] LogOutputStream:75 - [STDERR_REDIRECT] 
2026-03-30 22:20:09,377 [ERROR] LogOutputStream:75 - [STDERR_REDIRECT] [Fatal Error] :1:1: Premature end of file.
2026-03-30 22:20:09,377 [ERROR] LogOutputStream:75 - [STDERR_REDIRECT] 
2026-03-30 22:20:10,379 [ERROR] LogOutputStream:75 - [STDERR_REDIRECT] [Fatal Error] :1:1: Premature end of file.
2026-03-30 22:20:10,379 [ERROR] LogOutputStream:75 - [STDERR_REDIRECT] 
2026-03-30 22:20:11,384 [ERROR] LogOutputStream:75 - [STDERR_REDIRECT] [Fatal Error] :1:1: Premature end of file.
2026-03-30 22:20:11,384 [ERROR] LogOutputStream:75 - [STDERR_REDIRECT] 
2026-03-30 22:20:12,371 [ERROR] LogOutputStream:75 - [STDERR_REDIRECT] [Fatal Error] :1:1: Premature end of file.
2026-03-30 22:20:12,371 [ERROR] LogOutputStream:75 - [STDERR_REDIRECT] 
2026-03-30 22:20:13,379 [ERROR] LogOutputStream:75 - [STDERR_REDIRECT] [Fatal Error] :1:1: Premature end of file.
2026-03-30 22:20:13,379 [ERROR] LogOutputStream:75 - [STDERR_REDIRECT] 
2026-03-30 22:20:14,374 [ERROR] LogOutputStream:75 - [STDERR_REDIRECT] [Fatal Error] :1:1: Premature end of file.
2026-03-30 22:20:14,374 [ERROR] LogOutputStream:75 - [STDERR_REDIRECT] 
2026-03-30 22:20:15,377 [ERROR] LogOutputStream:75 - [STDERR_REDIRECT] [Fatal Error] :1:1: Premature end of file.
2026-03-30 22:20:15,377 [ERROR] LogOutputStream:75 - [STDERR_REDIRECT] 
2026-03-30 22:20:16,381 [ERROR] LogOutputStream:75 - [STDERR_REDIRECT] [Fatal Error] :1:1: Premature end of file.
2026-03-30 22:20:16,381 [ERROR] LogOutputStream:75 - [STDERR_REDIRECT] 
2026-03-30 22:20:17,385 [ERROR] LogOutputStream:75 - [STDERR_REDIRECT] [Fatal Error] :1:1: Premature end of file.
2026-03-30 22:20:17,385 [ERROR] LogOutputStream:75 - [STDERR_REDIRECT] 
2026-03-30 22:20:18,378 [ERROR] LogOutputStream:75 - [STDERR_REDIRECT] [Fatal Error] :1:1: Premature end of file.
2026-03-30 22:20:18,378 [ERROR] LogOutputStream:75 - [STDERR_REDIRECT] 
2026-03-30 22:20:19,379 [ERROR] LogOutputStream:75 - [STDERR_REDIRECT] [Fatal Error] :1:1: Premature end of file.
2026-03-30 22:20:19,379 [ERROR] LogOutputStream:75 - [STDERR_REDIRECT] 
2026-03-30 22:20:20,382 [ERROR] LogOutputStream:75 - [STDERR_REDIRECT] [Fatal Error] :1:1: Premature end of file.
2026-03-30 22:20:20,393 [ERROR] LogOutputStream:75 - [STDERR_REDIRECT] 
2026-03-30 22:20:21,397 [ERROR] LogOutputStream:75 - [STDERR_REDIRECT] [Fatal Error] :1:1: Premature end of file.
2026-03-30 22:20:21,397 [ERROR] LogOutputStream:75 - [STDERR_REDIRECT] 
2026-03-30 22:20:22,384 [ERROR] LogOutputStream:75 - [STDERR_REDIRECT] [Fatal Error] :1:1: Premature end of file.
2026-03-30 22:20:22,384 [ERROR] LogOutputStream:75 - [STDERR_REDIRECT] 
2026-03-30 22:20:23,377 [ERROR] LogOutputStream:75 - [STDERR_REDIRECT] [Fatal Error] :1:1: Premature end of file.
2026-03-30 22:20:23,377 [ERROR] LogOutputStream:75 - [STDERR_REDIRECT] 
2026-03-30 22:20:24,381 [ERROR] LogOutputStream:75 - [STDERR_REDIRECT] [Fatal Error] :1:1: Premature end of file.
2026-03-30 22:20:24,381 [ERROR] LogOutputStream:75 - [STDERR_REDIRECT] 
2026-03-30 22:20:25,383 [ERROR] LogOutputStream:75 - [STDERR_REDIRECT] [Fatal Error] :1:1: Premature end of file.
2026-03-30 22:20:25,383 [ERROR] LogOutputStream:75 - [STDERR_REDIRECT] 
2026-03-30 22:20:26,372 [ERROR] LogOutputStream:75 - [STDERR_REDIRECT] [Fatal Error] :1:1: Premature end of file.
2026-03-30 22:20:26,372 [ERROR] LogOutputStream:75 - [STDERR_REDIRECT] 
2026-03-30 22:20:27,375 [ERROR] LogOutputStream:75 - [STDERR_REDIRECT] [Fatal Error] :1:1: Premature end of file.
2026-03-30 22:20:27,375 [ERROR] LogOutputStream:75 - [STDERR_REDIRECT] 
2026-03-30 22:20:28,378 [ERROR] LogOutputStream:75 - [STDERR_REDIRECT] [Fatal Error] :1:1: Premature end of file.
2026-03-30 22:20:28,378 [ERROR] LogOutputStream:75 - [STDERR_REDIRECT] 
2026-03-30 22:20:29,378 [ERROR] LogOutputStream:75 - [STDERR_REDIRECT] [Fatal Error] :1:1: Premature end of file.
2026-03-30 22:20:29,378 [ERROR] LogOutputStream:75 - [STDERR_REDIRECT] 
2026-03-30 22:20:30,382 [ERROR] LogOutputStream:75 - [STDERR_REDIRECT] [Fatal Error] :1:1: Premature end of file.
2026-03-30 22:20:30,382 [ERROR] LogOutputStream:75 - [STDERR_REDIRECT] 
2026-03-30 22:20:31,384 [ERROR] LogOutputStream:75 - [STDERR_REDIRECT] [Fatal Error] :1:1: Premature end of file.
2026-03-30 22:20:31,384 [ERROR] LogOutputStream:75 - [STDERR_REDIRECT] 
2026-03-30 22:20:32,369 [ERROR] LogOutputStream:75 - [STDERR_REDIRECT] [Fatal Error] :1:1: Premature end of file.
2026-03-30 22:20:32,369 [ERROR] LogOutputStream:75 - [STDERR_REDIRECT] 
2026-03-30 22:20:33,380 [ERROR] LogOutputStream:75 - [STDERR_REDIRECT] [Fatal Error] :1:1: Premature end of file.
2026-03-30 22:20:33,380 [ERROR] LogOutputStream:75 - [STDERR_REDIRECT] 
2026-03-30 22:20:34,381 [ERROR] LogOutputStream:75 - [STDERR_REDIRECT] [Fatal Error] :1:1: Premature end of file.
2026-03-30 22:20:34,381 [ERROR] LogOutputStream:75 - [STDERR_REDIRECT] 
2026-03-30 22:20:35,369 [ERROR] LogOutputStream:75 - [STDERR_REDIRECT] [Fatal Error] :1:1: Premature end of file.
2026-03-30 22:20:35,369 [ERROR] LogOutputStream:75 - [STDERR_REDIRECT] 
2026-03-30 22:20:36,385 [ERROR] LogOutputStream:75 - [STDERR_REDIRECT] [Fatal Error] :1:1: Premature end of file.
2026-03-30 22:20:36,385 [ERROR] LogOutputStream:75 - [STDERR_REDIRECT] 
2026-03-30 22:20:37,372 [ERROR] LogOutputStream:75 - [STDERR_REDIRECT] [Fatal Error] :1:1: Premature end of file.
2026-03-30 22:20:37,372 [ERROR] LogOutputStream:75 - [STDERR_REDIRECT] 
2026-03-30 22:20:38,378 [ERROR] LogOutputStream:75 - [STDERR_REDIRECT] [Fatal Error] :1:1: Premature end of file.
2026-03-30 22:20:38,378 [ERROR] LogOutputStream:75 - [STDERR_REDIRECT] 
2026-03-30 22:20:39,381 [ERROR] LogOutputStream:75 - [STDERR_REDIRECT] [Fatal Error] :1:1: Premature end of file.
2026-03-30 22:20:39,381 [ERROR] LogOutputStream:75 - [STDERR_REDIRECT] 
2026-03-30 22:20:40,383 [ERROR] LogOutputStream:75 - [STDERR_REDIRECT] [Fatal Error] :1:1: Premature end of file.
2026-03-30 22:20:40,383 [ERROR] LogOutputStream:75 - [STDERR_REDIRECT] 
2026-03-30 22:20:41,371 [ERROR] LogOutputStream:75 - [STDERR_REDIRECT] [Fatal Error] :1:1: Premature end of file.
2026-03-30 22:20:41,371 [ERROR] LogOutputStream:75 - [STDERR_REDIRECT] 
2026-03-30 22:20:42,376 [ERROR] LogOutputStream:75 - [STDERR_REDIRECT] [Fatal Error] :1:1: Premature end of file.
2026-03-30 22:20:42,376 [ERROR] LogOutputStream:75 - [STDERR_REDIRECT] 
2026-03-30 22:20:43,382 [ERROR] LogOutputStream:75 - [STDERR_REDIRECT] [Fatal Error] :1:1: Premature end of file.
2026-03-30 22:20:43,382 [ERROR] LogOutputStream:75 - [STDERR_REDIRECT] 
2026-03-30 22:20:44,381 [ERROR] LogOutputStream:75 - [STDERR_REDIRECT] [Fatal Error] :1:1: Premature end of file.
2026-03-30 22:20:44,381 [ERROR] LogOutputStream:75 - [STDERR_REDIRECT] 
2026-03-30 22:20:45,389 [ERROR] LogOutputStream:75 - [STDERR_REDIRECT] [Fatal Error] :1:1: Premature end of file.
2026-03-30 22:20:45,389 [ERROR] LogOutputStream:75 - [STDERR_REDIRECT] 
2026-03-30 22:20:46,384 [ERROR] LogOutputStream:75 - [STDERR_REDIRECT] [Fatal Error] :1:1: Premature end of file.
2026-03-30 22:20:46,384 [ERROR] LogOutputStream:75 - [STDERR_REDIRECT] 
2026-03-30 22:20:47,371 [ERROR] LogOutputStream:75 - [STDERR_REDIRECT] [Fatal Error] :1:1: Premature end of file.
2026-03-30 22:20:47,371 [ERROR] LogOutputStream:75 - [STDERR_REDIRECT] 
2026-03-30 22:20:48,385 [ERROR] LogOutputStream:75 - [STDERR_REDIRECT] [Fatal Error] :1:1: Premature end of file.
2026-03-30 22:20:48,385 [ERROR] LogOutputStream:75 - [STDERR_REDIRECT] 
2026-03-30 22:20:49,380 [ERROR] LogOutputStream:75 - [STDERR_REDIRECT] [Fatal Error] :1:1: Premature end of file.
2026-03-30 22:20:49,380 [ERROR] LogOutputStream:75 - [STDERR_REDIRECT] 
2026-03-30 22:20:50,392 [ERROR] LogOutputStream:75 - [STDERR_REDIRECT] [Fatal Error] :1:1: Premature end of file.
2026-03-30 22:20:50,392 [ERROR] LogOutputStream:75 - [STDERR_REDIRECT] 
2026-03-30 22:20:51,384 [ERROR] LogOutputStream:75 - [STDERR_REDIRECT] [Fatal Error] :1:1: Premature end of file.
2026-03-30 22:20:51,384 [ERROR] LogOutputStream:75 - [STDERR_REDIRECT] 
2026-03-30 22:20:52,371 [ERROR] LogOutputStream:75 - [STDERR_REDIRECT] [Fatal Error] :1:1: Premature end of file.
2026-03-30 22:20:52,371 [ERROR] LogOutputStream:75 - [STDERR_REDIRECT] 
2026-03-30 22:20:53,380 [ERROR] LogOutputStream:75 - [STDERR_REDIRECT] [Fatal Error] :1:1: Premature end of file.
2026-03-30 22:20:53,380 [ERROR] LogOutputStream:75 - [STDERR_REDIRECT] 
2026-03-30 22:20:54,384 [ERROR] LogOutputStream:75 - [STDERR_REDIRECT] [Fatal Error] :1:1: Premature end of file.
2026-03-30 22:20:54,384 [ERROR] LogOutputStream:75 - [STDERR_REDIRECT] 
2026-03-30 22:20:55,371 [ERROR] LogOutputStream:75 - [STDERR_REDIRECT] [Fatal Error] :1:1: Premature end of file.
2026-03-30 22:20:55,371 [ERROR] LogOutputStream:75 - [STDERR_REDIRECT] 
2026-03-30 22:20:56,372 [ERROR] LogOutputStream:75 - [STDERR_REDIRECT] [Fatal Error] :1:1: Premature end of file.
2026-03-30 22:20:56,372 [ERROR] LogOutputStream:75 - [STDERR_REDIRECT] 
2026-03-30 22:20:57,376 [ERROR] LogOutputStream:75 - [STDERR_REDIRECT] [Fatal Error] :1:1: Premature end of file.
2026-03-30 22:20:57,376 [ERROR] LogOutputStream:75 - [STDERR_REDIRECT] 
2026-03-30 22:20:58,380 [ERROR] LogOutputStream:75 - [STDERR_REDIRECT] [Fatal Error] :1:1: Premature end of file.
2026-03-30 22:20:58,380 [ERROR] LogOutputStream:75 - [STDERR_REDIRECT] 
2026-03-30 22:20:59,383 [ERROR] LogOutputStream:75 - [STDERR_REDIRECT] [Fatal Error] :1:1: Premature end of file.
2026-03-30 22:20:59,383 [ERROR] LogOutputStream:75 - [STDERR_REDIRECT] 
2026-03-30 22:21:00,370 [ERROR] LogOutputStream:75 - [STDERR_REDIRECT] [Fatal Error] :1:1: Premature end of file.
2026-03-30 22:21:00,370 [ERROR] LogOutputStream:75 - [STDERR_REDIRECT] 
2026-03-30 22:21:01,373 [ERROR] LogOutputStream:75 - [STDERR_REDIRECT] [Fatal Error] :1:1: Premature end of file.
2026-03-30 22:21:01,373 [ERROR] LogOutputStream:75 - [STDERR_REDIRECT] 
2026-03-30 22:21:02,378 [ERROR] LogOutputStream:75 - [STDERR_REDIRECT] [Fatal Error] :1:1: Premature end of file.
2026-03-30 22:21:02,378 [ERROR] LogOutputStream:75 - [STDERR_REDIRECT] 
2026-03-30 22:21:03,384 [ERROR] LogOutputStream:75 - [STDERR_REDIRECT] [Fatal Error] :1:1: Premature end of file.
2026-03-30 22:21:03,384 [ERROR] LogOutputStream:75 - [STDERR_REDIRECT] 
2026-03-30 22:21:04,370 [ERROR] LogOutputStream:75 - [STDERR_REDIRECT] [Fatal Error] :1:1: Premature end of file.
2026-03-30 22:21:04,370 [ERROR] LogOutputStream:75 - [STDERR_REDIRECT] 
2026-03-30 22:21:05,371 [ERROR] LogOutputStream:75 - [STDERR_REDIRECT] [Fatal Error] :1:1: Premature end of file.
2026-03-30 22:21:05,371 [ERROR] LogOutputStream:75 - [STDERR_REDIRECT] 
2026-03-30 22:21:06,375 [ERROR] LogOutputStream:75 - [STDERR_REDIRECT] [Fatal Error] :1:1: Premature end of file.
2026-03-30 22:21:06,375 [ERROR] LogOutputStream:75 - [STDERR_REDIRECT] 
2026-03-30 22:21:07,377 [ERROR] LogOutputStream:75 - [STDERR_REDIRECT] [Fatal Error] :1:1: Premature end of file.
2026-03-30 22:21:07,377 [ERROR] LogOutputStream:75 - [STDERR_REDIRECT] 
2026-03-30 22:21:08,381 [ERROR] LogOutputStream:75 - [STDERR_REDIRECT] [Fatal Error] :1:1: Premature end of file.
2026-03-30 22:21:08,381 [ERROR] LogOutputStream:75 - [STDERR_REDIRECT] 
2026-03-30 22:21:09,384 [ERROR] LogOutputStream:75 - [STDERR_REDIRECT] [Fatal Error] :1:1: Premature end of file.
2026-03-30 22:21:09,384 [ERROR] LogOutputStream:75 - [STDERR_REDIRECT] 
2026-03-30 22:21:10,371 [ERROR] LogOutputStream:75 - [STDERR_REDIRECT] [Fatal Error] :1:1: Premature end of file.
2026-03-30 22:21:10,371 [ERROR] LogOutputStream:75 - [STDERR_REDIRECT] 
2026-03-30 22:21:11,372 [ERROR] LogOutputStream:75 - [STDERR_REDIRECT] [Fatal Error] :1:1: Premature end of file.
2026-03-30 22:21:11,372 [ERROR] LogOutputStream:75 - [STDERR_REDIRECT] 
2026-03-30 22:21:12,375 [ERROR] LogOutputStream:75 - [STDERR_REDIRECT] [Fatal Error] :1:1: Premature end of file.
2026-03-30 22:21:12,375 [ERROR] LogOutputStream:75 - [STDERR_REDIRECT] 
2026-03-30 22:21:13,383 [ERROR] LogOutputStream:75 - [STDERR_REDIRECT] [Fatal Error] :1:1: Premature end of file.
2026-03-30 22:21:13,383 [ERROR] LogOutputStream:75 - [STDERR_REDIRECT] 
2026-03-30 22:21:14,372 [ERROR] LogOutputStream:75 - [STDERR_REDIRECT] [Fatal Error] :1:1: Premature end of file.
2026-03-30 22:21:14,372 [ERROR] LogOutputStream:75 - [STDERR_REDIRECT] 
2026-03-30 22:21:15,375 [ERROR] LogOutputStream:75 - [STDERR_REDIRECT] [Fatal Error] :1:1: Premature end of file.
2026-03-30 22:21:15,375 [ERROR] LogOutputStream:75 - [STDERR_REDIRECT] 
2026-03-30 22:21:16,379 [ERROR] LogOutputStream:75 - [STDERR_REDIRECT] [Fatal Error] :1:1: Premature end of file.
2026-03-30 22:21:16,379 [ERROR] LogOutputStream:75 - [STDERR_REDIRECT] 
2026-03-30 22:21:17,382 [ERROR] LogOutputStream:75 - [STDERR_REDIRECT] [Fatal Error] :1:1: Premature end of file.
2026-03-30 22:21:17,382 [ERROR] LogOutputStream:75 - [STDERR_REDIRECT] 
2026-03-30 22:21:18,385 [ERROR] LogOutputStream:75 - [STDERR_REDIRECT] [Fatal Error] :1:1: Premature end of file.
2026-03-30 22:21:18,385 [ERROR] LogOutputStream:75 - [STDERR_REDIRECT] 
2026-03-30 22:21:19,369 [ERROR] LogOutputStream:75 - [STDERR_REDIRECT] [Fatal Error] :1:1: Premature end of file.
2026-03-30 22:21:19,369 [ERROR] LogOutputStream:75 - [STDERR_REDIRECT] 
2026-03-30 22:21:20,375 [ERROR] LogOutputStream:75 - [STDERR_REDIRECT] [Fatal Error] :1:1: Premature end of file.
2026-03-30 22:21:20,375 [ERROR] LogOutputStream:75 - [STDERR_REDIRECT] 
2026-03-30 22:21:21,376 [ERROR] LogOutputStream:75 - [STDERR_REDIRECT] [Fatal Error] :1:1: Premature end of file.
2026-03-30 22:21:21,376 [ERROR] LogOutputStream:75 - [STDERR_REDIRECT] 
2026-03-30 22:21:22,379 [ERROR] LogOutputStream:75 - [STDERR_REDIRECT] [Fatal Error] :1:1: Premature end of file.
2026-03-30 22:21:22,379 [ERROR] LogOutputStream:75 - [STDERR_REDIRECT] 
2026-03-30 22:21:23,382 [ERROR] LogOutputStream:75 - [STDERR_REDIRECT] [Fatal Error] :1:1: Premature end of file.
2026-03-30 22:21:23,382 [ERROR] LogOutputStream:75 - [STDERR_REDIRECT] 
2026-03-30 22:21:24,370 [ERROR] LogOutputStream:75 - [STDERR_REDIRECT] [Fatal Error] :1:1: Premature end of file.
2026-03-30 22:21:24,370 [ERROR] LogOutputStream:75 - [STDERR_REDIRECT] 
2026-03-30 22:21:25,372 [ERROR] LogOutputStream:75 - [STDERR_REDIRECT] [Fatal Error] :1:1: Premature end of file.
2026-03-30 22:21:25,372 [ERROR] LogOutputStream:75 - [STDERR_REDIRECT] 
2026-03-30 22:21:26,375 [ERROR] LogOutputStream:75 - [STDERR_REDIRECT] [Fatal Error] :1:1: Premature end of file.
2026-03-30 22:21:26,375 [ERROR] LogOutputStream:75 - [STDERR_REDIRECT] 
2026-03-30 22:21:27,376 [ERROR] LogOutputStream:75 - [STDERR_REDIRECT] [Fatal Error] :1:1: Premature end of file.
2026-03-30 22:21:27,376 [ERROR] LogOutputStream:75 - [STDERR_REDIRECT] 
2026-03-30 22:21:28,384 [ERROR] LogOutputStream:75 - [STDERR_REDIRECT] [Fatal Error] :1:1: Premature end of file.
2026-03-30 22:21:28,384 [ERROR] LogOutputStream:75 - [STDERR_REDIRECT] 
2026-03-30 22:21:29,370 [ERROR] LogOutputStream:75 - [STDERR_REDIRECT] [Fatal Error] :1:1: Premature end of file.
2026-03-30 22:21:29,370 [ERROR] LogOutputStream:75 - [STDERR_REDIRECT] 
2026-03-30 22:21:30,370 [ERROR] LogOutputStream:75 - [STDERR_REDIRECT] [Fatal Error] :1:1: Premature end of file.
2026-03-30 22:21:30,370 [ERROR] LogOutputStream:75 - [STDERR_REDIRECT] 
2026-03-30 22:21:31,381 [ERROR] LogOutputStream:75 - [STDERR_REDIRECT] [Fatal Error] :1:1: Premature end of file.
2026-03-30 22:21:31,381 [ERROR] LogOutputStream:75 - [STDERR_REDIRECT] 
2026-03-30 22:21:32,375 [ERROR] LogOutputStream:75 - [STDERR_REDIRECT] [Fatal Error] :1:1: Premature end of file.
2026-03-30 22:21:32,375 [ERROR] LogOutputStream:75 - [STDERR_REDIRECT] 
2026-03-30 22:21:33,368 [ERROR] LogOutputStream:75 - [STDERR_REDIRECT] [Fatal Error] :1:1: Premature end of file.
2026-03-30 22:21:33,368 [ERROR] LogOutputStream:75 - [STDERR_REDIRECT] 
2026-03-30 22:21:34,384 [ERROR] LogOutputStream:75 - [STDERR_REDIRECT] [Fatal Error] :1:1: Premature end of file.
2026-03-30 22:21:34,384 [ERROR] LogOutputStream:75 - [STDERR_REDIRECT] 
2026-03-30 22:21:35,371 [ERROR] LogOutputStream:75 - [STDERR_REDIRECT] [Fatal Error] :1:1: Premature end of file.
2026-03-30 22:21:35,371 [ERROR] LogOutputStream:75 - [STDERR_REDIRECT] 
2026-03-30 22:21:36,372 [ERROR] LogOutputStream:75 - [STDERR_REDIRECT] [Fatal Error] :1:1: Premature end of file.
2026-03-30 22:21:36,372 [ERROR] LogOutputStream:75 - [STDERR_REDIRECT] 
2026-03-30 22:21:37,373 [ERROR] LogOutputStream:75 - [STDERR_REDIRECT] [Fatal Error] :1:1: Premature end of file.
2026-03-30 22:21:37,373 [ERROR] LogOutputStream:75 - [STDERR_REDIRECT] 
2026-03-30 22:21:38,385 [ERROR] LogOutputStream:75 - [STDERR_REDIRECT] [Fatal Error] :1:1: Premature end of file.
2026-03-30 22:21:38,385 [ERROR] LogOutputStream:75 - [STDERR_REDIRECT] 
2026-03-30 22:21:39,374 [ERROR] LogOutputStream:75 - [STDERR_REDIRECT] [Fatal Error] :1:1: Premature end of file.
2026-03-30 22:21:39,374 [ERROR] LogOutputStream:75 - [STDERR_REDIRECT] 
2026-03-30 22:21:40,377 [ERROR] LogOutputStream:75 - [STDERR_REDIRECT] [Fatal Error] :1:1: Premature end of file.
2026-03-30 22:21:40,377 [ERROR] LogOutputStream:75 - [STDERR_REDIRECT] 
2026-03-30 22:21:41,380 [ERROR] LogOutputStream:75 - [STDERR_REDIRECT] [Fatal Error] :1:1: Premature end of file.
2026-03-30 22:21:41,380 [ERROR] LogOutputStream:75 - [STDERR_REDIRECT] 
2026-03-30 22:21:42,384 [ERROR] LogOutputStream:75 - [STDERR_REDIRECT] [Fatal Error] :1:1: Premature end of file.
2026-03-30 22:21:42,384 [ERROR] LogOutputStream:75 - [STDERR_REDIRECT] 
2026-03-30 22:21:43,370 [ERROR] LogOutputStream:75 - [STDERR_REDIRECT] [Fatal Error] :1:1: Premature end of file.
2026-03-30 22:21:43,370 [ERROR] LogOutputStream:75 - [STDERR_REDIRECT] 
2026-03-30 22:21:44,373 [ERROR] LogOutputStream:75 - [STDERR_REDIRECT] [Fatal Error] :1:1: Premature end of file.
2026-03-30 22:21:44,373 [ERROR] LogOutputStream:75 - [STDERR_REDIRECT] 
2026-03-30 22:21:45,377 [ERROR] LogOutputStream:75 - [STDERR_REDIRECT] [Fatal Error] :1:1: Premature end of file.
2026-03-30 22:21:45,377 [ERROR] LogOutputStream:75 - [STDERR_REDIRECT] 
2026-03-30 22:21:46,378 [ERROR] LogOutputStream:75 - [STDERR_REDIRECT] [Fatal Error] :1:1: Premature end of file.
2026-03-30 22:21:46,378 [ERROR] LogOutputStream:75 - [STDERR_REDIRECT] 
2026-03-30 22:21:47,380 [ERROR] LogOutputStream:75 - [STDERR_REDIRECT] [Fatal Error] :1:1: Premature end of file.
2026-03-30 22:21:47,380 [ERROR] LogOutputStream:75 - [STDERR_REDIRECT] 
2026-03-30 22:21:48,385 [ERROR] LogOutputStream:75 - [STDERR_REDIRECT] [Fatal Error] :1:1: Premature end of file.
2026-03-30 22:21:48,385 [ERROR] LogOutputStream:75 - [STDERR_REDIRECT] 
2026-03-30 22:21:49,369 [ERROR] LogOutputStream:75 - [STDERR_REDIRECT] [Fatal Error] :1:1: Premature end of file.
2026-03-30 22:21:49,369 [ERROR] LogOutputStream:75 - [STDERR_REDIRECT] 
2026-03-30 22:21:50,370 [ERROR] LogOutputStream:75 - [STDERR_REDIRECT] [Fatal Error] :1:1: Premature end of file.
2026-03-30 22:21:50,370 [ERROR] LogOutputStream:75 - [STDERR_REDIRECT] 
2026-03-30 22:21:51,371 [ERROR] LogOutputStream:75 - [STDERR_REDIRECT] [Fatal Error] :1:1: Premature end of file.
2026-03-30 22:21:51,371 [ERROR] LogOutputStream:75 - [STDERR_REDIRECT] 
2026-03-30 22:21:52,373 [ERROR] LogOutputStream:75 - [STDERR_REDIRECT] [Fatal Error] :1:1: Premature end of file.
2026-03-30 22:21:52,373 [ERROR] LogOutputStream:75 - [STDERR_REDIRECT] 
2026-03-30 22:21:53,370 [ERROR] LogOutputStream:75 - [STDERR_REDIRECT] [Fatal Error] :1:1: Premature end of file.
2026-03-30 22:21:53,370 [ERROR] LogOutputStream:75 - [STDERR_REDIRECT] 
2026-03-30 22:21:54,374 [ERROR] LogOutputStream:75 - [STDERR_REDIRECT] [Fatal Error] :1:1: Premature end of file.
2026-03-30 22:21:54,374 [ERROR] LogOutputStream:75 - [STDERR_REDIRECT] 
2026-03-30 22:21:55,377 [ERROR] LogOutputStream:75 - [STDERR_REDIRECT] [Fatal Error] :1:1: Premature end of file.
2026-03-30 22:21:55,377 [ERROR] LogOutputStream:75 - [STDERR_REDIRECT] 
2026-03-30 22:21:56,379 [ERROR] LogOutputStream:75 - [STDERR_REDIRECT] [Fatal Error] :1:1: Premature end of file.
2026-03-30 22:21:56,379 [ERROR] LogOutputStream:75 - [STDERR_REDIRECT] 
2026-03-30 22:21:57,380 [ERROR] LogOutputStream:75 - [STDERR_REDIRECT] [Fatal Error] :1:1: Premature end of file.
2026-03-30 22:21:57,380 [ERROR] LogOutputStream:75 - [STDERR_REDIRECT] 
2026-03-30 22:21:58,371 [ERROR] LogOutputStream:75 - [STDERR_REDIRECT] [Fatal Error] :1:1: Premature end of file.
2026-03-30 22:21:58,371 [ERROR] LogOutputStream:75 - [STDERR_REDIRECT] 
2026-03-30 22:21:59,373 [ERROR] LogOutputStream:75 - [STDERR_REDIRECT] [Fatal Error] :1:1: Premature end of file.
2026-03-30 22:21:59,373 [ERROR] LogOutputStream:75 - [STDERR_REDIRECT] 
2026-03-30 22:22:00,373 [ERROR] LogOutputStream:75 - [STDERR_REDIRECT] [Fatal Error] :1:1: Premature end of file.
2026-03-30 22:22:00,373 [ERROR] LogOutputStream:75 - [STDERR_REDIRECT] 
2026-03-30 22:22:01,377 [ERROR] LogOutputStream:75 - [STDERR_REDIRECT] [Fatal Error] :1:1: Premature end of file.
2026-03-30 22:22:01,377 [ERROR] LogOutputStream:75 - [STDERR_REDIRECT] 
2026-03-30 22:22:02,378 [ERROR] LogOutputStream:75 - [STDERR_REDIRECT] [Fatal Error] :1:1: Premature end of file.
2026-03-30 22:22:02,378 [ERROR] LogOutputStream:75 - [STDERR_REDIRECT] 
2026-03-30 22:22:03,371 [ERROR] LogOutputStream:75 - [STDERR_REDIRECT] [Fatal Error] :1:1: Premature end of file.
2026-03-30 22:22:03,371 [ERROR] LogOutputStream:75 - [STDERR_REDIRECT] 
2026-03-30 22:22:04,378 [ERROR] LogOutputStream:75 - [STDERR_REDIRECT] [Fatal Error] :1:1: Premature end of file.
2026-03-30 22:22:04,378 [ERROR] LogOutputStream:75 - [STDERR_REDIRECT] 
2026-03-30 22:22:05,383 [ERROR] LogOutputStream:75 - [STDERR_REDIRECT] [Fatal Error] :1:1: Premature end of file.
2026-03-30 22:22:05,383 [ERROR] LogOutputStream:75 - [STDERR_REDIRECT] 
2026-03-30 22:22:06,382 [ERROR] LogOutputStream:75 - [STDERR_REDIRECT] [Fatal Error] :1:1: Premature end of file.
2026-03-30 22:22:06,382 [ERROR] LogOutputStream:75 - [STDERR_REDIRECT] 
2026-03-30 22:22:07,370 [ERROR] LogOutputStream:75 - [STDERR_REDIRECT] [Fatal Error] :1:1: Premature end of file.
2026-03-30 22:22:07,370 [ERROR] LogOutputStream:75 - [STDERR_REDIRECT] 
2026-03-30 22:22:08,371 [ERROR] LogOutputStream:75 - [STDERR_REDIRECT] [Fatal Error] :1:1: Premature end of file.
2026-03-30 22:22:08,371 [ERROR] LogOutputStream:75 - [STDERR_REDIRECT] 
2026-03-30 22:22:09,376 [ERROR] LogOutputStream:75 - [STDERR_REDIRECT] [Fatal Error] :1:1: Premature end of file.
2026-03-30 22:22:09,376 [ERROR] LogOutputStream:75 - [STDERR_REDIRECT] 
2026-03-30 22:22:10,379 [ERROR] LogOutputStream:75 - [STDERR_REDIRECT] [Fatal Error] :1:1: Premature end of file.
2026-03-30 22:22:10,379 [ERROR] LogOutputStream:75 - [STDERR_REDIRECT] 
2026-03-30 22:22:11,379 [ERROR] LogOutputStream:75 - [STDERR_REDIRECT] [Fatal Error] :1:1: Premature end of file.
2026-03-30 22:22:11,379 [ERROR] LogOutputStream:75 - [STDERR_REDIRECT] 
2026-03-30 22:22:12,381 [ERROR] LogOutputStream:75 - [STDERR_REDIRECT] [Fatal Error] :1:1: Premature end of file.
2026-03-30 22:22:12,381 [ERROR] LogOutputStream:75 - [STDERR_REDIRECT] 
2026-03-30 22:22:13,371 [ERROR] LogOutputStream:75 - [STDERR_REDIRECT] [Fatal Error] :1:1: Premature end of file.
2026-03-30 22:22:13,371 [ERROR] LogOutputStream:75 - [STDERR_REDIRECT] 
2026-03-30 22:22:14,376 [ERROR] LogOutputStream:75 - [STDERR_REDIRECT] [Fatal Error] :1:1: Premature end of file.
2026-03-30 22:22:14,376 [ERROR] LogOutputStream:75 - [STDERR_REDIRECT] 
2026-03-30 22:22:15,379 [ERROR] LogOutputStream:75 - [STDERR_REDIRECT] [Fatal Error] :1:1: Premature end of file.
2026-03-30 22:22:15,379 [ERROR] LogOutputStream:75 - [STDERR_REDIRECT] 
2026-03-30 22:22:16,381 [ERROR] LogOutputStream:75 - [STDERR_REDIRECT] [Fatal Error] :1:1: Premature end of file.
2026-03-30 22:22:16,381 [ERROR] LogOutputStream:75 - [STDERR_REDIRECT] 
2026-03-30 22:22:17,375 [ERROR] LogOutputStream:75 - [STDERR_REDIRECT] [Fatal Error] :1:1: Premature end of file.
2026-03-30 22:22:17,375 [ERROR] LogOutputStream:75 - [STDERR_REDIRECT] 
2026-03-30 22:22:18,379 [ERROR] LogOutputStream:75 - [STDERR_REDIRECT] [Fatal Error] :1:1: Premature end of file.
2026-03-30 22:22:18,379 [ERROR] LogOutputStream:75 - [STDERR_REDIRECT] 
2026-03-30 22:22:19,382 [ERROR] LogOutputStream:75 - [STDERR_REDIRECT] [Fatal Error] :1:1: Premature end of file.
2026-03-30 22:22:19,382 [ERROR] LogOutputStream:75 - [STDERR_REDIRECT] 
2026-03-30 22:22:20,385 [ERROR] LogOutputStream:75 - [STDERR_REDIRECT] [Fatal Error] :1:1: Premature end of file.
2026-03-30 22:22:20,385 [ERROR] LogOutputStream:75 - [STDERR_REDIRECT] 
2026-03-30 22:22:21,378 [ERROR] LogOutputStream:75 - [STDERR_REDIRECT] [Fatal Error] :1:1: Premature end of file.
2026-03-30 22:22:21,378 [ERROR] LogOutputStream:75 - [STDERR_REDIRECT] 
2026-03-30 22:22:22,379 [ERROR] LogOutputStream:75 - [STDERR_REDIRECT] [Fatal Error] :1:1: Premature end of file.
2026-03-30 22:22:22,379 [ERROR] LogOutputStream:75 - [STDERR_REDIRECT] 
2026-03-30 22:22:23,372 [ERROR] LogOutputStream:75 - [STDERR_REDIRECT] [Fatal Error] :1:1: Premature end of file.
2026-03-30 22:22:23,372 [ERROR] LogOutputStream:75 - [STDERR_REDIRECT] 
2026-03-30 22:22:24,375 [ERROR] LogOutputStream:75 - [STDERR_REDIRECT] [Fatal Error] :1:1: Premature end of file.
2026-03-30 22:22:24,375 [ERROR] LogOutputStream:75 - [STDERR_REDIRECT] 
2026-03-30 22:22:25,379 [ERROR] LogOutputStream:75 - [STDERR_REDIRECT] [Fatal Error] :1:1: Premature end of file.
2026-03-30 22:22:25,379 [ERROR] LogOutputStream:75 - [STDERR_REDIRECT] 
2026-03-30 22:22:26,380 [ERROR] LogOutputStream:75 - [STDERR_REDIRECT] [Fatal Error] :1:1: Premature end of file.
2026-03-30 22:22:26,380 [ERROR] LogOutputStream:75 - [STDERR_REDIRECT] 
2026-03-30 22:22:27,383 [ERROR] LogOutputStream:75 - [STDERR_REDIRECT] [Fatal Error] :1:1: Premature end of file.
2026-03-30 22:22:27,383 [ERROR] LogOutputStream:75 - [STDERR_REDIRECT] 
2026-03-30 22:22:28,374 [ERROR] LogOutputStream:75 - [STDERR_REDIRECT] [Fatal Error] :1:1: Premature end of file.
2026-03-30 22:22:28,374 [ERROR] LogOutputStream:75 - [STDERR_REDIRECT] 
2026-03-30 22:22:29,378 [ERROR] LogOutputStream:75 - [STDERR_REDIRECT] [Fatal Error] :1:1: Premature end of file.
2026-03-30 22:22:29,378 [ERROR] LogOutputStream:75 - [STDERR_REDIRECT] 
2026-03-30 22:22:30,382 [ERROR] LogOutputStream:75 - [STDERR_REDIRECT] [Fatal Error] :1:1: Premature end of file.
2026-03-30 22:22:30,382 [ERROR] LogOutputStream:75 - [STDERR_REDIRECT] 
2026-03-30 22:22:31,373 [ERROR] LogOutputStream:75 - [STDERR_REDIRECT] [Fatal Error] :1:1: Premature end of file.
2026-03-30 22:22:31,373 [ERROR] LogOutputStream:75 - [STDERR_REDIRECT] 
2026-03-30 22:22:32,374 [ERROR] LogOutputStream:75 - [STDERR_REDIRECT] [Fatal Error] :1:1: Premature end of file.
2026-03-30 22:22:32,374 [ERROR] LogOutputStream:75 - [STDERR_REDIRECT] 
2026-03-30 22:22:33,372 [ERROR] LogOutputStream:75 - [STDERR_REDIRECT] [Fatal Error] :1:1: Premature end of file.
2026-03-30 22:22:33,372 [ERROR] LogOutputStream:75 - [STDERR_REDIRECT] 
2026-03-30 22:22:34,374 [ERROR] LogOutputStream:75 - [STDERR_REDIRECT] [Fatal Error] :1:1: Premature end of file.
2026-03-30 22:22:34,374 [ERROR] LogOutputStream:75 - [STDERR_REDIRECT] 
2026-03-30 22:22:35,375 [ERROR] LogOutputStream:75 - [STDERR_REDIRECT] [Fatal Error] :1:1: Premature end of file.
2026-03-30 22:22:35,375 [ERROR] LogOutputStream:75 - [STDERR_REDIRECT] 
2026-03-30 22:22:36,374 [ERROR] LogOutputStream:75 - [STDERR_REDIRECT] [Fatal Error] :1:1: Premature end of file.
2026-03-30 22:22:36,374 [ERROR] LogOutputStream:75 - [STDERR_REDIRECT] 
2026-03-30 22:22:37,378 [ERROR] LogOutputStream:75 - [STDERR_REDIRECT] [Fatal Error] :1:1: Premature end of file.
2026-03-30 22:22:37,378 [ERROR] LogOutputStream:75 - [STDERR_REDIRECT] 
2026-03-30 22:22:38,374 [ERROR] LogOutputStream:75 - [STDERR_REDIRECT] [Fatal Error] :1:1: Premature end of file.
2026-03-30 22:22:38,374 [ERROR] LogOutputStream:75 - [STDERR_REDIRECT] 
2026-03-30 22:22:39,378 [ERROR] LogOutputStream:75 - [STDERR_REDIRECT] [Fatal Error] :1:1: Premature end of file.
2026-03-30 22:22:39,378 [ERROR] LogOutputStream:75 - [STDERR_REDIRECT] 
2026-03-30 22:22:40,379 [ERROR] LogOutputStream:75 - [STDERR_REDIRECT] [Fatal Error] :1:1: Premature end of file.
2026-03-30 22:22:40,379 [ERROR] LogOutputStream:75 - [STDERR_REDIRECT] 
2026-03-30 22:22:41,380 [ERROR] LogOutputStream:75 - [STDERR_REDIRECT] [Fatal Error] :1:1: Premature end of file.
2026-03-30 22:22:41,380 [ERROR] LogOutputStream:75 - [STDERR_REDIRECT] 
2026-03-30 22:22:42,379 [ERROR] LogOutputStream:75 - [STDERR_REDIRECT] [Fatal Error] :1:1: Premature end of file.
2026-03-30 22:22:42,379 [ERROR] LogOutputStream:75 - [STDERR_REDIRECT] 
2026-03-30 22:22:43,373 [ERROR] LogOutputStream:75 - [STDERR_REDIRECT] [Fatal Error] :1:1: Premature end of file.
2026-03-30 22:22:43,373 [ERROR] LogOutputStream:75 - [STDERR_REDIRECT] 
2026-03-30 22:22:44,377 [ERROR] LogOutputStream:75 - [STDERR_REDIRECT] [Fatal Error] :1:1: Premature end of file.
2026-03-30 22:22:44,377 [ERROR] LogOutputStream:75 - [STDERR_REDIRECT] 
2026-03-30 22:22:45,379 [ERROR] LogOutputStream:75 - [STDERR_REDIRECT] [Fatal Error] :1:1: Premature end of file.
2026-03-30 22:22:45,379 [ERROR] LogOutputStream:75 - [STDERR_REDIRECT] 
2026-03-30 22:22:46,382 [ERROR] LogOutputStream:75 - [STDERR_REDIRECT] [Fatal Error] :1:1: Premature end of file.
2026-03-30 22:22:46,382 [ERROR] LogOutputStream:75 - [STDERR_REDIRECT] 
2026-03-30 22:22:47,385 [ERROR] LogOutputStream:75 - [STDERR_REDIRECT] [Fatal Error] :1:1: Premature end of file.
2026-03-30 22:22:47,385 [ERROR] LogOutputStream:75 - [STDERR_REDIRECT] 
2026-03-30 22:22:48,382 [ERROR] LogOutputStream:75 - [STDERR_REDIRECT] [Fatal Error] :1:1: Premature end of file.
2026-03-30 22:22:48,382 [ERROR] LogOutputStream:75 - [STDERR_REDIRECT] 
2026-03-30 22:22:49,385 [ERROR] LogOutputStream:75 - [STDERR_REDIRECT] [Fatal Error] :1:1: Premature end of file.
2026-03-30 22:22:49,385 [ERROR] LogOutputStream:75 - [STDERR_REDIRECT] 
2026-03-30 22:22:50,379 [ERROR] LogOutputStream:75 - [STDERR_REDIRECT] [Fatal Error] :1:1: Premature end of file.
2026-03-30 22:22:50,379 [ERROR] LogOutputStream:75 - [STDERR_REDIRECT] 
2026-03-30 22:22:51,369 [ERROR] LogOutputStream:75 - [STDERR_REDIRECT] [Fatal Error] :1:1: Premature end of file.
2026-03-30 22:22:51,369 [ERROR] LogOutputStream:75 - [STDERR_REDIRECT] 
2026-03-30 22:22:52,375 [ERROR] LogOutputStream:75 - [STDERR_REDIRECT] [Fatal Error] :1:1: Premature end of file.
2026-03-30 22:22:52,375 [ERROR] LogOutputStream:75 - [STDERR_REDIRECT] 
2026-03-30 22:22:53,375 [ERROR] LogOutputStream:75 - [STDERR_REDIRECT] [Fatal Error] :1:1: Premature end of file.
2026-03-30 22:22:53,375 [ERROR] LogOutputStream:75 - [STDERR_REDIRECT] 
2026-03-30 22:22:54,377 [ERROR] LogOutputStream:75 - [STDERR_REDIRECT] [Fatal Error] :1:1: Premature end of file.
2026-03-30 22:22:54,377 [ERROR] LogOutputStream:75 - [STDERR_REDIRECT] 
2026-03-30 22:22:55,380 [ERROR] LogOutputStream:75 - [STDERR_REDIRECT] [Fatal Error] :1:1: Premature end of file.
2026-03-30 22:22:55,380 [ERROR] LogOutputStream:75 - [STDERR_REDIRECT] 
2026-03-30 22:22:56,381 [ERROR] LogOutputStream:75 - [STDERR_REDIRECT] [Fatal Error] :1:1: Premature end of file.
2026-03-30 22:22:56,381 [ERROR] LogOutputStream:75 - [STDERR_REDIRECT] 
2026-03-30 22:22:57,383 [ERROR] LogOutputStream:75 - [STDERR_REDIRECT] [Fatal Error] :1:1: Premature end of file.
2026-03-30 22:22:57,383 [ERROR] LogOutputStream:75 - [STDERR_REDIRECT] 
2026-03-30 22:22:58,376 [ERROR] LogOutputStream:75 - [STDERR_REDIRECT] [Fatal Error] :1:1: Premature end of file.
2026-03-30 22:22:58,376 [ERROR] LogOutputStream:75 - [STDERR_REDIRECT] 
2026-03-30 22:22:59,374 [ERROR] LogOutputStream:75 - [STDERR_REDIRECT] [Fatal Error] :1:1: Premature end of file.
2026-03-30 22:22:59,374 [ERROR] LogOutputStream:75 - [STDERR_REDIRECT] 
2026-03-30 22:23:00,377 [ERROR] LogOutputStream:75 - [STDERR_REDIRECT] [Fatal Error] :1:1: Premature end of file.
2026-03-30 22:23:00,377 [ERROR] LogOutputStream:75 - [STDERR_REDIRECT] 
2026-03-30 22:23:01,385 [ERROR] LogOutputStream:75 - [STDERR_REDIRECT] [Fatal Error] :1:1: Premature end of file.
2026-03-30 22:23:01,385 [ERROR] LogOutputStream:75 - [STDERR_REDIRECT] 
2026-03-30 22:23:02,374 [ERROR] LogOutputStream:75 - [STDERR_REDIRECT] [Fatal Error] :1:1: Premature end of file.
2026-03-30 22:23:02,374 [ERROR] LogOutputStream:75 - [STDERR_REDIRECT] 
2026-03-30 22:23:03,375 [ERROR] LogOutputStream:75 - [STDERR_REDIRECT] [Fatal Error] :1:1: Premature end of file.
2026-03-30 22:23:03,375 [ERROR] LogOutputStream:75 - [STDERR_REDIRECT] 
2026-03-30 22:23:04,381 [ERROR] LogOutputStream:75 - [STDERR_REDIRECT] [Fatal Error] :1:1: Premature end of file.
2026-03-30 22:23:04,381 [ERROR] LogOutputStream:75 - [STDERR_REDIRECT] 
2026-03-30 22:23:05,379 [ERROR] LogOutputStream:75 - [STDERR_REDIRECT] [Fatal Error] :1:1: Premature end of file.
2026-03-30 22:23:05,379 [ERROR] LogOutputStream:75 - [STDERR_REDIRECT] 
2026-03-30 22:23:06,380 [ERROR] LogOutputStream:75 - [STDERR_REDIRECT] [Fatal Error] :1:1: Premature end of file.
2026-03-30 22:23:06,380 [ERROR] LogOutputStream:75 - [STDERR_REDIRECT] 
2026-03-30 22:23:07,381 [ERROR] LogOutputStream:75 - [STDERR_REDIRECT] [Fatal Error] :1:1: Premature end of file.
2026-03-30 22:23:07,381 [ERROR] LogOutputStream:75 - [STDERR_REDIRECT] 
2026-03-30 22:23:08,392 [ERROR] LogOutputStream:75 - [STDERR_REDIRECT] [Fatal Error] :1:1: Premature end of file.
2026-03-30 22:23:08,392 [ERROR] LogOutputStream:75 - [STDERR_REDIRECT] 
2026-03-30 22:23:09,378 [ERROR] LogOutputStream:75 - [STDERR_REDIRECT] [Fatal Error] :1:1: Premature end of file.
2026-03-30 22:23:09,378 [ERROR] LogOutputStream:75 - [STDERR_REDIRECT] 
2026-03-30 22:23:10,378 [ERROR] LogOutputStream:75 - [STDERR_REDIRECT] [Fatal Error] :1:1: Premature end of file.
2026-03-30 22:23:10,378 [ERROR] LogOutputStream:75 - [STDERR_REDIRECT] 
2026-03-30 22:23:11,379 [ERROR] LogOutputStream:75 - [STDERR_REDIRECT] [Fatal Error] :1:1: Premature end of file.
2026-03-30 22:23:11,379 [ERROR] LogOutputStream:75 - [STDERR_REDIRECT] 
2026-03-30 22:23:12,379 [ERROR] LogOutputStream:75 - [STDERR_REDIRECT] [Fatal Error] :1:1: Premature end of file.
2026-03-30 22:23:12,379 [ERROR] LogOutputStream:75 - [STDERR_REDIRECT] 
2026-03-30 22:23:13,377 [ERROR] LogOutputStream:75 - [STDERR_REDIRECT] [Fatal Error] :1:1: Premature end of file.
2026-03-30 22:23:13,377 [ERROR] LogOutputStream:75 - [STDERR_REDIRECT] 
2026-03-30 22:23:14,379 [ERROR] LogOutputStream:75 - [STDERR_REDIRECT] [Fatal Error] :1:1: Premature end of file.
2026-03-30 22:23:14,379 [ERROR] LogOutputStream:75 - [STDERR_REDIRECT] 
2026-03-30 22:23:15,379 [ERROR] LogOutputStream:75 - [STDERR_REDIRECT] [Fatal Error] :1:1: Premature end of file.
2026-03-30 22:23:15,379 [ERROR] LogOutputStream:75 - [STDERR_REDIRECT] 
2026-03-30 22:23:16,382 [ERROR] LogOutputStream:75 - [STDERR_REDIRECT] [Fatal Error] :1:1: Premature end of file.
2026-03-30 22:23:16,382 [ERROR] LogOutputStream:75 - [STDERR_REDIRECT] 
2026-03-30 22:23:17,384 [ERROR] LogOutputStream:75 - [STDERR_REDIRECT] [Fatal Error] :1:1: Premature end of file.
2026-03-30 22:23:17,384 [ERROR] LogOutputStream:75 - [STDERR_REDIRECT] 
2026-03-30 22:23:18,376 [ERROR] LogOutputStream:75 - [STDERR_REDIRECT] [Fatal Error] :1:1: Premature end of file.
2026-03-30 22:23:18,376 [ERROR] LogOutputStream:75 - [STDERR_REDIRECT] 
2026-03-30 22:23:19,380 [ERROR] LogOutputStream:75 - [STDERR_REDIRECT] [Fatal Error] :1:1: Premature end of file.
2026-03-30 22:23:19,380 [ERROR] LogOutputStream:75 - [STDERR_REDIRECT] 
2026-03-30 22:23:20,382 [ERROR] LogOutputStream:75 - [STDERR_REDIRECT] [Fatal Error] :1:1: Premature end of file.
2026-03-30 22:23:20,382 [ERROR] LogOutputStream:75 - [STDERR_REDIRECT] 
2026-03-30 22:23:21,386 [ERROR] LogOutputStream:75 - [STDERR_REDIRECT] [Fatal Error] :1:1: Premature end of file.
2026-03-30 22:23:21,386 [ERROR] LogOutputStream:75 - [STDERR_REDIRECT] 
2026-03-30 22:23:22,389 [ERROR] LogOutputStream:75 - [STDERR_REDIRECT] [Fatal Error] :1:1: Premature end of file.
2026-03-30 22:23:22,389 [ERROR] LogOutputStream:75 - [STDERR_REDIRECT] 
2026-03-30 22:23:23,376 [ERROR] LogOutputStream:75 - [STDERR_REDIRECT] [Fatal Error] :1:1: Premature end of file.
2026-03-30 22:23:23,376 [ERROR] LogOutputStream:75 - [STDERR_REDIRECT] 
2026-03-30 22:23:24,379 [ERROR] LogOutputStream:75 - [STDERR_REDIRECT] [Fatal Error] :1:1: Premature end of file.
2026-03-30 22:23:24,379 [ERROR] LogOutputStream:75 - [STDERR_REDIRECT] 
2026-03-30 22:23:25,382 [ERROR] LogOutputStream:75 - [STDERR_REDIRECT] [Fatal Error] :1:1: Premature end of file.
2026-03-30 22:23:25,382 [ERROR] LogOutputStream:75 - [STDERR_REDIRECT] 
2026-03-30 22:23:26,381 [ERROR] LogOutputStream:75 - [STDERR_REDIRECT] [Fatal Error] :1:1: Premature end of file.
2026-03-30 22:23:26,381 [ERROR] LogOutputStream:75 - [STDERR_REDIRECT] 
2026-03-30 22:23:27,383 [ERROR] LogOutputStream:75 - [STDERR_REDIRECT] [Fatal Error] :1:1: Premature end of file.
2026-03-30 22:23:27,383 [ERROR] LogOutputStream:75 - [STDERR_REDIRECT] 
2026-03-30 22:23:28,379 [ERROR] LogOutputStream:75 - [STDERR_REDIRECT] [Fatal Error] :1:1: Premature end of file.
2026-03-30 22:23:28,379 [ERROR] LogOutputStream:75 - [STDERR_REDIRECT] 
2026-03-30 22:23:29,382 [ERROR] LogOutputStream:75 - [STDERR_REDIRECT] [Fatal Error] :1:1: Premature end of file.
2026-03-30 22:23:29,382 [ERROR] LogOutputStream:75 - [STDERR_REDIRECT] 
2026-03-30 22:23:30,384 [ERROR] LogOutputStream:75 - [STDERR_REDIRECT] [Fatal Error] :1:1: Premature end of file.
2026-03-30 22:23:30,384 [ERROR] LogOutputStream:75 - [STDERR_REDIRECT] 
2026-03-30 22:23:31,373 [ERROR] LogOutputStream:75 - [STDERR_REDIRECT] [Fatal Error] :1:1: Premature end of file.
2026-03-30 22:23:31,373 [ERROR] LogOutputStream:75 - [STDERR_REDIRECT] 
2026-03-30 22:23:32,377 [ERROR] LogOutputStream:75 - [STDERR_REDIRECT] [Fatal Error] :1:1: Premature end of file.
2026-03-30 22:23:32,377 [ERROR] LogOutputStream:75 - [STDERR_REDIRECT] 
2026-03-30 22:23:33,379 [ERROR] LogOutputStream:75 - [STDERR_REDIRECT] [Fatal Error] :1:1: Premature end of file.
2026-03-30 22:23:33,379 [ERROR] LogOutputStream:75 - [STDERR_REDIRECT] 
2026-03-30 22:23:34,382 [ERROR] LogOutputStream:75 - [STDERR_REDIRECT] [Fatal Error] :1:1: Premature end of file.
2026-03-30 22:23:34,382 [ERROR] LogOutputStream:75 - [STDERR_REDIRECT] 
2026-03-30 22:23:35,384 [ERROR] LogOutputStream:75 - [STDERR_REDIRECT] [Fatal Error] :1:1: Premature end of file.
2026-03-30 22:23:35,384 [ERROR] LogOutputStream:75 - [STDERR_REDIRECT] 
2026-03-30 22:23:36,375 [ERROR] LogOutputStream:75 - [STDERR_REDIRECT] [Fatal Error] :1:1: Premature end of file.
2026-03-30 22:23:36,375 [ERROR] LogOutputStream:75 - [STDERR_REDIRECT] 
2026-03-30 22:23:37,372 [ERROR] LogOutputStream:75 - [STDERR_REDIRECT] [Fatal Error] :1:1: Premature end of file.
2026-03-30 22:23:37,372 [ERROR] LogOutputStream:75 - [STDERR_REDIRECT] 
2026-03-30 22:23:38,380 [ERROR] LogOutputStream:75 - [STDERR_REDIRECT] [Fatal Error] :1:1: Premature end of file.
2026-03-30 22:23:38,380 [ERROR] LogOutputStream:75 - [STDERR_REDIRECT] 
2026-03-30 22:23:39,380 [ERROR] LogOutputStream:75 - [STDERR_REDIRECT] [Fatal Error] :1:1: Premature end of file.
2026-03-30 22:23:39,380 [ERROR] LogOutputStream:75 - [STDERR_REDIRECT] 
2026-03-30 22:23:40,370 [ERROR] LogOutputStream:75 - [STDERR_REDIRECT] [Fatal Error] :1:1: Premature end of file.
2026-03-30 22:23:40,370 [ERROR] LogOutputStream:75 - [STDERR_REDIRECT] 
2026-03-30 22:23:41,374 [ERROR] LogOutputStream:75 - [STDERR_REDIRECT] [Fatal Error] :1:1: Premature end of file.
2026-03-30 22:23:41,374 [ERROR] LogOutputStream:75 - [STDERR_REDIRECT] 
2026-03-30 22:23:42,378 [ERROR] LogOutputStream:75 - [STDERR_REDIRECT] [Fatal Error] :1:1: Premature end of file.
2026-03-30 22:23:42,378 [ERROR] LogOutputStream:75 - [STDERR_REDIRECT] 
2026-03-30 22:23:43,380 [ERROR] LogOutputStream:75 - [STDERR_REDIRECT] [Fatal Error] :1:1: Premature end of file.
2026-03-30 22:23:43,380 [ERROR] LogOutputStream:75 - [STDERR_REDIRECT] 
2026-03-30 22:23:44,383 [ERROR] LogOutputStream:75 - [STDERR_REDIRECT] [Fatal Error] :1:1: Premature end of file.
2026-03-30 22:23:44,383 [ERROR] LogOutputStream:75 - [STDERR_REDIRECT] 
2026-03-30 22:23:45,370 [ERROR] LogOutputStream:75 - [STDERR_REDIRECT] [Fatal Error] :1:1: Premature end of file.
2026-03-30 22:23:45,370 [ERROR] LogOutputStream:75 - [STDERR_REDIRECT] 
2026-03-30 22:23:46,371 [ERROR] LogOutputStream:75 - [STDERR_REDIRECT] [Fatal Error] :1:1: Premature end of file.
2026-03-30 22:23:46,371 [ERROR] LogOutputStream:75 - [STDERR_REDIRECT] 
2026-03-30 22:23:47,390 [ERROR] LogOutputStream:75 - [STDERR_REDIRECT] [Fatal Error] :1:1: Premature end of file.
2026-03-30 22:23:47,390 [ERROR] LogOutputStream:75 - [STDERR_REDIRECT] 
2026-03-30 22:23:48,385 [ERROR] LogOutputStream:75 - [STDERR_REDIRECT] [Fatal Error] :1:1: Premature end of file.
2026-03-30 22:23:48,385 [ERROR] LogOutputStream:75 - [STDERR_REDIRECT] 
2026-03-30 22:23:49,382 [ERROR] LogOutputStream:75 - [STDERR_REDIRECT] [Fatal Error] :1:1: Premature end of file.
2026-03-30 22:23:49,382 [ERROR] LogOutputStream:75 - [STDERR_REDIRECT] 
2026-03-30 22:23:50,389 [ERROR] LogOutputStream:75 - [STDERR_REDIRECT] [Fatal Error] :1:1: Premature end of file.
2026-03-30 22:23:50,389 [ERROR] LogOutputStream:75 - [STDERR_REDIRECT] 
2026-03-30 22:23:51,377 [ERROR] LogOutputStream:75 - [STDERR_REDIRECT] [Fatal Error] :1:1: Premature end of file.
2026-03-30 22:23:51,377 [ERROR] LogOutputStream:75 - [STDERR_REDIRECT] 
2026-03-30 22:23:52,389 [ERROR] LogOutputStream:75 - [STDERR_REDIRECT] [Fatal Error] :1:1: Premature end of file.
2026-03-30 22:23:52,389 [ERROR] LogOutputStream:75 - [STDERR_REDIRECT] 
2026-03-30 22:23:53,380 [ERROR] LogOutputStream:75 - [STDERR_REDIRECT] [Fatal Error] :1:1: Premature end of file.
2026-03-30 22:23:53,388 [ERROR] LogOutputStream:75 - [STDERR_REDIRECT] 
2026-03-30 22:23:54,380 [ERROR] LogOutputStream:75 - [STDERR_REDIRECT] [Fatal Error] :1:1: Premature end of file.
2026-03-30 22:23:54,380 [ERROR] LogOutputStream:75 - [STDERR_REDIRECT] 
2026-03-30 22:23:55,394 [ERROR] LogOutputStream:75 - [STDERR_REDIRECT] [Fatal Error] :1:1: Premature end of file.
2026-03-30 22:23:55,394 [ERROR] LogOutputStream:75 - [STDERR_REDIRECT] 
2026-03-30 22:23:56,375 [ERROR] LogOutputStream:75 - [STDERR_REDIRECT] [Fatal Error] :1:1: Premature end of file.
2026-03-30 22:23:56,375 [ERROR] LogOutputStream:75 - [STDERR_REDIRECT] 
2026-03-30 22:23:57,376 [ERROR] LogOutputStream:75 - [STDERR_REDIRECT] [Fatal Error] :1:1: Premature end of file.
2026-03-30 22:23:57,376 [ERROR] LogOutputStream:75 - [STDERR_REDIRECT] 
2026-03-30 22:23:58,381 [ERROR] LogOutputStream:75 - [STDERR_REDIRECT] [Fatal Error] :1:1: Premature end of file.
2026-03-30 22:23:58,381 [ERROR] LogOutputStream:75 - [STDERR_REDIRECT] 
2026-03-30 22:23:59,370 [ERROR] LogOutputStream:75 - [STDERR_REDIRECT] [Fatal Error] :1:1: Premature end of file.
2026-03-30 22:23:59,370 [ERROR] LogOutputStream:75 - [STDERR_REDIRECT] 
2026-03-30 22:24:00,374 [ERROR] LogOutputStream:75 - [STDERR_REDIRECT] [Fatal Error] :1:1: Premature end of file.
2026-03-30 22:24:00,374 [ERROR] LogOutputStream:75 - [STDERR_REDIRECT] 
2026-03-30 22:24:01,377 [ERROR] LogOutputStream:75 - [STDERR_REDIRECT] [Fatal Error] :1:1: Premature end of file.
2026-03-30 22:24:01,377 [ERROR] LogOutputStream:75 - [STDERR_REDIRECT] 
2026-03-30 22:24:02,379 [ERROR] LogOutputStream:75 - [STDERR_REDIRECT] [Fatal Error] :1:1: Premature end of file.
2026-03-30 22:24:02,379 [ERROR] LogOutputStream:75 - [STDERR_REDIRECT] 
2026-03-30 22:24:03,381 [ERROR] LogOutputStream:75 - [STDERR_REDIRECT] [Fatal Error] :1:1: Premature end of file.
2026-03-30 22:24:03,381 [ERROR] LogOutputStream:75 - [STDERR_REDIRECT] 
2026-03-30 22:24:04,385 [ERROR] LogOutputStream:75 - [STDERR_REDIRECT] [Fatal Error] :1:1: Premature end of file.
2026-03-30 22:24:04,385 [ERROR] LogOutputStream:75 - [STDERR_REDIRECT] 
2026-03-30 22:24:05,372 [ERROR] LogOutputStream:75 - [STDERR_REDIRECT] [Fatal Error] :1:1: Premature end of file.
2026-03-30 22:24:05,372 [ERROR] LogOutputStream:75 - [STDERR_REDIRECT] 
2026-03-30 22:24:06,378 [ERROR] LogOutputStream:75 - [STDERR_REDIRECT] [Fatal Error] :1:1: Premature end of file.
2026-03-30 22:24:06,378 [ERROR] LogOutputStream:75 - [STDERR_REDIRECT] 
2026-03-30 22:24:07,380 [ERROR] LogOutputStream:75 - [STDERR_REDIRECT] [Fatal Error] :1:1: Premature end of file.
2026-03-30 22:24:07,380 [ERROR] LogOutputStream:75 - [STDERR_REDIRECT] 
2026-03-30 22:24:08,377 [ERROR] LogOutputStream:75 - [STDERR_REDIRECT] [Fatal Error] :1:1: Premature end of file.
2026-03-30 22:24:08,377 [ERROR] LogOutputStream:75 - [STDERR_REDIRECT] 
2026-03-30 22:24:09,391 [ERROR] LogOutputStream:75 - [STDERR_REDIRECT] [Fatal Error] :1:1: Premature end of file.
2026-03-30 22:24:09,391 [ERROR] LogOutputStream:75 - [STDERR_REDIRECT] 
2026-03-30 22:24:10,388 [ERROR] LogOutputStream:75 - [STDERR_REDIRECT] [Fatal Error] :1:1: Premature end of file.
2026-03-30 22:24:10,388 [ERROR] LogOutputStream:75 - [STDERR_REDIRECT] 
2026-03-30 22:24:11,390 [ERROR] LogOutputStream:75 - [STDERR_REDIRECT] [Fatal Error] :1:1: Premature end of file.
2026-03-30 22:24:11,390 [ERROR] LogOutputStream:75 - [STDERR_REDIRECT] 
2026-03-30 22:24:12,388 [ERROR] LogOutputStream:75 - [STDERR_REDIRECT] [Fatal Error] :1:1: Premature end of file.
2026-03-30 22:24:12,388 [ERROR] LogOutputStream:75 - [STDERR_REDIRECT] 
2026-03-30 22:24:13,366 [ERROR] LogOutputStream:75 - [STDERR_REDIRECT] [Fatal Error] :1:1: Premature end of file.
2026-03-30 22:24:13,366 [ERROR] LogOutputStream:75 - [STDERR_REDIRECT] 
2026-03-30 22:24:14,371 [ERROR] LogOutputStream:75 - [STDERR_REDIRECT] [Fatal Error] :1:1: Premature end of file.
2026-03-30 22:24:14,371 [ERROR] LogOutputStream:75 - [STDERR_REDIRECT] 
2026-03-30 22:24:15,374 [ERROR] LogOutputStream:75 - [STDERR_REDIRECT] [Fatal Error] :1:1: Premature end of file.
2026-03-30 22:24:15,374 [ERROR] LogOutputStream:75 - [STDERR_REDIRECT] 
2026-03-30 22:24:16,378 [ERROR] LogOutputStream:75 - [STDERR_REDIRECT] [Fatal Error] :1:1: Premature end of file.
2026-03-30 22:24:16,378 [ERROR] LogOutputStream:75 - [STDERR_REDIRECT] 
2026-03-30 22:24:17,379 [ERROR] LogOutputStream:75 - [STDERR_REDIRECT] [Fatal Error] :1:1: Premature end of file.
2026-03-30 22:24:17,379 [ERROR] LogOutputStream:75 - [STDERR_REDIRECT] 
2026-03-30 22:24:18,381 [ERROR] LogOutputStream:75 - [STDERR_REDIRECT] [Fatal Error] :1:1: Premature end of file.
2026-03-30 22:24:18,382 [ERROR] LogOutputStream:75 - [STDERR_REDIRECT] 
2026-03-30 22:24:19,370 [ERROR] LogOutputStream:75 - [STDERR_REDIRECT] [Fatal Error] :1:1: Premature end of file.
2026-03-30 22:24:19,370 [ERROR] LogOutputStream:75 - [STDERR_REDIRECT] 
2026-03-30 22:24:20,373 [ERROR] LogOutputStream:75 - [STDERR_REDIRECT] [Fatal Error] :1:1: Premature end of file.
2026-03-30 22:24:20,373 [ERROR] LogOutputStream:75 - [STDERR_REDIRECT] 
2026-03-30 22:24:21,377 [ERROR] LogOutputStream:75 - [STDERR_REDIRECT] [Fatal Error] :1:1: Premature end of file.
2026-03-30 22:24:21,377 [ERROR] LogOutputStream:75 - [STDERR_REDIRECT] 
2026-03-30 22:24:22,383 [ERROR] LogOutputStream:75 - [STDERR_REDIRECT] [Fatal Error] :1:1: Premature end of file.
2026-03-30 22:24:22,383 [ERROR] LogOutputStream:75 - [STDERR_REDIRECT] 
2026-03-30 22:24:23,380 [ERROR] LogOutputStream:75 - [STDERR_REDIRECT] [Fatal Error] :1:1: Premature end of file.
2026-03-30 22:24:23,380 [ERROR] LogOutputStream:75 - [STDERR_REDIRECT] 
2026-03-30 22:24:24,385 [ERROR] LogOutputStream:75 - [STDERR_REDIRECT] [Fatal Error] :1:1: Premature end of file.
2026-03-30 22:24:24,385 [ERROR] LogOutputStream:75 - [STDERR_REDIRECT] 
2026-03-30 22:24:25,388 [ERROR] LogOutputStream:75 - [STDERR_REDIRECT] [Fatal Error] :1:1: Premature end of file.
2026-03-30 22:24:25,388 [ERROR] LogOutputStream:75 - [STDERR_REDIRECT] 
2026-03-30 22:24:26,374 [ERROR] LogOutputStream:75 - [STDERR_REDIRECT] [Fatal Error] :1:1: Premature end of file.
2026-03-30 22:24:26,374 [ERROR] LogOutputStream:75 - [STDERR_REDIRECT] 
2026-03-30 22:24:27,387 [ERROR] LogOutputStream:75 - [STDERR_REDIRECT] [Fatal Error] :1:1: Premature end of file.
2026-03-30 22:24:27,394 [ERROR] LogOutputStream:75 - [STDERR_REDIRECT] 
2026-03-30 22:24:28,396 [ERROR] LogOutputStream:75 - [STDERR_REDIRECT] [Fatal Error] :1:1: Premature end of file.
2026-03-30 22:24:28,396 [ERROR] LogOutputStream:75 - [STDERR_REDIRECT] 
2026-03-30 22:24:29,373 [ERROR] LogOutputStream:75 - [STDERR_REDIRECT] [Fatal Error] :1:1: Premature end of file.
2026-03-30 22:24:29,373 [ERROR] LogOutputStream:75 - [STDERR_REDIRECT] 
2026-03-30 22:24:30,375 [ERROR] LogOutputStream:75 - [STDERR_REDIRECT] [Fatal Error] :1:1: Premature end of file.
2026-03-30 22:24:30,375 [ERROR] LogOutputStream:75 - [STDERR_REDIRECT] 
2026-03-30 22:24:31,379 [ERROR] LogOutputStream:75 - [STDERR_REDIRECT] [Fatal Error] :1:1: Premature end of file.
2026-03-30 22:24:31,379 [ERROR] LogOutputStream:75 - [STDERR_REDIRECT] 
2026-03-30 22:24:32,381 [ERROR] LogOutputStream:75 - [STDERR_REDIRECT] [Fatal Error] :1:1: Premature end of file.
2026-03-30 22:24:32,381 [ERROR] LogOutputStream:75 - [STDERR_REDIRECT] 
2026-03-30 22:24:33,392 [ERROR] LogOutputStream:75 - [STDERR_REDIRECT] [Fatal Error] :1:1: Premature end of file.
2026-03-30 22:24:33,392 [ERROR] LogOutputStream:75 - [STDERR_REDIRECT] 
2026-03-30 22:24:34,373 [ERROR] LogOutputStream:75 - [STDERR_REDIRECT] [Fatal Error] :1:1: Premature end of file.
2026-03-30 22:24:34,373 [ERROR] LogOutputStream:75 - [STDERR_REDIRECT] 
2026-03-30 22:24:35,375 [ERROR] LogOutputStream:75 - [STDERR_REDIRECT] [Fatal Error] :1:1: Premature end of file.
2026-03-30 22:24:35,375 [ERROR] LogOutputStream:75 - [STDERR_REDIRECT] 
2026-03-30 22:24:36,375 [ERROR] LogOutputStream:75 - [STDERR_REDIRECT] [Fatal Error] :1:1: Premature end of file.
2026-03-30 22:24:36,375 [ERROR] LogOutputStream:75 - [STDERR_REDIRECT] 
2026-03-30 22:24:37,377 [ERROR] LogOutputStream:75 - [STDERR_REDIRECT] [Fatal Error] :1:1: Premature end of file.
2026-03-30 22:24:37,377 [ERROR] LogOutputStream:75 - [STDERR_REDIRECT] 
2026-03-30 22:24:38,383 [ERROR] LogOutputStream:75 - [STDERR_REDIRECT] [Fatal Error] :1:1: Premature end of file.
2026-03-30 22:24:38,383 [ERROR] LogOutputStream:75 - [STDERR_REDIRECT] 
2026-03-30 22:24:39,372 [ERROR] LogOutputStream:75 - [STDERR_REDIRECT] [Fatal Error] :1:1: Premature end of file.
2026-03-30 22:24:39,372 [ERROR] LogOutputStream:75 - [STDERR_REDIRECT] 
2026-03-30 22:24:40,375 [ERROR] LogOutputStream:75 - [STDERR_REDIRECT] [Fatal Error] :1:1: Premature end of file.
2026-03-30 22:24:40,375 [ERROR] LogOutputStream:75 - [STDERR_REDIRECT] 
2026-03-30 22:24:41,377 [ERROR] LogOutputStream:75 - [STDERR_REDIRECT] [Fatal Error] :1:1: Premature end of file.
2026-03-30 22:24:41,377 [ERROR] LogOutputStream:75 - [STDERR_REDIRECT] 
2026-03-30 22:24:42,380 [ERROR] LogOutputStream:75 - [STDERR_REDIRECT] [Fatal Error] :1:1: Premature end of file.
2026-03-30 22:24:42,380 [ERROR] LogOutputStream:75 - [STDERR_REDIRECT] 
2026-03-30 22:24:43,386 [ERROR] LogOutputStream:75 - [STDERR_REDIRECT] [Fatal Error] :1:1: Premature end of file.
2026-03-30 22:24:43,386 [ERROR] LogOutputStream:75 - [STDERR_REDIRECT] 
2026-03-30 22:24:44,371 [ERROR] LogOutputStream:75 - [STDERR_REDIRECT] [Fatal Error] :1:1: Premature end of file.
2026-03-30 22:24:44,371 [ERROR] LogOutputStream:75 - [STDERR_REDIRECT] 
2026-03-30 22:24:45,377 [ERROR] LogOutputStream:75 - [STDERR_REDIRECT] [Fatal Error] :1:1: Premature end of file.
2026-03-30 22:24:45,377 [ERROR] LogOutputStream:75 - [STDERR_REDIRECT] 
2026-03-30 22:24:46,380 [ERROR] LogOutputStream:75 - [STDERR_REDIRECT] [Fatal Error] :1:1: Premature end of file.
2026-03-30 22:24:46,380 [ERROR] LogOutputStream:75 - [STDERR_REDIRECT] 
2026-03-30 22:24:47,382 [ERROR] LogOutputStream:75 - [STDERR_REDIRECT] [Fatal Error] :1:1: Premature end of file.
2026-03-30 22:24:47,382 [ERROR] LogOutputStream:75 - [STDERR_REDIRECT] 
2026-03-30 22:24:48,389 [ERROR] LogOutputStream:75 - [STDERR_REDIRECT] [Fatal Error] :1:1: Premature end of file.
2026-03-30 22:24:48,389 [ERROR] LogOutputStream:75 - [STDERR_REDIRECT] 
2026-03-30 22:24:49,373 [ERROR] LogOutputStream:75 - [STDERR_REDIRECT] [Fatal Error] :1:1: Premature end of file.
2026-03-30 22:24:49,373 [ERROR] LogOutputStream:75 - [STDERR_REDIRECT] 
2026-03-30 22:24:50,374 [ERROR] LogOutputStream:75 - [STDERR_REDIRECT] [Fatal Error] :1:1: Premature end of file.
2026-03-30 22:24:50,374 [ERROR] LogOutputStream:75 - [STDERR_REDIRECT] 
2026-03-30 22:24:51,377 [ERROR] LogOutputStream:75 - [STDERR_REDIRECT] [Fatal Error] :1:1: Premature end of file.
2026-03-30 22:24:51,377 [ERROR] LogOutputStream:75 - [STDERR_REDIRECT] 
2026-03-30 22:24:52,379 [ERROR] LogOutputStream:75 - [STDERR_REDIRECT] [Fatal Error] :1:1: Premature end of file.
2026-03-30 22:24:52,379 [ERROR] LogOutputStream:75 - [STDERR_REDIRECT] 
2026-03-30 22:24:53,381 [ERROR] LogOutputStream:75 - [STDERR_REDIRECT] [Fatal Error] :1:1: Premature end of file.
2026-03-30 22:24:53,381 [ERROR] LogOutputStream:75 - [STDERR_REDIRECT] 
2026-03-30 22:24:54,383 [ERROR] LogOutputStream:75 - [STDERR_REDIRECT] [Fatal Error] :1:1: Premature end of file.
2026-03-30 22:24:54,383 [ERROR] LogOutputStream:75 - [STDERR_REDIRECT] 
2026-03-30 22:24:55,373 [ERROR] LogOutputStream:75 - [STDERR_REDIRECT] [Fatal Error] :1:1: Premature end of file.
2026-03-30 22:24:55,373 [ERROR] LogOutputStream:75 - [STDERR_REDIRECT] 
2026-03-30 22:24:56,374 [ERROR] LogOutputStream:75 - [STDERR_REDIRECT] [Fatal Error] :1:1: Premature end of file.
2026-03-30 22:24:56,374 [ERROR] LogOutputStream:75 - [STDERR_REDIRECT] 
2026-03-30 22:24:57,377 [ERROR] LogOutputStream:75 - [STDERR_REDIRECT] [Fatal Error] :1:1: Premature end of file.
2026-03-30 22:24:57,377 [ERROR] LogOutputStream:75 - [STDERR_REDIRECT] 
2026-03-30 22:24:58,381 [ERROR] LogOutputStream:75 - [STDERR_REDIRECT] [Fatal Error] :1:1: Premature end of file.
2026-03-30 22:24:58,381 [ERROR] LogOutputStream:75 - [STDERR_REDIRECT] 
2026-03-30 22:24:59,377 [ERROR] LogOutputStream:75 - [STDERR_REDIRECT] [Fatal Error] :1:1: Premature end of file.
2026-03-30 22:24:59,377 [ERROR] LogOutputStream:75 - [STDERR_REDIRECT] 
2026-03-30 22:25:00,379 [ERROR] LogOutputStream:75 - [STDERR_REDIRECT] [Fatal Error] :1:1: Premature end of file.
2026-03-30 22:25:00,379 [ERROR] LogOutputStream:75 - [STDERR_REDIRECT] 
2026-03-30 22:25:01,379 [ERROR] LogOutputStream:75 - [STDERR_REDIRECT] [Fatal Error] :1:1: Premature end of file.
2026-03-30 22:25:01,379 [ERROR] LogOutputStream:75 - [STDERR_REDIRECT] 
2026-03-30 22:25:02,381 [ERROR] LogOutputStream:75 - [STDERR_REDIRECT] [Fatal Error] :1:1: Premature end of file.
2026-03-30 22:25:02,381 [ERROR] LogOutputStream:75 - [STDERR_REDIRECT] 
2026-03-30 22:25:03,371 [ERROR] LogOutputStream:75 - [STDERR_REDIRECT] [Fatal Error] :1:1: Premature end of file.
2026-03-30 22:25:03,371 [ERROR] LogOutputStream:75 - [STDERR_REDIRECT] 
2026-03-30 22:25:04,374 [ERROR] LogOutputStream:75 - [STDERR_REDIRECT] [Fatal Error] :1:1: Premature end of file.
2026-03-30 22:25:04,374 [ERROR] LogOutputStream:75 - [STDERR_REDIRECT] 
2026-03-30 22:25:05,377 [ERROR] LogOutputStream:75 - [STDERR_REDIRECT] [Fatal Error] :1:1: Premature end of file.
2026-03-30 22:25:05,377 [ERROR] LogOutputStream:75 - [STDERR_REDIRECT] 
2026-03-30 22:25:06,380 [ERROR] LogOutputStream:75 - [STDERR_REDIRECT] [Fatal Error] :1:1: Premature end of file.
2026-03-30 22:25:06,380 [ERROR] LogOutputStream:75 - [STDERR_REDIRECT] 
2026-03-30 22:25:07,382 [ERROR] LogOutputStream:75 - [STDERR_REDIRECT] [Fatal Error] :1:1: Premature end of file.
2026-03-30 22:25:07,382 [ERROR] LogOutputStream:75 - [STDERR_REDIRECT] 
2026-03-30 22:25:08,369 [ERROR] LogOutputStream:75 - [STDERR_REDIRECT] [Fatal Error] :1:1: Premature end of file.
2026-03-30 22:25:08,369 [ERROR] LogOutputStream:75 - [STDERR_REDIRECT] 
2026-03-30 22:25:09,381 [ERROR] LogOutputStream:75 - [STDERR_REDIRECT] [Fatal Error] :1:1: Premature end of file.
2026-03-30 22:25:09,381 [ERROR] LogOutputStream:75 - [STDERR_REDIRECT] 
2026-03-30 22:25:10,380 [ERROR] LogOutputStream:75 - [STDERR_REDIRECT] [Fatal Error] :1:1: Premature end of file.
2026-03-30 22:25:10,380 [ERROR] LogOutputStream:75 - [STDERR_REDIRECT] 
2026-03-30 22:25:11,382 [ERROR] LogOutputStream:75 - [STDERR_REDIRECT] [Fatal Error] :1:1: Premature end of file.
2026-03-30 22:25:11,382 [ERROR] LogOutputStream:75 - [STDERR_REDIRECT] 
2026-03-30 22:25:12,375 [ERROR] LogOutputStream:75 - [STDERR_REDIRECT] [Fatal Error] :1:1: Premature end of file.
2026-03-30 22:25:12,375 [ERROR] LogOutputStream:75 - [STDERR_REDIRECT] 
2026-03-30 22:25:13,376 [ERROR] LogOutputStream:75 - [STDERR_REDIRECT] [Fatal Error] :1:1: Premature end of file.
2026-03-30 22:25:13,376 [ERROR] LogOutputStream:75 - [STDERR_REDIRECT] 
2026-03-30 22:25:14,378 [ERROR] LogOutputStream:75 - [STDERR_REDIRECT] [Fatal Error] :1:1: Premature end of file.
2026-03-30 22:25:14,378 [ERROR] LogOutputStream:75 - [STDERR_REDIRECT] 
2026-03-30 22:25:15,380 [ERROR] LogOutputStream:75 - [STDERR_REDIRECT] [Fatal Error] :1:1: Premature end of file.
2026-03-30 22:25:15,380 [ERROR] LogOutputStream:75 - [STDERR_REDIRECT] 
2026-03-30 22:25:16,381 [ERROR] LogOutputStream:75 - [STDERR_REDIRECT] [Fatal Error] :1:1: Premature end of file.
2026-03-30 22:25:16,381 [ERROR] LogOutputStream:75 - [STDERR_REDIRECT] 
2026-03-30 22:25:17,381 [ERROR] LogOutputStream:75 - [STDERR_REDIRECT] [Fatal Error] :1:1: Premature end of file.
2026-03-30 22:25:17,381 [ERROR] LogOutputStream:75 - [STDERR_REDIRECT] 
2026-03-30 22:25:18,381 [ERROR] LogOutputStream:75 - [STDERR_REDIRECT] [Fatal Error] :1:1: Premature end of file.
2026-03-30 22:25:18,381 [ERROR] LogOutputStream:75 - [STDERR_REDIRECT] 
2026-03-30 22:25:19,376 [ERROR] LogOutputStream:75 - [STDERR_REDIRECT] [Fatal Error] :1:1: Premature end of file.
2026-03-30 22:25:19,376 [ERROR] LogOutputStream:75 - [STDERR_REDIRECT] 
2026-03-30 22:25:20,377 [ERROR] LogOutputStream:75 - [STDERR_REDIRECT] [Fatal Error] :1:1: Premature end of file.
2026-03-30 22:25:20,377 [ERROR] LogOutputStream:75 - [STDERR_REDIRECT] 
2026-03-30 22:25:21,377 [ERROR] LogOutputStream:75 - [STDERR_REDIRECT] [Fatal Error] :1:1: Premature end of file.
2026-03-30 22:25:21,377 [ERROR] LogOutputStream:75 - [STDERR_REDIRECT] 
2026-03-30 22:25:22,380 [ERROR] LogOutputStream:75 - [STDERR_REDIRECT] [Fatal Error] :1:1: Premature end of file.
2026-03-30 22:25:22,380 [ERROR] LogOutputStream:75 - [STDERR_REDIRECT] 
2026-03-30 22:25:23,376 [ERROR] LogOutputStream:75 - [STDERR_REDIRECT] [Fatal Error] :1:1: Premature end of file.
2026-03-30 22:25:23,376 [ERROR] LogOutputStream:75 - [STDERR_REDIRECT] 
2026-03-30 22:25:24,379 [ERROR] LogOutputStream:75 - [STDERR_REDIRECT] [Fatal Error] :1:1: Premature end of file.
2026-03-30 22:25:24,379 [ERROR] LogOutputStream:75 - [STDERR_REDIRECT] 
2026-03-30 22:25:25,382 [ERROR] LogOutputStream:75 - [STDERR_REDIRECT] [Fatal Error] :1:1: Premature end of file.
2026-03-30 22:25:25,382 [ERROR] LogOutputStream:75 - [STDERR_REDIRECT] 
2026-03-30 22:25:26,385 [ERROR] LogOutputStream:75 - [STDERR_REDIRECT] [Fatal Error] :1:1: Premature end of file.
2026-03-30 22:25:26,385 [ERROR] LogOutputStream:75 - [STDERR_REDIRECT] 
2026-03-30 22:25:27,377 [ERROR] LogOutputStream:75 - [STDERR_REDIRECT] [Fatal Error] :1:1: Premature end of file.
2026-03-30 22:25:27,377 [ERROR] LogOutputStream:75 - [STDERR_REDIRECT] 
2026-03-30 22:25:28,380 [ERROR] LogOutputStream:75 - [STDERR_REDIRECT] [Fatal Error] :1:1: Premature end of file.
2026-03-30 22:25:28,380 [ERROR] LogOutputStream:75 - [STDERR_REDIRECT] 
2026-03-30 22:25:29,379 [ERROR] LogOutputStream:75 - [STDERR_REDIRECT] [Fatal Error] :1:1: Premature end of file.
2026-03-30 22:25:29,379 [ERROR] LogOutputStream:75 - [STDERR_REDIRECT] 
2026-03-30 22:25:30,383 [ERROR] LogOutputStream:75 - [STDERR_REDIRECT] [Fatal Error] :1:1: Premature end of file.
2026-03-30 22:25:30,383 [ERROR] LogOutputStream:75 - [STDERR_REDIRECT] 
2026-03-30 22:25:31,383 [ERROR] LogOutputStream:75 - [STDERR_REDIRECT] [Fatal Error] :1:1: Premature end of file.
2026-03-30 22:25:31,383 [ERROR] LogOutputStream:75 - [STDERR_REDIRECT] 
2026-03-30 22:25:32,372 [ERROR] LogOutputStream:75 - [STDERR_REDIRECT] [Fatal Error] :1:1: Premature end of file.
2026-03-30 22:25:32,372 [ERROR] LogOutputStream:75 - [STDERR_REDIRECT] 
2026-03-30 22:25:33,374 [ERROR] LogOutputStream:75 - [STDERR_REDIRECT] [Fatal Error] :1:1: Premature end of file.
2026-03-30 22:25:33,374 [ERROR] LogOutputStream:75 - [STDERR_REDIRECT] 
2026-03-30 22:25:34,380 [ERROR] LogOutputStream:75 - [STDERR_REDIRECT] [Fatal Error] :1:1: Premature end of file.
2026-03-30 22:25:34,380 [ERROR] LogOutputStream:75 - [STDERR_REDIRECT] 
2026-03-30 22:25:35,381 [ERROR] LogOutputStream:75 - [STDERR_REDIRECT] [Fatal Error] :1:1: Premature end of file.
2026-03-30 22:25:35,381 [ERROR] LogOutputStream:75 - [STDERR_REDIRECT] 
2026-03-30 22:25:36,371 [ERROR] LogOutputStream:75 - [STDERR_REDIRECT] [Fatal Error] :1:1: Premature end of file.
2026-03-30 22:25:36,371 [ERROR] LogOutputStream:75 - [STDERR_REDIRECT] 
2026-03-30 22:25:37,376 [ERROR] LogOutputStream:75 - [STDERR_REDIRECT] [Fatal Error] :1:1: Premature end of file.
2026-03-30 22:25:37,376 [ERROR] LogOutputStream:75 - [STDERR_REDIRECT] 
2026-03-30 22:25:38,379 [ERROR] LogOutputStream:75 - [STDERR_REDIRECT] [Fatal Error] :1:1: Premature end of file.
2026-03-30 22:25:38,379 [ERROR] LogOutputStream:75 - [STDERR_REDIRECT] 
2026-03-30 22:25:39,377 [ERROR] LogOutputStream:75 - [STDERR_REDIRECT] [Fatal Error] :1:1: Premature end of file.
2026-03-30 22:25:39,377 [ERROR] LogOutputStream:75 - [STDERR_REDIRECT] 
2026-03-30 22:25:40,376 [ERROR] LogOutputStream:75 - [STDERR_REDIRECT] [Fatal Error] :1:1: Premature end of file.
2026-03-30 22:25:40,376 [ERROR] LogOutputStream:75 - [STDERR_REDIRECT] 
2026-03-30 22:25:41,379 [ERROR] LogOutputStream:75 - [STDERR_REDIRECT] [Fatal Error] :1:1: Premature end of file.
2026-03-30 22:25:41,379 [ERROR] LogOutputStream:75 - [STDERR_REDIRECT] 
2026-03-30 22:25:42,380 [ERROR] LogOutputStream:75 - [STDERR_REDIRECT] [Fatal Error] :1:1: Premature end of file.
2026-03-30 22:25:42,380 [ERROR] LogOutputStream:75 - [STDERR_REDIRECT] 
2026-03-30 22:25:43,382 [ERROR] LogOutputStream:75 - [STDERR_REDIRECT] [Fatal Error] :1:1: Premature end of file.
2026-03-30 22:25:43,382 [ERROR] LogOutputStream:75 - [STDERR_REDIRECT] 
2026-03-30 22:25:44,377 [ERROR] LogOutputStream:75 - [STDERR_REDIRECT] [Fatal Error] :1:1: Premature end of file.
2026-03-30 22:25:44,377 [ERROR] LogOutputStream:75 - [STDERR_REDIRECT] 
2026-03-30 22:25:45,386 [ERROR] LogOutputStream:75 - [STDERR_REDIRECT] [Fatal Error] :1:1: Premature end of file.
2026-03-30 22:25:45,386 [ERROR] LogOutputStream:75 - [STDERR_REDIRECT] 
2026-03-30 22:25:46,378 [ERROR] LogOutputStream:75 - [STDERR_REDIRECT] [Fatal Error] :1:1: Premature end of file.
2026-03-30 22:25:46,378 [ERROR] LogOutputStream:75 - [STDERR_REDIRECT] 
2026-03-30 22:25:47,382 [ERROR] LogOutputStream:75 - [STDERR_REDIRECT] [Fatal Error] :1:1: Premature end of file.
2026-03-30 22:25:47,382 [ERROR] LogOutputStream:75 - [STDERR_REDIRECT] 
2026-03-30 22:25:48,383 [ERROR] LogOutputStream:75 - [STDERR_REDIRECT] [Fatal Error] :1:1: Premature end of file.
2026-03-30 22:25:48,383 [ERROR] LogOutputStream:75 - [STDERR_REDIRECT] 
2026-03-30 22:25:49,377 [ERROR] LogOutputStream:75 - [STDERR_REDIRECT] [Fatal Error] :1:1: Premature end of file.
2026-03-30 22:25:49,377 [ERROR] LogOutputStream:75 - [STDERR_REDIRECT] 
2026-03-30 22:25:50,382 [ERROR] LogOutputStream:75 - [STDERR_REDIRECT] [Fatal Error] :1:1: Premature end of file.
2026-03-30 22:25:50,382 [ERROR] LogOutputStream:75 - [STDERR_REDIRECT] 
2026-03-30 22:25:51,383 [ERROR] LogOutputStream:75 - [STDERR_REDIRECT] [Fatal Error] :1:1: Premature end of file.
2026-03-30 22:25:51,383 [ERROR] LogOutputStream:75 - [STDERR_REDIRECT] 
2026-03-30 22:25:52,383 [ERROR] LogOutputStream:75 - [STDERR_REDIRECT] [Fatal Error] :1:1: Premature end of file.
2026-03-30 22:25:52,383 [ERROR] LogOutputStream:75 - [STDERR_REDIRECT] 
2026-03-30 22:25:53,370 [ERROR] LogOutputStream:75 - [STDERR_REDIRECT] [Fatal Error] :1:1: Premature end of file.
2026-03-30 22:25:53,370 [ERROR] LogOutputStream:75 - [STDERR_REDIRECT] 
2026-03-30 22:25:54,381 [ERROR] LogOutputStream:75 - [STDERR_REDIRECT] [Fatal Error] :1:1: Premature end of file.
2026-03-30 22:25:54,381 [ERROR] LogOutputStream:75 - [STDERR_REDIRECT] 
2026-03-30 22:25:55,386 [ERROR] LogOutputStream:75 - [STDERR_REDIRECT] [Fatal Error] :1:1: Premature end of file.
2026-03-30 22:25:55,386 [ERROR] LogOutputStream:75 - [STDERR_REDIRECT] 
2026-03-30 22:25:56,389 [ERROR] LogOutputStream:75 - [STDERR_REDIRECT] [Fatal Error] :1:1: Premature end of file.
2026-03-30 22:25:56,389 [ERROR] LogOutputStream:75 - [STDERR_REDIRECT] 
2026-03-30 22:25:57,384 [ERROR] LogOutputStream:75 - [STDERR_REDIRECT] [Fatal Error] :1:1: Premature end of file.
2026-03-30 22:25:57,384 [ERROR] LogOutputStream:75 - [STDERR_REDIRECT] 
2026-03-30 22:25:58,372 [ERROR] LogOutputStream:75 - [STDERR_REDIRECT] [Fatal Error] :1:1: Premature end of file.
2026-03-30 22:25:58,372 [ERROR] LogOutputStream:75 - [STDERR_REDIRECT] 
2026-03-30 22:25:59,378 [ERROR] LogOutputStream:75 - [STDERR_REDIRECT] [Fatal Error] :1:1: Premature end of file.
2026-03-30 22:25:59,378 [ERROR] LogOutputStream:75 - [STDERR_REDIRECT] 
2026-03-30 22:26:00,382 [ERROR] LogOutputStream:75 - [STDERR_REDIRECT] [Fatal Error] :1:1: Premature end of file.
2026-03-30 22:26:00,382 [ERROR] LogOutputStream:75 - [STDERR_REDIRECT] 
2026-03-30 22:26:01,384 [ERROR] LogOutputStream:75 - [STDERR_REDIRECT] [Fatal Error] :1:1: Premature end of file.
2026-03-30 22:26:01,384 [ERROR] LogOutputStream:75 - [STDERR_REDIRECT] 
2026-03-30 22:26:02,375 [ERROR] LogOutputStream:75 - [STDERR_REDIRECT] [Fatal Error] :1:1: Premature end of file.
2026-03-30 22:26:02,375 [ERROR] LogOutputStream:75 - [STDERR_REDIRECT] 
2026-03-30 22:26:03,375 [ERROR] LogOutputStream:75 - [STDERR_REDIRECT] [Fatal Error] :1:1: Premature end of file.
2026-03-30 22:26:03,375 [ERROR] LogOutputStream:75 - [STDERR_REDIRECT] 
2026-03-30 22:26:04,377 [ERROR] LogOutputStream:75 - [STDERR_REDIRECT] [Fatal Error] :1:1: Premature end of file.
2026-03-30 22:26:04,377 [ERROR] LogOutputStream:75 - [STDERR_REDIRECT] 
2026-03-30 22:26:05,380 [ERROR] LogOutputStream:75 - [STDERR_REDIRECT] [Fatal Error] :1:1: Premature end of file.
2026-03-30 22:26:05,380 [ERROR] LogOutputStream:75 - [STDERR_REDIRECT] 
2026-03-30 22:26:06,380 [ERROR] LogOutputStream:75 - [STDERR_REDIRECT] [Fatal Error] :1:1: Premature end of file.
2026-03-30 22:26:06,380 [ERROR] LogOutputStream:75 - [STDERR_REDIRECT] 
2026-03-30 22:26:07,382 [ERROR] LogOutputStream:75 - [STDERR_REDIRECT] [Fatal Error] :1:1: Premature end of file.
2026-03-30 22:26:07,382 [ERROR] LogOutputStream:75 - [STDERR_REDIRECT] 
2026-03-30 22:26:08,370 [ERROR] LogOutputStream:75 - [STDERR_REDIRECT] [Fatal Error] :1:1: Premature end of file.
2026-03-30 22:26:08,370 [ERROR] LogOutputStream:75 - [STDERR_REDIRECT] 
2026-03-30 22:26:09,381 [ERROR] LogOutputStream:75 - [STDERR_REDIRECT] [Fatal Error] :1:1: Premature end of file.
2026-03-30 22:26:09,381 [ERROR] LogOutputStream:75 - [STDERR_REDIRECT] 
2026-03-30 22:26:10,383 [ERROR] LogOutputStream:75 - [STDERR_REDIRECT] [Fatal Error] :1:1: Premature end of file.
2026-03-30 22:26:10,383 [ERROR] LogOutputStream:75 - [STDERR_REDIRECT] 
2026-03-30 22:26:11,383 [ERROR] LogOutputStream:75 - [STDERR_REDIRECT] [Fatal Error] :1:1: Premature end of file.
2026-03-30 22:26:11,383 [ERROR] LogOutputStream:75 - [STDERR_REDIRECT] 
2026-03-30 22:26:12,383 [ERROR] LogOutputStream:75 - [STDERR_REDIRECT] [Fatal Error] :1:1: Premature end of file.
2026-03-30 22:26:12,383 [ERROR] LogOutputStream:75 - [STDERR_REDIRECT] 
2026-03-30 22:26:13,383 [ERROR] LogOutputStream:75 - [STDERR_REDIRECT] [Fatal Error] :1:1: Premature end of file.
2026-03-30 22:26:13,383 [ERROR] LogOutputStream:75 - [STDERR_REDIRECT] 
2026-03-30 22:26:14,383 [ERROR] LogOutputStream:75 - [STDERR_REDIRECT] [Fatal Error] :1:1: Premature end of file.
2026-03-30 22:26:14,383 [ERROR] LogOutputStream:75 - [STDERR_REDIRECT] 
2026-03-30 22:26:15,382 [ERROR] LogOutputStream:75 - [STDERR_REDIRECT] [Fatal Error] :1:1: Premature end of file.
2026-03-30 22:26:15,382 [ERROR] LogOutputStream:75 - [STDERR_REDIRECT] 
2026-03-30 22:26:16,371 [ERROR] LogOutputStream:75 - [STDERR_REDIRECT] [Fatal Error] :1:1: Premature end of file.
2026-03-30 22:26:16,371 [ERROR] LogOutputStream:75 - [STDERR_REDIRECT] 
2026-03-30 22:26:17,372 [ERROR] LogOutputStream:75 - [STDERR_REDIRECT] [Fatal Error] :1:1: Premature end of file.
2026-03-30 22:26:17,372 [ERROR] LogOutputStream:75 - [STDERR_REDIRECT] 
2026-03-30 22:26:18,372 [ERROR] LogOutputStream:75 - [STDERR_REDIRECT] [Fatal Error] :1:1: Premature end of file.
2026-03-30 22:26:18,372 [ERROR] LogOutputStream:75 - [STDERR_REDIRECT] 
2026-03-30 22:26:19,382 [ERROR] LogOutputStream:75 - [STDERR_REDIRECT] [Fatal Error] :1:1: Premature end of file.
2026-03-30 22:26:19,382 [ERROR] LogOutputStream:75 - [STDERR_REDIRECT] 
2026-03-30 22:26:20,383 [ERROR] LogOutputStream:75 - [STDERR_REDIRECT] [Fatal Error] :1:1: Premature end of file.
2026-03-30 22:26:20,383 [ERROR] LogOutputStream:75 - [STDERR_REDIRECT] 
2026-03-30 22:26:21,372 [ERROR] LogOutputStream:75 - [STDERR_REDIRECT] [Fatal Error] :1:1: Premature end of file.
2026-03-30 22:26:21,372 [ERROR] LogOutputStream:75 - [STDERR_REDIRECT] 
2026-03-30 22:26:22,375 [ERROR] LogOutputStream:75 - [STDERR_REDIRECT] [Fatal Error] :1:1: Premature end of file.
2026-03-30 22:26:22,375 [ERROR] LogOutputStream:75 - [STDERR_REDIRECT] 
2026-03-30 22:26:23,377 [ERROR] LogOutputStream:75 - [STDERR_REDIRECT] [Fatal Error] :1:1: Premature end of file.
2026-03-30 22:26:23,377 [ERROR] LogOutputStream:75 - [STDERR_REDIRECT] 
2026-03-30 22:26:24,383 [ERROR] LogOutputStream:75 - [STDERR_REDIRECT] [Fatal Error] :1:1: Premature end of file.
2026-03-30 22:26:24,383 [ERROR] LogOutputStream:75 - [STDERR_REDIRECT] 
2026-03-30 22:26:25,370 [ERROR] LogOutputStream:75 - [STDERR_REDIRECT] [Fatal Error] :1:1: Premature end of file.
2026-03-30 22:26:25,370 [ERROR] LogOutputStream:75 - [STDERR_REDIRECT] 
2026-03-30 22:26:26,371 [ERROR] LogOutputStream:75 - [STDERR_REDIRECT] [Fatal Error] :1:1: Premature end of file.
2026-03-30 22:26:26,371 [ERROR] LogOutputStream:75 - [STDERR_REDIRECT] 
2026-03-30 22:26:27,376 [ERROR] LogOutputStream:75 - [STDERR_REDIRECT] [Fatal Error] :1:1: Premature end of file.
2026-03-30 22:26:27,376 [ERROR] LogOutputStream:75 - [STDERR_REDIRECT] 
2026-03-30 22:26:28,377 [ERROR] LogOutputStream:75 - [STDERR_REDIRECT] [Fatal Error] :1:1: Premature end of file.
2026-03-30 22:26:28,377 [ERROR] LogOutputStream:75 - [STDERR_REDIRECT] 
2026-03-30 22:26:29,376 [ERROR] LogOutputStream:75 - [STDERR_REDIRECT] [Fatal Error] :1:1: Premature end of file.
2026-03-30 22:26:29,376 [ERROR] LogOutputStream:75 - [STDERR_REDIRECT] 
2026-03-30 22:26:30,374 [ERROR] LogOutputStream:75 - [STDERR_REDIRECT] [Fatal Error] :1:1: Premature end of file.
2026-03-30 22:26:30,374 [ERROR] LogOutputStream:75 - [STDERR_REDIRECT] 
2026-03-30 22:26:31,378 [ERROR] LogOutputStream:75 - [STDERR_REDIRECT] [Fatal Error] :1:1: Premature end of file.
2026-03-30 22:26:31,378 [ERROR] LogOutputStream:75 - [STDERR_REDIRECT] 
2026-03-30 22:26:32,383 [ERROR] LogOutputStream:75 - [STDERR_REDIRECT] [Fatal Error] :1:1: Premature end of file.
2026-03-30 22:26:32,383 [ERROR] LogOutputStream:75 - [STDERR_REDIRECT] 
2026-03-30 22:26:33,369 [ERROR] LogOutputStream:75 - [STDERR_REDIRECT] [Fatal Error] :1:1: Premature end of file.
2026-03-30 22:26:33,369 [ERROR] LogOutputStream:75 - [STDERR_REDIRECT] 
2026-03-30 22:26:34,382 [ERROR] LogOutputStream:75 - [STDERR_REDIRECT] [Fatal Error] :1:1: Premature end of file.
2026-03-30 22:26:34,382 [ERROR] LogOutputStream:75 - [STDERR_REDIRECT] 
2026-03-30 22:26:35,381 [ERROR] LogOutputStream:75 - [STDERR_REDIRECT] [Fatal Error] :1:1: Premature end of file.
2026-03-30 22:26:35,381 [ERROR] LogOutputStream:75 - [STDERR_REDIRECT] 
2026-03-30 22:26:36,382 [ERROR] LogOutputStream:75 - [STDERR_REDIRECT] [Fatal Error] :1:1: Premature end of file.
2026-03-30 22:26:36,382 [ERROR] LogOutputStream:75 - [STDERR_REDIRECT] 
2026-03-30 22:26:37,384 [ERROR] LogOutputStream:75 - [STDERR_REDIRECT] [Fatal Error] :1:1: Premature end of file.
2026-03-30 22:26:37,384 [ERROR] LogOutputStream:75 - [STDERR_REDIRECT] 
2026-03-30 22:26:38,372 [ERROR] LogOutputStream:75 - [STDERR_REDIRECT] [Fatal Error] :1:1: Premature end of file.
2026-03-30 22:26:38,372 [ERROR] LogOutputStream:75 - [STDERR_REDIRECT] 
2026-03-30 22:26:39,383 [ERROR] LogOutputStream:75 - [STDERR_REDIRECT] [Fatal Error] :1:1: Premature end of file.
2026-03-30 22:26:39,383 [ERROR] LogOutputStream:75 - [STDERR_REDIRECT] 
2026-03-30 22:26:40,384 [ERROR] LogOutputStream:75 - [STDERR_REDIRECT] [Fatal Error] :1:1: Premature end of file.
2026-03-30 22:26:40,384 [ERROR] LogOutputStream:75 - [STDERR_REDIRECT] 
2026-03-30 22:26:41,383 [ERROR] LogOutputStream:75 - [STDERR_REDIRECT] [Fatal Error] :1:1: Premature end of file.
2026-03-30 22:26:41,383 [ERROR] LogOutputStream:75 - [STDERR_REDIRECT] 
2026-03-30 22:26:42,385 [ERROR] LogOutputStream:75 - [STDERR_REDIRECT] [Fatal Error] :1:1: Premature end of file.
2026-03-30 22:26:42,385 [ERROR] LogOutputStream:75 - [STDERR_REDIRECT] 
2026-03-30 22:26:43,374 [ERROR] LogOutputStream:75 - [STDERR_REDIRECT] [Fatal Error] :1:1: Premature end of file.
2026-03-30 22:26:43,374 [ERROR] LogOutputStream:75 - [STDERR_REDIRECT] 
2026-03-30 22:26:44,383 [ERROR] LogOutputStream:75 - [STDERR_REDIRECT] [Fatal Error] :1:1: Premature end of file.
2026-03-30 22:26:44,383 [ERROR] LogOutputStream:75 - [STDERR_REDIRECT] 
2026-03-30 22:26:45,370 [ERROR] LogOutputStream:75 - [STDERR_REDIRECT] [Fatal Error] :1:1: Premature end of file.
2026-03-30 22:26:45,370 [ERROR] LogOutputStream:75 - [STDERR_REDIRECT] 
2026-03-30 22:26:46,372 [ERROR] LogOutputStream:75 - [STDERR_REDIRECT] [Fatal Error] :1:1: Premature end of file.
2026-03-30 22:26:46,372 [ERROR] LogOutputStream:75 - [STDERR_REDIRECT] 
2026-03-30 22:26:47,375 [ERROR] LogOutputStream:75 - [STDERR_REDIRECT] [Fatal Error] :1:1: Premature end of file.
2026-03-30 22:26:47,375 [ERROR] LogOutputStream:75 - [STDERR_REDIRECT] 
2026-03-30 22:26:48,376 [ERROR] LogOutputStream:75 - [STDERR_REDIRECT] [Fatal Error] :1:1: Premature end of file.
2026-03-30 22:26:48,376 [ERROR] LogOutputStream:75 - [STDERR_REDIRECT] 
2026-03-30 22:26:49,384 [ERROR] LogOutputStream:75 - [STDERR_REDIRECT] [Fatal Error] :1:1: Premature end of file.
2026-03-30 22:26:49,384 [ERROR] LogOutputStream:75 - [STDERR_REDIRECT] 
2026-03-30 22:26:50,372 [ERROR] LogOutputStream:75 - [STDERR_REDIRECT] [Fatal Error] :1:1: Premature end of file.
2026-03-30 22:26:50,372 [ERROR] LogOutputStream:75 - [STDERR_REDIRECT] 
2026-03-30 22:26:51,375 [ERROR] LogOutputStream:75 - [STDERR_REDIRECT] [Fatal Error] :1:1: Premature end of file.
2026-03-30 22:26:51,375 [ERROR] LogOutputStream:75 - [STDERR_REDIRECT] 
2026-03-30 22:26:52,378 [ERROR] LogOutputStream:75 - [STDERR_REDIRECT] [Fatal Error] :1:1: Premature end of file.
2026-03-30 22:26:52,378 [ERROR] LogOutputStream:75 - [STDERR_REDIRECT] 
2026-03-30 22:26:53,382 [ERROR] LogOutputStream:75 - [STDERR_REDIRECT] [Fatal Error] :1:1: Premature end of file.
2026-03-30 22:26:53,382 [ERROR] LogOutputStream:75 - [STDERR_REDIRECT] 
2026-03-30 22:26:54,383 [ERROR] LogOutputStream:75 - [STDERR_REDIRECT] [Fatal Error] :1:1: Premature end of file.
2026-03-30 22:26:54,383 [ERROR] LogOutputStream:75 - [STDERR_REDIRECT] 
2026-03-30 22:26:55,371 [ERROR] LogOutputStream:75 - [STDERR_REDIRECT] [Fatal Error] :1:1: Premature end of file.
2026-03-30 22:26:55,371 [ERROR] LogOutputStream:75 - [STDERR_REDIRECT] 
2026-03-30 22:26:56,374 [ERROR] LogOutputStream:75 - [STDERR_REDIRECT] [Fatal Error] :1:1: Premature end of file.
2026-03-30 22:26:56,374 [ERROR] LogOutputStream:75 - [STDERR_REDIRECT] 
2026-03-30 22:26:57,376 [ERROR] LogOutputStream:75 - [STDERR_REDIRECT] [Fatal Error] :1:1: Premature end of file.
2026-03-30 22:26:57,376 [ERROR] LogOutputStream:75 - [STDERR_REDIRECT] 
2026-03-30 22:26:58,376 [ERROR] LogOutputStream:75 - [STDERR_REDIRECT] [Fatal Error] :1:1: Premature end of file.
2026-03-30 22:26:58,376 [ERROR] LogOutputStream:75 - [STDERR_REDIRECT] 
2026-03-30 22:26:59,384 [ERROR] LogOutputStream:75 - [STDERR_REDIRECT] [Fatal Error] :1:1: Premature end of file.
2026-03-30 22:26:59,384 [ERROR] LogOutputStream:75 - [STDERR_REDIRECT] 
2026-03-30 22:27:00,372 [ERROR] LogOutputStream:75 - [STDERR_REDIRECT] [Fatal Error] :1:1: Premature end of file.
2026-03-30 22:27:00,372 [ERROR] LogOutputStream:75 - [STDERR_REDIRECT] 
2026-03-30 22:27:01,375 [ERROR] LogOutputStream:75 - [STDERR_REDIRECT] [Fatal Error] :1:1: Premature end of file.
2026-03-30 22:27:01,375 [ERROR] LogOutputStream:75 - [STDERR_REDIRECT] 
2026-03-30 22:27:02,377 [ERROR] LogOutputStream:75 - [STDERR_REDIRECT] [Fatal Error] :1:1: Premature end of file.
2026-03-30 22:27:02,377 [ERROR] LogOutputStream:75 - [STDERR_REDIRECT] 
2026-03-30 22:27:03,380 [ERROR] LogOutputStream:75 - [STDERR_REDIRECT] [Fatal Error] :1:1: Premature end of file.
2026-03-30 22:27:03,380 [ERROR] LogOutputStream:75 - [STDERR_REDIRECT] 
2026-03-30 22:27:04,372 [ERROR] LogOutputStream:75 - [STDERR_REDIRECT] [Fatal Error] :1:1: Premature end of file.
2026-03-30 22:27:04,372 [ERROR] LogOutputStream:75 - [STDERR_REDIRECT] 
2026-03-30 22:27:05,377 [ERROR] LogOutputStream:75 - [STDERR_REDIRECT] [Fatal Error] :1:1: Premature end of file.
2026-03-30 22:27:05,377 [ERROR] LogOutputStream:75 - [STDERR_REDIRECT] 
2026-03-30 22:27:06,381 [ERROR] LogOutputStream:75 - [STDERR_REDIRECT] [Fatal Error] :1:1: Premature end of file.
2026-03-30 22:27:06,381 [ERROR] LogOutputStream:75 - [STDERR_REDIRECT] 
2026-03-30 22:27:07,385 [ERROR] LogOutputStream:75 - [STDERR_REDIRECT] [Fatal Error] :1:1: Premature end of file.
2026-03-30 22:27:07,385 [ERROR] LogOutputStream:75 - [STDERR_REDIRECT] 
2026-03-30 22:27:08,368 [ERROR] LogOutputStream:75 - [STDERR_REDIRECT] [Fatal Error] :1:1: Premature end of file.
2026-03-30 22:27:08,368 [ERROR] LogOutputStream:75 - [STDERR_REDIRECT] 
2026-03-30 22:27:09,384 [ERROR] LogOutputStream:75 - [STDERR_REDIRECT] [Fatal Error] :1:1: Premature end of file.
2026-03-30 22:27:09,384 [ERROR] LogOutputStream:75 - [STDERR_REDIRECT] 
2026-03-30 22:27:10,372 [ERROR] LogOutputStream:75 - [STDERR_REDIRECT] [Fatal Error] :1:1: Premature end of file.
2026-03-30 22:27:10,372 [ERROR] LogOutputStream:75 - [STDERR_REDIRECT] 
2026-03-30 22:27:11,376 [ERROR] LogOutputStream:75 - [STDERR_REDIRECT] [Fatal Error] :1:1: Premature end of file.
2026-03-30 22:27:11,376 [ERROR] LogOutputStream:75 - [STDERR_REDIRECT] 
2026-03-30 22:27:12,378 [ERROR] LogOutputStream:75 - [STDERR_REDIRECT] [Fatal Error] :1:1: Premature end of file.
2026-03-30 22:27:12,378 [ERROR] LogOutputStream:75 - [STDERR_REDIRECT] 
2026-03-30 22:27:13,381 [ERROR] LogOutputStream:75 - [STDERR_REDIRECT] [Fatal Error] :1:1: Premature end of file.
2026-03-30 22:27:13,381 [ERROR] LogOutputStream:75 - [STDERR_REDIRECT] 
2026-03-30 22:27:14,385 [ERROR] LogOutputStream:75 - [STDERR_REDIRECT] [Fatal Error] :1:1: Premature end of file.
2026-03-30 22:27:14,385 [ERROR] LogOutputStream:75 - [STDERR_REDIRECT] 
2026-03-30 22:27:15,371 [ERROR] LogOutputStream:75 - [STDERR_REDIRECT] [Fatal Error] :1:1: Premature end of file.
2026-03-30 22:27:15,371 [ERROR] LogOutputStream:75 - [STDERR_REDIRECT] 
2026-03-30 22:27:16,376 [ERROR] LogOutputStream:75 - [STDERR_REDIRECT] [Fatal Error] :1:1: Premature end of file.
2026-03-30 22:27:16,376 [ERROR] LogOutputStream:75 - [STDERR_REDIRECT] 
2026-03-30 22:27:17,372 [ERROR] LogOutputStream:75 - [STDERR_REDIRECT] [Fatal Error] :1:1: Premature end of file.
2026-03-30 22:27:17,372 [ERROR] LogOutputStream:75 - [STDERR_REDIRECT] 
2026-03-30 22:27:18,375 [ERROR] LogOutputStream:75 - [STDERR_REDIRECT] [Fatal Error] :1:1: Premature end of file.
2026-03-30 22:27:18,375 [ERROR] LogOutputStream:75 - [STDERR_REDIRECT] 
2026-03-30 22:27:19,372 [ERROR] LogOutputStream:75 - [STDERR_REDIRECT] [Fatal Error] :1:1: Premature end of file.
2026-03-30 22:27:19,372 [ERROR] LogOutputStream:75 - [STDERR_REDIRECT] 
2026-03-30 22:27:20,376 [ERROR] LogOutputStream:75 - [STDERR_REDIRECT] [Fatal Error] :1:1: Premature end of file.
2026-03-30 22:27:20,376 [ERROR] LogOutputStream:75 - [STDERR_REDIRECT] 
2026-03-30 22:27:21,372 [ERROR] LogOutputStream:75 - [STDERR_REDIRECT] [Fatal Error] :1:1: Premature end of file.
2026-03-30 22:27:21,372 [ERROR] LogOutputStream:75 - [STDERR_REDIRECT] 
2026-03-30 22:27:22,374 [ERROR] LogOutputStream:75 - [STDERR_REDIRECT] [Fatal Error] :1:1: Premature end of file.
2026-03-30 22:27:22,374 [ERROR] LogOutputStream:75 - [STDERR_REDIRECT] 
2026-03-30 22:27:23,388 [ERROR] LogOutputStream:75 - [STDERR_REDIRECT] [Fatal Error] :1:1: Premature end of file.
2026-03-30 22:27:23,388 [ERROR] LogOutputStream:75 - [STDERR_REDIRECT] 
2026-03-30 22:27:24,369 [ERROR] LogOutputStream:75 - [STDERR_REDIRECT] [Fatal Error] :1:1: Premature end of file.
2026-03-30 22:27:24,369 [ERROR] LogOutputStream:75 - [STDERR_REDIRECT] 
2026-03-30 22:27:25,384 [ERROR] LogOutputStream:75 - [STDERR_REDIRECT] [Fatal Error] :1:1: Premature end of file.
2026-03-30 22:27:25,384 [ERROR] LogOutputStream:75 - [STDERR_REDIRECT] 
2026-03-30 22:27:26,383 [ERROR] LogOutputStream:75 - [STDERR_REDIRECT] [Fatal Error] :1:1: Premature end of file.
2026-03-30 22:27:26,383 [ERROR] LogOutputStream:75 - [STDERR_REDIRECT] 
2026-03-30 22:27:27,381 [ERROR] LogOutputStream:75 - [STDERR_REDIRECT] [Fatal Error] :1:1: Premature end of file.
2026-03-30 22:27:27,381 [ERROR] LogOutputStream:75 - [STDERR_REDIRECT] 
2026-03-30 22:27:28,383 [ERROR] LogOutputStream:75 - [STDERR_REDIRECT] [Fatal Error] :1:1: Premature end of file.
2026-03-30 22:27:28,383 [ERROR] LogOutputStream:75 - [STDERR_REDIRECT] 
2026-03-30 22:27:29,369 [ERROR] LogOutputStream:75 - [STDERR_REDIRECT] [Fatal Error] :1:1: Premature end of file.
2026-03-30 22:27:29,369 [ERROR] LogOutputStream:75 - [STDERR_REDIRECT] 
2026-03-30 22:27:30,370 [ERROR] LogOutputStream:75 - [STDERR_REDIRECT] [Fatal Error] :1:1: Premature end of file.
2026-03-30 22:27:30,370 [ERROR] LogOutputStream:75 - [STDERR_REDIRECT] 
2026-03-30 22:27:31,375 [ERROR] LogOutputStream:75 - [STDERR_REDIRECT] [Fatal Error] :1:1: Premature end of file.
2026-03-30 22:27:31,375 [ERROR] LogOutputStream:75 - [STDERR_REDIRECT] 
2026-03-30 22:27:32,377 [ERROR] LogOutputStream:75 - [STDERR_REDIRECT] [Fatal Error] :1:1: Premature end of file.
2026-03-30 22:27:32,377 [ERROR] LogOutputStream:75 - [STDERR_REDIRECT] 
2026-03-30 22:27:33,381 [ERROR] LogOutputStream:75 - [STDERR_REDIRECT] [Fatal Error] :1:1: Premature end of file.
2026-03-30 22:27:33,381 [ERROR] LogOutputStream:75 - [STDERR_REDIRECT] 
2026-03-30 22:27:34,372 [ERROR] LogOutputStream:75 - [STDERR_REDIRECT] [Fatal Error] :1:1: Premature end of file.
2026-03-30 22:27:34,372 [ERROR] LogOutputStream:75 - [STDERR_REDIRECT] 
2026-03-30 22:27:35,376 [ERROR] LogOutputStream:75 - [STDERR_REDIRECT] [Fatal Error] :1:1: Premature end of file.
2026-03-30 22:27:35,376 [ERROR] LogOutputStream:75 - [STDERR_REDIRECT] 
2026-03-30 22:27:36,379 [ERROR] LogOutputStream:75 - [STDERR_REDIRECT] [Fatal Error] :1:1: Premature end of file.
2026-03-30 22:27:36,379 [ERROR] LogOutputStream:75 - [STDERR_REDIRECT] 
2026-03-30 22:27:37,384 [ERROR] LogOutputStream:75 - [STDERR_REDIRECT] [Fatal Error] :1:1: Premature end of file.
2026-03-30 22:27:37,384 [ERROR] LogOutputStream:75 - [STDERR_REDIRECT] 
2026-03-30 22:27:38,370 [ERROR] LogOutputStream:75 - [STDERR_REDIRECT] [Fatal Error] :1:1: Premature end of file.
2026-03-30 22:27:38,370 [ERROR] LogOutputStream:75 - [STDERR_REDIRECT] 
2026-03-30 22:27:39,369 [ERROR] LogOutputStream:75 - [STDERR_REDIRECT] [Fatal Error] :1:1: Premature end of file.
2026-03-30 22:27:39,369 [ERROR] LogOutputStream:75 - [STDERR_REDIRECT] 
2026-03-30 22:27:40,370 [ERROR] LogOutputStream:75 - [STDERR_REDIRECT] [Fatal Error] :1:1: Premature end of file.
2026-03-30 22:27:40,370 [ERROR] LogOutputStream:75 - [STDERR_REDIRECT] 
2026-03-30 22:27:41,378 [ERROR] LogOutputStream:75 - [STDERR_REDIRECT] [Fatal Error] :1:1: Premature end of file.
2026-03-30 22:27:41,378 [ERROR] LogOutputStream:75 - [STDERR_REDIRECT] 
2026-03-30 22:27:42,376 [ERROR] LogOutputStream:75 - [STDERR_REDIRECT] [Fatal Error] :1:1: Premature end of file.
2026-03-30 22:27:42,376 [ERROR] LogOutputStream:75 - [STDERR_REDIRECT] 
2026-03-30 22:27:43,376 [ERROR] LogOutputStream:75 - [STDERR_REDIRECT] [Fatal Error] :1:1: Premature end of file.
2026-03-30 22:27:43,376 [ERROR] LogOutputStream:75 - [STDERR_REDIRECT] 
2026-03-30 22:27:44,380 [ERROR] LogOutputStream:75 - [STDERR_REDIRECT] [Fatal Error] :1:1: Premature end of file.
2026-03-30 22:27:44,380 [ERROR] LogOutputStream:75 - [STDERR_REDIRECT] 
2026-03-30 22:27:45,372 [ERROR] LogOutputStream:75 - [STDERR_REDIRECT] [Fatal Error] :1:1: Premature end of file.
2026-03-30 22:27:45,372 [ERROR] LogOutputStream:75 - [STDERR_REDIRECT] 
2026-03-30 22:27:46,383 [ERROR] LogOutputStream:75 - [STDERR_REDIRECT] [Fatal Error] :1:1: Premature end of file.
2026-03-30 22:27:46,383 [ERROR] LogOutputStream:75 - [STDERR_REDIRECT] 
2026-03-30 22:27:47,386 [ERROR] LogOutputStream:75 - [STDERR_REDIRECT] [Fatal Error] :1:1: Premature end of file.
2026-03-30 22:27:47,386 [ERROR] LogOutputStream:75 - [STDERR_REDIRECT] 
2026-03-30 22:27:48,378 [ERROR] LogOutputStream:75 - [STDERR_REDIRECT] [Fatal Error] :1:1: Premature end of file.
2026-03-30 22:27:48,378 [ERROR] LogOutputStream:75 - [STDERR_REDIRECT] 
2026-03-30 22:27:49,379 [ERROR] LogOutputStream:75 - [STDERR_REDIRECT] [Fatal Error] :1:1: Premature end of file.
2026-03-30 22:27:49,379 [ERROR] LogOutputStream:75 - [STDERR_REDIRECT] 
2026-03-30 22:27:50,377 [ERROR] LogOutputStream:75 - [STDERR_REDIRECT] [Fatal Error] :1:1: Premature end of file.
2026-03-30 22:27:50,377 [ERROR] LogOutputStream:75 - [STDERR_REDIRECT] 
2026-03-30 22:27:51,378 [ERROR] LogOutputStream:75 - [STDERR_REDIRECT] [Fatal Error] :1:1: Premature end of file.
2026-03-30 22:27:51,378 [ERROR] LogOutputStream:75 - [STDERR_REDIRECT] 
2026-03-30 22:27:52,382 [ERROR] LogOutputStream:75 - [STDERR_REDIRECT] [Fatal Error] :1:1: Premature end of file.
2026-03-30 22:27:52,382 [ERROR] LogOutputStream:75 - [STDERR_REDIRECT] 
2026-03-30 22:27:53,374 [ERROR] LogOutputStream:75 - [STDERR_REDIRECT] [Fatal Error] :1:1: Premature end of file.
2026-03-30 22:27:53,374 [ERROR] LogOutputStream:75 - [STDERR_REDIRECT] 
2026-03-30 22:27:54,371 [ERROR] LogOutputStream:75 - [STDERR_REDIRECT] [Fatal Error] :1:1: Premature end of file.
2026-03-30 22:27:54,371 [ERROR] LogOutputStream:75 - [STDERR_REDIRECT] 
2026-03-30 22:27:55,376 [ERROR] LogOutputStream:75 - [STDERR_REDIRECT] [Fatal Error] :1:1: Premature end of file.
2026-03-30 22:27:55,376 [ERROR] LogOutputStream:75 - [STDERR_REDIRECT] 
2026-03-30 22:27:56,379 [ERROR] LogOutputStream:75 - [STDERR_REDIRECT] [Fatal Error] :1:1: Premature end of file.
2026-03-30 22:27:56,379 [ERROR] LogOutputStream:75 - [STDERR_REDIRECT] 
2026-03-30 22:27:57,376 [ERROR] LogOutputStream:75 - [STDERR_REDIRECT] [Fatal Error] :1:1: Premature end of file.
2026-03-30 22:27:57,376 [ERROR] LogOutputStream:75 - [STDERR_REDIRECT] 
2026-03-30 22:27:58,379 [ERROR] LogOutputStream:75 - [STDERR_REDIRECT] [Fatal Error] :1:1: Premature end of file.
2026-03-30 22:27:58,379 [ERROR] LogOutputStream:75 - [STDERR_REDIRECT] 
2026-03-30 22:27:59,370 [ERROR] LogOutputStream:75 - [STDERR_REDIRECT] [Fatal Error] :1:1: Premature end of file.
2026-03-30 22:27:59,370 [ERROR] LogOutputStream:75 - [STDERR_REDIRECT] 
2026-03-30 22:28:00,373 [ERROR] LogOutputStream:75 - [STDERR_REDIRECT] [Fatal Error] :1:1: Premature end of file.
2026-03-30 22:28:00,373 [ERROR] LogOutputStream:75 - [STDERR_REDIRECT] 
2026-03-30 22:28:01,375 [ERROR] LogOutputStream:75 - [STDERR_REDIRECT] [Fatal Error] :1:1: Premature end of file.
2026-03-30 22:28:01,375 [ERROR] LogOutputStream:75 - [STDERR_REDIRECT] 
2026-03-30 22:28:02,377 [ERROR] LogOutputStream:75 - [STDERR_REDIRECT] [Fatal Error] :1:1: Premature end of file.
2026-03-30 22:28:02,377 [ERROR] LogOutputStream:75 - [STDERR_REDIRECT] 
2026-03-30 22:28:03,380 [ERROR] LogOutputStream:75 - [STDERR_REDIRECT] [Fatal Error] :1:1: Premature end of file.
2026-03-30 22:28:03,380 [ERROR] LogOutputStream:75 - [STDERR_REDIRECT] 
2026-03-30 22:28:04,374 [ERROR] LogOutputStream:75 - [STDERR_REDIRECT] [Fatal Error] :1:1: Premature end of file.
2026-03-30 22:28:04,374 [ERROR] LogOutputStream:75 - [STDERR_REDIRECT] 
2026-03-30 22:28:05,375 [ERROR] LogOutputStream:75 - [STDERR_REDIRECT] [Fatal Error] :1:1: Premature end of file.
2026-03-30 22:28:05,375 [ERROR] LogOutputStream:75 - [STDERR_REDIRECT] 
2026-03-30 22:28:06,379 [ERROR] LogOutputStream:75 - [STDERR_REDIRECT] [Fatal Error] :1:1: Premature end of file.
2026-03-30 22:28:06,379 [ERROR] LogOutputStream:75 - [STDERR_REDIRECT] 
2026-03-30 22:28:07,380 [ERROR] LogOutputStream:75 - [STDERR_REDIRECT] [Fatal Error] :1:1: Premature end of file.
2026-03-30 22:28:07,380 [ERROR] LogOutputStream:75 - [STDERR_REDIRECT] 
2026-03-30 22:28:08,389 [ERROR] LogOutputStream:75 - [STDERR_REDIRECT] [Fatal Error] :1:1: Premature end of file.
2026-03-30 22:28:08,389 [ERROR] LogOutputStream:75 - [STDERR_REDIRECT] 
2026-03-30 22:28:09,375 [ERROR] LogOutputStream:75 - [STDERR_REDIRECT] [Fatal Error] :1:1: Premature end of file.
2026-03-30 22:28:09,375 [ERROR] LogOutputStream:75 - [STDERR_REDIRECT] 
2026-03-30 22:28:10,379 [ERROR] LogOutputStream:75 - [STDERR_REDIRECT] [Fatal Error] :1:1: Premature end of file.
2026-03-30 22:28:10,379 [ERROR] LogOutputStream:75 - [STDERR_REDIRECT] 
2026-03-30 22:28:11,382 [ERROR] LogOutputStream:75 - [STDERR_REDIRECT] [Fatal Error] :1:1: Premature end of file.
2026-03-30 22:28:11,382 [ERROR] LogOutputStream:75 - [STDERR_REDIRECT] 
2026-03-30 22:28:12,382 [ERROR] LogOutputStream:75 - [STDERR_REDIRECT] [Fatal Error] :1:1: Premature end of file.
2026-03-30 22:28:12,382 [ERROR] LogOutputStream:75 - [STDERR_REDIRECT] 
2026-03-30 22:28:13,377 [ERROR] LogOutputStream:75 - [STDERR_REDIRECT] [Fatal Error] :1:1: Premature end of file.
2026-03-30 22:28:13,377 [ERROR] LogOutputStream:75 - [STDERR_REDIRECT] 
2026-03-30 22:28:14,371 [ERROR] LogOutputStream:75 - [STDERR_REDIRECT] [Fatal Error] :1:1: Premature end of file.
2026-03-30 22:28:14,371 [ERROR] LogOutputStream:75 - [STDERR_REDIRECT] 
2026-03-30 22:28:15,371 [ERROR] LogOutputStream:75 - [STDERR_REDIRECT] [Fatal Error] :1:1: Premature end of file.
2026-03-30 22:28:15,371 [ERROR] LogOutputStream:75 - [STDERR_REDIRECT] 
2026-03-30 22:28:16,379 [ERROR] LogOutputStream:75 - [STDERR_REDIRECT] [Fatal Error] :1:1: Premature end of file.
2026-03-30 22:28:16,379 [ERROR] LogOutputStream:75 - [STDERR_REDIRECT] 
2026-03-30 22:28:17,373 [ERROR] LogOutputStream:75 - [STDERR_REDIRECT] [Fatal Error] :1:1: Premature end of file.
2026-03-30 22:28:17,373 [ERROR] LogOutputStream:75 - [STDERR_REDIRECT] 
2026-03-30 22:28:18,371 [ERROR] LogOutputStream:75 - [STDERR_REDIRECT] [Fatal Error] :1:1: Premature end of file.
2026-03-30 22:28:18,371 [ERROR] LogOutputStream:75 - [STDERR_REDIRECT] 
2026-03-30 22:28:19,370 [ERROR] LogOutputStream:75 - [STDERR_REDIRECT] [Fatal Error] :1:1: Premature end of file.
2026-03-30 22:28:19,370 [ERROR] LogOutputStream:75 - [STDERR_REDIRECT] 
2026-03-30 22:28:20,373 [ERROR] LogOutputStream:75 - [STDERR_REDIRECT] [Fatal Error] :1:1: Premature end of file.
2026-03-30 22:28:20,373 [ERROR] LogOutputStream:75 - [STDERR_REDIRECT] 
2026-03-30 22:28:21,378 [ERROR] LogOutputStream:75 - [STDERR_REDIRECT] [Fatal Error] :1:1: Premature end of file.
2026-03-30 22:28:21,378 [ERROR] LogOutputStream:75 - [STDERR_REDIRECT] 
2026-03-30 22:28:22,377 [ERROR] LogOutputStream:75 - [STDERR_REDIRECT] [Fatal Error] :1:1: Premature end of file.
2026-03-30 22:28:22,377 [ERROR] LogOutputStream:75 - [STDERR_REDIRECT] 
2026-03-30 22:28:23,371 [ERROR] LogOutputStream:75 - [STDERR_REDIRECT] [Fatal Error] :1:1: Premature end of file.
2026-03-30 22:28:23,371 [ERROR] LogOutputStream:75 - [STDERR_REDIRECT] 
2026-03-30 22:28:24,388 [ERROR] LogOutputStream:75 - [STDERR_REDIRECT] [Fatal Error] :1:1: Premature end of file.
2026-03-30 22:28:24,388 [ERROR] LogOutputStream:75 - [STDERR_REDIRECT] 
2026-03-30 22:28:25,385 [ERROR] LogOutputStream:75 - [STDERR_REDIRECT] [Fatal Error] :1:1: Premature end of file.
2026-03-30 22:28:25,385 [ERROR] LogOutputStream:75 - [STDERR_REDIRECT] 
2026-03-30 22:28:26,390 [ERROR] LogOutputStream:75 - [STDERR_REDIRECT] [Fatal Error] :1:1: Premature end of file.
2026-03-30 22:28:26,390 [ERROR] LogOutputStream:75 - [STDERR_REDIRECT] 
2026-03-30 22:28:27,394 [ERROR] LogOutputStream:75 - [STDERR_REDIRECT] [Fatal Error] :1:1: Premature end of file.
2026-03-30 22:28:27,394 [ERROR] LogOutputStream:75 - [STDERR_REDIRECT] 
2026-03-30 22:28:28,372 [ERROR] LogOutputStream:75 - [STDERR_REDIRECT] [Fatal Error] :1:1: Premature end of file.
2026-03-30 22:28:28,372 [ERROR] LogOutputStream:75 - [STDERR_REDIRECT] 
2026-03-30 22:28:29,378 [ERROR] LogOutputStream:75 - [STDERR_REDIRECT] [Fatal Error] :1:1: Premature end of file.
2026-03-30 22:28:29,378 [ERROR] LogOutputStream:75 - [STDERR_REDIRECT] 
2026-03-30 22:28:30,379 [ERROR] LogOutputStream:75 - [STDERR_REDIRECT] [Fatal Error] :1:1: Premature end of file.
2026-03-30 22:28:30,379 [ERROR] LogOutputStream:75 - [STDERR_REDIRECT] 
2026-03-30 22:28:31,382 [ERROR] LogOutputStream:75 - [STDERR_REDIRECT] [Fatal Error] :1:1: Premature end of file.
2026-03-30 22:28:31,382 [ERROR] LogOutputStream:75 - [STDERR_REDIRECT] 
2026-03-30 22:28:32,370 [ERROR] LogOutputStream:75 - [STDERR_REDIRECT] [Fatal Error] :1:1: Premature end of file.
2026-03-30 22:28:32,370 [ERROR] LogOutputStream:75 - [STDERR_REDIRECT] 
2026-03-30 22:28:33,377 [ERROR] LogOutputStream:75 - [STDERR_REDIRECT] [Fatal Error] :1:1: Premature end of file.
2026-03-30 22:28:33,377 [ERROR] LogOutputStream:75 - [STDERR_REDIRECT] 
2026-03-30 22:28:34,381 [ERROR] LogOutputStream:75 - [STDERR_REDIRECT] [Fatal Error] :1:1: Premature end of file.
2026-03-30 22:28:34,381 [ERROR] LogOutputStream:75 - [STDERR_REDIRECT] 
2026-03-30 22:28:35,382 [ERROR] LogOutputStream:75 - [STDERR_REDIRECT] [Fatal Error] :1:1: Premature end of file.
2026-03-30 22:28:35,382 [ERROR] LogOutputStream:75 - [STDERR_REDIRECT] 
2026-03-30 22:28:36,380 [ERROR] LogOutputStream:75 - [STDERR_REDIRECT] [Fatal Error] :1:1: Premature end of file.
2026-03-30 22:28:36,380 [ERROR] LogOutputStream:75 - [STDERR_REDIRECT] 
2026-03-30 22:28:37,386 [ERROR] LogOutputStream:75 - [STDERR_REDIRECT] [Fatal Error] :1:1: Premature end of file.
2026-03-30 22:28:37,386 [ERROR] LogOutputStream:75 - [STDERR_REDIRECT] 
2026-03-30 22:28:38,376 [ERROR] LogOutputStream:75 - [STDERR_REDIRECT] [Fatal Error] :1:1: Premature end of file.
2026-03-30 22:28:38,376 [ERROR] LogOutputStream:75 - [STDERR_REDIRECT] 
2026-03-30 22:28:39,385 [ERROR] LogOutputStream:75 - [STDERR_REDIRECT] [Fatal Error] :1:1: Premature end of file.
2026-03-30 22:28:39,386 [ERROR] LogOutputStream:75 - [STDERR_REDIRECT] 
2026-03-30 22:28:40,371 [ERROR] LogOutputStream:75 - [STDERR_REDIRECT] [Fatal Error] :1:1: Premature end of file.
2026-03-30 22:28:40,371 [ERROR] LogOutputStream:75 - [STDERR_REDIRECT] 
2026-03-30 22:28:41,371 [ERROR] LogOutputStream:75 - [STDERR_REDIRECT] [Fatal Error] :1:1: Premature end of file.
2026-03-30 22:28:41,371 [ERROR] LogOutputStream:75 - [STDERR_REDIRECT] 
2026-03-30 22:28:42,373 [ERROR] LogOutputStream:75 - [STDERR_REDIRECT] [Fatal Error] :1:1: Premature end of file.
2026-03-30 22:28:42,373 [ERROR] LogOutputStream:75 - [STDERR_REDIRECT] 
2026-03-30 22:28:43,376 [ERROR] LogOutputStream:75 - [STDERR_REDIRECT] [Fatal Error] :1:1: Premature end of file.
2026-03-30 22:28:43,376 [ERROR] LogOutputStream:75 - [STDERR_REDIRECT] 
2026-03-30 22:28:44,395 [ERROR] LogOutputStream:75 - [STDERR_REDIRECT] [Fatal Error] :1:1: Premature end of file.
2026-03-30 22:28:44,395 [ERROR] LogOutputStream:75 - [STDERR_REDIRECT] 
2026-03-30 22:28:45,382 [ERROR] LogOutputStream:75 - [STDERR_REDIRECT] [Fatal Error] :1:1: Premature end of file.
2026-03-30 22:28:45,382 [ERROR] LogOutputStream:75 - [STDERR_REDIRECT] 
2026-03-30 22:28:46,379 [ERROR] LogOutputStream:75 - [STDERR_REDIRECT] [Fatal Error] :1:1: Premature end of file.
2026-03-30 22:28:46,379 [ERROR] LogOutputStream:75 - [STDERR_REDIRECT] 
2026-03-30 22:28:47,372 [ERROR] LogOutputStream:75 - [STDERR_REDIRECT] [Fatal Error] :1:1: Premature end of file.
2026-03-30 22:28:47,372 [ERROR] LogOutputStream:75 - [STDERR_REDIRECT] 
2026-03-30 22:28:48,389 [ERROR] LogOutputStream:75 - [STDERR_REDIRECT] [Fatal Error] :1:1: Premature end of file.
2026-03-30 22:28:48,389 [ERROR] LogOutputStream:75 - [STDERR_REDIRECT] 
2026-03-30 22:28:49,389 [ERROR] LogOutputStream:75 - [STDERR_REDIRECT] [Fatal Error] :1:1: Premature end of file.
2026-03-30 22:28:49,390 [ERROR] LogOutputStream:75 - [STDERR_REDIRECT] 
2026-03-30 22:28:50,372 [ERROR] LogOutputStream:75 - [STDERR_REDIRECT] [Fatal Error] :1:1: Premature end of file.
2026-03-30 22:28:50,372 [ERROR] LogOutputStream:75 - [STDERR_REDIRECT] 
2026-03-30 22:28:51,372 [ERROR] LogOutputStream:75 - [STDERR_REDIRECT] [Fatal Error] :1:1: Premature end of file.
2026-03-30 22:28:51,372 [ERROR] LogOutputStream:75 - [STDERR_REDIRECT] 
2026-03-30 22:28:52,374 [ERROR] LogOutputStream:75 - [STDERR_REDIRECT] [Fatal Error] :1:1: Premature end of file.
2026-03-30 22:28:52,374 [ERROR] LogOutputStream:75 - [STDERR_REDIRECT] 
2026-03-30 22:28:53,376 [ERROR] LogOutputStream:75 - [STDERR_REDIRECT] [Fatal Error] :1:1: Premature end of file.
2026-03-30 22:28:53,376 [ERROR] LogOutputStream:75 - [STDERR_REDIRECT] 
2026-03-30 22:28:54,388 [ERROR] LogOutputStream:75 - [STDERR_REDIRECT] [Fatal Error] :1:1: Premature end of file.
2026-03-30 22:28:54,388 [ERROR] LogOutputStream:75 - [STDERR_REDIRECT] 
2026-03-30 22:28:55,383 [ERROR] LogOutputStream:75 - [STDERR_REDIRECT] [Fatal Error] :1:1: Premature end of file.
2026-03-30 22:28:55,383 [ERROR] LogOutputStream:75 - [STDERR_REDIRECT] 
2026-03-30 22:28:56,385 [ERROR] LogOutputStream:75 - [STDERR_REDIRECT] [Fatal Error] :1:1: Premature end of file.
2026-03-30 22:28:56,385 [ERROR] LogOutputStream:75 - [STDERR_REDIRECT] 
2026-03-30 22:28:57,389 [ERROR] LogOutputStream:75 - [STDERR_REDIRECT] [Fatal Error] :1:1: Premature end of file.
2026-03-30 22:28:57,389 [ERROR] LogOutputStream:75 - [STDERR_REDIRECT] 
2026-03-30 22:28:58,377 [ERROR] LogOutputStream:75 - [STDERR_REDIRECT] [Fatal Error] :1:1: Premature end of file.
2026-03-30 22:28:58,377 [ERROR] LogOutputStream:75 - [STDERR_REDIRECT] 
2026-03-30 22:28:59,392 [ERROR] LogOutputStream:75 - [STDERR_REDIRECT] [Fatal Error] :1:1: Premature end of file.
2026-03-30 22:28:59,392 [ERROR] LogOutputStream:75 - [STDERR_REDIRECT] 
2026-03-30 22:29:00,380 [ERROR] LogOutputStream:75 - [STDERR_REDIRECT] [Fatal Error] :1:1: Premature end of file.
2026-03-30 22:29:00,381 [ERROR] LogOutputStream:75 - [STDERR_REDIRECT] 
2026-03-30 22:29:01,371 [ERROR] LogOutputStream:75 - [STDERR_REDIRECT] [Fatal Error] :1:1: Premature end of file.
2026-03-30 22:29:01,371 [ERROR] LogOutputStream:75 - [STDERR_REDIRECT] 
2026-03-30 22:29:02,388 [ERROR] LogOutputStream:75 - [STDERR_REDIRECT] [Fatal Error] :1:1: Premature end of file.
2026-03-30 22:29:02,388 [ERROR] LogOutputStream:75 - [STDERR_REDIRECT] 
2026-03-30 22:29:03,371 [ERROR] LogOutputStream:75 - [STDERR_REDIRECT] [Fatal Error] :1:1: Premature end of file.
2026-03-30 22:29:03,387 [ERROR] LogOutputStream:75 - [STDERR_REDIRECT] 
2026-03-30 22:29:04,371 [ERROR] LogOutputStream:75 - [STDERR_REDIRECT] [Fatal Error] :1:1: Premature end of file.
2026-03-30 22:29:04,371 [ERROR] LogOutputStream:75 - [STDERR_REDIRECT] 
2026-03-30 22:29:05,388 [ERROR] LogOutputStream:75 - [STDERR_REDIRECT] [Fatal Error] :1:1: Premature end of file.
2026-03-30 22:29:05,388 [ERROR] LogOutputStream:75 - [STDERR_REDIRECT] 
2026-03-30 22:29:06,371 [ERROR] LogOutputStream:75 - [STDERR_REDIRECT] [Fatal Error] :1:1: Premature end of file.
2026-03-30 22:29:06,371 [ERROR] LogOutputStream:75 - [STDERR_REDIRECT] 
2026-03-30 22:29:07,391 [ERROR] LogOutputStream:75 - [STDERR_REDIRECT] [Fatal Error] :1:1: Premature end of file.
2026-03-30 22:29:07,391 [ERROR] LogOutputStream:75 - [STDERR_REDIRECT] 
2026-03-30 22:29:08,274 [ERROR] LogOutputStream:75 - [STDERR_REDIRECT] 
2026-03-30 22:31:55,171 [INFO] Activator:176 - 


2026-03-30 22:31:55,171 [INFO] Activator:177 - !SESSION log4j initialized
2026-03-30 22:31:59,048 [INFO] LogOutputStream:77 - [STDOUT_REDIRECT] 
2026-03-30 22:32:05,162 [INFO] ApplicationProperties:184 - Using Application install path: C:\ST\STM32CubeIDE_1.15.1\STM32CubeIDE\plugins\com.st.stm32cube.common.mx_6.11.1.202404110753
2026-03-30 22:32:05,201 [INFO] DbMcusXml:78 - Set database path to: C:\ST\STM32CubeIDE_1.15.1\STM32CubeIDE\plugins\com.st.stm32cube.common.mx_6.11.1.202404110753\\db\/mcu/
2026-03-30 22:32:05,202 [INFO] ApiDb:274 - Set plugin database path to: C:\ST\STM32CubeIDE_1.15.1\STM32CubeIDE\plugins\com.st.stm32cube.common.mx_6.11.1.202404110753\\db\/plugins/boardmanager/
2026-03-30 22:32:05,202 [WARN] ApiDb:259 - Overriding images path with different value:  => C:\ST\STM32CubeIDE_1.15.1\STM32CubeIDE\plugins\com.st.stm32cube.common.mx_6.11.1.202404110753\\db\/plugins/mcufinder/images/
2026-03-30 22:32:05,216 [INFO] ApiDb:250 - Set database path to: C:\Users\dbank\.stmcufinder\plugins\mcufinder//mcu/
2026-03-30 22:32:05,217 [INFO] DbMcusAds:125 - Set database path to: C:\Users\dbank\.stmcufinder\plugins\mcufinder//mcu/
2026-03-30 22:32:05,221 [INFO] CrossReferenceDbSqlite:203 - Set database path to: C:\Users\dbank\.stmcufinder\plugins\mcufinder//mcu/cs/
2026-03-30 22:32:05,457 [INFO] RulesReader:64 - Compatibility file has been processed (297 Rules)
2026-03-30 22:32:05,625 [INFO] DbMcusXml:78 - Set database path to: C:\ST\STM32CubeIDE_1.15.1\STM32CubeIDE\plugins\com.st.stm32cube.common.mx_6.11.1.202404110753\\db\/mcu/
2026-03-30 22:32:05,625 [INFO] ApiDb:274 - Set plugin database path to: C:\ST\STM32CubeIDE_1.15.1\STM32CubeIDE\plugins\com.st.stm32cube.common.mx_6.11.1.202404110753\\db\/plugins/boardmanager/
2026-03-30 22:32:05,625 [INFO] ApiDb:261 - Set plugin images path to: C:\ST\STM32CubeIDE_1.15.1\STM32CubeIDE\plugins\com.st.stm32cube.common.mx_6.11.1.202404110753\\db\/plugins/mcufinder/images/
2026-03-30 22:32:05,626 [WARN] DbFile:41 - Overriding database path with different value: C:\Users\dbank\.stmcufinder\plugins\mcufinder/ => C:\Users\dbank\.stmcufinder\plugins\mcufinder
2026-03-30 22:32:05,626 [INFO] ApiDb:250 - Set database path to: C:\Users\dbank\.stmcufinder\plugins\mcufinder//mcu/
2026-03-30 22:32:05,626 [WARN] DbFile:41 - Overriding database path with different value: C:\Users\dbank\.stmcufinder\plugins\mcufinder/ => C:\Users\dbank\.stmcufinder\plugins\mcufinder
2026-03-30 22:32:05,626 [INFO] DbMcusAds:125 - Set database path to: C:\Users\dbank\.stmcufinder\plugins\mcufinder//mcu/
2026-03-30 22:32:05,626 [WARN] DbFile:41 - Overriding database path with different value: C:\Users\dbank\.stmcufinder\plugins\mcufinder/ => C:\Users\dbank\.stmcufinder\plugins\mcufinder
2026-03-30 22:32:05,626 [WARN] DbFile:41 - Overriding database path with different value: C:\Users\dbank\.stmcufinder\plugins\mcufinder/ => C:\Users\dbank\.stmcufinder\plugins\mcufinder
2026-03-30 22:32:05,626 [INFO] CrossReferenceDbSqlite:203 - Set database path to: C:\Users\dbank\.stmcufinder\plugins\mcufinder//mcu/cs/
2026-03-30 22:32:05,743 [INFO] MainPanel:264 - HeapMemory: 271581184
2026-03-30 22:32:05,905 [INFO] DbMcusXml:78 - Set database path to: C:\ST\STM32CubeIDE_1.15.1\STM32CubeIDE\plugins\com.st.stm32cube.common.mx_6.11.1.202404110753\\db\/mcu/
2026-03-30 22:32:05,905 [INFO] ApiDb:274 - Set plugin database path to: C:\ST\STM32CubeIDE_1.15.1\STM32CubeIDE\plugins\com.st.stm32cube.common.mx_6.11.1.202404110753\\db\/plugins/boardmanager/
2026-03-30 22:32:05,905 [INFO] ApiDb:261 - Set plugin images path to: C:\ST\STM32CubeIDE_1.15.1\STM32CubeIDE\plugins\com.st.stm32cube.common.mx_6.11.1.202404110753\\db\/plugins/mcufinder/images/
2026-03-30 22:32:05,906 [WARN] DbFile:41 - Overriding database path with different value: C:\Users\dbank\.stmcufinder\plugins\mcufinder/ => C:\Users\dbank\.stmcufinder\plugins\mcufinder
2026-03-30 22:32:05,906 [INFO] ApiDb:250 - Set database path to: C:\Users\dbank\.stmcufinder\plugins\mcufinder//mcu/
2026-03-30 22:32:05,906 [WARN] DbFile:41 - Overriding database path with different value: C:\Users\dbank\.stmcufinder\plugins\mcufinder/ => C:\Users\dbank\.stmcufinder\plugins\mcufinder
2026-03-30 22:32:05,906 [INFO] DbMcusAds:125 - Set database path to: C:\Users\dbank\.stmcufinder\plugins\mcufinder//mcu/
2026-03-30 22:32:05,906 [WARN] DbFile:41 - Overriding database path with different value: C:\Users\dbank\.stmcufinder\plugins\mcufinder/ => C:\Users\dbank\.stmcufinder\plugins\mcufinder
2026-03-30 22:32:05,906 [WARN] DbFile:41 - Overriding database path with different value: C:\Users\dbank\.stmcufinder\plugins\mcufinder/ => C:\Users\dbank\.stmcufinder\plugins\mcufinder
2026-03-30 22:32:05,906 [INFO] CrossReferenceDbSqlite:203 - Set database path to: C:\Users\dbank\.stmcufinder\plugins\mcufinder//mcu/cs/
2026-03-30 22:32:05,927 [INFO] ApplicationProperties:184 - Using Application install path: C:\ST\STM32CubeIDE_1.15.1\STM32CubeIDE\plugins\com.st.stm32cube.common.mx_6.11.1.202404110753
2026-03-30 22:32:05,930 [INFO] PluginManage:196 - Search for loadable plugins [exclusion list=, ]
2026-03-30 22:32:05,932 [INFO] PluginManage:310 - Check plugin analytics
2026-03-30 22:32:11,281 [INFO] AnalyticsPlugin:253 - Accepted Software Licenses: 
2026-03-30 22:32:11,281 [INFO] AnalyticsPlugin:255 - Accepted CMSIS Pack Licenses: 
2026-03-30 22:32:11,282 [INFO] AnalyticsPlugin:257 - Accepted Firmware Licenses: 
2026-03-30 22:32:11,285 [INFO] PluginManage:359 - Loaded plugin analytics (category:tool,tabindex:-1)
2026-03-30 22:32:11,285 [INFO] PluginManage:310 - Check plugin cadmodel
2026-03-30 22:32:11,292 [INFO] CADModel:105 - Init CAD model plugin
2026-03-30 22:32:11,292 [INFO] PluginManage:359 - Loaded plugin cadmodel (category:power,tabindex:5)
2026-03-30 22:32:11,292 [INFO] PluginManage:310 - Check plugin clock
2026-03-30 22:32:11,311 [INFO] PluginManage:359 - Loaded plugin clock (category:base,tabindex:2)
2026-03-30 22:32:11,311 [INFO] PluginManage:310 - Check plugin ddr
2026-03-30 22:32:11,315 [INFO] PluginManage:359 - Loaded plugin ddr (category:tool,tabindex:6)
2026-03-30 22:32:11,315 [INFO] PluginManage:310 - Check plugin filemanager
2026-03-30 22:32:11,623 [INFO] PluginManage:359 - Loaded plugin filemanager (category:base,tabindex:10)
2026-03-30 22:32:11,623 [INFO] PluginManage:310 - Check plugin ipmanager
2026-03-30 22:32:11,634 [INFO] PluginManage:359 - Loaded plugin ipmanager (category:base,tabindex:5)
2026-03-30 22:32:11,634 [INFO] PluginManage:310 - Check plugin lpbam
2026-03-30 22:32:11,645 [INFO] PluginManage:359 - Loaded plugin lpbam (category:base,tabindex:0)
2026-03-30 22:32:11,645 [INFO] PluginManage:310 - Check plugin memorymap
2026-03-30 22:32:11,685 [INFO] PluginManage:359 - Loaded plugin memorymap (category:base,tabindex:4)
2026-03-30 22:32:11,685 [INFO] PluginManage:310 - Check plugin pinoutandconfiguration
2026-03-30 22:32:11,696 [INFO] PluginManage:359 - Loaded plugin pinoutandconfiguration (category:base,tabindex:1)
2026-03-30 22:32:11,696 [INFO] PluginManage:310 - Check plugin pinoutconfig
2026-03-30 22:32:11,839 [WARN] SupportedApi:132 - Cannot load RTOS API schema: s4s-elt-must-match.1: The content of 'definitions' must match (annotation?, (simpleType | complexType)?, (unique | key | keyref)*)). A problem was found starting at: attribute.
2026-03-30 22:32:12,185 [INFO] PluginManage:359 - Loaded plugin pinoutconfig (category:base,tabindex:0)
2026-03-30 22:32:12,186 [INFO] PluginManage:310 - Check plugin power
2026-03-30 22:32:12,215 [INFO] PluginManage:359 - Loaded plugin power (category:power,tabindex:4)
2026-03-30 22:32:12,215 [INFO] PluginManage:310 - Check plugin projectmanager
2026-03-30 22:32:12,237 [INFO] PluginManage:359 - Loaded plugin projectmanager (category:projectmanager,tabindex:3)
2026-03-30 22:32:12,237 [INFO] PluginManage:310 - Check plugin thirdparty
2026-03-30 22:32:12,468 [WARN] IntegrityCheckThread:84 - waiting for thirdparty lock release [integrity check]
2026-03-30 22:32:12,469 [INFO] IntegrityCheckThread:86 - entering critical section [integrity check]
2026-03-30 22:32:12,469 [INFO] PluginManage:359 - Loaded plugin thirdparty (category:base,tabindex:-1)
2026-03-30 22:32:12,469 [INFO] PluginManage:310 - Check plugin tools
2026-03-30 22:32:12,469 [INFO] ThirdPartyUpdaterWithRetryManager:70 - Updater plugin not ready yet. [1/15]
2026-03-30 22:32:12,473 [INFO] PluginManage:359 - Loaded plugin tools (category:base,tabindex:7)
2026-03-30 22:32:12,473 [INFO] PluginManage:310 - Check plugin tutovideos
2026-03-30 22:32:12,891 [INFO] PluginManage:359 - Loaded plugin tutovideos (category:base,tabindex:-1)
2026-03-30 22:32:12,891 [INFO] PluginManage:310 - Check plugin updater
2026-03-30 22:32:12,906 [INFO] PluginManage:359 - Loaded plugin updater (category:base,tabindex:12)
2026-03-30 22:32:12,906 [INFO] PluginManage:310 - Check plugin userauth
2026-03-30 22:32:12,914 [INFO] UserAuth:114 - Init User Auth plugin
2026-03-30 22:32:12,914 [INFO] PluginManage:359 - Loaded plugin userauth (category:base,tabindex:14)
2026-03-30 22:32:12,915 [INFO] PluginManage:283 - PluginManage : Loaded plugins [17]
2026-03-30 22:32:13,215 [INFO] PinOutPanel:1561 - setPackage(No Configuration,No Configuration)
2026-03-30 22:32:13,270 [INFO] CADModel:165 - CPN selected for project level
2026-03-30 22:32:13,270 [INFO] CADModel:114 - Register for checkConnection events
2026-03-30 22:32:13,280 [INFO] IPUIPlugin:80 - create IPUIPlugin
2026-03-30 22:32:13,280 [INFO] PluginManager:220 - loadIPPluginJar : add adc
2026-03-30 22:32:13,282 [INFO] IPUIPlugin:80 - create IPUIPlugin
2026-03-30 22:32:13,282 [INFO] PluginManager:220 - loadIPPluginJar : add aes
2026-03-30 22:32:13,284 [INFO] IPUIPlugin:80 - create IPUIPlugin
2026-03-30 22:32:13,284 [INFO] PluginManager:220 - loadIPPluginJar : add can
2026-03-30 22:32:13,285 [INFO] IPUIPlugin:80 - create IPUIPlugin
2026-03-30 22:32:13,285 [INFO] PluginManager:220 - loadIPPluginJar : add comp
2026-03-30 22:32:13,287 [INFO] IPUIPlugin:80 - create IPUIPlugin
2026-03-30 22:32:13,287 [INFO] PluginManager:220 - loadIPPluginJar : add cryp
2026-03-30 22:32:13,289 [INFO] IPUIPlugin:80 - create IPUIPlugin
2026-03-30 22:32:13,289 [INFO] PluginManager:220 - loadIPPluginJar : add dfsdm
2026-03-30 22:32:13,292 [INFO] IPUIPlugin:80 - create IPUIPlugin
2026-03-30 22:32:13,292 [INFO] PluginManager:220 - loadIPPluginJar : add dma
2026-03-30 22:32:13,294 [INFO] IPUIPlugin:80 - create IPUIPlugin
2026-03-30 22:32:13,294 [INFO] PluginManager:220 - loadIPPluginJar : add dma3
2026-03-30 22:32:13,296 [INFO] IPUIPlugin:80 - create IPUIPlugin
2026-03-30 22:32:13,296 [INFO] PluginManager:220 - loadIPPluginJar : add extmemmanager
2026-03-30 22:32:13,297 [INFO] IPUIPlugin:80 - create IPUIPlugin
2026-03-30 22:32:13,297 [INFO] PluginManager:220 - loadIPPluginJar : add fatfs
2026-03-30 22:32:13,300 [INFO] IPUIPlugin:80 - create IPUIPlugin
2026-03-30 22:32:13,300 [INFO] PluginManager:220 - loadIPPluginJar : add fmc
2026-03-30 22:32:13,303 [INFO] IPUIPlugin:80 - create IPUIPlugin
2026-03-30 22:32:13,303 [INFO] PluginManager:220 - loadIPPluginJar : add freertos
2026-03-30 22:32:13,304 [INFO] IPUIPlugin:80 - create IPUIPlugin
2026-03-30 22:32:13,304 [INFO] PluginManager:220 - loadIPPluginJar : add genericplugin
2026-03-30 22:32:13,306 [INFO] IPUIPlugin:80 - create IPUIPlugin
2026-03-30 22:32:13,306 [INFO] PluginManager:220 - loadIPPluginJar : add gfxmmu
2026-03-30 22:32:13,309 [INFO] IPUIPlugin:80 - create IPUIPlugin
2026-03-30 22:32:13,309 [INFO] PluginManager:220 - loadIPPluginJar : add gic
2026-03-30 22:32:13,312 [INFO] IPUIPlugin:80 - create IPUIPlugin
2026-03-30 22:32:13,312 [INFO] PluginManager:220 - loadIPPluginJar : add gpio
2026-03-30 22:32:13,314 [INFO] IPUIPlugin:80 - create IPUIPlugin
2026-03-30 22:32:13,314 [INFO] PluginManager:220 - loadIPPluginJar : add gtzc
2026-03-30 22:32:13,315 [INFO] IPUIPlugin:80 - create IPUIPlugin
2026-03-30 22:32:13,315 [INFO] PluginManager:220 - loadIPPluginJar : add hash
2026-03-30 22:32:13,317 [INFO] IPUIPlugin:80 - create IPUIPlugin
2026-03-30 22:32:13,317 [INFO] PluginManager:220 - loadIPPluginJar : add i2c
2026-03-30 22:32:13,319 [INFO] IPUIPlugin:80 - create IPUIPlugin
2026-03-30 22:32:13,319 [INFO] PluginManager:220 - loadIPPluginJar : add i2s
2026-03-30 22:32:13,321 [INFO] IPUIPlugin:80 - create IPUIPlugin
2026-03-30 22:32:13,321 [INFO] PluginManager:220 - loadIPPluginJar : add i3c
2026-03-30 22:32:13,323 [INFO] IPUIPlugin:80 - create IPUIPlugin
2026-03-30 22:32:13,323 [INFO] PluginManager:220 - loadIPPluginJar : add ipddr
2026-03-30 22:32:13,327 [INFO] IPUIPlugin:80 - create IPUIPlugin
2026-03-30 22:32:13,328 [INFO] PluginManager:220 - loadIPPluginJar : add linkedlist
2026-03-30 22:32:13,330 [INFO] IPUIPlugin:80 - create IPUIPlugin
2026-03-30 22:32:13,330 [INFO] PluginManager:220 - loadIPPluginJar : add lorawan
2026-03-30 22:32:13,331 [INFO] IPUIPlugin:80 - create IPUIPlugin
2026-03-30 22:32:13,331 [INFO] PluginManager:220 - loadIPPluginJar : add ltdc
2026-03-30 22:32:13,335 [INFO] IPUIPlugin:80 - create IPUIPlugin
2026-03-30 22:32:13,335 [INFO] PluginManager:220 - loadIPPluginJar : add mdma
2026-03-30 22:32:13,337 [INFO] IPUIPlugin:80 - create IPUIPlugin
2026-03-30 22:32:13,337 [INFO] PluginManager:220 - loadIPPluginJar : add nvic
2026-03-30 22:32:13,339 [INFO] IPUIPlugin:80 - create IPUIPlugin
2026-03-30 22:32:13,339 [INFO] PluginManager:220 - loadIPPluginJar : add opamp
2026-03-30 22:32:13,341 [INFO] IPUIPlugin:80 - create IPUIPlugin
2026-03-30 22:32:13,341 [INFO] PluginManager:220 - loadIPPluginJar : add openamp
2026-03-30 22:32:13,343 [INFO] IPUIPlugin:80 - create IPUIPlugin
2026-03-30 22:32:13,343 [INFO] PluginManager:220 - loadIPPluginJar : add pdm2pcm
2026-03-30 22:32:13,346 [INFO] IPUIPlugin:80 - create IPUIPlugin
2026-03-30 22:32:13,347 [INFO] PluginManager:220 - loadIPPluginJar : add plateformsettings
2026-03-30 22:32:13,348 [INFO] IPUIPlugin:80 - create IPUIPlugin
2026-03-30 22:32:13,348 [INFO] PluginManager:220 - loadIPPluginJar : add quadspi
2026-03-30 22:32:13,351 [INFO] IPUIPlugin:80 - create IPUIPlugin
2026-03-30 22:32:13,351 [INFO] PluginManager:220 - loadIPPluginJar : add resmgrutility
2026-03-30 22:32:13,353 [INFO] IPUIPlugin:80 - create IPUIPlugin
2026-03-30 22:32:13,353 [INFO] PluginManager:220 - loadIPPluginJar : add sai
2026-03-30 22:32:13,354 [INFO] IPUIPlugin:80 - create IPUIPlugin
2026-03-30 22:32:13,354 [INFO] PluginManager:220 - loadIPPluginJar : add spi
2026-03-30 22:32:13,357 [INFO] IPUIPlugin:80 - create IPUIPlugin
2026-03-30 22:32:13,357 [INFO] PluginManager:220 - loadIPPluginJar : add stm32_wpan
2026-03-30 22:32:13,359 [INFO] IPUIPlugin:80 - create IPUIPlugin
2026-03-30 22:32:13,359 [INFO] PluginManager:220 - loadIPPluginJar : add tim
2026-03-30 22:32:13,361 [INFO] IPUIPlugin:80 - create IPUIPlugin
2026-03-30 22:32:13,361 [INFO] PluginManager:220 - loadIPPluginJar : add touchsensing
2026-03-30 22:32:13,362 [INFO] IPUIPlugin:80 - create IPUIPlugin
2026-03-30 22:32:13,362 [INFO] PluginManager:220 - loadIPPluginJar : add tracer_emb
2026-03-30 22:32:13,364 [INFO] IPUIPlugin:80 - create IPUIPlugin
2026-03-30 22:32:13,364 [INFO] PluginManager:220 - loadIPPluginJar : add ts
2026-03-30 22:32:13,365 [INFO] IPUIPlugin:80 - create IPUIPlugin
2026-03-30 22:32:13,365 [INFO] PluginManager:220 - loadIPPluginJar : add tsc
2026-03-30 22:32:13,366 [INFO] IPUIPlugin:80 - create IPUIPlugin
2026-03-30 22:32:13,368 [INFO] PluginManager:220 - loadIPPluginJar : add ucpd
2026-03-30 22:32:13,370 [INFO] IPUIPlugin:80 - create IPUIPlugin
2026-03-30 22:32:13,370 [INFO] PluginManager:220 - loadIPPluginJar : add usart
2026-03-30 22:32:13,373 [INFO] IPUIPlugin:80 - create IPUIPlugin
2026-03-30 22:32:13,373 [INFO] PluginManager:220 - loadIPPluginJar : add usbx
2026-03-30 22:32:13,482 [INFO] CADModel:165 - CPN selected for project level
2026-03-30 22:32:13,482 [INFO] CADModel:114 - Register for checkConnection events
2026-03-30 22:32:13,483 [FATAL] Updater:308 - Updater called before beeing initialized
2026-03-30 22:32:13,483 [ERROR] CADModel:125 - Updater not yet initialized, retry later 
2026-03-30 22:32:13,585 [INFO] CADModel:165 - CPN selected for project level
2026-03-30 22:32:13,585 [INFO] CADModel:114 - Register for checkConnection events
2026-03-30 22:32:13,585 [FATAL] Updater:308 - Updater called before beeing initialized
2026-03-30 22:32:13,585 [ERROR] CADModel:125 - Updater not yet initialized, retry later 
2026-03-30 22:32:13,586 [FATAL] Updater:308 - Updater called before beeing initialized
2026-03-30 22:32:13,658 [FATAL] Updater:308 - Updater called before beeing initialized
2026-03-30 22:32:13,669 [INFO] DbMcusAds:53 - JSON generation date=Thu Jan 08 16:57:51 CET 2026 (1767887871456)
2026-03-30 22:32:13,669 [FATAL] Updater:308 - Updater called before beeing initialized
2026-03-30 22:32:13,715 [WARN] DetailPanel:346 - Failed to get advertising image, set to default
2026-03-30 22:32:13,859 [FATAL] Updater:308 - Updater called before beeing initialized
2026-03-30 22:32:13,863 [FATAL] Updater:308 - Updater called before beeing initialized
2026-03-30 22:32:13,863 [FATAL] Updater:308 - Updater called before beeing initialized
2026-03-30 22:32:13,863 [WARN] DetailPanel:346 - Failed to get advertising image, set to default
2026-03-30 22:32:13,863 [FATAL] Updater:308 - Updater called before beeing initialized
2026-03-30 22:32:13,911 [ERROR] Updater:1120 - MainUpdater not yet initialized. External WinMGr cannot be set.
2026-03-30 22:32:13,914 [INFO] Updater:1056 - Updater Version found : 6.11.1
2026-03-30 22:32:13,937 [INFO] ApplicationProperties:184 - Using Application install path: C:\ST\STM32CubeIDE_1.15.1\STM32CubeIDE\plugins\com.st.stm32cube.common.mx_6.11.1.202404110753
2026-03-30 22:32:15,471 [INFO] ThirdPartyUpdaterWithRetryManager:70 - Updater plugin not ready yet. [2/15]
2026-03-30 22:32:15,532 [ERROR] LogOutputStream:75 - [STDERR_REDIRECT] Mar 30, 2026 10:32:15 PM java.util.prefs.WindowsPreferences <init>
2026-03-30 22:32:15,534 [ERROR] LogOutputStream:75 - [STDERR_REDIRECT] WARNING: Could not open/create prefs root node Software\JavaSoft\Prefs at root 0xffffffff80000002. Windows RegCreateKeyEx(...) returned error code 5.
2026-03-30 22:32:15,534 [ERROR] LogOutputStream:75 - [STDERR_REDIRECT] 
2026-03-30 22:32:15,856 [INFO] MainUpdater:2873 - connection check result : 10
2026-03-30 22:32:15,857 [INFO] MainUpdater:290 - Updater Check For Update Now.
2026-03-30 22:32:15,857 [INFO] MicroXplorer:498 - Change Database Version : DB.6.0.111
2026-03-30 22:32:15,876 [INFO] McuFinderGlobals:63 - Set McuFinder mode to 2 (CubeIDE integrated)
2026-03-30 22:32:15,883 [INFO] UserAuth:415 - Internet connection configuration mode: 1
2026-03-30 22:32:15,911 [INFO] JxBrowserEngine:152 - Initiate JxBrowser Engine with user profile folder
2026-03-30 22:32:16,021 [INFO] CheckServerUpdateThread:120 - End of CheckServer Thread
2026-03-30 22:32:16,630 [INFO] WebApp:161 - Instantiating new browser for Auth
2026-03-30 22:32:17,102 [INFO] WebApp:779 - Register for checkConnection events
2026-03-30 22:32:17,102 [INFO] WebApp:414 - Apply proxy settings
2026-03-30 22:32:17,102 [INFO] WebApp:499 - Chromium requires no authentication
2026-03-30 22:32:17,107 [INFO] WebApp:442 - Direct internet connection detected
2026-03-30 22:32:17,210 [INFO] WebApp:192 - Starting web application
2026-03-30 22:32:17,210 [INFO] WebApp:544 - Web application path used C:\ST\STM32CubeIDE_1.15.1\STM32CubeIDE\plugins\com.st.stm32cube.common.mx_6.11.1.202404110753\db\plugins\mcufinder\reactClient1\index.html
2026-03-30 22:32:17,342 [ERROR] LogOutputStream:75 - [STDERR_REDIRECT] [Fatal Error] :1:1: Premature end of file.
2026-03-30 22:32:17,343 [ERROR] LogOutputStream:75 - [STDERR_REDIRECT] 
2026-03-30 22:32:18,325 [ERROR] LogOutputStream:75 - [STDERR_REDIRECT] [Fatal Error] :1:1: Premature end of file.
2026-03-30 22:32:18,326 [ERROR] LogOutputStream:75 - [STDERR_REDIRECT] 
2026-03-30 22:32:18,697 [WARN] PackLoader:240 - Cannot read IP mode file for STMicroelectronics.X-CUBE-AZRTOS-H7.3.5.0
2026-03-30 22:32:18,704 [WARN] PackLoader:240 - Cannot read IP mode file for STMicroelectronics.FP-SNS-MOTENVWB1.1.4.0
2026-03-30 22:32:18,708 [WARN] PackLoader:240 - Cannot read IP mode file for STMicroelectronics.FP-ATR-ASTRA1.2.0.2
2026-03-30 22:32:18,716 [WARN] PackLoader:240 - Cannot read IP mode file for STMicroelectronics.X-CUBE-SMBUS.2.1.0
2026-03-30 22:32:18,733 [WARN] PackLoader:240 - Cannot read IP mode file for STMicroelectronics.X-CUBE-AZRTOS-F7.1.1.0
2026-03-30 22:32:18,743 [ERROR] Engine:466 - C:\Users\dbank\.stm32cubemx\thirdparties\pdsc\STMicroelectronics.FP-SNS-MOTENV1.5.1.0.pdsc: PDSC version is not supported
2026-03-30 22:32:18,748 [ERROR] Engine:466 - C:\Users\dbank\.stm32cubemx\thirdparties\pdsc\WES.I-CUBE-Cesium.1.4.0.pdsc: PDSC version is not supported
2026-03-30 22:32:18,764 [WARN] PackLoader:240 - Cannot read IP mode file for STMicroelectronics.X-CUBE-AZRTOS-H7.3.4.0
2026-03-30 22:32:18,774 [WARN] PackLoader:240 - Cannot read IP mode file for STMicroelectronics.X-CUBE-DISPLAY.3.0.0
2026-03-30 22:32:18,780 [ERROR] Engine:466 - C:\Users\dbank\.stm32cubemx\thirdparties\pdsc\STMicroelectronics.FP-SNS-MOTENVWB1.1.5.0.pdsc: PDSC version is not supported
2026-03-30 22:32:18,790 [WARN] PackLoader:240 - Cannot read IP mode file for STMicroelectronics.X-CUBE-NFC10.1.0.0
2026-03-30 22:32:18,792 [ERROR] Engine:466 - C:\Users\dbank\.stm32cubemx\thirdparties\pdsc\STMicroelectronics.X-CUBE-ST60.1.1.0.pdsc: PDSC version is not supported
2026-03-30 22:32:18,795 [WARN] PackLoader:240 - Cannot read IP mode file for emotas.I-CUBE-CANOPEN.1.3.0
2026-03-30 22:32:18,799 [WARN] PackLoader:240 - Cannot read IP mode file for STMicroelectronics.X-CUBE-GNSS1.7.1.0
2026-03-30 22:32:18,801 [ERROR] Engine:466 - C:\Users\dbank\.stm32cubemx\thirdparties\pdsc\STMicroelectronics.FP-SNS-STBOX1.2.1.0.pdsc: PDSC version is not supported
2026-03-30 22:32:18,804 [WARN] PackLoader:240 - Cannot read IP mode file for STMicroelectronics.FP-SNS-SMARTAG2.1.2.0
2026-03-30 22:32:18,805 [ERROR] Engine:466 - C:\Users\dbank\.stm32cubemx\thirdparties\pdsc\STMicroelectronics.FP-SNS-FLIGHT1.5.1.0.pdsc: PDSC version is not supported
2026-03-30 22:32:18,811 [INFO] LogOutputStream:77 - [STDOUT_REDIRECT] 1 : Invalid condition id : UX_CORESTACK_Condition cause : null
2026-03-30 22:32:18,812 [INFO] LogOutputStream:77 - [STDOUT_REDIRECT] 1 : Invalid condition id : UX_CORESTACK_Condition cause : null
2026-03-30 22:32:18,813 [INFO] LogOutputStream:77 - [STDOUT_REDIRECT] 1 : Invalid condition id : UX_CORESTACK_Condition cause : null
2026-03-30 22:32:18,813 [INFO] LogOutputStream:77 - [STDOUT_REDIRECT] 1 : Invalid condition id : UX_CORESTACK_Condition cause : null
2026-03-30 22:32:18,814 [INFO] LogOutputStream:77 - [STDOUT_REDIRECT] 1 : Invalid condition id : UX_CORESTACK_Condition cause : null
2026-03-30 22:32:18,815 [WARN] PackLoader:240 - Cannot read IP mode file for STMicroelectronics.X-CUBE-AZRTOS-WL.2.0.0
2026-03-30 22:32:18,826 [WARN] PackLoader:240 - Cannot read IP mode file for STMicroelectronics.X-CUBE-AZRTOS-H7RS.1.2.0
2026-03-30 22:32:18,830 [WARN] PackLoader:240 - Cannot read IP mode file for STMicroelectronics.X-CUBE-BLE2.3.3.0
2026-03-30 22:32:18,831 [ERROR] Engine:466 - C:\Users\dbank\.stm32cubemx\thirdparties\pdsc\Avnet-IOTCONNECT.X-CUBE-iotc-st67-sdk.1.0.0.pdsc: PDSC version is not supported
2026-03-30 22:32:18,840 [WARN] PackLoader:240 - Cannot read IP mode file for Infineon.AIROC-Wi-Fi-Bluetooth-STM32.1.8.0
2026-03-30 22:32:18,844 [WARN] PackLoader:240 - Cannot read IP mode file for STMicroelectronics.X-CUBE-NFC9.1.0.0
2026-03-30 22:32:18,847 [WARN] PackLoader:240 - Cannot read IP mode file for STMicroelectronics.X-CUBE-BLE1.7.1.0
2026-03-30 22:32:18,850 [WARN] PackLoader:240 - Cannot read IP mode file for wolfSSL.I-CUBE-wolfMQTT.1.19.2
2026-03-30 22:32:18,851 [ERROR] Engine:466 - C:\Users\dbank\.stm32cubemx\thirdparties\pdsc\STMicroelectronics.X-CUBE-FREERTOS.1.4.0.pdsc: PDSC version is not supported
2026-03-30 22:32:18,854 [WARN] PackLoader:240 - Cannot read IP mode file for STMicroelectronics.X-CUBE-EEPRMA1.5.2.0
2026-03-30 22:32:18,856 [WARN] PackLoader:240 - Cannot read IP mode file for wolfSSL.I-CUBE-wolfSSL.5.8.4
2026-03-30 22:32:18,857 [ERROR] Engine:466 - C:\Users\dbank\.stm32cubemx\thirdparties\pdsc\Cesanta.I-CUBE-Mongoose.7.20.0.pdsc: PDSC version is not supported
2026-03-30 22:32:18,859 [ERROR] Engine:466 - C:\Users\dbank\.stm32cubemx\thirdparties\pdsc\STMicroelectronics.X-CUBE-ST67W61.1.1.0.pdsc: PDSC version is not supported
2026-03-30 22:32:18,875 [WARN] PackLoader:240 - Cannot read IP mode file for STMicroelectronics.X-CUBE-MEMS1.12.0.0
2026-03-30 22:32:18,929 [WARN] PackLoader:240 - Cannot read IP mode file for STMicroelectronics.X-CUBE-AZRTOS-G0.1.1.0
2026-03-30 22:32:18,932 [WARN] PackLoader:240 - Cannot read IP mode file for STMicroelectronics.X-CUBE-NFC4.3.0.0
2026-03-30 22:32:18,937 [WARN] PackLoader:240 - Cannot read IP mode file for EmbeddedOffice.I-CUBE-FS-RTOS.1.0.1
2026-03-30 22:32:18,937 [ERROR] ConditionMgr:805 - Attr not supported : Dmpu
2026-03-30 22:32:18,937 [ERROR] ConditionMgr:805 - Attr not supported : Dmpu
2026-03-30 22:32:18,937 [ERROR] ConditionMgr:805 - Attr not supported : Dmpu
2026-03-30 22:32:18,937 [ERROR] ConditionMgr:805 - Attr not supported : Dmpu
2026-03-30 22:32:18,937 [ERROR] ConditionMgr:805 - Attr not supported : Dmpu
2026-03-30 22:32:18,937 [ERROR] ConditionMgr:805 - Attr not supported : Dmpu
2026-03-30 22:32:18,937 [ERROR] ConditionMgr:805 - Attr not supported : Dmpu
2026-03-30 22:32:18,937 [ERROR] ConditionMgr:805 - Attr not supported : Dmpu
2026-03-30 22:32:18,937 [ERROR] ConditionMgr:805 - Attr not supported : Dmpu
2026-03-30 22:32:18,937 [ERROR] ConditionMgr:805 - Attr not supported : Dmpu
2026-03-30 22:32:18,937 [ERROR] ConditionMgr:805 - Attr not supported : Dmpu
2026-03-30 22:32:18,937 [ERROR] ConditionMgr:805 - Attr not supported : Dmpu
2026-03-30 22:32:18,937 [ERROR] ConditionMgr:805 - Attr not supported : Dmpu
2026-03-30 22:32:18,937 [ERROR] ConditionMgr:805 - Attr not supported : Dmpu
2026-03-30 22:32:18,937 [ERROR] ConditionMgr:805 - Attr not supported : Dmpu
2026-03-30 22:32:18,937 [ERROR] ConditionMgr:805 - Attr not supported : Dmpu
2026-03-30 22:32:18,937 [ERROR] ConditionMgr:805 - Attr not supported : Dmpu
2026-03-30 22:32:18,937 [ERROR] ConditionMgr:805 - Attr not supported : Dmpu
2026-03-30 22:32:18,937 [ERROR] ConditionMgr:805 - Attr not supported : Dmpu
2026-03-30 22:32:18,937 [ERROR] ConditionMgr:805 - Attr not supported : Dmpu
2026-03-30 22:32:18,938 [ERROR] ConditionMgr:805 - Attr not supported : Dmpu
2026-03-30 22:32:18,938 [ERROR] ConditionMgr:805 - Attr not supported : Dmpu
2026-03-30 22:32:18,938 [ERROR] ConditionMgr:805 - Attr not supported : Dmpu
2026-03-30 22:32:18,938 [ERROR] ConditionMgr:805 - Attr not supported : Dmpu
2026-03-30 22:32:18,938 [ERROR] ConditionMgr:805 - Attr not supported : Dmpu
2026-03-30 22:32:18,938 [ERROR] ConditionMgr:805 - Attr not supported : Dmpu
2026-03-30 22:32:18,938 [ERROR] ConditionMgr:805 - Attr not supported : Dmpu
2026-03-30 22:32:18,938 [ERROR] ConditionMgr:805 - Attr not supported : Dmpu
2026-03-30 22:32:18,938 [ERROR] ConditionMgr:805 - Attr not supported : Dmpu
2026-03-30 22:32:18,938 [ERROR] ConditionMgr:805 - Attr not supported : Dmpu
2026-03-30 22:32:18,938 [ERROR] ConditionMgr:805 - Attr not supported : Dmpu
2026-03-30 22:32:18,938 [ERROR] ConditionMgr:805 - Attr not supported : Dmpu
2026-03-30 22:32:18,938 [ERROR] ConditionMgr:805 - Attr not supported : Dmpu
2026-03-30 22:32:18,938 [ERROR] ConditionMgr:805 - Attr not supported : Dmpu
2026-03-30 22:32:18,938 [ERROR] ConditionMgr:805 - Attr not supported : Dmpu
2026-03-30 22:32:18,938 [ERROR] ConditionMgr:805 - Attr not supported : Dmpu
2026-03-30 22:32:18,938 [ERROR] ConditionMgr:805 - Attr not supported : Dmpu
2026-03-30 22:32:18,938 [ERROR] ConditionMgr:805 - Attr not supported : Dmpu
2026-03-30 22:32:18,938 [ERROR] ConditionMgr:805 - Attr not supported : Dmpu
2026-03-30 22:32:18,938 [ERROR] ConditionMgr:805 - Attr not supported : Dmpu
2026-03-30 22:32:18,938 [ERROR] ConditionMgr:805 - Attr not supported : Dmpu
2026-03-30 22:32:18,938 [ERROR] ConditionMgr:805 - Attr not supported : Dmpu
2026-03-30 22:32:18,938 [ERROR] ConditionMgr:805 - Attr not supported : Dmpu
2026-03-30 22:32:18,938 [ERROR] ConditionMgr:805 - Attr not supported : Dmpu
2026-03-30 22:32:18,938 [ERROR] ConditionMgr:805 - Attr not supported : Dmpu
2026-03-30 22:32:18,938 [ERROR] ConditionMgr:805 - Attr not supported : Dmpu
2026-03-30 22:32:18,938 [ERROR] ConditionMgr:805 - Attr not supported : Dmpu
2026-03-30 22:32:18,938 [ERROR] ConditionMgr:805 - Attr not supported : Dmpu
2026-03-30 22:32:18,938 [ERROR] ConditionMgr:805 - Attr not supported : Dmpu
2026-03-30 22:32:18,938 [ERROR] ConditionMgr:805 - Attr not supported : Dmpu
2026-03-30 22:32:18,938 [ERROR] ConditionMgr:805 - Attr not supported : Dmpu
2026-03-30 22:32:18,938 [ERROR] ConditionMgr:805 - Attr not supported : Dmpu
2026-03-30 22:32:18,938 [ERROR] ConditionMgr:805 - Attr not supported : Dmpu
2026-03-30 22:32:18,939 [ERROR] ConditionMgr:805 - Attr not supported : Dmpu
2026-03-30 22:32:18,939 [ERROR] ConditionMgr:805 - Attr not supported : Dmpu
2026-03-30 22:32:18,939 [ERROR] ConditionMgr:805 - Attr not supported : Dmpu
2026-03-30 22:32:18,939 [ERROR] ConditionMgr:805 - Attr not supported : Dmpu
2026-03-30 22:32:18,939 [ERROR] ConditionMgr:805 - Attr not supported : Dmpu
2026-03-30 22:32:18,939 [ERROR] ConditionMgr:805 - Attr not supported : Dmpu
2026-03-30 22:32:18,939 [ERROR] ConditionMgr:805 - Attr not supported : Dmpu
2026-03-30 22:32:18,939 [ERROR] ConditionMgr:805 - Attr not supported : Dmpu
2026-03-30 22:32:18,939 [ERROR] ConditionMgr:805 - Attr not supported : Dmpu
2026-03-30 22:32:18,939 [ERROR] ConditionMgr:805 - Attr not supported : Dmpu
2026-03-30 22:32:18,939 [ERROR] ConditionMgr:805 - Attr not supported : Dmpu
2026-03-30 22:32:18,941 [WARN] PackLoader:240 - Cannot read IP mode file for STMicroelectronics.X-CUBE-WB05N.2.0.0
2026-03-30 22:32:18,944 [WARN] PackLoader:240 - Cannot read IP mode file for wolfSSL.I-CUBE-wolfTPM.3.8.0
2026-03-30 22:32:18,945 [ERROR] Engine:466 - C:\Users\dbank\.stm32cubemx\thirdparties\pdsc\STMicroelectronics.X-CUBE-TCPP.4.2.0.pdsc: PDSC version is not supported
2026-03-30 22:32:18,948 [WARN] PackLoader:240 - Cannot read IP mode file for RealThread.X-CUBE-RT-Thread_Nano.4.1.1
2026-03-30 22:32:18,950 [WARN] PackLoader:240 - Cannot read IP mode file for STMicroelectronics.FP-ATR-SIGFOX1.3.2.0
2026-03-30 22:32:18,952 [ERROR] Engine:466 - C:\Users\dbank\.stm32cubemx\thirdparties\pdsc\STMicroelectronics.X-CUBE-FREERTOS.1.5.0.pdsc: PDSC version is not supported
2026-03-30 22:32:18,955 [WARN] PackLoader:240 - Cannot read IP mode file for ITTIA_DB.I-CUBE-ITTIADB.8.9.0
2026-03-30 22:32:18,958 [WARN] PackLoader:240 - Cannot read IP mode file for STMicroelectronics.X-CUBE-NFC6.3.2.0
2026-03-30 22:32:18,961 [WARN] PackLoader:240 - Cannot read IP mode file for STMicroelectronics.X-CUBE-AI.10.2.0
2026-03-30 22:32:18,974 [WARN] PackLoader:240 - Cannot read IP mode file for SEGGER.I-CUBE-embOS.1.3.1
2026-03-30 22:32:19,002 [WARN] PackLoader:240 - Cannot read IP mode file for STMicroelectronics.X-CUBE-ALGOBUILD.1.4.0
2026-03-30 22:32:19,004 [WARN] PackLoader:240 - Cannot read IP mode file for STMicroelectronics.X-CUBE-PM33A1.1.0.0
2026-03-30 22:32:19,010 [WARN] PackLoader:240 - Cannot read IP mode file for STMicroelectronics.X-CUBE-AZRTOS-F4.1.1.0
2026-03-30 22:32:19,013 [WARN] PackLoader:240 - Cannot read IP mode file for STMicroelectronics.X-CUBE-ISPU.2.1.0
2026-03-30 22:32:19,016 [ERROR] Engine:466 - C:\Users\dbank\.stm32cubemx\thirdparties\pdsc\STMicroelectronics.X-CUBE-IPS.3.2.0.pdsc: PDSC version is not supported
2026-03-30 22:32:19,019 [WARN] PackLoader:240 - Cannot read IP mode file for STMicroelectronics.X-CUBE-NFC12.1.0.0
2026-03-30 22:32:19,025 [WARN] PackLoader:240 - Cannot read IP mode file for STMicroelectronics.X-CUBE-AZRTOS-L5.2.0.0
2026-03-30 22:32:19,029 [WARN] PackLoader:240 - Cannot read IP mode file for STMicroelectronics.X-CUBE-NFC6.3.1.0
2026-03-30 22:32:19,035 [WARN] PackLoader:240 - Cannot read IP mode file for STMicroelectronics.X-CUBE-TOUCHGFX.4.26.0
2026-03-30 22:32:19,037 [WARN] PackLoader:240 - Cannot read IP mode file for STMicroelectronics.X-CUBE-TOUCHGFX.4.26.1
2026-03-30 22:32:19,038 [ERROR] Engine:466 - C:\Users\dbank\.stm32cubemx\thirdparties\pdsc\STMicroelectronics.FP-SNS-STAIOTCFT.1.0.0.pdsc: PDSC version is not supported
2026-03-30 22:32:19,040 [WARN] PackLoader:240 - Cannot read IP mode file for STMicroelectronics.X-CUBE-DPower.1.3.0
2026-03-30 22:32:19,049 [WARN] ConditionMgr:438 - getConditionDescription Invalid condition id : LAN8742 Phy interface Condition cause : null
2026-03-30 22:32:19,049 [WARN] PackLoader:240 - Cannot read IP mode file for STMicroelectronics.X-CUBE-AZRTOS-L4.2.0.0
2026-03-30 22:32:19,050 [WARN] ConditionMgr:1039 - genDependencies : Invalid condition id : LAN8742 Phy interface Condition cause : null
2026-03-30 22:32:19,050 [WARN] ConditionMgr:1039 - genDependencies : Invalid condition id : LAN8742 Phy interface Condition cause : null
2026-03-30 22:32:19,050 [WARN] ConditionMgr:1039 - genDependencies : Invalid condition id : LAN8742 Phy interface Condition cause : null
2026-03-30 22:32:19,054 [WARN] PackLoader:240 - Cannot read IP mode file for STMicroelectronics.X-CUBE-SFXS2LP1.4.0.0
2026-03-30 22:32:19,056 [ERROR] Engine:466 - C:\Users\dbank\.stm32cubemx\thirdparties\pdsc\STMicroelectronics.X-CUBE-ST67W61.1.2.0.pdsc: PDSC version is not supported
2026-03-30 22:32:19,058 [ERROR] Engine:466 - C:\Users\dbank\.stm32cubemx\thirdparties\pdsc\STMicroelectronics.X-CUBE-BLEMGR.4.1.0.pdsc: PDSC version is not supported
2026-03-30 22:32:19,063 [WARN] ConditionMgr:438 - getConditionDescription Invalid condition id : UX DEVICE CLASS RTOS Condition cause : null
2026-03-30 22:32:19,063 [WARN] ConditionMgr:438 - getConditionDescription Invalid condition id : UX DEVICE CLASS RTOS Condition cause : null
2026-03-30 22:32:19,064 [WARN] PackLoader:240 - Cannot read IP mode file for STMicroelectronics.X-CUBE-AZRTOS-WB.2.0.0
2026-03-30 22:32:19,064 [WARN] ConditionMgr:1039 - genDependencies : Invalid condition id : UX DEVICE CLASS RTOS Condition cause : null
2026-03-30 22:32:19,064 [WARN] ConditionMgr:1039 - genDependencies : Invalid condition id : UX DEVICE CLASS RTOS Condition cause : null
2026-03-30 22:32:19,065 [WARN] ConditionMgr:1039 - genDependencies : Invalid condition id : UX DEVICE CLASS RTOS Condition cause : null
2026-03-30 22:32:19,065 [WARN] ConditionMgr:1039 - genDependencies : Invalid condition id : UX DEVICE CLASS RTOS Condition cause : null
2026-03-30 22:32:19,065 [WARN] ConditionMgr:1039 - genDependencies : Invalid condition id : UX DEVICE CLASS RTOS Condition cause : null
2026-03-30 22:32:19,068 [WARN] ConditionMgr:438 - getConditionDescription Invalid condition id : Cortex-A Device cause : null
2026-03-30 22:32:19,081 [WARN] ConditionMgr:1039 - genDependencies : Invalid condition id : Cortex-A Device cause : null
2026-03-30 22:32:19,081 [WARN] ConditionMgr:1039 - genDependencies : Invalid condition id : Cortex-A Device cause : null
2026-03-30 22:32:19,081 [WARN] ConditionMgr:1039 - genDependencies : Invalid condition id : Cortex-A Device cause : null
2026-03-30 22:32:19,084 [WARN] PackLoader:240 - Cannot read IP mode file for STMicroelectronics.X-CUBE-STSE01.2.0.0
2026-03-30 22:32:19,089 [WARN] PackLoader:240 - Cannot read IP mode file for STMicroelectronics.X-CUBE-SUBG2.5.0.0
2026-03-30 22:32:19,098 [WARN] PackLoader:240 - Cannot read IP mode file for STMicroelectronics.X-CUBE-AZRTOS-G4.2.0.0
2026-03-30 22:32:19,101 [WARN] PackLoader:240 - Cannot read IP mode file for wolfSSL.I-CUBE-wolfSSH.1.4.20
2026-03-30 22:32:19,103 [WARN] PackLoader:240 - Cannot read IP mode file for STMicroelectronics.X-CUBE-NFC7.2.0.0
2026-03-30 22:32:19,106 [WARN] PackLoader:240 - Cannot read IP mode file for STMicroelectronics.X-CUBE-ALS.1.0.2
2026-03-30 22:32:19,109 [WARN] PackLoader:240 - Cannot read IP mode file for STMicroelectronics.X-CUBE-STSE01.1.0.0
2026-03-30 22:32:19,112 [ERROR] Engine:466 - C:\Users\dbank\.stm32cubemx\thirdparties\pdsc\STMicroelectronics.X-CUBE-TOF1.3.4.3.pdsc: PDSC version is not supported
2026-03-30 22:32:19,112 [INFO] ThirdParty:978 - Integrity check success = true
2026-03-30 22:32:19,112 [INFO] IntegrityCheckThread:100 - exiting critical section [integrity check]
2026-03-30 22:32:19,112 [INFO] IntegrityCheckThread:103 - End integrity checks thread
2026-03-30 22:32:19,346 [ERROR] LogOutputStream:75 - [STDERR_REDIRECT] [Fatal Error] :1:1: Premature end of file.
2026-03-30 22:32:19,346 [ERROR] LogOutputStream:75 - [STDERR_REDIRECT] 
2026-03-30 22:32:20,361 [ERROR] LogOutputStream:75 - [STDERR_REDIRECT] [Fatal Error] :1:1: Premature end of file.
2026-03-30 22:32:20,361 [ERROR] LogOutputStream:75 - [STDERR_REDIRECT] 
2026-03-30 22:32:21,325 [ERROR] LogOutputStream:75 - [STDERR_REDIRECT] [Fatal Error] :1:1: Premature end of file.
2026-03-30 22:32:21,325 [ERROR] LogOutputStream:75 - [STDERR_REDIRECT] 
2026-03-30 22:32:22,325 [ERROR] LogOutputStream:75 - [STDERR_REDIRECT] [Fatal Error] :1:1: Premature end of file.
2026-03-30 22:32:22,325 [ERROR] LogOutputStream:75 - [STDERR_REDIRECT] 
2026-03-30 22:32:23,324 [ERROR] LogOutputStream:75 - [STDERR_REDIRECT] [Fatal Error] :1:1: Premature end of file.
2026-03-30 22:32:23,325 [ERROR] LogOutputStream:75 - [STDERR_REDIRECT] 
2026-03-30 22:32:24,325 [ERROR] LogOutputStream:75 - [STDERR_REDIRECT] [Fatal Error] :1:1: Premature end of file.
2026-03-30 22:32:24,325 [ERROR] LogOutputStream:75 - [STDERR_REDIRECT] 
2026-03-30 22:32:25,323 [ERROR] LogOutputStream:75 - [STDERR_REDIRECT] [Fatal Error] :1:1: Premature end of file.
2026-03-30 22:32:25,323 [ERROR] LogOutputStream:75 - [STDERR_REDIRECT] 
2026-03-30 22:32:26,323 [ERROR] LogOutputStream:75 - [STDERR_REDIRECT] [Fatal Error] :1:1: Premature end of file.
2026-03-30 22:32:26,323 [ERROR] LogOutputStream:75 - [STDERR_REDIRECT] 
2026-03-30 22:32:27,325 [ERROR] LogOutputStream:75 - [STDERR_REDIRECT] [Fatal Error] :1:1: Premature end of file.
2026-03-30 22:32:27,326 [ERROR] LogOutputStream:75 - [STDERR_REDIRECT] 
2026-03-30 22:32:28,322 [ERROR] LogOutputStream:75 - [STDERR_REDIRECT] [Fatal Error] :1:1: Premature end of file.
2026-03-30 22:32:28,322 [ERROR] LogOutputStream:75 - [STDERR_REDIRECT] 
2026-03-30 22:32:29,325 [ERROR] LogOutputStream:75 - [STDERR_REDIRECT] [Fatal Error] :1:1: Premature end of file.
2026-03-30 22:32:29,325 [ERROR] LogOutputStream:75 - [STDERR_REDIRECT] 
2026-03-30 22:32:30,323 [ERROR] LogOutputStream:75 - [STDERR_REDIRECT] [Fatal Error] :1:1: Premature end of file.
2026-03-30 22:32:30,323 [ERROR] LogOutputStream:75 - [STDERR_REDIRECT] 
2026-03-30 22:32:31,323 [ERROR] LogOutputStream:75 - [STDERR_REDIRECT] [Fatal Error] :1:1: Premature end of file.
2026-03-30 22:32:31,323 [ERROR] LogOutputStream:75 - [STDERR_REDIRECT] 
2026-03-30 22:32:32,324 [ERROR] LogOutputStream:75 - [STDERR_REDIRECT] [Fatal Error] :1:1: Premature end of file.
2026-03-30 22:32:32,324 [ERROR] LogOutputStream:75 - [STDERR_REDIRECT] 
2026-03-30 22:32:33,322 [ERROR] LogOutputStream:75 - [STDERR_REDIRECT] [Fatal Error] :1:1: Premature end of file.
2026-03-30 22:32:33,322 [ERROR] LogOutputStream:75 - [STDERR_REDIRECT] 
2026-03-30 22:32:34,321 [ERROR] LogOutputStream:75 - [STDERR_REDIRECT] [Fatal Error] :1:1: Premature end of file.
2026-03-30 22:32:34,321 [ERROR] LogOutputStream:75 - [STDERR_REDIRECT] 
2026-03-30 22:32:35,322 [ERROR] LogOutputStream:75 - [STDERR_REDIRECT] [Fatal Error] :1:1: Premature end of file.
2026-03-30 22:32:35,323 [ERROR] LogOutputStream:75 - [STDERR_REDIRECT] 
2026-03-30 22:32:36,324 [ERROR] LogOutputStream:75 - [STDERR_REDIRECT] [Fatal Error] :1:1: Premature end of file.
2026-03-30 22:32:36,324 [ERROR] LogOutputStream:75 - [STDERR_REDIRECT] 
2026-03-30 22:32:37,355 [ERROR] LogOutputStream:75 - [STDERR_REDIRECT] [Fatal Error] :1:1: Premature end of file.
2026-03-30 22:32:37,356 [ERROR] LogOutputStream:75 - [STDERR_REDIRECT] 
2026-03-30 22:32:38,326 [ERROR] LogOutputStream:75 - [STDERR_REDIRECT] [Fatal Error] :1:1: Premature end of file.
2026-03-30 22:32:38,326 [ERROR] LogOutputStream:75 - [STDERR_REDIRECT] 
2026-03-30 22:32:39,325 [ERROR] LogOutputStream:75 - [STDERR_REDIRECT] [Fatal Error] :1:1: Premature end of file.
2026-03-30 22:32:39,325 [ERROR] LogOutputStream:75 - [STDERR_REDIRECT] 
2026-03-30 22:32:40,325 [ERROR] LogOutputStream:75 - [STDERR_REDIRECT] [Fatal Error] :1:1: Premature end of file.
2026-03-30 22:32:40,325 [ERROR] LogOutputStream:75 - [STDERR_REDIRECT] 
2026-03-30 22:32:41,324 [ERROR] LogOutputStream:75 - [STDERR_REDIRECT] [Fatal Error] :1:1: Premature end of file.
2026-03-30 22:32:41,324 [ERROR] LogOutputStream:75 - [STDERR_REDIRECT] 
2026-03-30 22:32:42,327 [ERROR] LogOutputStream:75 - [STDERR_REDIRECT] [Fatal Error] :1:1: Premature end of file.
2026-03-30 22:32:42,327 [ERROR] LogOutputStream:75 - [STDERR_REDIRECT] 
2026-03-30 22:32:43,324 [ERROR] LogOutputStream:75 - [STDERR_REDIRECT] [Fatal Error] :1:1: Premature end of file.
2026-03-30 22:32:43,324 [ERROR] LogOutputStream:75 - [STDERR_REDIRECT] 
2026-03-30 22:32:44,326 [ERROR] LogOutputStream:75 - [STDERR_REDIRECT] [Fatal Error] :1:1: Premature end of file.
2026-03-30 22:32:44,326 [ERROR] LogOutputStream:75 - [STDERR_REDIRECT] 
2026-03-30 22:32:45,323 [ERROR] LogOutputStream:75 - [STDERR_REDIRECT] [Fatal Error] :1:1: Premature end of file.
2026-03-30 22:32:45,323 [ERROR] LogOutputStream:75 - [STDERR_REDIRECT] 
2026-03-30 22:32:46,350 [ERROR] LogOutputStream:75 - [STDERR_REDIRECT] [Fatal Error] :1:1: Premature end of file.
2026-03-30 22:32:46,350 [ERROR] LogOutputStream:75 - [STDERR_REDIRECT] 
2026-03-30 22:32:47,325 [ERROR] LogOutputStream:75 - [STDERR_REDIRECT] [Fatal Error] :1:1: Premature end of file.
2026-03-30 22:32:47,326 [ERROR] LogOutputStream:75 - [STDERR_REDIRECT] 
2026-03-30 22:32:48,325 [ERROR] LogOutputStream:75 - [STDERR_REDIRECT] [Fatal Error] :1:1: Premature end of file.
2026-03-30 22:32:48,325 [ERROR] LogOutputStream:75 - [STDERR_REDIRECT] 
2026-03-30 22:32:49,330 [ERROR] LogOutputStream:75 - [STDERR_REDIRECT] [Fatal Error] :1:1: Premature end of file.
2026-03-30 22:32:49,330 [ERROR] LogOutputStream:75 - [STDERR_REDIRECT] 
2026-03-30 22:32:50,337 [ERROR] LogOutputStream:75 - [STDERR_REDIRECT] [Fatal Error] :1:1: Premature end of file.
2026-03-30 22:32:50,337 [ERROR] LogOutputStream:75 - [STDERR_REDIRECT] 
2026-03-30 22:32:51,327 [ERROR] LogOutputStream:75 - [STDERR_REDIRECT] [Fatal Error] :1:1: Premature end of file.
2026-03-30 22:32:51,327 [ERROR] LogOutputStream:75 - [STDERR_REDIRECT] 
2026-03-30 22:32:52,330 [ERROR] LogOutputStream:75 - [STDERR_REDIRECT] [Fatal Error] :1:1: Premature end of file.
2026-03-30 22:32:52,330 [ERROR] LogOutputStream:75 - [STDERR_REDIRECT] 
2026-03-30 22:32:53,323 [ERROR] LogOutputStream:75 - [STDERR_REDIRECT] [Fatal Error] :1:1: Premature end of file.
2026-03-30 22:32:53,323 [ERROR] LogOutputStream:75 - [STDERR_REDIRECT] 
2026-03-30 22:32:54,346 [ERROR] LogOutputStream:75 - [STDERR_REDIRECT] [Fatal Error] :1:1: Premature end of file.
2026-03-30 22:32:54,346 [ERROR] LogOutputStream:75 - [STDERR_REDIRECT] 
2026-03-30 22:32:55,325 [ERROR] LogOutputStream:75 - [STDERR_REDIRECT] [Fatal Error] :1:1: Premature end of file.
2026-03-30 22:32:55,325 [ERROR] LogOutputStream:75 - [STDERR_REDIRECT] 
2026-03-30 22:32:56,403 [ERROR] LogOutputStream:75 - [STDERR_REDIRECT] [Fatal Error] :1:1: Premature end of file.
2026-03-30 22:32:56,404 [ERROR] LogOutputStream:75 - [STDERR_REDIRECT] 
2026-03-30 22:32:57,324 [ERROR] LogOutputStream:75 - [STDERR_REDIRECT] [Fatal Error] :1:1: Premature end of file.
2026-03-30 22:32:57,324 [ERROR] LogOutputStream:75 - [STDERR_REDIRECT] 
2026-03-30 22:32:58,325 [ERROR] LogOutputStream:75 - [STDERR_REDIRECT] [Fatal Error] :1:1: Premature end of file.
2026-03-30 22:32:58,325 [ERROR] LogOutputStream:75 - [STDERR_REDIRECT] 
2026-03-30 22:32:59,324 [ERROR] LogOutputStream:75 - [STDERR_REDIRECT] [Fatal Error] :1:1: Premature end of file.
2026-03-30 22:32:59,324 [ERROR] LogOutputStream:75 - [STDERR_REDIRECT] 
2026-03-30 22:33:00,322 [ERROR] LogOutputStream:75 - [STDERR_REDIRECT] [Fatal Error] :1:1: Premature end of file.
2026-03-30 22:33:00,323 [ERROR] LogOutputStream:75 - [STDERR_REDIRECT] 
2026-03-30 22:33:01,357 [ERROR] LogOutputStream:75 - [STDERR_REDIRECT] [Fatal Error] :1:1: Premature end of file.
2026-03-30 22:33:01,357 [ERROR] LogOutputStream:75 - [STDERR_REDIRECT] 
2026-03-30 22:33:02,324 [ERROR] LogOutputStream:75 - [STDERR_REDIRECT] [Fatal Error] :1:1: Premature end of file.
2026-03-30 22:33:02,324 [ERROR] LogOutputStream:75 - [STDERR_REDIRECT] 
2026-03-30 22:33:03,387 [ERROR] LogOutputStream:75 - [STDERR_REDIRECT] [Fatal Error] :1:1: Premature end of file.
2026-03-30 22:33:03,387 [ERROR] LogOutputStream:75 - [STDERR_REDIRECT] 
2026-03-30 22:33:04,322 [ERROR] LogOutputStream:75 - [STDERR_REDIRECT] [Fatal Error] :1:1: Premature end of file.
2026-03-30 22:33:04,323 [ERROR] LogOutputStream:75 - [STDERR_REDIRECT] 
2026-03-30 22:33:05,324 [ERROR] LogOutputStream:75 - [STDERR_REDIRECT] [Fatal Error] :1:1: Premature end of file.
2026-03-30 22:33:05,324 [ERROR] LogOutputStream:75 - [STDERR_REDIRECT] 
2026-03-30 22:33:06,331 [ERROR] LogOutputStream:75 - [STDERR_REDIRECT] [Fatal Error] :1:1: Premature end of file.
2026-03-30 22:33:06,331 [ERROR] LogOutputStream:75 - [STDERR_REDIRECT] 
2026-03-30 22:33:07,323 [ERROR] LogOutputStream:75 - [STDERR_REDIRECT] [Fatal Error] :1:1: Premature end of file.
2026-03-30 22:33:07,323 [ERROR] LogOutputStream:75 - [STDERR_REDIRECT] 
2026-03-30 22:33:08,328 [ERROR] LogOutputStream:75 - [STDERR_REDIRECT] [Fatal Error] :1:1: Premature end of file.
2026-03-30 22:33:08,328 [ERROR] LogOutputStream:75 - [STDERR_REDIRECT] 
2026-03-30 22:33:09,326 [ERROR] LogOutputStream:75 - [STDERR_REDIRECT] [Fatal Error] :1:1: Premature end of file.
2026-03-30 22:33:09,326 [ERROR] LogOutputStream:75 - [STDERR_REDIRECT] 
2026-03-30 22:33:10,336 [ERROR] LogOutputStream:75 - [STDERR_REDIRECT] [Fatal Error] :1:1: Premature end of file.
2026-03-30 22:33:10,336 [ERROR] LogOutputStream:75 - [STDERR_REDIRECT] 
2026-03-30 22:33:11,322 [ERROR] LogOutputStream:75 - [STDERR_REDIRECT] [Fatal Error] :1:1: Premature end of file.
2026-03-30 22:33:11,322 [ERROR] LogOutputStream:75 - [STDERR_REDIRECT] 
2026-03-30 22:33:12,322 [ERROR] LogOutputStream:75 - [STDERR_REDIRECT] [Fatal Error] :1:1: Premature end of file.
2026-03-30 22:33:12,322 [ERROR] LogOutputStream:75 - [STDERR_REDIRECT] 
2026-03-30 22:33:13,322 [ERROR] LogOutputStream:75 - [STDERR_REDIRECT] [Fatal Error] :1:1: Premature end of file.
2026-03-30 22:33:13,322 [ERROR] LogOutputStream:75 - [STDERR_REDIRECT] 
2026-03-30 22:33:14,324 [ERROR] LogOutputStream:75 - [STDERR_REDIRECT] [Fatal Error] :1:1: Premature end of file.
2026-03-30 22:33:14,324 [ERROR] LogOutputStream:75 - [STDERR_REDIRECT] 
2026-03-30 22:33:15,341 [ERROR] LogOutputStream:75 - [STDERR_REDIRECT] [Fatal Error] :1:1: Premature end of file.
2026-03-30 22:33:15,342 [ERROR] LogOutputStream:75 - [STDERR_REDIRECT] 
2026-03-30 22:33:16,326 [ERROR] LogOutputStream:75 - [STDERR_REDIRECT] [Fatal Error] :1:1: Premature end of file.
2026-03-30 22:33:16,326 [ERROR] LogOutputStream:75 - [STDERR_REDIRECT] 
2026-03-30 22:33:17,323 [ERROR] LogOutputStream:75 - [STDERR_REDIRECT] [Fatal Error] :1:1: Premature end of file.
2026-03-30 22:33:17,323 [ERROR] LogOutputStream:75 - [STDERR_REDIRECT] 
2026-03-30 22:33:18,327 [ERROR] LogOutputStream:75 - [STDERR_REDIRECT] [Fatal Error] :1:1: Premature end of file.
2026-03-30 22:33:18,327 [ERROR] LogOutputStream:75 - [STDERR_REDIRECT] 
2026-03-30 22:33:19,322 [ERROR] LogOutputStream:75 - [STDERR_REDIRECT] [Fatal Error] :1:1: Premature end of file.
2026-03-30 22:33:19,322 [ERROR] LogOutputStream:75 - [STDERR_REDIRECT] 
2026-03-30 22:33:20,396 [ERROR] LogOutputStream:75 - [STDERR_REDIRECT] [Fatal Error] :1:1: Premature end of file.
2026-03-30 22:33:20,396 [ERROR] LogOutputStream:75 - [STDERR_REDIRECT] 
2026-03-30 22:33:21,334 [ERROR] LogOutputStream:75 - [STDERR_REDIRECT] [Fatal Error] :1:1: Premature end of file.
2026-03-30 22:33:21,335 [ERROR] LogOutputStream:75 - [STDERR_REDIRECT] 
2026-03-30 22:33:22,352 [ERROR] LogOutputStream:75 - [STDERR_REDIRECT] [Fatal Error] :1:1: Premature end of file.
2026-03-30 22:33:22,352 [ERROR] LogOutputStream:75 - [STDERR_REDIRECT] 
2026-03-30 22:33:23,375 [ERROR] LogOutputStream:75 - [STDERR_REDIRECT] [Fatal Error] :1:1: Premature end of file.
2026-03-30 22:33:23,375 [ERROR] LogOutputStream:75 - [STDERR_REDIRECT] 
2026-03-30 22:33:24,365 [ERROR] LogOutputStream:75 - [STDERR_REDIRECT] [Fatal Error] :1:1: Premature end of file.
2026-03-30 22:33:24,365 [ERROR] LogOutputStream:75 - [STDERR_REDIRECT] 
2026-03-30 22:33:25,377 [ERROR] LogOutputStream:75 - [STDERR_REDIRECT] [Fatal Error] :1:1: Premature end of file.
2026-03-30 22:33:25,377 [ERROR] LogOutputStream:75 - [STDERR_REDIRECT] 
2026-03-30 22:33:26,322 [ERROR] LogOutputStream:75 - [STDERR_REDIRECT] [Fatal Error] :1:1: Premature end of file.
2026-03-30 22:33:26,322 [ERROR] LogOutputStream:75 - [STDERR_REDIRECT] 
2026-03-30 22:33:27,323 [ERROR] LogOutputStream:75 - [STDERR_REDIRECT] [Fatal Error] :1:1: Premature end of file.
2026-03-30 22:33:27,323 [ERROR] LogOutputStream:75 - [STDERR_REDIRECT] 
2026-03-30 22:33:28,321 [ERROR] LogOutputStream:75 - [STDERR_REDIRECT] [Fatal Error] :1:1: Premature end of file.
2026-03-30 22:33:28,322 [ERROR] LogOutputStream:75 - [STDERR_REDIRECT] 
2026-03-30 22:33:29,322 [ERROR] LogOutputStream:75 - [STDERR_REDIRECT] [Fatal Error] :1:1: Premature end of file.
2026-03-30 22:33:29,322 [ERROR] LogOutputStream:75 - [STDERR_REDIRECT] 
2026-03-30 22:33:30,322 [ERROR] LogOutputStream:75 - [STDERR_REDIRECT] [Fatal Error] :1:1: Premature end of file.
2026-03-30 22:33:30,322 [ERROR] LogOutputStream:75 - [STDERR_REDIRECT] 
2026-03-30 22:33:31,323 [ERROR] LogOutputStream:75 - [STDERR_REDIRECT] [Fatal Error] :1:1: Premature end of file.
2026-03-30 22:33:31,323 [ERROR] LogOutputStream:75 - [STDERR_REDIRECT] 
2026-03-30 22:33:32,321 [ERROR] LogOutputStream:75 - [STDERR_REDIRECT] [Fatal Error] :1:1: Premature end of file.
2026-03-30 22:33:32,321 [ERROR] LogOutputStream:75 - [STDERR_REDIRECT] 
2026-03-30 22:33:33,323 [ERROR] LogOutputStream:75 - [STDERR_REDIRECT] [Fatal Error] :1:1: Premature end of file.
2026-03-30 22:33:33,323 [ERROR] LogOutputStream:75 - [STDERR_REDIRECT] 
2026-03-30 22:33:34,323 [ERROR] LogOutputStream:75 - [STDERR_REDIRECT] [Fatal Error] :1:1: Premature end of file.
2026-03-30 22:33:34,323 [ERROR] LogOutputStream:75 - [STDERR_REDIRECT] 
2026-03-30 22:33:35,323 [ERROR] LogOutputStream:75 - [STDERR_REDIRECT] [Fatal Error] :1:1: Premature end of file.
2026-03-30 22:33:35,324 [ERROR] LogOutputStream:75 - [STDERR_REDIRECT] 
2026-03-30 22:33:36,325 [ERROR] LogOutputStream:75 - [STDERR_REDIRECT] [Fatal Error] :1:1: Premature end of file.
2026-03-30 22:33:36,325 [ERROR] LogOutputStream:75 - [STDERR_REDIRECT] 
2026-03-30 22:33:37,324 [ERROR] LogOutputStream:75 - [STDERR_REDIRECT] [Fatal Error] :1:1: Premature end of file.
2026-03-30 22:33:37,324 [ERROR] LogOutputStream:75 - [STDERR_REDIRECT] 
2026-03-30 22:33:38,322 [ERROR] LogOutputStream:75 - [STDERR_REDIRECT] [Fatal Error] :1:1: Premature end of file.
2026-03-30 22:33:38,322 [ERROR] LogOutputStream:75 - [STDERR_REDIRECT] 
2026-03-30 22:33:39,324 [ERROR] LogOutputStream:75 - [STDERR_REDIRECT] [Fatal Error] :1:1: Premature end of file.
2026-03-30 22:33:39,324 [ERROR] LogOutputStream:75 - [STDERR_REDIRECT] 
2026-03-30 22:33:40,325 [ERROR] LogOutputStream:75 - [STDERR_REDIRECT] [Fatal Error] :1:1: Premature end of file.
2026-03-30 22:33:40,325 [ERROR] LogOutputStream:75 - [STDERR_REDIRECT] 
2026-03-30 22:33:41,322 [ERROR] LogOutputStream:75 - [STDERR_REDIRECT] [Fatal Error] :1:1: Premature end of file.
2026-03-30 22:33:41,322 [ERROR] LogOutputStream:75 - [STDERR_REDIRECT] 
2026-03-30 22:33:42,326 [ERROR] LogOutputStream:75 - [STDERR_REDIRECT] [Fatal Error] :1:1: Premature end of file.
2026-03-30 22:33:42,326 [ERROR] LogOutputStream:75 - [STDERR_REDIRECT] 
2026-03-30 22:33:43,324 [ERROR] LogOutputStream:75 - [STDERR_REDIRECT] [Fatal Error] :1:1: Premature end of file.
2026-03-30 22:33:43,324 [ERROR] LogOutputStream:75 - [STDERR_REDIRECT] 
2026-03-30 22:33:44,323 [ERROR] LogOutputStream:75 - [STDERR_REDIRECT] [Fatal Error] :1:1: Premature end of file.
2026-03-30 22:33:44,324 [ERROR] LogOutputStream:75 - [STDERR_REDIRECT] 
2026-03-30 22:33:45,322 [ERROR] LogOutputStream:75 - [STDERR_REDIRECT] [Fatal Error] :1:1: Premature end of file.
2026-03-30 22:33:45,323 [ERROR] LogOutputStream:75 - [STDERR_REDIRECT] 
2026-03-30 22:33:46,322 [ERROR] LogOutputStream:75 - [STDERR_REDIRECT] [Fatal Error] :1:1: Premature end of file.
2026-03-30 22:33:46,323 [ERROR] LogOutputStream:75 - [STDERR_REDIRECT] 
2026-03-30 22:33:47,322 [ERROR] LogOutputStream:75 - [STDERR_REDIRECT] [Fatal Error] :1:1: Premature end of file.
2026-03-30 22:33:47,323 [ERROR] LogOutputStream:75 - [STDERR_REDIRECT] 
2026-03-30 22:33:48,337 [ERROR] LogOutputStream:75 - [STDERR_REDIRECT] [Fatal Error] :1:1: Premature end of file.
2026-03-30 22:33:48,337 [ERROR] LogOutputStream:75 - [STDERR_REDIRECT] 
2026-03-30 22:33:49,337 [ERROR] LogOutputStream:75 - [STDERR_REDIRECT] [Fatal Error] :1:1: Premature end of file.
2026-03-30 22:33:49,337 [ERROR] LogOutputStream:75 - [STDERR_REDIRECT] 
2026-03-30 22:33:50,357 [ERROR] LogOutputStream:75 - [STDERR_REDIRECT] [Fatal Error] :1:1: Premature end of file.
2026-03-30 22:33:50,357 [ERROR] LogOutputStream:75 - [STDERR_REDIRECT] 
2026-03-30 22:33:51,381 [ERROR] LogOutputStream:75 - [STDERR_REDIRECT] [Fatal Error] :1:1: Premature end of file.
2026-03-30 22:33:51,381 [ERROR] LogOutputStream:75 - [STDERR_REDIRECT] 
2026-03-30 22:33:52,339 [ERROR] LogOutputStream:75 - [STDERR_REDIRECT] [Fatal Error] :1:1: Premature end of file.
2026-03-30 22:33:52,339 [ERROR] LogOutputStream:75 - [STDERR_REDIRECT] 
2026-03-30 22:33:53,338 [ERROR] LogOutputStream:75 - [STDERR_REDIRECT] [Fatal Error] :1:1: Premature end of file.
2026-03-30 22:33:53,338 [ERROR] LogOutputStream:75 - [STDERR_REDIRECT] 
2026-03-30 22:33:54,337 [ERROR] LogOutputStream:75 - [STDERR_REDIRECT] [Fatal Error] :1:1: Premature end of file.
2026-03-30 22:33:54,338 [ERROR] LogOutputStream:75 - [STDERR_REDIRECT] 
2026-03-30 22:33:55,334 [ERROR] LogOutputStream:75 - [STDERR_REDIRECT] [Fatal Error] :1:1: Premature end of file.
2026-03-30 22:33:55,334 [ERROR] LogOutputStream:75 - [STDERR_REDIRECT] 
2026-03-30 22:33:56,334 [ERROR] LogOutputStream:75 - [STDERR_REDIRECT] [Fatal Error] :1:1: Premature end of file.
2026-03-30 22:33:56,334 [ERROR] LogOutputStream:75 - [STDERR_REDIRECT] 
2026-03-30 22:33:57,330 [ERROR] LogOutputStream:75 - [STDERR_REDIRECT] [Fatal Error] :1:1: Premature end of file.
2026-03-30 22:33:57,330 [ERROR] LogOutputStream:75 - [STDERR_REDIRECT] 
2026-03-30 22:33:58,334 [ERROR] LogOutputStream:75 - [STDERR_REDIRECT] [Fatal Error] :1:1: Premature end of file.
2026-03-30 22:33:58,334 [ERROR] LogOutputStream:75 - [STDERR_REDIRECT] 
2026-03-30 22:33:59,326 [ERROR] LogOutputStream:75 - [STDERR_REDIRECT] [Fatal Error] :1:1: Premature end of file.
2026-03-30 22:33:59,326 [ERROR] LogOutputStream:75 - [STDERR_REDIRECT] 
2026-03-30 22:34:00,331 [ERROR] LogOutputStream:75 - [STDERR_REDIRECT] [Fatal Error] :1:1: Premature end of file.
2026-03-30 22:34:00,331 [ERROR] LogOutputStream:75 - [STDERR_REDIRECT] 
2026-03-30 22:34:01,338 [ERROR] LogOutputStream:75 - [STDERR_REDIRECT] [Fatal Error] :1:1: Premature end of file.
2026-03-30 22:34:01,338 [ERROR] LogOutputStream:75 - [STDERR_REDIRECT] 
2026-03-30 22:34:02,333 [ERROR] LogOutputStream:75 - [STDERR_REDIRECT] [Fatal Error] :1:1: Premature end of file.
2026-03-30 22:34:02,333 [ERROR] LogOutputStream:75 - [STDERR_REDIRECT] 
2026-03-30 22:34:03,334 [ERROR] LogOutputStream:75 - [STDERR_REDIRECT] [Fatal Error] :1:1: Premature end of file.
2026-03-30 22:34:03,334 [ERROR] LogOutputStream:75 - [STDERR_REDIRECT] 
2026-03-30 22:34:04,336 [ERROR] LogOutputStream:75 - [STDERR_REDIRECT] [Fatal Error] :1:1: Premature end of file.
2026-03-30 22:34:04,336 [ERROR] LogOutputStream:75 - [STDERR_REDIRECT] 
2026-03-30 22:34:05,332 [ERROR] LogOutputStream:75 - [STDERR_REDIRECT] [Fatal Error] :1:1: Premature end of file.
2026-03-30 22:34:05,332 [ERROR] LogOutputStream:75 - [STDERR_REDIRECT] 
2026-03-30 22:34:06,335 [ERROR] LogOutputStream:75 - [STDERR_REDIRECT] [Fatal Error] :1:1: Premature end of file.
2026-03-30 22:34:06,335 [ERROR] LogOutputStream:75 - [STDERR_REDIRECT] 
2026-03-30 22:34:07,330 [ERROR] LogOutputStream:75 - [STDERR_REDIRECT] [Fatal Error] :1:1: Premature end of file.
2026-03-30 22:34:07,330 [ERROR] LogOutputStream:75 - [STDERR_REDIRECT] 
2026-03-30 22:34:08,332 [ERROR] LogOutputStream:75 - [STDERR_REDIRECT] [Fatal Error] :1:1: Premature end of file.
2026-03-30 22:34:08,332 [ERROR] LogOutputStream:75 - [STDERR_REDIRECT] 
2026-03-30 22:34:09,336 [ERROR] LogOutputStream:75 - [STDERR_REDIRECT] [Fatal Error] :1:1: Premature end of file.
2026-03-30 22:34:09,336 [ERROR] LogOutputStream:75 - [STDERR_REDIRECT] 
2026-03-30 22:34:10,337 [ERROR] LogOutputStream:75 - [STDERR_REDIRECT] [Fatal Error] :1:1: Premature end of file.
2026-03-30 22:34:10,337 [ERROR] LogOutputStream:75 - [STDERR_REDIRECT] 
2026-03-30 22:34:11,322 [ERROR] LogOutputStream:75 - [STDERR_REDIRECT] [Fatal Error] :1:1: Premature end of file.
2026-03-30 22:34:11,322 [ERROR] LogOutputStream:75 - [STDERR_REDIRECT] 
2026-03-30 22:34:12,326 [ERROR] LogOutputStream:75 - [STDERR_REDIRECT] [Fatal Error] :1:1: Premature end of file.
2026-03-30 22:34:12,326 [ERROR] LogOutputStream:75 - [STDERR_REDIRECT] 
2026-03-30 22:34:13,329 [ERROR] LogOutputStream:75 - [STDERR_REDIRECT] [Fatal Error] :1:1: Premature end of file.
2026-03-30 22:34:13,329 [ERROR] LogOutputStream:75 - [STDERR_REDIRECT] 
2026-03-30 22:34:14,324 [ERROR] LogOutputStream:75 - [STDERR_REDIRECT] [Fatal Error] :1:1: Premature end of file.
2026-03-30 22:34:14,324 [ERROR] LogOutputStream:75 - [STDERR_REDIRECT] 
2026-03-30 22:34:15,322 [ERROR] LogOutputStream:75 - [STDERR_REDIRECT] [Fatal Error] :1:1: Premature end of file.
2026-03-30 22:34:15,323 [ERROR] LogOutputStream:75 - [STDERR_REDIRECT] 
2026-03-30 22:34:16,322 [ERROR] LogOutputStream:75 - [STDERR_REDIRECT] [Fatal Error] :1:1: Premature end of file.
2026-03-30 22:34:16,322 [ERROR] LogOutputStream:75 - [STDERR_REDIRECT] 
2026-03-30 22:34:17,325 [ERROR] LogOutputStream:75 - [STDERR_REDIRECT] [Fatal Error] :1:1: Premature end of file.
2026-03-30 22:34:17,325 [ERROR] LogOutputStream:75 - [STDERR_REDIRECT] 
2026-03-30 22:34:18,324 [ERROR] LogOutputStream:75 - [STDERR_REDIRECT] [Fatal Error] :1:1: Premature end of file.
2026-03-30 22:34:18,324 [ERROR] LogOutputStream:75 - [STDERR_REDIRECT] 
2026-03-30 22:34:19,324 [ERROR] LogOutputStream:75 - [STDERR_REDIRECT] [Fatal Error] :1:1: Premature end of file.
2026-03-30 22:34:19,325 [ERROR] LogOutputStream:75 - [STDERR_REDIRECT] 
2026-03-30 22:34:20,325 [ERROR] LogOutputStream:75 - [STDERR_REDIRECT] [Fatal Error] :1:1: Premature end of file.
2026-03-30 22:34:20,325 [ERROR] LogOutputStream:75 - [STDERR_REDIRECT] 
2026-03-30 22:34:21,334 [ERROR] LogOutputStream:75 - [STDERR_REDIRECT] [Fatal Error] :1:1: Premature end of file.
2026-03-30 22:34:21,334 [ERROR] LogOutputStream:75 - [STDERR_REDIRECT] 
2026-03-30 22:34:22,333 [ERROR] LogOutputStream:75 - [STDERR_REDIRECT] [Fatal Error] :1:1: Premature end of file.
2026-03-30 22:34:22,333 [ERROR] LogOutputStream:75 - [STDERR_REDIRECT] 
2026-03-30 22:34:23,322 [ERROR] LogOutputStream:75 - [STDERR_REDIRECT] [Fatal Error] :1:1: Premature end of file.
2026-03-30 22:34:23,322 [ERROR] LogOutputStream:75 - [STDERR_REDIRECT] 
2026-03-30 22:34:24,340 [ERROR] LogOutputStream:75 - [STDERR_REDIRECT] [Fatal Error] :1:1: Premature end of file.
2026-03-30 22:34:24,340 [ERROR] LogOutputStream:75 - [STDERR_REDIRECT] 
2026-03-30 22:34:25,332 [ERROR] LogOutputStream:75 - [STDERR_REDIRECT] [Fatal Error] :1:1: Premature end of file.
2026-03-30 22:34:25,332 [ERROR] LogOutputStream:75 - [STDERR_REDIRECT] 
2026-03-30 22:34:26,323 [ERROR] LogOutputStream:75 - [STDERR_REDIRECT] [Fatal Error] :1:1: Premature end of file.
2026-03-30 22:34:26,323 [ERROR] LogOutputStream:75 - [STDERR_REDIRECT] 
2026-03-30 22:34:27,326 [ERROR] LogOutputStream:75 - [STDERR_REDIRECT] [Fatal Error] :1:1: Premature end of file.
2026-03-30 22:34:27,326 [ERROR] LogOutputStream:75 - [STDERR_REDIRECT] 
2026-03-30 22:34:28,323 [ERROR] LogOutputStream:75 - [STDERR_REDIRECT] [Fatal Error] :1:1: Premature end of file.
2026-03-30 22:34:28,323 [ERROR] LogOutputStream:75 - [STDERR_REDIRECT] 
2026-03-30 22:34:29,324 [ERROR] LogOutputStream:75 - [STDERR_REDIRECT] [Fatal Error] :1:1: Premature end of file.
2026-03-30 22:34:29,324 [ERROR] LogOutputStream:75 - [STDERR_REDIRECT] 
2026-03-30 22:34:30,322 [ERROR] LogOutputStream:75 - [STDERR_REDIRECT] [Fatal Error] :1:1: Premature end of file.
2026-03-30 22:34:30,322 [ERROR] LogOutputStream:75 - [STDERR_REDIRECT] 
2026-03-30 22:34:31,325 [ERROR] LogOutputStream:75 - [STDERR_REDIRECT] [Fatal Error] :1:1: Premature end of file.
2026-03-30 22:34:31,325 [ERROR] LogOutputStream:75 - [STDERR_REDIRECT] 
2026-03-30 22:34:32,335 [ERROR] LogOutputStream:75 - [STDERR_REDIRECT] [Fatal Error] :1:1: Premature end of file.
2026-03-30 22:34:32,335 [ERROR] LogOutputStream:75 - [STDERR_REDIRECT] 
2026-03-30 22:34:33,331 [ERROR] LogOutputStream:75 - [STDERR_REDIRECT] [Fatal Error] :1:1: Premature end of file.
2026-03-30 22:34:33,331 [ERROR] LogOutputStream:75 - [STDERR_REDIRECT] 
2026-03-30 22:34:34,323 [ERROR] LogOutputStream:75 - [STDERR_REDIRECT] [Fatal Error] :1:1: Premature end of file.
2026-03-30 22:34:34,323 [ERROR] LogOutputStream:75 - [STDERR_REDIRECT] 
2026-03-30 22:34:35,325 [ERROR] LogOutputStream:75 - [STDERR_REDIRECT] [Fatal Error] :1:1: Premature end of file.
2026-03-30 22:34:35,325 [ERROR] LogOutputStream:75 - [STDERR_REDIRECT] 
2026-03-30 22:34:36,337 [ERROR] LogOutputStream:75 - [STDERR_REDIRECT] [Fatal Error] :1:1: Premature end of file.
2026-03-30 22:34:36,337 [ERROR] LogOutputStream:75 - [STDERR_REDIRECT] 
2026-03-30 22:34:37,318 [ERROR] LogOutputStream:75 - [STDERR_REDIRECT] [Fatal Error] :1:1: Premature end of file.
2026-03-30 22:34:37,318 [ERROR] LogOutputStream:75 - [STDERR_REDIRECT] 
2026-03-30 22:34:38,336 [ERROR] LogOutputStream:75 - [STDERR_REDIRECT] [Fatal Error] :1:1: Premature end of file.
2026-03-30 22:34:38,336 [ERROR] LogOutputStream:75 - [STDERR_REDIRECT] 
2026-03-30 22:34:39,335 [ERROR] LogOutputStream:75 - [STDERR_REDIRECT] [Fatal Error] :1:1: Premature end of file.
2026-03-30 22:34:39,335 [ERROR] LogOutputStream:75 - [STDERR_REDIRECT] 
2026-03-30 22:34:40,335 [ERROR] LogOutputStream:75 - [STDERR_REDIRECT] [Fatal Error] :1:1: Premature end of file.
2026-03-30 22:34:40,335 [ERROR] LogOutputStream:75 - [STDERR_REDIRECT] 
2026-03-30 22:34:41,335 [ERROR] LogOutputStream:75 - [STDERR_REDIRECT] [Fatal Error] :1:1: Premature end of file.
2026-03-30 22:34:41,335 [ERROR] LogOutputStream:75 - [STDERR_REDIRECT] 
2026-03-30 22:34:42,330 [ERROR] LogOutputStream:75 - [STDERR_REDIRECT] [Fatal Error] :1:1: Premature end of file.
2026-03-30 22:34:42,330 [ERROR] LogOutputStream:75 - [STDERR_REDIRECT] 
2026-03-30 22:34:43,327 [ERROR] LogOutputStream:75 - [STDERR_REDIRECT] [Fatal Error] :1:1: Premature end of file.
2026-03-30 22:34:43,327 [ERROR] LogOutputStream:75 - [STDERR_REDIRECT] 
2026-03-30 22:34:44,327 [ERROR] LogOutputStream:75 - [STDERR_REDIRECT] [Fatal Error] :1:1: Premature end of file.
2026-03-30 22:34:44,327 [ERROR] LogOutputStream:75 - [STDERR_REDIRECT] 
2026-03-30 22:34:45,336 [ERROR] LogOutputStream:75 - [STDERR_REDIRECT] [Fatal Error] :1:1: Premature end of file.
2026-03-30 22:34:45,336 [ERROR] LogOutputStream:75 - [STDERR_REDIRECT] 
2026-03-30 22:34:46,336 [ERROR] LogOutputStream:75 - [STDERR_REDIRECT] [Fatal Error] :1:1: Premature end of file.
2026-03-30 22:34:46,336 [ERROR] LogOutputStream:75 - [STDERR_REDIRECT] 
2026-03-30 22:34:47,336 [ERROR] LogOutputStream:75 - [STDERR_REDIRECT] [Fatal Error] :1:1: Premature end of file.
2026-03-30 22:34:47,336 [ERROR] LogOutputStream:75 - [STDERR_REDIRECT] 
2026-03-30 22:34:48,333 [ERROR] LogOutputStream:75 - [STDERR_REDIRECT] [Fatal Error] :1:1: Premature end of file.
2026-03-30 22:34:48,333 [ERROR] LogOutputStream:75 - [STDERR_REDIRECT] 
2026-03-30 22:34:49,339 [ERROR] LogOutputStream:75 - [STDERR_REDIRECT] [Fatal Error] :1:1: Premature end of file.
2026-03-30 22:34:49,339 [ERROR] LogOutputStream:75 - [STDERR_REDIRECT] 
2026-03-30 22:34:50,333 [ERROR] LogOutputStream:75 - [STDERR_REDIRECT] [Fatal Error] :1:1: Premature end of file.
2026-03-30 22:34:50,333 [ERROR] LogOutputStream:75 - [STDERR_REDIRECT] 
2026-03-30 22:34:51,337 [ERROR] LogOutputStream:75 - [STDERR_REDIRECT] [Fatal Error] :1:1: Premature end of file.
2026-03-30 22:34:51,337 [ERROR] LogOutputStream:75 - [STDERR_REDIRECT] 
2026-03-30 22:34:52,336 [ERROR] LogOutputStream:75 - [STDERR_REDIRECT] [Fatal Error] :1:1: Premature end of file.
2026-03-30 22:34:52,336 [ERROR] LogOutputStream:75 - [STDERR_REDIRECT] 
2026-03-30 22:34:53,322 [ERROR] LogOutputStream:75 - [STDERR_REDIRECT] [Fatal Error] :1:1: Premature end of file.
2026-03-30 22:34:53,322 [ERROR] LogOutputStream:75 - [STDERR_REDIRECT] 
2026-03-30 22:34:54,338 [ERROR] LogOutputStream:75 - [STDERR_REDIRECT] [Fatal Error] :1:1: Premature end of file.
2026-03-30 22:34:54,338 [ERROR] LogOutputStream:75 - [STDERR_REDIRECT] 
2026-03-30 22:34:55,337 [ERROR] LogOutputStream:75 - [STDERR_REDIRECT] [Fatal Error] :1:1: Premature end of file.
2026-03-30 22:34:55,337 [ERROR] LogOutputStream:75 - [STDERR_REDIRECT] 
2026-03-30 22:34:56,323 [ERROR] LogOutputStream:75 - [STDERR_REDIRECT] [Fatal Error] :1:1: Premature end of file.
2026-03-30 22:34:56,323 [ERROR] LogOutputStream:75 - [STDERR_REDIRECT] 
2026-03-30 22:34:57,323 [ERROR] LogOutputStream:75 - [STDERR_REDIRECT] [Fatal Error] :1:1: Premature end of file.
2026-03-30 22:34:57,323 [ERROR] LogOutputStream:75 - [STDERR_REDIRECT] 
2026-03-30 22:34:58,337 [ERROR] LogOutputStream:75 - [STDERR_REDIRECT] [Fatal Error] :1:1: Premature end of file.
2026-03-30 22:34:58,337 [ERROR] LogOutputStream:75 - [STDERR_REDIRECT] 
2026-03-30 22:34:59,337 [ERROR] LogOutputStream:75 - [STDERR_REDIRECT] [Fatal Error] :1:1: Premature end of file.
2026-03-30 22:34:59,337 [ERROR] LogOutputStream:75 - [STDERR_REDIRECT] 
2026-03-30 22:35:00,339 [ERROR] LogOutputStream:75 - [STDERR_REDIRECT] [Fatal Error] :1:1: Premature end of file.
2026-03-30 22:35:00,339 [ERROR] LogOutputStream:75 - [STDERR_REDIRECT] 
2026-03-30 22:35:01,333 [ERROR] LogOutputStream:75 - [STDERR_REDIRECT] [Fatal Error] :1:1: Premature end of file.
2026-03-30 22:35:01,333 [ERROR] LogOutputStream:75 - [STDERR_REDIRECT] 
2026-03-30 22:35:02,333 [ERROR] LogOutputStream:75 - [STDERR_REDIRECT] [Fatal Error] :1:1: Premature end of file.
2026-03-30 22:35:02,333 [ERROR] LogOutputStream:75 - [STDERR_REDIRECT] 
2026-03-30 22:35:03,329 [ERROR] LogOutputStream:75 - [STDERR_REDIRECT] [Fatal Error] :1:1: Premature end of file.
2026-03-30 22:35:03,329 [ERROR] LogOutputStream:75 - [STDERR_REDIRECT] 
2026-03-30 22:35:04,333 [ERROR] LogOutputStream:75 - [STDERR_REDIRECT] [Fatal Error] :1:1: Premature end of file.
2026-03-30 22:35:04,333 [ERROR] LogOutputStream:75 - [STDERR_REDIRECT] 
2026-03-30 22:35:05,335 [ERROR] LogOutputStream:75 - [STDERR_REDIRECT] [Fatal Error] :1:1: Premature end of file.
2026-03-30 22:35:05,335 [ERROR] LogOutputStream:75 - [STDERR_REDIRECT] 
2026-03-30 22:35:06,321 [ERROR] LogOutputStream:75 - [STDERR_REDIRECT] [Fatal Error] :1:1: Premature end of file.
2026-03-30 22:35:06,321 [ERROR] LogOutputStream:75 - [STDERR_REDIRECT] 
2026-03-30 22:35:07,325 [ERROR] LogOutputStream:75 - [STDERR_REDIRECT] [Fatal Error] :1:1: Premature end of file.
2026-03-30 22:35:07,325 [ERROR] LogOutputStream:75 - [STDERR_REDIRECT] 
2026-03-30 22:35:08,333 [ERROR] LogOutputStream:75 - [STDERR_REDIRECT] [Fatal Error] :1:1: Premature end of file.
2026-03-30 22:35:08,333 [ERROR] LogOutputStream:75 - [STDERR_REDIRECT] 
2026-03-30 22:35:09,324 [ERROR] LogOutputStream:75 - [STDERR_REDIRECT] [Fatal Error] :1:1: Premature end of file.
2026-03-30 22:35:09,324 [ERROR] LogOutputStream:75 - [STDERR_REDIRECT] 
2026-03-30 22:35:10,325 [ERROR] LogOutputStream:75 - [STDERR_REDIRECT] [Fatal Error] :1:1: Premature end of file.
2026-03-30 22:35:10,325 [ERROR] LogOutputStream:75 - [STDERR_REDIRECT] 
2026-03-30 22:35:11,338 [ERROR] LogOutputStream:75 - [STDERR_REDIRECT] [Fatal Error] :1:1: Premature end of file.
2026-03-30 22:35:11,338 [ERROR] LogOutputStream:75 - [STDERR_REDIRECT] 
2026-03-30 22:35:12,324 [ERROR] LogOutputStream:75 - [STDERR_REDIRECT] [Fatal Error] :1:1: Premature end of file.
2026-03-30 22:35:12,324 [ERROR] LogOutputStream:75 - [STDERR_REDIRECT] 
2026-03-30 22:35:13,324 [ERROR] LogOutputStream:75 - [STDERR_REDIRECT] [Fatal Error] :1:1: Premature end of file.
2026-03-30 22:35:13,324 [ERROR] LogOutputStream:75 - [STDERR_REDIRECT] 
2026-03-30 22:35:14,340 [ERROR] LogOutputStream:75 - [STDERR_REDIRECT] [Fatal Error] :1:1: Premature end of file.
2026-03-30 22:35:14,340 [ERROR] LogOutputStream:75 - [STDERR_REDIRECT] 
2026-03-30 22:35:15,339 [ERROR] LogOutputStream:75 - [STDERR_REDIRECT] [Fatal Error] :1:1: Premature end of file.
2026-03-30 22:35:15,340 [ERROR] LogOutputStream:75 - [STDERR_REDIRECT] 
2026-03-30 22:35:16,324 [ERROR] LogOutputStream:75 - [STDERR_REDIRECT] [Fatal Error] :1:1: Premature end of file.
2026-03-30 22:35:16,324 [ERROR] LogOutputStream:75 - [STDERR_REDIRECT] 
2026-03-30 22:35:17,337 [ERROR] LogOutputStream:75 - [STDERR_REDIRECT] [Fatal Error] :1:1: Premature end of file.
2026-03-30 22:35:17,337 [ERROR] LogOutputStream:75 - [STDERR_REDIRECT] 
2026-03-30 22:35:18,334 [ERROR] LogOutputStream:75 - [STDERR_REDIRECT] [Fatal Error] :1:1: Premature end of file.
2026-03-30 22:35:18,334 [ERROR] LogOutputStream:75 - [STDERR_REDIRECT] 
2026-03-30 22:35:19,339 [ERROR] LogOutputStream:75 - [STDERR_REDIRECT] [Fatal Error] :1:1: Premature end of file.
2026-03-30 22:35:19,340 [ERROR] LogOutputStream:75 - [STDERR_REDIRECT] 
2026-03-30 22:35:20,339 [ERROR] LogOutputStream:75 - [STDERR_REDIRECT] [Fatal Error] :1:1: Premature end of file.
2026-03-30 22:35:20,339 [ERROR] LogOutputStream:75 - [STDERR_REDIRECT] 
2026-03-30 22:35:21,340 [ERROR] LogOutputStream:75 - [STDERR_REDIRECT] [Fatal Error] :1:1: Premature end of file.
2026-03-30 22:35:21,340 [ERROR] LogOutputStream:75 - [STDERR_REDIRECT] 
2026-03-30 22:35:22,335 [ERROR] LogOutputStream:75 - [STDERR_REDIRECT] [Fatal Error] :1:1: Premature end of file.
2026-03-30 22:35:22,335 [ERROR] LogOutputStream:75 - [STDERR_REDIRECT] 
2026-03-30 22:35:23,337 [ERROR] LogOutputStream:75 - [STDERR_REDIRECT] [Fatal Error] :1:1: Premature end of file.
2026-03-30 22:35:23,337 [ERROR] LogOutputStream:75 - [STDERR_REDIRECT] 
2026-03-30 22:35:24,322 [ERROR] LogOutputStream:75 - [STDERR_REDIRECT] [Fatal Error] :1:1: Premature end of file.
2026-03-30 22:35:24,322 [ERROR] LogOutputStream:75 - [STDERR_REDIRECT] 
2026-03-30 22:35:25,329 [ERROR] LogOutputStream:75 - [STDERR_REDIRECT] [Fatal Error] :1:1: Premature end of file.
2026-03-30 22:35:25,329 [ERROR] LogOutputStream:75 - [STDERR_REDIRECT] 
2026-03-30 22:35:26,334 [ERROR] LogOutputStream:75 - [STDERR_REDIRECT] [Fatal Error] :1:1: Premature end of file.
2026-03-30 22:35:26,334 [ERROR] LogOutputStream:75 - [STDERR_REDIRECT] 
2026-03-30 22:35:27,336 [ERROR] LogOutputStream:75 - [STDERR_REDIRECT] [Fatal Error] :1:1: Premature end of file.
2026-03-30 22:35:27,336 [ERROR] LogOutputStream:75 - [STDERR_REDIRECT] 
2026-03-30 22:35:28,322 [ERROR] LogOutputStream:75 - [STDERR_REDIRECT] [Fatal Error] :1:1: Premature end of file.
2026-03-30 22:35:28,322 [ERROR] LogOutputStream:75 - [STDERR_REDIRECT] 
2026-03-30 22:35:29,332 [ERROR] LogOutputStream:75 - [STDERR_REDIRECT] [Fatal Error] :1:1: Premature end of file.
2026-03-30 22:35:29,332 [ERROR] LogOutputStream:75 - [STDERR_REDIRECT] 
2026-03-30 22:35:30,336 [ERROR] LogOutputStream:75 - [STDERR_REDIRECT] [Fatal Error] :1:1: Premature end of file.
2026-03-30 22:35:30,336 [ERROR] LogOutputStream:75 - [STDERR_REDIRECT] 
2026-03-30 22:35:31,322 [ERROR] LogOutputStream:75 - [STDERR_REDIRECT] [Fatal Error] :1:1: Premature end of file.
2026-03-30 22:35:31,322 [ERROR] LogOutputStream:75 - [STDERR_REDIRECT] 
2026-03-30 22:35:32,336 [ERROR] LogOutputStream:75 - [STDERR_REDIRECT] [Fatal Error] :1:1: Premature end of file.
2026-03-30 22:35:32,337 [ERROR] LogOutputStream:75 - [STDERR_REDIRECT] 
2026-03-30 22:35:33,340 [ERROR] LogOutputStream:75 - [STDERR_REDIRECT] [Fatal Error] :1:1: Premature end of file.
2026-03-30 22:35:33,340 [ERROR] LogOutputStream:75 - [STDERR_REDIRECT] 
2026-03-30 22:35:34,323 [ERROR] LogOutputStream:75 - [STDERR_REDIRECT] [Fatal Error] :1:1: Premature end of file.
2026-03-30 22:35:34,323 [ERROR] LogOutputStream:75 - [STDERR_REDIRECT] 
2026-03-30 22:35:35,325 [ERROR] LogOutputStream:75 - [STDERR_REDIRECT] [Fatal Error] :1:1: Premature end of file.
2026-03-30 22:35:35,325 [ERROR] LogOutputStream:75 - [STDERR_REDIRECT] 
2026-03-30 22:35:36,328 [ERROR] LogOutputStream:75 - [STDERR_REDIRECT] [Fatal Error] :1:1: Premature end of file.
2026-03-30 22:35:36,328 [ERROR] LogOutputStream:75 - [STDERR_REDIRECT] 
2026-03-30 22:35:37,325 [ERROR] LogOutputStream:75 - [STDERR_REDIRECT] [Fatal Error] :1:1: Premature end of file.
2026-03-30 22:35:37,325 [ERROR] LogOutputStream:75 - [STDERR_REDIRECT] 
2026-03-30 22:35:38,323 [ERROR] LogOutputStream:75 - [STDERR_REDIRECT] [Fatal Error] :1:1: Premature end of file.
2026-03-30 22:35:38,323 [ERROR] LogOutputStream:75 - [STDERR_REDIRECT] 
2026-03-30 22:35:39,322 [ERROR] LogOutputStream:75 - [STDERR_REDIRECT] [Fatal Error] :1:1: Premature end of file.
2026-03-30 22:35:39,322 [ERROR] LogOutputStream:75 - [STDERR_REDIRECT] 
2026-03-30 22:35:40,324 [ERROR] LogOutputStream:75 - [STDERR_REDIRECT] [Fatal Error] :1:1: Premature end of file.
2026-03-30 22:35:40,324 [ERROR] LogOutputStream:75 - [STDERR_REDIRECT] 
2026-03-30 22:35:41,324 [ERROR] LogOutputStream:75 - [STDERR_REDIRECT] [Fatal Error] :1:1: Premature end of file.
2026-03-30 22:35:41,324 [ERROR] LogOutputStream:75 - [STDERR_REDIRECT] 
2026-03-30 22:35:42,336 [ERROR] LogOutputStream:75 - [STDERR_REDIRECT] [Fatal Error] :1:1: Premature end of file.
2026-03-30 22:35:42,336 [ERROR] LogOutputStream:75 - [STDERR_REDIRECT] 
2026-03-30 22:35:43,323 [ERROR] LogOutputStream:75 - [STDERR_REDIRECT] [Fatal Error] :1:1: Premature end of file.
2026-03-30 22:35:43,323 [ERROR] LogOutputStream:75 - [STDERR_REDIRECT] 
2026-03-30 22:35:44,339 [ERROR] LogOutputStream:75 - [STDERR_REDIRECT] [Fatal Error] :1:1: Premature end of file.
2026-03-30 22:35:44,339 [ERROR] LogOutputStream:75 - [STDERR_REDIRECT] 
2026-03-30 22:35:45,324 [ERROR] LogOutputStream:75 - [STDERR_REDIRECT] [Fatal Error] :1:1: Premature end of file.
2026-03-30 22:35:45,324 [ERROR] LogOutputStream:75 - [STDERR_REDIRECT] 
2026-03-30 22:35:46,325 [ERROR] LogOutputStream:75 - [STDERR_REDIRECT] [Fatal Error] :1:1: Premature end of file.
2026-03-30 22:35:46,325 [ERROR] LogOutputStream:75 - [STDERR_REDIRECT] 
2026-03-30 22:35:47,322 [ERROR] LogOutputStream:75 - [STDERR_REDIRECT] [Fatal Error] :1:1: Premature end of file.
2026-03-30 22:35:47,322 [ERROR] LogOutputStream:75 - [STDERR_REDIRECT] 
2026-03-30 22:35:48,339 [ERROR] LogOutputStream:75 - [STDERR_REDIRECT] [Fatal Error] :1:1: Premature end of file.
2026-03-30 22:35:48,339 [ERROR] LogOutputStream:75 - [STDERR_REDIRECT] 
2026-03-30 22:35:49,322 [ERROR] LogOutputStream:75 - [STDERR_REDIRECT] [Fatal Error] :1:1: Premature end of file.
2026-03-30 22:35:49,322 [ERROR] LogOutputStream:75 - [STDERR_REDIRECT] 
2026-03-30 22:35:50,324 [ERROR] LogOutputStream:75 - [STDERR_REDIRECT] [Fatal Error] :1:1: Premature end of file.
2026-03-30 22:35:50,324 [ERROR] LogOutputStream:75 - [STDERR_REDIRECT] 
2026-03-30 22:35:51,321 [ERROR] LogOutputStream:75 - [STDERR_REDIRECT] [Fatal Error] :1:1: Premature end of file.
2026-03-30 22:35:51,321 [ERROR] LogOutputStream:75 - [STDERR_REDIRECT] 
2026-03-30 22:35:52,323 [ERROR] LogOutputStream:75 - [STDERR_REDIRECT] [Fatal Error] :1:1: Premature end of file.
2026-03-30 22:35:52,323 [ERROR] LogOutputStream:75 - [STDERR_REDIRECT] 
2026-03-30 22:35:53,323 [ERROR] LogOutputStream:75 - [STDERR_REDIRECT] [Fatal Error] :1:1: Premature end of file.
2026-03-30 22:35:53,323 [ERROR] LogOutputStream:75 - [STDERR_REDIRECT] 
2026-03-30 22:35:54,321 [ERROR] LogOutputStream:75 - [STDERR_REDIRECT] [Fatal Error] :1:1: Premature end of file.
2026-03-30 22:35:54,321 [ERROR] LogOutputStream:75 - [STDERR_REDIRECT] 
2026-03-30 22:35:55,324 [ERROR] LogOutputStream:75 - [STDERR_REDIRECT] [Fatal Error] :1:1: Premature end of file.
2026-03-30 22:35:55,324 [ERROR] LogOutputStream:75 - [STDERR_REDIRECT] 
2026-03-30 22:35:56,324 [ERROR] LogOutputStream:75 - [STDERR_REDIRECT] [Fatal Error] :1:1: Premature end of file.
2026-03-30 22:35:56,324 [ERROR] LogOutputStream:75 - [STDERR_REDIRECT] 
2026-03-30 22:35:57,323 [ERROR] LogOutputStream:75 - [STDERR_REDIRECT] [Fatal Error] :1:1: Premature end of file.
2026-03-30 22:35:57,339 [ERROR] LogOutputStream:75 - [STDERR_REDIRECT] 
2026-03-30 22:35:58,342 [ERROR] LogOutputStream:75 - [STDERR_REDIRECT] [Fatal Error] :1:1: Premature end of file.
2026-03-30 22:35:58,342 [ERROR] LogOutputStream:75 - [STDERR_REDIRECT] 
2026-03-30 22:35:59,339 [ERROR] LogOutputStream:75 - [STDERR_REDIRECT] [Fatal Error] :1:1: Premature end of file.
2026-03-30 22:35:59,339 [ERROR] LogOutputStream:75 - [STDERR_REDIRECT] 
2026-03-30 22:36:00,324 [ERROR] LogOutputStream:75 - [STDERR_REDIRECT] [Fatal Error] :1:1: Premature end of file.
2026-03-30 22:36:00,324 [ERROR] LogOutputStream:75 - [STDERR_REDIRECT] 
2026-03-30 22:36:01,324 [ERROR] LogOutputStream:75 - [STDERR_REDIRECT] [Fatal Error] :1:1: Premature end of file.
2026-03-30 22:36:01,324 [ERROR] LogOutputStream:75 - [STDERR_REDIRECT] 
2026-03-30 22:36:02,326 [ERROR] LogOutputStream:75 - [STDERR_REDIRECT] [Fatal Error] :1:1: Premature end of file.
2026-03-30 22:36:02,326 [ERROR] LogOutputStream:75 - [STDERR_REDIRECT] 
2026-03-30 22:36:03,321 [ERROR] LogOutputStream:75 - [STDERR_REDIRECT] [Fatal Error] :1:1: Premature end of file.
2026-03-30 22:36:03,321 [ERROR] LogOutputStream:75 - [STDERR_REDIRECT] 
2026-03-30 22:36:04,341 [ERROR] LogOutputStream:75 - [STDERR_REDIRECT] [Fatal Error] :1:1: Premature end of file.
2026-03-30 22:36:04,341 [ERROR] LogOutputStream:75 - [STDERR_REDIRECT] 
2026-03-30 22:36:05,336 [ERROR] LogOutputStream:75 - [STDERR_REDIRECT] [Fatal Error] :1:1: Premature end of file.
2026-03-30 22:36:05,336 [ERROR] LogOutputStream:75 - [STDERR_REDIRECT] 
2026-03-30 22:36:06,323 [ERROR] LogOutputStream:75 - [STDERR_REDIRECT] [Fatal Error] :1:1: Premature end of file.
2026-03-30 22:36:06,323 [ERROR] LogOutputStream:75 - [STDERR_REDIRECT] 
2026-03-30 22:36:07,338 [ERROR] LogOutputStream:75 - [STDERR_REDIRECT] [Fatal Error] :1:1: Premature end of file.
2026-03-30 22:36:07,338 [ERROR] LogOutputStream:75 - [STDERR_REDIRECT] 
2026-03-30 22:36:08,340 [ERROR] LogOutputStream:75 - [STDERR_REDIRECT] [Fatal Error] :1:1: Premature end of file.
2026-03-30 22:36:08,340 [ERROR] LogOutputStream:75 - [STDERR_REDIRECT] 
2026-03-30 22:36:09,338 [ERROR] LogOutputStream:75 - [STDERR_REDIRECT] [Fatal Error] :1:1: Premature end of file.
2026-03-30 22:36:09,338 [ERROR] LogOutputStream:75 - [STDERR_REDIRECT] 
2026-03-30 22:36:10,340 [ERROR] LogOutputStream:75 - [STDERR_REDIRECT] [Fatal Error] :1:1: Premature end of file.
2026-03-30 22:36:10,340 [ERROR] LogOutputStream:75 - [STDERR_REDIRECT] 
2026-03-30 22:36:11,323 [ERROR] LogOutputStream:75 - [STDERR_REDIRECT] [Fatal Error] :1:1: Premature end of file.
2026-03-30 22:36:11,323 [ERROR] LogOutputStream:75 - [STDERR_REDIRECT] 
2026-03-30 22:36:12,338 [ERROR] LogOutputStream:75 - [STDERR_REDIRECT] [Fatal Error] :1:1: Premature end of file.
2026-03-30 22:36:12,338 [ERROR] LogOutputStream:75 - [STDERR_REDIRECT] 
2026-03-30 22:36:13,336 [ERROR] LogOutputStream:75 - [STDERR_REDIRECT] [Fatal Error] :1:1: Premature end of file.
2026-03-30 22:36:13,336 [ERROR] LogOutputStream:75 - [STDERR_REDIRECT] 
2026-03-30 22:36:14,339 [ERROR] LogOutputStream:75 - [STDERR_REDIRECT] [Fatal Error] :1:1: Premature end of file.
2026-03-30 22:36:14,339 [ERROR] LogOutputStream:75 - [STDERR_REDIRECT] 
2026-03-30 22:36:15,324 [ERROR] LogOutputStream:75 - [STDERR_REDIRECT] [Fatal Error] :1:1: Premature end of file.
2026-03-30 22:36:15,324 [ERROR] LogOutputStream:75 - [STDERR_REDIRECT] 
2026-03-30 22:36:16,324 [ERROR] LogOutputStream:75 - [STDERR_REDIRECT] [Fatal Error] :1:1: Premature end of file.
2026-03-30 22:36:16,325 [ERROR] LogOutputStream:75 - [STDERR_REDIRECT] 
2026-03-30 22:36:17,341 [ERROR] LogOutputStream:75 - [STDERR_REDIRECT] [Fatal Error] :1:1: Premature end of file.
2026-03-30 22:36:17,341 [ERROR] LogOutputStream:75 - [STDERR_REDIRECT] 
2026-03-30 22:36:18,322 [ERROR] LogOutputStream:75 - [STDERR_REDIRECT] [Fatal Error] :1:1: Premature end of file.
2026-03-30 22:36:18,322 [ERROR] LogOutputStream:75 - [STDERR_REDIRECT] 
2026-03-30 22:36:19,308 [ERROR] LogOutputStream:75 - [STDERR_REDIRECT] [Fatal Error] :1:1: Premature end of file.
2026-03-30 22:36:19,308 [ERROR] LogOutputStream:75 - [STDERR_REDIRECT] 
2026-03-30 22:36:20,324 [ERROR] LogOutputStream:75 - [STDERR_REDIRECT] [Fatal Error] :1:1: Premature end of file.
2026-03-30 22:36:20,324 [ERROR] LogOutputStream:75 - [STDERR_REDIRECT] 
2026-03-30 22:36:21,325 [ERROR] LogOutputStream:75 - [STDERR_REDIRECT] [Fatal Error] :1:1: Premature end of file.
2026-03-30 22:36:21,325 [ERROR] LogOutputStream:75 - [STDERR_REDIRECT] 
2026-03-30 22:36:22,338 [ERROR] LogOutputStream:75 - [STDERR_REDIRECT] [Fatal Error] :1:1: Premature end of file.
2026-03-30 22:36:22,339 [ERROR] LogOutputStream:75 - [STDERR_REDIRECT] 
2026-03-30 22:36:23,335 [ERROR] LogOutputStream:75 - [STDERR_REDIRECT] [Fatal Error] :1:1: Premature end of file.
2026-03-30 22:36:23,335 [ERROR] LogOutputStream:75 - [STDERR_REDIRECT] 
2026-03-30 22:36:24,339 [ERROR] LogOutputStream:75 - [STDERR_REDIRECT] [Fatal Error] :1:1: Premature end of file.
2026-03-30 22:36:24,339 [ERROR] LogOutputStream:75 - [STDERR_REDIRECT] 
2026-03-30 22:36:25,349 [ERROR] LogOutputStream:75 - [STDERR_REDIRECT] [Fatal Error] :1:1: Premature end of file.
2026-03-30 22:36:25,349 [ERROR] LogOutputStream:75 - [STDERR_REDIRECT] 
2026-03-30 22:36:26,328 [ERROR] LogOutputStream:75 - [STDERR_REDIRECT] [Fatal Error] :1:1: Premature end of file.
2026-03-30 22:36:26,328 [ERROR] LogOutputStream:75 - [STDERR_REDIRECT] 
2026-03-30 22:36:27,330 [ERROR] LogOutputStream:75 - [STDERR_REDIRECT] [Fatal Error] :1:1: Premature end of file.
2026-03-30 22:36:27,330 [ERROR] LogOutputStream:75 - [STDERR_REDIRECT] 
2026-03-30 22:36:28,339 [ERROR] LogOutputStream:75 - [STDERR_REDIRECT] [Fatal Error] :1:1: Premature end of file.
2026-03-30 22:36:28,339 [ERROR] LogOutputStream:75 - [STDERR_REDIRECT] 
2026-03-30 22:36:29,324 [ERROR] LogOutputStream:75 - [STDERR_REDIRECT] [Fatal Error] :1:1: Premature end of file.
2026-03-30 22:36:29,324 [ERROR] LogOutputStream:75 - [STDERR_REDIRECT] 
2026-03-30 22:36:30,325 [ERROR] LogOutputStream:75 - [STDERR_REDIRECT] [Fatal Error] :1:1: Premature end of file.
2026-03-30 22:36:30,325 [ERROR] LogOutputStream:75 - [STDERR_REDIRECT] 
2026-03-30 22:36:31,325 [ERROR] LogOutputStream:75 - [STDERR_REDIRECT] [Fatal Error] :1:1: Premature end of file.
2026-03-30 22:36:31,325 [ERROR] LogOutputStream:75 - [STDERR_REDIRECT] 
2026-03-30 22:36:32,324 [ERROR] LogOutputStream:75 - [STDERR_REDIRECT] [Fatal Error] :1:1: Premature end of file.
2026-03-30 22:36:32,324 [ERROR] LogOutputStream:75 - [STDERR_REDIRECT] 
2026-03-30 22:36:33,337 [ERROR] LogOutputStream:75 - [STDERR_REDIRECT] [Fatal Error] :1:1: Premature end of file.
2026-03-30 22:36:33,337 [ERROR] LogOutputStream:75 - [STDERR_REDIRECT] 
2026-03-30 22:36:34,339 [ERROR] LogOutputStream:75 - [STDERR_REDIRECT] [Fatal Error] :1:1: Premature end of file.
2026-03-30 22:36:34,339 [ERROR] LogOutputStream:75 - [STDERR_REDIRECT] 
2026-03-30 22:36:35,323 [ERROR] LogOutputStream:75 - [STDERR_REDIRECT] [Fatal Error] :1:1: Premature end of file.
2026-03-30 22:36:35,323 [ERROR] LogOutputStream:75 - [STDERR_REDIRECT] 
2026-03-30 22:36:36,332 [ERROR] LogOutputStream:75 - [STDERR_REDIRECT] [Fatal Error] :1:1: Premature end of file.
2026-03-30 22:36:36,332 [ERROR] LogOutputStream:75 - [STDERR_REDIRECT] 
2026-03-30 22:36:37,333 [ERROR] LogOutputStream:75 - [STDERR_REDIRECT] [Fatal Error] :1:1: Premature end of file.
2026-03-30 22:36:37,333 [ERROR] LogOutputStream:75 - [STDERR_REDIRECT] 
2026-03-30 22:36:38,323 [ERROR] LogOutputStream:75 - [STDERR_REDIRECT] [Fatal Error] :1:1: Premature end of file.
2026-03-30 22:36:38,323 [ERROR] LogOutputStream:75 - [STDERR_REDIRECT] 
2026-03-30 22:36:39,322 [ERROR] LogOutputStream:75 - [STDERR_REDIRECT] [Fatal Error] :1:1: Premature end of file.
2026-03-30 22:36:39,322 [ERROR] LogOutputStream:75 - [STDERR_REDIRECT] 
2026-03-30 22:36:40,332 [ERROR] LogOutputStream:75 - [STDERR_REDIRECT] [Fatal Error] :1:1: Premature end of file.
2026-03-30 22:36:40,332 [ERROR] LogOutputStream:75 - [STDERR_REDIRECT] 
2026-03-30 22:36:41,332 [ERROR] LogOutputStream:75 - [STDERR_REDIRECT] [Fatal Error] :1:1: Premature end of file.
2026-03-30 22:36:41,332 [ERROR] LogOutputStream:75 - [STDERR_REDIRECT] 
2026-03-30 22:36:42,322 [ERROR] LogOutputStream:75 - [STDERR_REDIRECT] [Fatal Error] :1:1: Premature end of file.
2026-03-30 22:36:42,322 [ERROR] LogOutputStream:75 - [STDERR_REDIRECT] 
2026-03-30 22:36:43,326 [ERROR] LogOutputStream:75 - [STDERR_REDIRECT] [Fatal Error] :1:1: Premature end of file.
2026-03-30 22:36:43,326 [ERROR] LogOutputStream:75 - [STDERR_REDIRECT] 
2026-03-30 22:36:44,352 [ERROR] LogOutputStream:75 - [STDERR_REDIRECT] [Fatal Error] :1:1: Premature end of file.
2026-03-30 22:36:44,352 [ERROR] LogOutputStream:75 - [STDERR_REDIRECT] 
2026-03-30 22:36:45,331 [ERROR] LogOutputStream:75 - [STDERR_REDIRECT] [Fatal Error] :1:1: Premature end of file.
2026-03-30 22:36:45,331 [ERROR] LogOutputStream:75 - [STDERR_REDIRECT] 
2026-03-30 22:36:46,324 [ERROR] LogOutputStream:75 - [STDERR_REDIRECT] [Fatal Error] :1:1: Premature end of file.
2026-03-30 22:36:46,324 [ERROR] LogOutputStream:75 - [STDERR_REDIRECT] 
2026-03-30 22:36:47,324 [ERROR] LogOutputStream:75 - [STDERR_REDIRECT] [Fatal Error] :1:1: Premature end of file.
2026-03-30 22:36:47,324 [ERROR] LogOutputStream:75 - [STDERR_REDIRECT] 
2026-03-30 22:36:48,338 [ERROR] LogOutputStream:75 - [STDERR_REDIRECT] [Fatal Error] :1:1: Premature end of file.
2026-03-30 22:36:48,338 [ERROR] LogOutputStream:75 - [STDERR_REDIRECT] 
2026-03-30 22:36:49,333 [ERROR] LogOutputStream:75 - [STDERR_REDIRECT] [Fatal Error] :1:1: Premature end of file.
2026-03-30 22:36:49,333 [ERROR] LogOutputStream:75 - [STDERR_REDIRECT] 
2026-03-30 22:36:50,329 [ERROR] LogOutputStream:75 - [STDERR_REDIRECT] [Fatal Error] :1:1: Premature end of file.
2026-03-30 22:36:50,329 [ERROR] LogOutputStream:75 - [STDERR_REDIRECT] 
2026-03-30 22:36:51,336 [ERROR] LogOutputStream:75 - [STDERR_REDIRECT] [Fatal Error] :1:1: Premature end of file.
2026-03-30 22:36:51,336 [ERROR] LogOutputStream:75 - [STDERR_REDIRECT] 
2026-03-30 22:36:52,338 [ERROR] LogOutputStream:75 - [STDERR_REDIRECT] [Fatal Error] :1:1: Premature end of file.
2026-03-30 22:36:52,338 [ERROR] LogOutputStream:75 - [STDERR_REDIRECT] 
2026-03-30 22:36:53,325 [ERROR] LogOutputStream:75 - [STDERR_REDIRECT] [Fatal Error] :1:1: Premature end of file.
2026-03-30 22:36:53,325 [ERROR] LogOutputStream:75 - [STDERR_REDIRECT] 
2026-03-30 22:36:54,345 [ERROR] LogOutputStream:75 - [STDERR_REDIRECT] [Fatal Error] :1:1: Premature end of file.
2026-03-30 22:36:54,347 [ERROR] LogOutputStream:75 - [STDERR_REDIRECT] 
2026-03-30 22:36:55,325 [ERROR] LogOutputStream:75 - [STDERR_REDIRECT] [Fatal Error] :1:1: Premature end of file.
2026-03-30 22:36:55,325 [ERROR] LogOutputStream:75 - [STDERR_REDIRECT] 
2026-03-30 22:36:56,326 [ERROR] LogOutputStream:75 - [STDERR_REDIRECT] [Fatal Error] :1:1: Premature end of file.
2026-03-30 22:36:56,326 [ERROR] LogOutputStream:75 - [STDERR_REDIRECT] 
2026-03-30 22:36:57,328 [ERROR] LogOutputStream:75 - [STDERR_REDIRECT] [Fatal Error] :1:1: Premature end of file.
2026-03-30 22:36:57,328 [ERROR] LogOutputStream:75 - [STDERR_REDIRECT] 
2026-03-30 22:36:58,329 [ERROR] LogOutputStream:75 - [STDERR_REDIRECT] [Fatal Error] :1:1: Premature end of file.
2026-03-30 22:36:58,329 [ERROR] LogOutputStream:75 - [STDERR_REDIRECT] 
2026-03-30 22:36:59,350 [ERROR] LogOutputStream:75 - [STDERR_REDIRECT] [Fatal Error] :1:1: Premature end of file.
2026-03-30 22:36:59,350 [ERROR] LogOutputStream:75 - [STDERR_REDIRECT] 
2026-03-30 22:37:00,325 [ERROR] LogOutputStream:75 - [STDERR_REDIRECT] [Fatal Error] :1:1: Premature end of file.
2026-03-30 22:37:00,325 [ERROR] LogOutputStream:75 - [STDERR_REDIRECT] 
2026-03-30 22:37:01,322 [ERROR] LogOutputStream:75 - [STDERR_REDIRECT] [Fatal Error] :1:1: Premature end of file.
2026-03-30 22:37:01,322 [ERROR] LogOutputStream:75 - [STDERR_REDIRECT] 
2026-03-30 22:37:02,325 [ERROR] LogOutputStream:75 - [STDERR_REDIRECT] [Fatal Error] :1:1: Premature end of file.
2026-03-30 22:37:02,325 [ERROR] LogOutputStream:75 - [STDERR_REDIRECT] 
2026-03-30 22:37:03,324 [ERROR] LogOutputStream:75 - [STDERR_REDIRECT] [Fatal Error] :1:1: Premature end of file.
2026-03-30 22:37:03,325 [ERROR] LogOutputStream:75 - [STDERR_REDIRECT] 
2026-03-30 22:37:04,321 [ERROR] LogOutputStream:75 - [STDERR_REDIRECT] [Fatal Error] :1:1: Premature end of file.
2026-03-30 22:37:04,321 [ERROR] LogOutputStream:75 - [STDERR_REDIRECT] 
2026-03-30 22:37:05,321 [ERROR] LogOutputStream:75 - [STDERR_REDIRECT] [Fatal Error] :1:1: Premature end of file.
2026-03-30 22:37:05,321 [ERROR] LogOutputStream:75 - [STDERR_REDIRECT] 
2026-03-30 22:37:06,323 [ERROR] LogOutputStream:75 - [STDERR_REDIRECT] [Fatal Error] :1:1: Premature end of file.
2026-03-30 22:37:06,324 [ERROR] LogOutputStream:75 - [STDERR_REDIRECT] 
2026-03-30 22:37:07,334 [ERROR] LogOutputStream:75 - [STDERR_REDIRECT] [Fatal Error] :1:1: Premature end of file.
2026-03-30 22:37:07,334 [ERROR] LogOutputStream:75 - [STDERR_REDIRECT] 
2026-03-30 22:37:08,324 [ERROR] LogOutputStream:75 - [STDERR_REDIRECT] [Fatal Error] :1:1: Premature end of file.
2026-03-30 22:37:08,324 [ERROR] LogOutputStream:75 - [STDERR_REDIRECT] 
2026-03-30 22:37:09,335 [ERROR] LogOutputStream:75 - [STDERR_REDIRECT] [Fatal Error] :1:1: Premature end of file.
2026-03-30 22:37:09,335 [ERROR] LogOutputStream:75 - [STDERR_REDIRECT] 
2026-03-30 22:37:10,331 [ERROR] LogOutputStream:75 - [STDERR_REDIRECT] [Fatal Error] :1:1: Premature end of file.
2026-03-30 22:37:10,331 [ERROR] LogOutputStream:75 - [STDERR_REDIRECT] 
2026-03-30 22:37:11,326 [ERROR] LogOutputStream:75 - [STDERR_REDIRECT] [Fatal Error] :1:1: Premature end of file.
2026-03-30 22:37:11,326 [ERROR] LogOutputStream:75 - [STDERR_REDIRECT] 
2026-03-30 22:37:12,322 [ERROR] LogOutputStream:75 - [STDERR_REDIRECT] [Fatal Error] :1:1: Premature end of file.
2026-03-30 22:37:12,322 [ERROR] LogOutputStream:75 - [STDERR_REDIRECT] 
2026-03-30 22:37:13,322 [ERROR] LogOutputStream:75 - [STDERR_REDIRECT] [Fatal Error] :1:1: Premature end of file.
2026-03-30 22:37:13,322 [ERROR] LogOutputStream:75 - [STDERR_REDIRECT] 
2026-03-30 22:37:14,306 [ERROR] LogOutputStream:75 - [STDERR_REDIRECT] [Fatal Error] :1:1: Premature end of file.
2026-03-30 22:37:14,306 [ERROR] LogOutputStream:75 - [STDERR_REDIRECT] 
2026-03-30 22:37:15,336 [ERROR] LogOutputStream:75 - [STDERR_REDIRECT] [Fatal Error] :1:1: Premature end of file.
2026-03-30 22:37:15,336 [ERROR] LogOutputStream:75 - [STDERR_REDIRECT] 
2026-03-30 22:37:16,342 [ERROR] LogOutputStream:75 - [STDERR_REDIRECT] [Fatal Error] :1:1: Premature end of file.
2026-03-30 22:37:16,342 [ERROR] LogOutputStream:75 - [STDERR_REDIRECT] 
2026-03-30 22:37:17,333 [ERROR] LogOutputStream:75 - [STDERR_REDIRECT] [Fatal Error] :1:1: Premature end of file.
2026-03-30 22:37:17,333 [ERROR] LogOutputStream:75 - [STDERR_REDIRECT] 
2026-03-30 22:37:18,313 [ERROR] LogOutputStream:75 - [STDERR_REDIRECT] [Fatal Error] :1:1: Premature end of file.
2026-03-30 22:37:18,313 [ERROR] LogOutputStream:75 - [STDERR_REDIRECT] 
2026-03-30 22:37:19,342 [ERROR] LogOutputStream:75 - [STDERR_REDIRECT] [Fatal Error] :1:1: Premature end of file.
2026-03-30 22:37:19,342 [ERROR] LogOutputStream:75 - [STDERR_REDIRECT] 
2026-03-30 22:37:20,328 [ERROR] LogOutputStream:75 - [STDERR_REDIRECT] [Fatal Error] :1:1: Premature end of file.
2026-03-30 22:37:20,328 [ERROR] LogOutputStream:75 - [STDERR_REDIRECT] 
2026-03-30 22:37:21,324 [ERROR] LogOutputStream:75 - [STDERR_REDIRECT] [Fatal Error] :1:1: Premature end of file.
2026-03-30 22:37:21,324 [ERROR] LogOutputStream:75 - [STDERR_REDIRECT] 
2026-03-30 22:37:22,322 [ERROR] LogOutputStream:75 - [STDERR_REDIRECT] [Fatal Error] :1:1: Premature end of file.
2026-03-30 22:37:22,322 [ERROR] LogOutputStream:75 - [STDERR_REDIRECT] 
2026-03-30 22:37:23,325 [ERROR] LogOutputStream:75 - [STDERR_REDIRECT] [Fatal Error] :1:1: Premature end of file.
2026-03-30 22:37:23,325 [ERROR] LogOutputStream:75 - [STDERR_REDIRECT] 
2026-03-30 22:37:24,321 [ERROR] LogOutputStream:75 - [STDERR_REDIRECT] [Fatal Error] :1:1: Premature end of file.
2026-03-30 22:37:24,321 [ERROR] LogOutputStream:75 - [STDERR_REDIRECT] 
2026-03-30 22:37:25,354 [ERROR] LogOutputStream:75 - [STDERR_REDIRECT] [Fatal Error] :1:1: Premature end of file.
2026-03-30 22:37:25,354 [ERROR] LogOutputStream:75 - [STDERR_REDIRECT] 
2026-03-30 22:37:26,328 [ERROR] LogOutputStream:75 - [STDERR_REDIRECT] [Fatal Error] :1:1: Premature end of file.
2026-03-30 22:37:26,330 [ERROR] LogOutputStream:75 - [STDERR_REDIRECT] 
2026-03-30 22:37:27,323 [ERROR] LogOutputStream:75 - [STDERR_REDIRECT] [Fatal Error] :1:1: Premature end of file.
2026-03-30 22:37:27,323 [ERROR] LogOutputStream:75 - [STDERR_REDIRECT] 
2026-03-30 22:37:28,335 [ERROR] LogOutputStream:75 - [STDERR_REDIRECT] [Fatal Error] :1:1: Premature end of file.
2026-03-30 22:37:28,335 [ERROR] LogOutputStream:75 - [STDERR_REDIRECT] 
2026-03-30 22:37:29,328 [ERROR] LogOutputStream:75 - [STDERR_REDIRECT] [Fatal Error] :1:1: Premature end of file.
2026-03-30 22:37:29,328 [ERROR] LogOutputStream:75 - [STDERR_REDIRECT] 
2026-03-30 22:37:30,326 [ERROR] LogOutputStream:75 - [STDERR_REDIRECT] [Fatal Error] :1:1: Premature end of file.
2026-03-30 22:37:30,326 [ERROR] LogOutputStream:75 - [STDERR_REDIRECT] 
2026-03-30 22:37:31,325 [ERROR] LogOutputStream:75 - [STDERR_REDIRECT] [Fatal Error] :1:1: Premature end of file.
2026-03-30 22:37:31,325 [ERROR] LogOutputStream:75 - [STDERR_REDIRECT] 
2026-03-30 22:37:32,323 [ERROR] LogOutputStream:75 - [STDERR_REDIRECT] [Fatal Error] :1:1: Premature end of file.
2026-03-30 22:37:32,323 [ERROR] LogOutputStream:75 - [STDERR_REDIRECT] 
2026-03-30 22:37:33,335 [ERROR] LogOutputStream:75 - [STDERR_REDIRECT] [Fatal Error] :1:1: Premature end of file.
2026-03-30 22:37:33,335 [ERROR] LogOutputStream:75 - [STDERR_REDIRECT] 
2026-03-30 22:37:34,339 [ERROR] LogOutputStream:75 - [STDERR_REDIRECT] [Fatal Error] :1:1: Premature end of file.
2026-03-30 22:37:34,340 [ERROR] LogOutputStream:75 - [STDERR_REDIRECT] 
2026-03-30 22:37:35,330 [ERROR] LogOutputStream:75 - [STDERR_REDIRECT] [Fatal Error] :1:1: Premature end of file.
2026-03-30 22:37:35,330 [ERROR] LogOutputStream:75 - [STDERR_REDIRECT] 
2026-03-30 22:37:36,334 [ERROR] LogOutputStream:75 - [STDERR_REDIRECT] [Fatal Error] :1:1: Premature end of file.
2026-03-30 22:37:36,334 [ERROR] LogOutputStream:75 - [STDERR_REDIRECT] 
2026-03-30 22:37:37,336 [ERROR] LogOutputStream:75 - [STDERR_REDIRECT] [Fatal Error] :1:1: Premature end of file.
2026-03-30 22:37:37,336 [ERROR] LogOutputStream:75 - [STDERR_REDIRECT] 
2026-03-30 22:37:38,327 [ERROR] LogOutputStream:75 - [STDERR_REDIRECT] [Fatal Error] :1:1: Premature end of file.
2026-03-30 22:37:38,327 [ERROR] LogOutputStream:75 - [STDERR_REDIRECT] 
2026-03-30 22:37:39,331 [ERROR] LogOutputStream:75 - [STDERR_REDIRECT] [Fatal Error] :1:1: Premature end of file.
2026-03-30 22:37:39,331 [ERROR] LogOutputStream:75 - [STDERR_REDIRECT] 
2026-03-30 22:37:40,322 [ERROR] LogOutputStream:75 - [STDERR_REDIRECT] [Fatal Error] :1:1: Premature end of file.
2026-03-30 22:37:40,322 [ERROR] LogOutputStream:75 - [STDERR_REDIRECT] 
2026-03-30 22:37:41,327 [ERROR] LogOutputStream:75 - [STDERR_REDIRECT] [Fatal Error] :1:1: Premature end of file.
2026-03-30 22:37:41,327 [ERROR] LogOutputStream:75 - [STDERR_REDIRECT] 
2026-03-30 22:37:42,331 [ERROR] LogOutputStream:75 - [STDERR_REDIRECT] [Fatal Error] :1:1: Premature end of file.
2026-03-30 22:37:42,331 [ERROR] LogOutputStream:75 - [STDERR_REDIRECT] 
2026-03-30 22:37:43,332 [ERROR] LogOutputStream:75 - [STDERR_REDIRECT] [Fatal Error] :1:1: Premature end of file.
2026-03-30 22:37:43,332 [ERROR] LogOutputStream:75 - [STDERR_REDIRECT] 
2026-03-30 22:37:44,322 [ERROR] LogOutputStream:75 - [STDERR_REDIRECT] [Fatal Error] :1:1: Premature end of file.
2026-03-30 22:37:44,322 [ERROR] LogOutputStream:75 - [STDERR_REDIRECT] 
2026-03-30 22:37:45,325 [ERROR] LogOutputStream:75 - [STDERR_REDIRECT] [Fatal Error] :1:1: Premature end of file.
2026-03-30 22:37:45,325 [ERROR] LogOutputStream:75 - [STDERR_REDIRECT] 
2026-03-30 22:37:46,328 [ERROR] LogOutputStream:75 - [STDERR_REDIRECT] [Fatal Error] :1:1: Premature end of file.
2026-03-30 22:37:46,328 [ERROR] LogOutputStream:75 - [STDERR_REDIRECT] 
2026-03-30 22:37:47,329 [ERROR] LogOutputStream:75 - [STDERR_REDIRECT] [Fatal Error] :1:1: Premature end of file.
2026-03-30 22:37:47,329 [ERROR] LogOutputStream:75 - [STDERR_REDIRECT] 
2026-03-30 22:37:48,333 [ERROR] LogOutputStream:75 - [STDERR_REDIRECT] [Fatal Error] :1:1: Premature end of file.
2026-03-30 22:37:48,333 [ERROR] LogOutputStream:75 - [STDERR_REDIRECT] 
2026-03-30 22:37:49,321 [ERROR] LogOutputStream:75 - [STDERR_REDIRECT] [Fatal Error] :1:1: Premature end of file.
2026-03-30 22:37:49,321 [ERROR] LogOutputStream:75 - [STDERR_REDIRECT] 
2026-03-30 22:37:50,324 [ERROR] LogOutputStream:75 - [STDERR_REDIRECT] [Fatal Error] :1:1: Premature end of file.
2026-03-30 22:37:50,324 [ERROR] LogOutputStream:75 - [STDERR_REDIRECT] 
2026-03-30 22:37:51,326 [ERROR] LogOutputStream:75 - [STDERR_REDIRECT] [Fatal Error] :1:1: Premature end of file.
2026-03-30 22:37:51,326 [ERROR] LogOutputStream:75 - [STDERR_REDIRECT] 
2026-03-30 22:37:52,333 [ERROR] LogOutputStream:75 - [STDERR_REDIRECT] [Fatal Error] :1:1: Premature end of file.
2026-03-30 22:37:52,333 [ERROR] LogOutputStream:75 - [STDERR_REDIRECT] 
2026-03-30 22:37:53,324 [ERROR] LogOutputStream:75 - [STDERR_REDIRECT] [Fatal Error] :1:1: Premature end of file.
2026-03-30 22:37:53,324 [ERROR] LogOutputStream:75 - [STDERR_REDIRECT] 
2026-03-30 22:37:54,326 [ERROR] LogOutputStream:75 - [STDERR_REDIRECT] [Fatal Error] :1:1: Premature end of file.
2026-03-30 22:37:54,326 [ERROR] LogOutputStream:75 - [STDERR_REDIRECT] 
2026-03-30 22:37:55,330 [ERROR] LogOutputStream:75 - [STDERR_REDIRECT] [Fatal Error] :1:1: Premature end of file.
2026-03-30 22:37:55,330 [ERROR] LogOutputStream:75 - [STDERR_REDIRECT] 
2026-03-30 22:37:56,335 [ERROR] LogOutputStream:75 - [STDERR_REDIRECT] [Fatal Error] :1:1: Premature end of file.
2026-03-30 22:37:56,335 [ERROR] LogOutputStream:75 - [STDERR_REDIRECT] 
2026-03-30 22:37:57,323 [ERROR] LogOutputStream:75 - [STDERR_REDIRECT] [Fatal Error] :1:1: Premature end of file.
2026-03-30 22:37:57,323 [ERROR] LogOutputStream:75 - [STDERR_REDIRECT] 
2026-03-30 22:37:58,325 [ERROR] LogOutputStream:75 - [STDERR_REDIRECT] [Fatal Error] :1:1: Premature end of file.
2026-03-30 22:37:58,325 [ERROR] LogOutputStream:75 - [STDERR_REDIRECT] 
2026-03-30 22:37:59,329 [ERROR] LogOutputStream:75 - [STDERR_REDIRECT] [Fatal Error] :1:1: Premature end of file.
2026-03-30 22:37:59,329 [ERROR] LogOutputStream:75 - [STDERR_REDIRECT] 
2026-03-30 22:38:00,333 [ERROR] LogOutputStream:75 - [STDERR_REDIRECT] [Fatal Error] :1:1: Premature end of file.
2026-03-30 22:38:00,333 [ERROR] LogOutputStream:75 - [STDERR_REDIRECT] 
2026-03-30 22:38:01,337 [ERROR] LogOutputStream:75 - [STDERR_REDIRECT] [Fatal Error] :1:1: Premature end of file.
2026-03-30 22:38:01,337 [ERROR] LogOutputStream:75 - [STDERR_REDIRECT] 
2026-03-30 22:38:02,322 [ERROR] LogOutputStream:75 - [STDERR_REDIRECT] [Fatal Error] :1:1: Premature end of file.
2026-03-30 22:38:02,322 [ERROR] LogOutputStream:75 - [STDERR_REDIRECT] 
2026-03-30 22:38:03,326 [ERROR] LogOutputStream:75 - [STDERR_REDIRECT] [Fatal Error] :1:1: Premature end of file.
2026-03-30 22:38:03,326 [ERROR] LogOutputStream:75 - [STDERR_REDIRECT] 
2026-03-30 22:38:04,335 [ERROR] LogOutputStream:75 - [STDERR_REDIRECT] [Fatal Error] :1:1: Premature end of file.
2026-03-30 22:38:04,335 [ERROR] LogOutputStream:75 - [STDERR_REDIRECT] 
2026-03-30 22:38:05,320 [ERROR] LogOutputStream:75 - [STDERR_REDIRECT] [Fatal Error] :1:1: Premature end of file.
2026-03-30 22:38:05,320 [ERROR] LogOutputStream:75 - [STDERR_REDIRECT] 
2026-03-30 22:38:06,323 [ERROR] LogOutputStream:75 - [STDERR_REDIRECT] [Fatal Error] :1:1: Premature end of file.
2026-03-30 22:38:06,323 [ERROR] LogOutputStream:75 - [STDERR_REDIRECT] 
2026-03-30 22:38:07,327 [ERROR] LogOutputStream:75 - [STDERR_REDIRECT] [Fatal Error] :1:1: Premature end of file.
2026-03-30 22:38:07,327 [ERROR] LogOutputStream:75 - [STDERR_REDIRECT] 
2026-03-30 22:38:08,333 [ERROR] LogOutputStream:75 - [STDERR_REDIRECT] [Fatal Error] :1:1: Premature end of file.
2026-03-30 22:38:08,333 [ERROR] LogOutputStream:75 - [STDERR_REDIRECT] 
2026-03-30 22:38:09,336 [ERROR] LogOutputStream:75 - [STDERR_REDIRECT] [Fatal Error] :1:1: Premature end of file.
2026-03-30 22:38:09,336 [ERROR] LogOutputStream:75 - [STDERR_REDIRECT] 
2026-03-30 22:38:10,322 [ERROR] LogOutputStream:75 - [STDERR_REDIRECT] [Fatal Error] :1:1: Premature end of file.
2026-03-30 22:38:10,322 [ERROR] LogOutputStream:75 - [STDERR_REDIRECT] 
2026-03-30 22:38:11,326 [ERROR] LogOutputStream:75 - [STDERR_REDIRECT] [Fatal Error] :1:1: Premature end of file.
2026-03-30 22:38:11,326 [ERROR] LogOutputStream:75 - [STDERR_REDIRECT] 
2026-03-30 22:38:12,333 [ERROR] LogOutputStream:75 - [STDERR_REDIRECT] [Fatal Error] :1:1: Premature end of file.
2026-03-30 22:38:12,333 [ERROR] LogOutputStream:75 - [STDERR_REDIRECT] 
2026-03-30 22:38:13,328 [ERROR] LogOutputStream:75 - [STDERR_REDIRECT] [Fatal Error] :1:1: Premature end of file.
2026-03-30 22:38:13,328 [ERROR] LogOutputStream:75 - [STDERR_REDIRECT] 
2026-03-30 22:38:14,325 [ERROR] LogOutputStream:75 - [STDERR_REDIRECT] [Fatal Error] :1:1: Premature end of file.
2026-03-30 22:38:14,325 [ERROR] LogOutputStream:75 - [STDERR_REDIRECT] 
2026-03-30 22:38:15,331 [ERROR] LogOutputStream:75 - [STDERR_REDIRECT] [Fatal Error] :1:1: Premature end of file.
2026-03-30 22:38:15,331 [ERROR] LogOutputStream:75 - [STDERR_REDIRECT] 
2026-03-30 22:38:16,334 [ERROR] LogOutputStream:75 - [STDERR_REDIRECT] [Fatal Error] :1:1: Premature end of file.
2026-03-30 22:38:16,334 [ERROR] LogOutputStream:75 - [STDERR_REDIRECT] 
2026-03-30 22:38:17,336 [ERROR] LogOutputStream:75 - [STDERR_REDIRECT] [Fatal Error] :1:1: Premature end of file.
2026-03-30 22:38:17,336 [ERROR] LogOutputStream:75 - [STDERR_REDIRECT] 
2026-03-30 22:38:18,324 [ERROR] LogOutputStream:75 - [STDERR_REDIRECT] [Fatal Error] :1:1: Premature end of file.
2026-03-30 22:38:18,324 [ERROR] LogOutputStream:75 - [STDERR_REDIRECT] 
2026-03-30 22:38:19,327 [ERROR] LogOutputStream:75 - [STDERR_REDIRECT] [Fatal Error] :1:1: Premature end of file.
2026-03-30 22:38:19,327 [ERROR] LogOutputStream:75 - [STDERR_REDIRECT] 
2026-03-30 22:38:20,334 [ERROR] LogOutputStream:75 - [STDERR_REDIRECT] [Fatal Error] :1:1: Premature end of file.
2026-03-30 22:38:20,334 [ERROR] LogOutputStream:75 - [STDERR_REDIRECT] 
2026-03-30 22:38:21,325 [ERROR] LogOutputStream:75 - [STDERR_REDIRECT] [Fatal Error] :1:1: Premature end of file.
2026-03-30 22:38:21,325 [ERROR] LogOutputStream:75 - [STDERR_REDIRECT] 
2026-03-30 22:38:22,327 [ERROR] LogOutputStream:75 - [STDERR_REDIRECT] [Fatal Error] :1:1: Premature end of file.
2026-03-30 22:38:22,327 [ERROR] LogOutputStream:75 - [STDERR_REDIRECT] 
2026-03-30 22:38:23,329 [ERROR] LogOutputStream:75 - [STDERR_REDIRECT] [Fatal Error] :1:1: Premature end of file.
2026-03-30 22:38:23,329 [ERROR] LogOutputStream:75 - [STDERR_REDIRECT] 
2026-03-30 22:38:24,333 [ERROR] LogOutputStream:75 - [STDERR_REDIRECT] [Fatal Error] :1:1: Premature end of file.
2026-03-30 22:38:24,333 [ERROR] LogOutputStream:75 - [STDERR_REDIRECT] 
2026-03-30 22:38:25,333 [ERROR] LogOutputStream:75 - [STDERR_REDIRECT] [Fatal Error] :1:1: Premature end of file.
2026-03-30 22:38:25,333 [ERROR] LogOutputStream:75 - [STDERR_REDIRECT] 
2026-03-30 22:38:26,336 [ERROR] LogOutputStream:75 - [STDERR_REDIRECT] [Fatal Error] :1:1: Premature end of file.
2026-03-30 22:38:26,336 [ERROR] LogOutputStream:75 - [STDERR_REDIRECT] 
2026-03-30 22:38:27,327 [ERROR] LogOutputStream:75 - [STDERR_REDIRECT] [Fatal Error] :1:1: Premature end of file.
2026-03-30 22:38:27,327 [ERROR] LogOutputStream:75 - [STDERR_REDIRECT] 
2026-03-30 22:38:28,333 [ERROR] LogOutputStream:75 - [STDERR_REDIRECT] [Fatal Error] :1:1: Premature end of file.
2026-03-30 22:38:28,333 [ERROR] LogOutputStream:75 - [STDERR_REDIRECT] 
2026-03-30 22:38:29,321 [ERROR] LogOutputStream:75 - [STDERR_REDIRECT] [Fatal Error] :1:1: Premature end of file.
2026-03-30 22:38:29,321 [ERROR] LogOutputStream:75 - [STDERR_REDIRECT] 
2026-03-30 22:38:30,324 [ERROR] LogOutputStream:75 - [STDERR_REDIRECT] [Fatal Error] :1:1: Premature end of file.
2026-03-30 22:38:30,324 [ERROR] LogOutputStream:75 - [STDERR_REDIRECT] 
2026-03-30 22:38:31,328 [ERROR] LogOutputStream:75 - [STDERR_REDIRECT] [Fatal Error] :1:1: Premature end of file.
2026-03-30 22:38:31,328 [ERROR] LogOutputStream:75 - [STDERR_REDIRECT] 
2026-03-30 22:38:32,329 [ERROR] LogOutputStream:75 - [STDERR_REDIRECT] [Fatal Error] :1:1: Premature end of file.
2026-03-30 22:38:32,329 [ERROR] LogOutputStream:75 - [STDERR_REDIRECT] 
2026-03-30 22:38:33,335 [ERROR] LogOutputStream:75 - [STDERR_REDIRECT] [Fatal Error] :1:1: Premature end of file.
2026-03-30 22:38:33,335 [ERROR] LogOutputStream:75 - [STDERR_REDIRECT] 
2026-03-30 22:38:34,322 [ERROR] LogOutputStream:75 - [STDERR_REDIRECT] [Fatal Error] :1:1: Premature end of file.
2026-03-30 22:38:34,322 [ERROR] LogOutputStream:75 - [STDERR_REDIRECT] 
2026-03-30 22:38:35,325 [ERROR] LogOutputStream:75 - [STDERR_REDIRECT] [Fatal Error] :1:1: Premature end of file.
2026-03-30 22:38:35,325 [ERROR] LogOutputStream:75 - [STDERR_REDIRECT] 
2026-03-30 22:38:36,328 [ERROR] LogOutputStream:75 - [STDERR_REDIRECT] [Fatal Error] :1:1: Premature end of file.
2026-03-30 22:38:36,328 [ERROR] LogOutputStream:75 - [STDERR_REDIRECT] 
2026-03-30 22:38:37,330 [ERROR] LogOutputStream:75 - [STDERR_REDIRECT] [Fatal Error] :1:1: Premature end of file.
2026-03-30 22:38:37,330 [ERROR] LogOutputStream:75 - [STDERR_REDIRECT] 
2026-03-30 22:38:38,335 [ERROR] LogOutputStream:75 - [STDERR_REDIRECT] [Fatal Error] :1:1: Premature end of file.
2026-03-30 22:38:38,335 [ERROR] LogOutputStream:75 - [STDERR_REDIRECT] 
2026-03-30 22:38:39,323 [ERROR] LogOutputStream:75 - [STDERR_REDIRECT] [Fatal Error] :1:1: Premature end of file.
2026-03-30 22:38:39,323 [ERROR] LogOutputStream:75 - [STDERR_REDIRECT] 
2026-03-30 22:38:40,324 [ERROR] LogOutputStream:75 - [STDERR_REDIRECT] [Fatal Error] :1:1: Premature end of file.
2026-03-30 22:38:40,324 [ERROR] LogOutputStream:75 - [STDERR_REDIRECT] 
2026-03-30 22:38:41,331 [ERROR] LogOutputStream:75 - [STDERR_REDIRECT] [Fatal Error] :1:1: Premature end of file.
2026-03-30 22:38:41,331 [ERROR] LogOutputStream:75 - [STDERR_REDIRECT] 
2026-03-30 22:38:42,336 [ERROR] LogOutputStream:75 - [STDERR_REDIRECT] [Fatal Error] :1:1: Premature end of file.
2026-03-30 22:38:42,336 [ERROR] LogOutputStream:75 - [STDERR_REDIRECT] 
2026-03-30 22:38:43,323 [ERROR] LogOutputStream:75 - [STDERR_REDIRECT] [Fatal Error] :1:1: Premature end of file.
2026-03-30 22:38:43,323 [ERROR] LogOutputStream:75 - [STDERR_REDIRECT] 
2026-03-30 22:38:44,330 [ERROR] LogOutputStream:75 - [STDERR_REDIRECT] [Fatal Error] :1:1: Premature end of file.
2026-03-30 22:38:44,330 [ERROR] LogOutputStream:75 - [STDERR_REDIRECT] 
2026-03-30 22:38:45,329 [ERROR] LogOutputStream:75 - [STDERR_REDIRECT] [Fatal Error] :1:1: Premature end of file.
2026-03-30 22:38:45,329 [ERROR] LogOutputStream:75 - [STDERR_REDIRECT] 
2026-03-30 22:38:46,333 [ERROR] LogOutputStream:75 - [STDERR_REDIRECT] [Fatal Error] :1:1: Premature end of file.
2026-03-30 22:38:46,333 [ERROR] LogOutputStream:75 - [STDERR_REDIRECT] 
2026-03-30 22:38:47,335 [ERROR] LogOutputStream:75 - [STDERR_REDIRECT] [Fatal Error] :1:1: Premature end of file.
2026-03-30 22:38:47,335 [ERROR] LogOutputStream:75 - [STDERR_REDIRECT] 
2026-03-30 22:38:48,323 [ERROR] LogOutputStream:75 - [STDERR_REDIRECT] [Fatal Error] :1:1: Premature end of file.
2026-03-30 22:38:48,323 [ERROR] LogOutputStream:75 - [STDERR_REDIRECT] 
2026-03-30 22:38:49,328 [ERROR] LogOutputStream:75 - [STDERR_REDIRECT] [Fatal Error] :1:1: Premature end of file.
2026-03-30 22:38:49,328 [ERROR] LogOutputStream:75 - [STDERR_REDIRECT] 
2026-03-30 22:38:50,334 [ERROR] LogOutputStream:75 - [STDERR_REDIRECT] [Fatal Error] :1:1: Premature end of file.
2026-03-30 22:38:50,334 [ERROR] LogOutputStream:75 - [STDERR_REDIRECT] 
2026-03-30 22:38:51,325 [ERROR] LogOutputStream:75 - [STDERR_REDIRECT] [Fatal Error] :1:1: Premature end of file.
2026-03-30 22:38:51,325 [ERROR] LogOutputStream:75 - [STDERR_REDIRECT] 
2026-03-30 22:38:52,327 [ERROR] LogOutputStream:75 - [STDERR_REDIRECT] [Fatal Error] :1:1: Premature end of file.
2026-03-30 22:38:52,327 [ERROR] LogOutputStream:75 - [STDERR_REDIRECT] 
2026-03-30 22:38:53,331 [ERROR] LogOutputStream:75 - [STDERR_REDIRECT] [Fatal Error] :1:1: Premature end of file.
2026-03-30 22:38:53,331 [ERROR] LogOutputStream:75 - [STDERR_REDIRECT] 
2026-03-30 22:38:54,321 [ERROR] LogOutputStream:75 - [STDERR_REDIRECT] [Fatal Error] :1:1: Premature end of file.
2026-03-30 22:38:54,321 [ERROR] LogOutputStream:75 - [STDERR_REDIRECT] 
2026-03-30 22:38:55,325 [ERROR] LogOutputStream:75 - [STDERR_REDIRECT] [Fatal Error] :1:1: Premature end of file.
2026-03-30 22:38:55,325 [ERROR] LogOutputStream:75 - [STDERR_REDIRECT] 
2026-03-30 22:38:56,328 [ERROR] LogOutputStream:75 - [STDERR_REDIRECT] [Fatal Error] :1:1: Premature end of file.
2026-03-30 22:38:56,328 [ERROR] LogOutputStream:75 - [STDERR_REDIRECT] 
2026-03-30 22:38:57,331 [ERROR] LogOutputStream:75 - [STDERR_REDIRECT] [Fatal Error] :1:1: Premature end of file.
2026-03-30 22:38:57,331 [ERROR] LogOutputStream:75 - [STDERR_REDIRECT] 
2026-03-30 22:38:58,333 [ERROR] LogOutputStream:75 - [STDERR_REDIRECT] [Fatal Error] :1:1: Premature end of file.
2026-03-30 22:38:58,333 [ERROR] LogOutputStream:75 - [STDERR_REDIRECT] 
2026-03-30 22:38:59,335 [ERROR] LogOutputStream:75 - [STDERR_REDIRECT] [Fatal Error] :1:1: Premature end of file.
2026-03-30 22:38:59,335 [ERROR] LogOutputStream:75 - [STDERR_REDIRECT] 
2026-03-30 22:39:00,323 [ERROR] LogOutputStream:75 - [STDERR_REDIRECT] [Fatal Error] :1:1: Premature end of file.
2026-03-30 22:39:00,323 [ERROR] LogOutputStream:75 - [STDERR_REDIRECT] 
2026-03-30 22:39:01,328 [ERROR] LogOutputStream:75 - [STDERR_REDIRECT] [Fatal Error] :1:1: Premature end of file.
2026-03-30 22:39:01,328 [ERROR] LogOutputStream:75 - [STDERR_REDIRECT] 
2026-03-30 22:39:02,334 [ERROR] LogOutputStream:75 - [STDERR_REDIRECT] [Fatal Error] :1:1: Premature end of file.
2026-03-30 22:39:02,334 [ERROR] LogOutputStream:75 - [STDERR_REDIRECT] 
2026-03-30 22:39:03,336 [ERROR] LogOutputStream:75 - [STDERR_REDIRECT] [Fatal Error] :1:1: Premature end of file.
2026-03-30 22:39:03,336 [ERROR] LogOutputStream:75 - [STDERR_REDIRECT] 
2026-03-30 22:39:04,322 [ERROR] LogOutputStream:75 - [STDERR_REDIRECT] [Fatal Error] :1:1: Premature end of file.
2026-03-30 22:39:04,322 [ERROR] LogOutputStream:75 - [STDERR_REDIRECT] 
2026-03-30 22:39:05,327 [ERROR] LogOutputStream:75 - [STDERR_REDIRECT] [Fatal Error] :1:1: Premature end of file.
2026-03-30 22:39:05,327 [ERROR] LogOutputStream:75 - [STDERR_REDIRECT] 
2026-03-30 22:39:06,331 [ERROR] LogOutputStream:75 - [STDERR_REDIRECT] [Fatal Error] :1:1: Premature end of file.
2026-03-30 22:39:06,331 [ERROR] LogOutputStream:75 - [STDERR_REDIRECT] 
2026-03-30 22:39:07,336 [ERROR] LogOutputStream:75 - [STDERR_REDIRECT] [Fatal Error] :1:1: Premature end of file.
2026-03-30 22:39:07,336 [ERROR] LogOutputStream:75 - [STDERR_REDIRECT] 
2026-03-30 22:39:08,323 [ERROR] LogOutputStream:75 - [STDERR_REDIRECT] [Fatal Error] :1:1: Premature end of file.
2026-03-30 22:39:08,323 [ERROR] LogOutputStream:75 - [STDERR_REDIRECT] 
2026-03-30 22:39:09,326 [ERROR] LogOutputStream:75 - [STDERR_REDIRECT] [Fatal Error] :1:1: Premature end of file.
2026-03-30 22:39:09,326 [ERROR] LogOutputStream:75 - [STDERR_REDIRECT] 
2026-03-30 22:39:10,327 [ERROR] LogOutputStream:75 - [STDERR_REDIRECT] [Fatal Error] :1:1: Premature end of file.
2026-03-30 22:39:10,327 [ERROR] LogOutputStream:75 - [STDERR_REDIRECT] 
2026-03-30 22:39:11,331 [ERROR] LogOutputStream:75 - [STDERR_REDIRECT] [Fatal Error] :1:1: Premature end of file.
2026-03-30 22:39:11,331 [ERROR] LogOutputStream:75 - [STDERR_REDIRECT] 
2026-03-30 22:39:12,336 [ERROR] LogOutputStream:75 - [STDERR_REDIRECT] [Fatal Error] :1:1: Premature end of file.
2026-03-30 22:39:12,336 [ERROR] LogOutputStream:75 - [STDERR_REDIRECT] 
2026-03-30 22:39:13,323 [ERROR] LogOutputStream:75 - [STDERR_REDIRECT] [Fatal Error] :1:1: Premature end of file.
2026-03-30 22:39:13,323 [ERROR] LogOutputStream:75 - [STDERR_REDIRECT] 
2026-03-30 22:39:14,325 [ERROR] LogOutputStream:75 - [STDERR_REDIRECT] [Fatal Error] :1:1: Premature end of file.
2026-03-30 22:39:14,325 [ERROR] LogOutputStream:75 - [STDERR_REDIRECT] 
2026-03-30 22:39:15,329 [ERROR] LogOutputStream:75 - [STDERR_REDIRECT] [Fatal Error] :1:1: Premature end of file.
2026-03-30 22:39:15,329 [ERROR] LogOutputStream:75 - [STDERR_REDIRECT] 
2026-03-30 22:39:16,334 [ERROR] LogOutputStream:75 - [STDERR_REDIRECT] [Fatal Error] :1:1: Premature end of file.
2026-03-30 22:39:16,334 [ERROR] LogOutputStream:75 - [STDERR_REDIRECT] 
2026-03-30 22:39:17,322 [ERROR] LogOutputStream:75 - [STDERR_REDIRECT] [Fatal Error] :1:1: Premature end of file.
2026-03-30 22:39:17,322 [ERROR] LogOutputStream:75 - [STDERR_REDIRECT] 
2026-03-30 22:39:18,324 [ERROR] LogOutputStream:75 - [STDERR_REDIRECT] [Fatal Error] :1:1: Premature end of file.
2026-03-30 22:39:18,324 [ERROR] LogOutputStream:75 - [STDERR_REDIRECT] 
2026-03-30 22:39:19,327 [ERROR] LogOutputStream:75 - [STDERR_REDIRECT] [Fatal Error] :1:1: Premature end of file.
2026-03-30 22:39:19,327 [ERROR] LogOutputStream:75 - [STDERR_REDIRECT] 
2026-03-30 22:39:20,334 [ERROR] LogOutputStream:75 - [STDERR_REDIRECT] [Fatal Error] :1:1: Premature end of file.
2026-03-30 22:39:20,334 [ERROR] LogOutputStream:75 - [STDERR_REDIRECT] 
2026-03-30 22:39:21,322 [ERROR] LogOutputStream:75 - [STDERR_REDIRECT] [Fatal Error] :1:1: Premature end of file.
2026-03-30 22:39:21,322 [ERROR] LogOutputStream:75 - [STDERR_REDIRECT] 
2026-03-30 22:39:22,325 [ERROR] LogOutputStream:75 - [STDERR_REDIRECT] [Fatal Error] :1:1: Premature end of file.
2026-03-30 22:39:22,331 [ERROR] LogOutputStream:75 - [STDERR_REDIRECT] 
2026-03-30 22:39:23,328 [ERROR] LogOutputStream:75 - [STDERR_REDIRECT] [Fatal Error] :1:1: Premature end of file.
2026-03-30 22:39:23,328 [ERROR] LogOutputStream:75 - [STDERR_REDIRECT] 
2026-03-30 22:39:24,335 [ERROR] LogOutputStream:75 - [STDERR_REDIRECT] [Fatal Error] :1:1: Premature end of file.
2026-03-30 22:39:24,335 [ERROR] LogOutputStream:75 - [STDERR_REDIRECT] 
2026-03-30 22:39:25,336 [ERROR] LogOutputStream:75 - [STDERR_REDIRECT] [Fatal Error] :1:1: Premature end of file.
2026-03-30 22:39:25,336 [ERROR] LogOutputStream:75 - [STDERR_REDIRECT] 
2026-03-30 22:39:26,323 [ERROR] LogOutputStream:75 - [STDERR_REDIRECT] [Fatal Error] :1:1: Premature end of file.
2026-03-30 22:39:26,323 [ERROR] LogOutputStream:75 - [STDERR_REDIRECT] 
2026-03-30 22:39:27,327 [ERROR] LogOutputStream:75 - [STDERR_REDIRECT] [Fatal Error] :1:1: Premature end of file.
2026-03-30 22:39:27,327 [ERROR] LogOutputStream:75 - [STDERR_REDIRECT] 
2026-03-30 22:39:28,333 [ERROR] LogOutputStream:75 - [STDERR_REDIRECT] [Fatal Error] :1:1: Premature end of file.
2026-03-30 22:39:28,333 [ERROR] LogOutputStream:75 - [STDERR_REDIRECT] 
2026-03-30 22:39:29,335 [ERROR] LogOutputStream:75 - [STDERR_REDIRECT] [Fatal Error] :1:1: Premature end of file.
2026-03-30 22:39:29,335 [ERROR] LogOutputStream:75 - [STDERR_REDIRECT] 
2026-03-30 22:39:30,327 [ERROR] LogOutputStream:75 - [STDERR_REDIRECT] [Fatal Error] :1:1: Premature end of file.
2026-03-30 22:39:30,327 [ERROR] LogOutputStream:75 - [STDERR_REDIRECT] 
2026-03-30 22:39:31,330 [ERROR] LogOutputStream:75 - [STDERR_REDIRECT] [Fatal Error] :1:1: Premature end of file.
2026-03-30 22:39:31,330 [ERROR] LogOutputStream:75 - [STDERR_REDIRECT] 
2026-03-30 22:39:32,333 [ERROR] LogOutputStream:75 - [STDERR_REDIRECT] [Fatal Error] :1:1: Premature end of file.
2026-03-30 22:39:32,333 [ERROR] LogOutputStream:75 - [STDERR_REDIRECT] 
2026-03-30 22:39:33,327 [ERROR] LogOutputStream:75 - [STDERR_REDIRECT] [Fatal Error] :1:1: Premature end of file.
2026-03-30 22:39:33,327 [ERROR] LogOutputStream:75 - [STDERR_REDIRECT] 
2026-03-30 22:39:34,334 [ERROR] LogOutputStream:75 - [STDERR_REDIRECT] [Fatal Error] :1:1: Premature end of file.
2026-03-30 22:39:34,334 [ERROR] LogOutputStream:75 - [STDERR_REDIRECT] 
2026-03-30 22:39:35,332 [ERROR] LogOutputStream:75 - [STDERR_REDIRECT] [Fatal Error] :1:1: Premature end of file.
2026-03-30 22:39:35,332 [ERROR] LogOutputStream:75 - [STDERR_REDIRECT] 
2026-03-30 22:39:36,333 [ERROR] LogOutputStream:75 - [STDERR_REDIRECT] [Fatal Error] :1:1: Premature end of file.
2026-03-30 22:39:36,333 [ERROR] LogOutputStream:75 - [STDERR_REDIRECT] 
2026-03-30 22:39:37,326 [ERROR] LogOutputStream:75 - [STDERR_REDIRECT] [Fatal Error] :1:1: Premature end of file.
2026-03-30 22:39:37,326 [ERROR] LogOutputStream:75 - [STDERR_REDIRECT] 
2026-03-30 22:39:38,323 [ERROR] LogOutputStream:75 - [STDERR_REDIRECT] [Fatal Error] :1:1: Premature end of file.
2026-03-30 22:39:38,323 [ERROR] LogOutputStream:75 - [STDERR_REDIRECT] 
2026-03-30 22:39:39,326 [ERROR] LogOutputStream:75 - [STDERR_REDIRECT] [Fatal Error] :1:1: Premature end of file.
2026-03-30 22:39:39,326 [ERROR] LogOutputStream:75 - [STDERR_REDIRECT] 
2026-03-30 22:39:40,325 [ERROR] LogOutputStream:75 - [STDERR_REDIRECT] [Fatal Error] :1:1: Premature end of file.
2026-03-30 22:39:40,325 [ERROR] LogOutputStream:75 - [STDERR_REDIRECT] 
2026-03-30 22:39:41,330 [ERROR] LogOutputStream:75 - [STDERR_REDIRECT] [Fatal Error] :1:1: Premature end of file.
2026-03-30 22:39:41,330 [ERROR] LogOutputStream:75 - [STDERR_REDIRECT] 
2026-03-30 22:39:42,336 [ERROR] LogOutputStream:75 - [STDERR_REDIRECT] [Fatal Error] :1:1: Premature end of file.
2026-03-30 22:39:42,337 [ERROR] LogOutputStream:75 - [STDERR_REDIRECT] 
2026-03-30 22:39:43,332 [ERROR] LogOutputStream:75 - [STDERR_REDIRECT] [Fatal Error] :1:1: Premature end of file.
2026-03-30 22:39:43,332 [ERROR] LogOutputStream:75 - [STDERR_REDIRECT] 
2026-03-30 22:39:44,335 [ERROR] LogOutputStream:75 - [STDERR_REDIRECT] [Fatal Error] :1:1: Premature end of file.
2026-03-30 22:39:44,335 [ERROR] LogOutputStream:75 - [STDERR_REDIRECT] 
2026-03-30 22:39:45,322 [ERROR] LogOutputStream:75 - [STDERR_REDIRECT] [Fatal Error] :1:1: Premature end of file.
2026-03-30 22:39:45,322 [ERROR] LogOutputStream:75 - [STDERR_REDIRECT] 
2026-03-30 22:39:46,325 [ERROR] LogOutputStream:75 - [STDERR_REDIRECT] [Fatal Error] :1:1: Premature end of file.
2026-03-30 22:39:46,325 [ERROR] LogOutputStream:75 - [STDERR_REDIRECT] 
2026-03-30 22:39:47,329 [ERROR] LogOutputStream:75 - [STDERR_REDIRECT] [Fatal Error] :1:1: Premature end of file.
2026-03-30 22:39:47,329 [ERROR] LogOutputStream:75 - [STDERR_REDIRECT] 
2026-03-30 22:39:48,310 [ERROR] LogOutputStream:75 - [STDERR_REDIRECT] [Fatal Error] :1:1: Premature end of file.
2026-03-30 22:39:48,310 [ERROR] LogOutputStream:75 - [STDERR_REDIRECT] 
2026-03-30 22:39:49,329 [ERROR] LogOutputStream:75 - [STDERR_REDIRECT] [Fatal Error] :1:1: Premature end of file.
2026-03-30 22:39:49,329 [ERROR] LogOutputStream:75 - [STDERR_REDIRECT] 
2026-03-30 22:39:50,336 [ERROR] LogOutputStream:75 - [STDERR_REDIRECT] [Fatal Error] :1:1: Premature end of file.
2026-03-30 22:39:50,336 [ERROR] LogOutputStream:75 - [STDERR_REDIRECT] 
2026-03-30 22:39:51,325 [ERROR] LogOutputStream:75 - [STDERR_REDIRECT] [Fatal Error] :1:1: Premature end of file.
2026-03-30 22:39:51,325 [ERROR] LogOutputStream:75 - [STDERR_REDIRECT] 
2026-03-30 22:39:52,327 [ERROR] LogOutputStream:75 - [STDERR_REDIRECT] [Fatal Error] :1:1: Premature end of file.
2026-03-30 22:39:52,327 [ERROR] LogOutputStream:75 - [STDERR_REDIRECT] 
2026-03-30 22:39:53,330 [ERROR] LogOutputStream:75 - [STDERR_REDIRECT] [Fatal Error] :1:1: Premature end of file.
2026-03-30 22:39:53,330 [ERROR] LogOutputStream:75 - [STDERR_REDIRECT] 
2026-03-30 22:39:54,334 [ERROR] LogOutputStream:75 - [STDERR_REDIRECT] [Fatal Error] :1:1: Premature end of file.
2026-03-30 22:39:54,334 [ERROR] LogOutputStream:75 - [STDERR_REDIRECT] 
2026-03-30 22:39:55,328 [ERROR] LogOutputStream:75 - [STDERR_REDIRECT] [Fatal Error] :1:1: Premature end of file.
2026-03-30 22:39:55,328 [ERROR] LogOutputStream:75 - [STDERR_REDIRECT] 
2026-03-30 22:39:56,335 [ERROR] LogOutputStream:75 - [STDERR_REDIRECT] [Fatal Error] :1:1: Premature end of file.
2026-03-30 22:39:56,335 [ERROR] LogOutputStream:75 - [STDERR_REDIRECT] 
2026-03-30 22:39:57,322 [ERROR] LogOutputStream:75 - [STDERR_REDIRECT] [Fatal Error] :1:1: Premature end of file.
2026-03-30 22:39:57,322 [ERROR] LogOutputStream:75 - [STDERR_REDIRECT] 
2026-03-30 22:39:58,325 [ERROR] LogOutputStream:75 - [STDERR_REDIRECT] [Fatal Error] :1:1: Premature end of file.
2026-03-30 22:39:58,325 [ERROR] LogOutputStream:75 - [STDERR_REDIRECT] 
2026-03-30 22:39:59,331 [ERROR] LogOutputStream:75 - [STDERR_REDIRECT] [Fatal Error] :1:1: Premature end of file.
2026-03-30 22:39:59,331 [ERROR] LogOutputStream:75 - [STDERR_REDIRECT] 
2026-03-30 22:40:00,335 [ERROR] LogOutputStream:75 - [STDERR_REDIRECT] [Fatal Error] :1:1: Premature end of file.
2026-03-30 22:40:00,335 [ERROR] LogOutputStream:75 - [STDERR_REDIRECT] 
2026-03-30 22:40:01,321 [ERROR] LogOutputStream:75 - [STDERR_REDIRECT] [Fatal Error] :1:1: Premature end of file.
2026-03-30 22:40:01,321 [ERROR] LogOutputStream:75 - [STDERR_REDIRECT] 
2026-03-30 22:40:02,328 [ERROR] LogOutputStream:75 - [STDERR_REDIRECT] [Fatal Error] :1:1: Premature end of file.
2026-03-30 22:40:02,328 [ERROR] LogOutputStream:75 - [STDERR_REDIRECT] 
2026-03-30 22:40:03,323 [ERROR] LogOutputStream:75 - [STDERR_REDIRECT] [Fatal Error] :1:1: Premature end of file.
2026-03-30 22:40:03,323 [ERROR] LogOutputStream:75 - [STDERR_REDIRECT] 
2026-03-30 22:40:04,323 [ERROR] LogOutputStream:75 - [STDERR_REDIRECT] [Fatal Error] :1:1: Premature end of file.
2026-03-30 22:40:04,323 [ERROR] LogOutputStream:75 - [STDERR_REDIRECT] 
2026-03-30 22:40:05,337 [ERROR] LogOutputStream:75 - [STDERR_REDIRECT] [Fatal Error] :1:1: Premature end of file.
2026-03-30 22:40:05,337 [ERROR] LogOutputStream:75 - [STDERR_REDIRECT] 
2026-03-30 22:40:06,322 [ERROR] LogOutputStream:75 - [STDERR_REDIRECT] [Fatal Error] :1:1: Premature end of file.
2026-03-30 22:40:06,322 [ERROR] LogOutputStream:75 - [STDERR_REDIRECT] 
2026-03-30 22:40:07,331 [ERROR] LogOutputStream:75 - [STDERR_REDIRECT] [Fatal Error] :1:1: Premature end of file.
2026-03-30 22:40:07,331 [ERROR] LogOutputStream:75 - [STDERR_REDIRECT] 
2026-03-30 22:40:08,335 [ERROR] LogOutputStream:75 - [STDERR_REDIRECT] [Fatal Error] :1:1: Premature end of file.
2026-03-30 22:40:08,335 [ERROR] LogOutputStream:75 - [STDERR_REDIRECT] 
2026-03-30 22:40:09,332 [ERROR] LogOutputStream:75 - [STDERR_REDIRECT] [Fatal Error] :1:1: Premature end of file.
2026-03-30 22:40:09,332 [ERROR] LogOutputStream:75 - [STDERR_REDIRECT] 
2026-03-30 22:40:10,329 [ERROR] LogOutputStream:75 - [STDERR_REDIRECT] [Fatal Error] :1:1: Premature end of file.
2026-03-30 22:40:10,329 [ERROR] LogOutputStream:75 - [STDERR_REDIRECT] 
2026-03-30 22:40:11,329 [ERROR] LogOutputStream:75 - [STDERR_REDIRECT] [Fatal Error] :1:1: Premature end of file.
2026-03-30 22:40:11,329 [ERROR] LogOutputStream:75 - [STDERR_REDIRECT] 
2026-03-30 22:40:12,331 [ERROR] LogOutputStream:75 - [STDERR_REDIRECT] [Fatal Error] :1:1: Premature end of file.
2026-03-30 22:40:12,331 [ERROR] LogOutputStream:75 - [STDERR_REDIRECT] 
2026-03-30 22:40:13,331 [ERROR] LogOutputStream:75 - [STDERR_REDIRECT] [Fatal Error] :1:1: Premature end of file.
2026-03-30 22:40:13,331 [ERROR] LogOutputStream:75 - [STDERR_REDIRECT] 
2026-03-30 22:40:14,335 [ERROR] LogOutputStream:75 - [STDERR_REDIRECT] [Fatal Error] :1:1: Premature end of file.
2026-03-30 22:40:14,335 [ERROR] LogOutputStream:75 - [STDERR_REDIRECT] 
2026-03-30 22:40:15,321 [ERROR] LogOutputStream:75 - [STDERR_REDIRECT] [Fatal Error] :1:1: Premature end of file.
2026-03-30 22:40:15,321 [ERROR] LogOutputStream:75 - [STDERR_REDIRECT] 
2026-03-30 22:40:16,325 [ERROR] LogOutputStream:75 - [STDERR_REDIRECT] [Fatal Error] :1:1: Premature end of file.
2026-03-30 22:40:16,325 [ERROR] LogOutputStream:75 - [STDERR_REDIRECT] 
2026-03-30 22:40:17,328 [ERROR] LogOutputStream:75 - [STDERR_REDIRECT] [Fatal Error] :1:1: Premature end of file.
2026-03-30 22:40:17,328 [ERROR] LogOutputStream:75 - [STDERR_REDIRECT] 
2026-03-30 22:40:18,334 [ERROR] LogOutputStream:75 - [STDERR_REDIRECT] [Fatal Error] :1:1: Premature end of file.
2026-03-30 22:40:18,334 [ERROR] LogOutputStream:75 - [STDERR_REDIRECT] 
2026-03-30 22:40:19,335 [ERROR] LogOutputStream:75 - [STDERR_REDIRECT] [Fatal Error] :1:1: Premature end of file.
2026-03-30 22:40:19,335 [ERROR] LogOutputStream:75 - [STDERR_REDIRECT] 
2026-03-30 22:40:20,323 [ERROR] LogOutputStream:75 - [STDERR_REDIRECT] [Fatal Error] :1:1: Premature end of file.
2026-03-30 22:40:20,323 [ERROR] LogOutputStream:75 - [STDERR_REDIRECT] 
2026-03-30 22:40:21,328 [ERROR] LogOutputStream:75 - [STDERR_REDIRECT] [Fatal Error] :1:1: Premature end of file.
2026-03-30 22:40:21,328 [ERROR] LogOutputStream:75 - [STDERR_REDIRECT] 
2026-03-30 22:40:22,336 [ERROR] LogOutputStream:75 - [STDERR_REDIRECT] [Fatal Error] :1:1: Premature end of file.
2026-03-30 22:40:22,336 [ERROR] LogOutputStream:75 - [STDERR_REDIRECT] 
2026-03-30 22:40:23,322 [ERROR] LogOutputStream:75 - [STDERR_REDIRECT] [Fatal Error] :1:1: Premature end of file.
2026-03-30 22:40:23,322 [ERROR] LogOutputStream:75 - [STDERR_REDIRECT] 
2026-03-30 22:40:24,323 [ERROR] LogOutputStream:75 - [STDERR_REDIRECT] [Fatal Error] :1:1: Premature end of file.
2026-03-30 22:40:24,323 [ERROR] LogOutputStream:75 - [STDERR_REDIRECT] 
2026-03-30 22:40:25,328 [ERROR] LogOutputStream:75 - [STDERR_REDIRECT] [Fatal Error] :1:1: Premature end of file.
2026-03-30 22:40:25,328 [ERROR] LogOutputStream:75 - [STDERR_REDIRECT] 
2026-03-30 22:40:26,331 [ERROR] LogOutputStream:75 - [STDERR_REDIRECT] [Fatal Error] :1:1: Premature end of file.
2026-03-30 22:40:26,331 [ERROR] LogOutputStream:75 - [STDERR_REDIRECT] 
2026-03-30 22:40:27,335 [ERROR] LogOutputStream:75 - [STDERR_REDIRECT] [Fatal Error] :1:1: Premature end of file.
2026-03-30 22:40:27,335 [ERROR] LogOutputStream:75 - [STDERR_REDIRECT] 
2026-03-30 22:40:28,322 [ERROR] LogOutputStream:75 - [STDERR_REDIRECT] [Fatal Error] :1:1: Premature end of file.
2026-03-30 22:40:28,322 [ERROR] LogOutputStream:75 - [STDERR_REDIRECT] 
2026-03-30 22:40:29,326 [ERROR] LogOutputStream:75 - [STDERR_REDIRECT] [Fatal Error] :1:1: Premature end of file.
2026-03-30 22:40:29,326 [ERROR] LogOutputStream:75 - [STDERR_REDIRECT] 
2026-03-30 22:40:30,329 [ERROR] LogOutputStream:75 - [STDERR_REDIRECT] [Fatal Error] :1:1: Premature end of file.
2026-03-30 22:40:30,329 [ERROR] LogOutputStream:75 - [STDERR_REDIRECT] 
2026-03-30 22:40:31,317 [ERROR] LogOutputStream:75 - [STDERR_REDIRECT] [Fatal Error] :1:1: Premature end of file.
2026-03-30 22:40:31,333 [ERROR] LogOutputStream:75 - [STDERR_REDIRECT] 
2026-03-30 22:40:32,337 [ERROR] LogOutputStream:75 - [STDERR_REDIRECT] [Fatal Error] :1:1: Premature end of file.
2026-03-30 22:40:32,337 [ERROR] LogOutputStream:75 - [STDERR_REDIRECT] 
2026-03-30 22:40:33,328 [ERROR] LogOutputStream:75 - [STDERR_REDIRECT] [Fatal Error] :1:1: Premature end of file.
2026-03-30 22:40:33,328 [ERROR] LogOutputStream:75 - [STDERR_REDIRECT] 
2026-03-30 22:40:34,331 [ERROR] LogOutputStream:75 - [STDERR_REDIRECT] [Fatal Error] :1:1: Premature end of file.
2026-03-30 22:40:34,331 [ERROR] LogOutputStream:75 - [STDERR_REDIRECT] 
2026-03-30 22:40:35,336 [ERROR] LogOutputStream:75 - [STDERR_REDIRECT] [Fatal Error] :1:1: Premature end of file.
2026-03-30 22:40:35,336 [ERROR] LogOutputStream:75 - [STDERR_REDIRECT] 
2026-03-30 22:40:36,321 [ERROR] LogOutputStream:75 - [STDERR_REDIRECT] [Fatal Error] :1:1: Premature end of file.
2026-03-30 22:40:36,321 [ERROR] LogOutputStream:75 - [STDERR_REDIRECT] 
2026-03-30 22:40:37,325 [ERROR] LogOutputStream:75 - [STDERR_REDIRECT] [Fatal Error] :1:1: Premature end of file.
2026-03-30 22:40:37,325 [ERROR] LogOutputStream:75 - [STDERR_REDIRECT] 
2026-03-30 22:40:38,326 [ERROR] LogOutputStream:75 - [STDERR_REDIRECT] [Fatal Error] :1:1: Premature end of file.
2026-03-30 22:40:38,326 [ERROR] LogOutputStream:75 - [STDERR_REDIRECT] 
2026-03-30 22:40:39,329 [ERROR] LogOutputStream:75 - [STDERR_REDIRECT] [Fatal Error] :1:1: Premature end of file.
2026-03-30 22:40:39,329 [ERROR] LogOutputStream:75 - [STDERR_REDIRECT] 
2026-03-30 22:40:40,334 [ERROR] LogOutputStream:75 - [STDERR_REDIRECT] [Fatal Error] :1:1: Premature end of file.
2026-03-30 22:40:40,334 [ERROR] LogOutputStream:75 - [STDERR_REDIRECT] 
2026-03-30 22:40:41,321 [ERROR] LogOutputStream:75 - [STDERR_REDIRECT] [Fatal Error] :1:1: Premature end of file.
2026-03-30 22:40:41,321 [ERROR] LogOutputStream:75 - [STDERR_REDIRECT] 
2026-03-30 22:40:42,325 [ERROR] LogOutputStream:75 - [STDERR_REDIRECT] [Fatal Error] :1:1: Premature end of file.
2026-03-30 22:40:42,325 [ERROR] LogOutputStream:75 - [STDERR_REDIRECT] 
2026-03-30 22:40:43,318 [ERROR] LogOutputStream:75 - [STDERR_REDIRECT] [Fatal Error] :1:1: Premature end of file.
2026-03-30 22:40:43,318 [ERROR] LogOutputStream:75 - [STDERR_REDIRECT] 
2026-03-30 22:40:44,321 [ERROR] LogOutputStream:75 - [STDERR_REDIRECT] [Fatal Error] :1:1: Premature end of file.
2026-03-30 22:40:44,321 [ERROR] LogOutputStream:75 - [STDERR_REDIRECT] 
2026-03-30 22:40:45,327 [ERROR] LogOutputStream:75 - [STDERR_REDIRECT] [Fatal Error] :1:1: Premature end of file.
2026-03-30 22:40:45,327 [ERROR] LogOutputStream:75 - [STDERR_REDIRECT] 
2026-03-30 22:40:46,331 [ERROR] LogOutputStream:75 - [STDERR_REDIRECT] [Fatal Error] :1:1: Premature end of file.
2026-03-30 22:40:46,331 [ERROR] LogOutputStream:75 - [STDERR_REDIRECT] 
2026-03-30 22:40:47,334 [ERROR] LogOutputStream:75 - [STDERR_REDIRECT] [Fatal Error] :1:1: Premature end of file.
2026-03-30 22:40:47,334 [ERROR] LogOutputStream:75 - [STDERR_REDIRECT] 
2026-03-30 22:40:48,322 [ERROR] LogOutputStream:75 - [STDERR_REDIRECT] [Fatal Error] :1:1: Premature end of file.
2026-03-30 22:40:48,322 [ERROR] LogOutputStream:75 - [STDERR_REDIRECT] 
2026-03-30 22:40:49,326 [ERROR] LogOutputStream:75 - [STDERR_REDIRECT] [Fatal Error] :1:1: Premature end of file.
2026-03-30 22:40:49,326 [ERROR] LogOutputStream:75 - [STDERR_REDIRECT] 
2026-03-30 22:40:50,331 [ERROR] LogOutputStream:75 - [STDERR_REDIRECT] [Fatal Error] :1:1: Premature end of file.
2026-03-30 22:40:50,332 [ERROR] LogOutputStream:75 - [STDERR_REDIRECT] 
2026-03-30 22:40:51,331 [ERROR] LogOutputStream:75 - [STDERR_REDIRECT] [Fatal Error] :1:1: Premature end of file.
2026-03-30 22:40:51,331 [ERROR] LogOutputStream:75 - [STDERR_REDIRECT] 
2026-03-30 22:40:52,336 [ERROR] LogOutputStream:75 - [STDERR_REDIRECT] [Fatal Error] :1:1: Premature end of file.
2026-03-30 22:40:52,336 [ERROR] LogOutputStream:75 - [STDERR_REDIRECT] 
2026-03-30 22:40:53,323 [ERROR] LogOutputStream:75 - [STDERR_REDIRECT] [Fatal Error] :1:1: Premature end of file.
2026-03-30 22:40:53,323 [ERROR] LogOutputStream:75 - [STDERR_REDIRECT] 
2026-03-30 22:40:54,324 [ERROR] LogOutputStream:75 - [STDERR_REDIRECT] [Fatal Error] :1:1: Premature end of file.
2026-03-30 22:40:54,324 [ERROR] LogOutputStream:75 - [STDERR_REDIRECT] 
2026-03-30 22:40:55,325 [ERROR] LogOutputStream:75 - [STDERR_REDIRECT] [Fatal Error] :1:1: Premature end of file.
2026-03-30 22:40:55,325 [ERROR] LogOutputStream:75 - [STDERR_REDIRECT] 
2026-03-30 22:40:56,324 [ERROR] LogOutputStream:75 - [STDERR_REDIRECT] [Fatal Error] :1:1: Premature end of file.
2026-03-30 22:40:56,324 [ERROR] LogOutputStream:75 - [STDERR_REDIRECT] 
2026-03-30 22:40:57,327 [ERROR] LogOutputStream:75 - [STDERR_REDIRECT] [Fatal Error] :1:1: Premature end of file.
2026-03-30 22:40:57,327 [ERROR] LogOutputStream:75 - [STDERR_REDIRECT] 
2026-03-30 22:40:58,327 [ERROR] LogOutputStream:75 - [STDERR_REDIRECT] [Fatal Error] :1:1: Premature end of file.
2026-03-30 22:40:58,327 [ERROR] LogOutputStream:75 - [STDERR_REDIRECT] 
2026-03-30 22:40:59,330 [ERROR] LogOutputStream:75 - [STDERR_REDIRECT] [Fatal Error] :1:1: Premature end of file.
2026-03-30 22:40:59,330 [ERROR] LogOutputStream:75 - [STDERR_REDIRECT] 
2026-03-30 22:41:00,324 [ERROR] LogOutputStream:75 - [STDERR_REDIRECT] [Fatal Error] :1:1: Premature end of file.
2026-03-30 22:41:00,324 [ERROR] LogOutputStream:75 - [STDERR_REDIRECT] 
2026-03-30 22:41:01,329 [ERROR] LogOutputStream:75 - [STDERR_REDIRECT] [Fatal Error] :1:1: Premature end of file.
2026-03-30 22:41:01,330 [ERROR] LogOutputStream:75 - [STDERR_REDIRECT] 
2026-03-30 22:41:02,330 [ERROR] LogOutputStream:75 - [STDERR_REDIRECT] [Fatal Error] :1:1: Premature end of file.
2026-03-30 22:41:02,330 [ERROR] LogOutputStream:75 - [STDERR_REDIRECT] 
2026-03-30 22:41:03,333 [ERROR] LogOutputStream:75 - [STDERR_REDIRECT] [Fatal Error] :1:1: Premature end of file.
2026-03-30 22:41:03,333 [ERROR] LogOutputStream:75 - [STDERR_REDIRECT] 
2026-03-30 22:41:04,335 [ERROR] LogOutputStream:75 - [STDERR_REDIRECT] [Fatal Error] :1:1: Premature end of file.
2026-03-30 22:41:04,335 [ERROR] LogOutputStream:75 - [STDERR_REDIRECT] 
2026-03-30 22:41:05,328 [ERROR] LogOutputStream:75 - [STDERR_REDIRECT] [Fatal Error] :1:1: Premature end of file.
2026-03-30 22:41:05,328 [ERROR] LogOutputStream:75 - [STDERR_REDIRECT] 
2026-03-30 22:41:06,329 [ERROR] LogOutputStream:75 - [STDERR_REDIRECT] [Fatal Error] :1:1: Premature end of file.
2026-03-30 22:41:06,329 [ERROR] LogOutputStream:75 - [STDERR_REDIRECT] 
2026-03-30 22:41:07,322 [ERROR] LogOutputStream:75 - [STDERR_REDIRECT] [Fatal Error] :1:1: Premature end of file.
2026-03-30 22:41:07,322 [ERROR] LogOutputStream:75 - [STDERR_REDIRECT] 
2026-03-30 22:41:08,327 [ERROR] LogOutputStream:75 - [STDERR_REDIRECT] [Fatal Error] :1:1: Premature end of file.
2026-03-30 22:41:08,327 [ERROR] LogOutputStream:75 - [STDERR_REDIRECT] 
2026-03-30 22:41:09,321 [ERROR] LogOutputStream:75 - [STDERR_REDIRECT] [Fatal Error] :1:1: Premature end of file.
2026-03-30 22:41:09,321 [ERROR] LogOutputStream:75 - [STDERR_REDIRECT] 
2026-03-30 22:41:10,334 [ERROR] LogOutputStream:75 - [STDERR_REDIRECT] [Fatal Error] :1:1: Premature end of file.
2026-03-30 22:41:10,335 [ERROR] LogOutputStream:75 - [STDERR_REDIRECT] 
2026-03-30 22:41:11,327 [ERROR] LogOutputStream:75 - [STDERR_REDIRECT] [Fatal Error] :1:1: Premature end of file.
2026-03-30 22:41:11,327 [ERROR] LogOutputStream:75 - [STDERR_REDIRECT] 
2026-03-30 22:41:12,329 [ERROR] LogOutputStream:75 - [STDERR_REDIRECT] [Fatal Error] :1:1: Premature end of file.
2026-03-30 22:41:12,329 [ERROR] LogOutputStream:75 - [STDERR_REDIRECT] 
2026-03-30 22:41:13,336 [ERROR] LogOutputStream:75 - [STDERR_REDIRECT] [Fatal Error] :1:1: Premature end of file.
2026-03-30 22:41:13,336 [ERROR] LogOutputStream:75 - [STDERR_REDIRECT] 
2026-03-30 22:41:14,327 [ERROR] LogOutputStream:75 - [STDERR_REDIRECT] [Fatal Error] :1:1: Premature end of file.
2026-03-30 22:41:14,327 [ERROR] LogOutputStream:75 - [STDERR_REDIRECT] 
2026-03-30 22:41:15,330 [ERROR] LogOutputStream:75 - [STDERR_REDIRECT] [Fatal Error] :1:1: Premature end of file.
2026-03-30 22:41:15,330 [ERROR] LogOutputStream:75 - [STDERR_REDIRECT] 
2026-03-30 22:41:16,314 [ERROR] LogOutputStream:75 - [STDERR_REDIRECT] [Fatal Error] :1:1: Premature end of file.
2026-03-30 22:41:16,314 [ERROR] LogOutputStream:75 - [STDERR_REDIRECT] 
2026-03-30 22:41:17,328 [ERROR] LogOutputStream:75 - [STDERR_REDIRECT] [Fatal Error] :1:1: Premature end of file.
2026-03-30 22:41:17,329 [ERROR] LogOutputStream:75 - [STDERR_REDIRECT] 
2026-03-30 22:41:18,327 [ERROR] LogOutputStream:75 - [STDERR_REDIRECT] [Fatal Error] :1:1: Premature end of file.
2026-03-30 22:41:18,327 [ERROR] LogOutputStream:75 - [STDERR_REDIRECT] 
2026-03-30 22:41:19,329 [ERROR] LogOutputStream:75 - [STDERR_REDIRECT] [Fatal Error] :1:1: Premature end of file.
2026-03-30 22:41:19,330 [ERROR] LogOutputStream:75 - [STDERR_REDIRECT] 
2026-03-30 22:41:20,327 [ERROR] LogOutputStream:75 - [STDERR_REDIRECT] [Fatal Error] :1:1: Premature end of file.
2026-03-30 22:41:20,327 [ERROR] LogOutputStream:75 - [STDERR_REDIRECT] 
2026-03-30 22:41:21,324 [ERROR] LogOutputStream:75 - [STDERR_REDIRECT] [Fatal Error] :1:1: Premature end of file.
2026-03-30 22:41:21,324 [ERROR] LogOutputStream:75 - [STDERR_REDIRECT] 
2026-03-30 22:41:22,327 [ERROR] LogOutputStream:75 - [STDERR_REDIRECT] [Fatal Error] :1:1: Premature end of file.
2026-03-30 22:41:22,327 [ERROR] LogOutputStream:75 - [STDERR_REDIRECT] 
2026-03-30 22:41:23,321 [ERROR] LogOutputStream:75 - [STDERR_REDIRECT] [Fatal Error] :1:1: Premature end of file.
2026-03-30 22:41:23,321 [ERROR] LogOutputStream:75 - [STDERR_REDIRECT] 
2026-03-30 22:41:24,313 [ERROR] LogOutputStream:75 - [STDERR_REDIRECT] [Fatal Error] :1:1: Premature end of file.
2026-03-30 22:41:24,313 [ERROR] LogOutputStream:75 - [STDERR_REDIRECT] 
2026-03-30 22:41:25,329 [ERROR] LogOutputStream:75 - [STDERR_REDIRECT] [Fatal Error] :1:1: Premature end of file.
2026-03-30 22:41:25,329 [ERROR] LogOutputStream:75 - [STDERR_REDIRECT] 
2026-03-30 22:41:26,326 [ERROR] LogOutputStream:75 - [STDERR_REDIRECT] [Fatal Error] :1:1: Premature end of file.
2026-03-30 22:41:26,327 [ERROR] LogOutputStream:75 - [STDERR_REDIRECT] 
2026-03-30 22:41:27,331 [ERROR] LogOutputStream:75 - [STDERR_REDIRECT] [Fatal Error] :1:1: Premature end of file.
2026-03-30 22:41:27,331 [ERROR] LogOutputStream:75 - [STDERR_REDIRECT] 
2026-03-30 22:41:28,328 [ERROR] LogOutputStream:75 - [STDERR_REDIRECT] [Fatal Error] :1:1: Premature end of file.
2026-03-30 22:41:28,328 [ERROR] LogOutputStream:75 - [STDERR_REDIRECT] 
2026-03-30 22:41:29,329 [ERROR] LogOutputStream:75 - [STDERR_REDIRECT] [Fatal Error] :1:1: Premature end of file.
2026-03-30 22:41:29,329 [ERROR] LogOutputStream:75 - [STDERR_REDIRECT] 
2026-03-30 22:41:30,340 [ERROR] LogOutputStream:75 - [STDERR_REDIRECT] [Fatal Error] :1:1: Premature end of file.
2026-03-30 22:41:30,340 [ERROR] LogOutputStream:75 - [STDERR_REDIRECT] 
2026-03-30 22:41:31,326 [ERROR] LogOutputStream:75 - [STDERR_REDIRECT] [Fatal Error] :1:1: Premature end of file.
2026-03-30 22:41:31,326 [ERROR] LogOutputStream:75 - [STDERR_REDIRECT] 
2026-03-30 22:41:32,314 [ERROR] LogOutputStream:75 - [STDERR_REDIRECT] [Fatal Error] :1:1: Premature end of file.
2026-03-30 22:41:32,314 [ERROR] LogOutputStream:75 - [STDERR_REDIRECT] 
2026-03-30 22:41:33,330 [ERROR] LogOutputStream:75 - [STDERR_REDIRECT] [Fatal Error] :1:1: Premature end of file.
2026-03-30 22:41:33,330 [ERROR] LogOutputStream:75 - [STDERR_REDIRECT] 
2026-03-30 22:41:34,330 [ERROR] LogOutputStream:75 - [STDERR_REDIRECT] [Fatal Error] :1:1: Premature end of file.
2026-03-30 22:41:34,330 [ERROR] LogOutputStream:75 - [STDERR_REDIRECT] 
2026-03-30 22:41:35,314 [ERROR] LogOutputStream:75 - [STDERR_REDIRECT] [Fatal Error] :1:1: Premature end of file.
2026-03-30 22:41:35,314 [ERROR] LogOutputStream:75 - [STDERR_REDIRECT] 
2026-03-30 22:41:36,331 [ERROR] LogOutputStream:75 - [STDERR_REDIRECT] [Fatal Error] :1:1: Premature end of file.
2026-03-30 22:41:36,331 [ERROR] LogOutputStream:75 - [STDERR_REDIRECT] 
2026-03-30 22:41:37,332 [ERROR] LogOutputStream:75 - [STDERR_REDIRECT] [Fatal Error] :1:1: Premature end of file.
2026-03-30 22:41:37,332 [ERROR] LogOutputStream:75 - [STDERR_REDIRECT] 
2026-03-30 22:41:38,323 [ERROR] LogOutputStream:75 - [STDERR_REDIRECT] [Fatal Error] :1:1: Premature end of file.
2026-03-30 22:41:38,323 [ERROR] LogOutputStream:75 - [STDERR_REDIRECT] 
2026-03-30 22:41:39,329 [ERROR] LogOutputStream:75 - [STDERR_REDIRECT] [Fatal Error] :1:1: Premature end of file.
2026-03-30 22:41:39,329 [ERROR] LogOutputStream:75 - [STDERR_REDIRECT] 
2026-03-30 22:41:40,328 [ERROR] LogOutputStream:75 - [STDERR_REDIRECT] [Fatal Error] :1:1: Premature end of file.
2026-03-30 22:41:40,328 [ERROR] LogOutputStream:75 - [STDERR_REDIRECT] 
2026-03-30 22:41:41,314 [ERROR] LogOutputStream:75 - [STDERR_REDIRECT] [Fatal Error] :1:1: Premature end of file.
2026-03-30 22:41:41,314 [ERROR] LogOutputStream:75 - [STDERR_REDIRECT] 
2026-03-30 22:41:42,327 [ERROR] LogOutputStream:75 - [STDERR_REDIRECT] [Fatal Error] :1:1: Premature end of file.
2026-03-30 22:41:42,327 [ERROR] LogOutputStream:75 - [STDERR_REDIRECT] 
2026-03-30 22:41:43,330 [ERROR] LogOutputStream:75 - [STDERR_REDIRECT] [Fatal Error] :1:1: Premature end of file.
2026-03-30 22:41:43,330 [ERROR] LogOutputStream:75 - [STDERR_REDIRECT] 
2026-03-30 22:41:44,331 [ERROR] LogOutputStream:75 - [STDERR_REDIRECT] [Fatal Error] :1:1: Premature end of file.
2026-03-30 22:41:44,331 [ERROR] LogOutputStream:75 - [STDERR_REDIRECT] 
2026-03-30 22:41:45,331 [ERROR] LogOutputStream:75 - [STDERR_REDIRECT] [Fatal Error] :1:1: Premature end of file.
2026-03-30 22:41:45,331 [ERROR] LogOutputStream:75 - [STDERR_REDIRECT] 
2026-03-30 22:41:46,329 [ERROR] LogOutputStream:75 - [STDERR_REDIRECT] [Fatal Error] :1:1: Premature end of file.
2026-03-30 22:41:46,329 [ERROR] LogOutputStream:75 - [STDERR_REDIRECT] 
2026-03-30 22:41:47,333 [ERROR] LogOutputStream:75 - [STDERR_REDIRECT] [Fatal Error] :1:1: Premature end of file.
2026-03-30 22:41:47,333 [ERROR] LogOutputStream:75 - [STDERR_REDIRECT] 
2026-03-30 22:41:48,331 [ERROR] LogOutputStream:75 - [STDERR_REDIRECT] [Fatal Error] :1:1: Premature end of file.
2026-03-30 22:41:48,331 [ERROR] LogOutputStream:75 - [STDERR_REDIRECT] 
2026-03-30 22:41:49,328 [ERROR] LogOutputStream:75 - [STDERR_REDIRECT] [Fatal Error] :1:1: Premature end of file.
2026-03-30 22:41:49,328 [ERROR] LogOutputStream:75 - [STDERR_REDIRECT] 
2026-03-30 22:41:50,331 [ERROR] LogOutputStream:75 - [STDERR_REDIRECT] [Fatal Error] :1:1: Premature end of file.
2026-03-30 22:41:50,331 [ERROR] LogOutputStream:75 - [STDERR_REDIRECT] 
2026-03-30 22:41:51,331 [ERROR] LogOutputStream:75 - [STDERR_REDIRECT] [Fatal Error] :1:1: Premature end of file.
2026-03-30 22:41:51,331 [ERROR] LogOutputStream:75 - [STDERR_REDIRECT] 
2026-03-30 22:41:52,325 [ERROR] LogOutputStream:75 - [STDERR_REDIRECT] [Fatal Error] :1:1: Premature end of file.
2026-03-30 22:41:52,325 [ERROR] LogOutputStream:75 - [STDERR_REDIRECT] 
2026-03-30 22:41:53,324 [ERROR] LogOutputStream:75 - [STDERR_REDIRECT] [Fatal Error] :1:1: Premature end of file.
2026-03-30 22:41:53,324 [ERROR] LogOutputStream:75 - [STDERR_REDIRECT] 
2026-03-30 22:41:54,324 [ERROR] LogOutputStream:75 - [STDERR_REDIRECT] [Fatal Error] :1:1: Premature end of file.
2026-03-30 22:41:54,324 [ERROR] LogOutputStream:75 - [STDERR_REDIRECT] 
2026-03-30 22:41:55,329 [ERROR] LogOutputStream:75 - [STDERR_REDIRECT] [Fatal Error] :1:1: Premature end of file.
2026-03-30 22:41:55,329 [ERROR] LogOutputStream:75 - [STDERR_REDIRECT] 
2026-03-30 22:41:56,325 [ERROR] LogOutputStream:75 - [STDERR_REDIRECT] [Fatal Error] :1:1: Premature end of file.
2026-03-30 22:41:56,325 [ERROR] LogOutputStream:75 - [STDERR_REDIRECT] 
2026-03-30 22:41:57,329 [ERROR] LogOutputStream:75 - [STDERR_REDIRECT] [Fatal Error] :1:1: Premature end of file.
2026-03-30 22:41:57,329 [ERROR] LogOutputStream:75 - [STDERR_REDIRECT] 
2026-03-30 22:41:58,332 [ERROR] LogOutputStream:75 - [STDERR_REDIRECT] [Fatal Error] :1:1: Premature end of file.
2026-03-30 22:41:58,332 [ERROR] LogOutputStream:75 - [STDERR_REDIRECT] 
2026-03-30 22:41:59,334 [ERROR] LogOutputStream:75 - [STDERR_REDIRECT] [Fatal Error] :1:1: Premature end of file.
2026-03-30 22:41:59,334 [ERROR] LogOutputStream:75 - [STDERR_REDIRECT] 
2026-03-30 22:42:00,330 [ERROR] LogOutputStream:75 - [STDERR_REDIRECT] [Fatal Error] :1:1: Premature end of file.
2026-03-30 22:42:00,330 [ERROR] LogOutputStream:75 - [STDERR_REDIRECT] 
2026-03-30 22:42:01,333 [ERROR] LogOutputStream:75 - [STDERR_REDIRECT] [Fatal Error] :1:1: Premature end of file.
2026-03-30 22:42:01,333 [ERROR] LogOutputStream:75 - [STDERR_REDIRECT] 
2026-03-30 22:42:02,333 [ERROR] LogOutputStream:75 - [STDERR_REDIRECT] [Fatal Error] :1:1: Premature end of file.
2026-03-30 22:42:02,333 [ERROR] LogOutputStream:75 - [STDERR_REDIRECT] 
2026-03-30 22:42:03,331 [ERROR] LogOutputStream:75 - [STDERR_REDIRECT] [Fatal Error] :1:1: Premature end of file.
2026-03-30 22:42:03,331 [ERROR] LogOutputStream:75 - [STDERR_REDIRECT] 
2026-03-30 22:42:04,325 [ERROR] LogOutputStream:75 - [STDERR_REDIRECT] [Fatal Error] :1:1: Premature end of file.
2026-03-30 22:42:04,325 [ERROR] LogOutputStream:75 - [STDERR_REDIRECT] 
2026-03-30 22:42:05,325 [ERROR] LogOutputStream:75 - [STDERR_REDIRECT] [Fatal Error] :1:1: Premature end of file.
2026-03-30 22:42:05,325 [ERROR] LogOutputStream:75 - [STDERR_REDIRECT] 
2026-03-30 22:42:06,331 [ERROR] LogOutputStream:75 - [STDERR_REDIRECT] [Fatal Error] :1:1: Premature end of file.
2026-03-30 22:42:06,331 [ERROR] LogOutputStream:75 - [STDERR_REDIRECT] 
2026-03-30 22:42:07,330 [ERROR] LogOutputStream:75 - [STDERR_REDIRECT] [Fatal Error] :1:1: Premature end of file.
2026-03-30 22:42:07,331 [ERROR] LogOutputStream:75 - [STDERR_REDIRECT] 
2026-03-30 22:42:08,325 [ERROR] LogOutputStream:75 - [STDERR_REDIRECT] [Fatal Error] :1:1: Premature end of file.
2026-03-30 22:42:08,326 [ERROR] LogOutputStream:75 - [STDERR_REDIRECT] 
2026-03-30 22:42:09,323 [ERROR] LogOutputStream:75 - [STDERR_REDIRECT] [Fatal Error] :1:1: Premature end of file.
2026-03-30 22:42:09,323 [ERROR] LogOutputStream:75 - [STDERR_REDIRECT] 
2026-03-30 22:42:10,328 [ERROR] LogOutputStream:75 - [STDERR_REDIRECT] [Fatal Error] :1:1: Premature end of file.
2026-03-30 22:42:10,328 [ERROR] LogOutputStream:75 - [STDERR_REDIRECT] 
2026-03-30 22:42:11,339 [ERROR] LogOutputStream:75 - [STDERR_REDIRECT] [Fatal Error] :1:1: Premature end of file.
2026-03-30 22:42:11,339 [ERROR] LogOutputStream:75 - [STDERR_REDIRECT] 
2026-03-30 22:42:12,328 [ERROR] LogOutputStream:75 - [STDERR_REDIRECT] [Fatal Error] :1:1: Premature end of file.
2026-03-30 22:42:12,328 [ERROR] LogOutputStream:75 - [STDERR_REDIRECT] 
2026-03-30 22:42:13,328 [ERROR] LogOutputStream:75 - [STDERR_REDIRECT] [Fatal Error] :1:1: Premature end of file.
2026-03-30 22:42:13,328 [ERROR] LogOutputStream:75 - [STDERR_REDIRECT] 
2026-03-30 22:42:14,323 [ERROR] LogOutputStream:75 - [STDERR_REDIRECT] [Fatal Error] :1:1: Premature end of file.
2026-03-30 22:42:14,323 [ERROR] LogOutputStream:75 - [STDERR_REDIRECT] 
2026-03-30 22:42:15,314 [ERROR] LogOutputStream:75 - [STDERR_REDIRECT] [Fatal Error] :1:1: Premature end of file.
2026-03-30 22:42:15,314 [ERROR] LogOutputStream:75 - [STDERR_REDIRECT] 
2026-03-30 22:42:16,329 [ERROR] LogOutputStream:75 - [STDERR_REDIRECT] [Fatal Error] :1:1: Premature end of file.
2026-03-30 22:42:16,329 [ERROR] LogOutputStream:75 - [STDERR_REDIRECT] 
2026-03-30 22:42:17,332 [ERROR] LogOutputStream:75 - [STDERR_REDIRECT] [Fatal Error] :1:1: Premature end of file.
2026-03-30 22:42:17,332 [ERROR] LogOutputStream:75 - [STDERR_REDIRECT] 
2026-03-30 22:42:18,326 [ERROR] LogOutputStream:75 - [STDERR_REDIRECT] [Fatal Error] :1:1: Premature end of file.
2026-03-30 22:42:18,326 [ERROR] LogOutputStream:75 - [STDERR_REDIRECT] 
2026-03-30 22:42:19,330 [ERROR] LogOutputStream:75 - [STDERR_REDIRECT] [Fatal Error] :1:1: Premature end of file.
2026-03-30 22:42:19,331 [ERROR] LogOutputStream:75 - [STDERR_REDIRECT] 
2026-03-30 22:42:20,331 [ERROR] LogOutputStream:75 - [STDERR_REDIRECT] [Fatal Error] :1:1: Premature end of file.
2026-03-30 22:42:20,331 [ERROR] LogOutputStream:75 - [STDERR_REDIRECT] 
2026-03-30 22:42:21,326 [ERROR] LogOutputStream:75 - [STDERR_REDIRECT] [Fatal Error] :1:1: Premature end of file.
2026-03-30 22:42:21,327 [ERROR] LogOutputStream:75 - [STDERR_REDIRECT] 
2026-03-30 22:42:22,328 [ERROR] LogOutputStream:75 - [STDERR_REDIRECT] [Fatal Error] :1:1: Premature end of file.
2026-03-30 22:42:22,328 [ERROR] LogOutputStream:75 - [STDERR_REDIRECT] 
2026-03-30 22:42:23,327 [ERROR] LogOutputStream:75 - [STDERR_REDIRECT] [Fatal Error] :1:1: Premature end of file.
2026-03-30 22:42:23,327 [ERROR] LogOutputStream:75 - [STDERR_REDIRECT] 
2026-03-30 22:42:24,330 [ERROR] LogOutputStream:75 - [STDERR_REDIRECT] [Fatal Error] :1:1: Premature end of file.
2026-03-30 22:42:24,330 [ERROR] LogOutputStream:75 - [STDERR_REDIRECT] 
2026-03-30 22:42:25,326 [ERROR] LogOutputStream:75 - [STDERR_REDIRECT] [Fatal Error] :1:1: Premature end of file.
2026-03-30 22:42:25,326 [ERROR] LogOutputStream:75 - [STDERR_REDIRECT] 
2026-03-30 22:42:26,328 [ERROR] LogOutputStream:75 - [STDERR_REDIRECT] [Fatal Error] :1:1: Premature end of file.
2026-03-30 22:42:26,328 [ERROR] LogOutputStream:75 - [STDERR_REDIRECT] 
2026-03-30 22:42:27,316 [ERROR] LogOutputStream:75 - [STDERR_REDIRECT] [Fatal Error] :1:1: Premature end of file.
2026-03-30 22:42:27,316 [ERROR] LogOutputStream:75 - [STDERR_REDIRECT] 
2026-03-30 22:42:28,332 [ERROR] LogOutputStream:75 - [STDERR_REDIRECT] [Fatal Error] :1:1: Premature end of file.
2026-03-30 22:42:28,332 [ERROR] LogOutputStream:75 - [STDERR_REDIRECT] 
2026-03-30 22:42:29,333 [ERROR] LogOutputStream:75 - [STDERR_REDIRECT] [Fatal Error] :1:1: Premature end of file.
2026-03-30 22:42:29,333 [ERROR] LogOutputStream:75 - [STDERR_REDIRECT] 
2026-03-30 22:42:30,336 [ERROR] LogOutputStream:75 - [STDERR_REDIRECT] [Fatal Error] :1:1: Premature end of file.
2026-03-30 22:42:30,336 [ERROR] LogOutputStream:75 - [STDERR_REDIRECT] 
2026-03-30 22:42:31,323 [ERROR] LogOutputStream:75 - [STDERR_REDIRECT] [Fatal Error] :1:1: Premature end of file.
2026-03-30 22:42:31,323 [ERROR] LogOutputStream:75 - [STDERR_REDIRECT] 
2026-03-30 22:42:32,326 [ERROR] LogOutputStream:75 - [STDERR_REDIRECT] [Fatal Error] :1:1: Premature end of file.
2026-03-30 22:42:32,326 [ERROR] LogOutputStream:75 - [STDERR_REDIRECT] 
2026-03-30 22:42:33,329 [ERROR] LogOutputStream:75 - [STDERR_REDIRECT] [Fatal Error] :1:1: Premature end of file.
2026-03-30 22:42:33,329 [ERROR] LogOutputStream:75 - [STDERR_REDIRECT] 
2026-03-30 22:42:34,330 [ERROR] LogOutputStream:75 - [STDERR_REDIRECT] [Fatal Error] :1:1: Premature end of file.
2026-03-30 22:42:34,330 [ERROR] LogOutputStream:75 - [STDERR_REDIRECT] 
2026-03-30 22:42:35,327 [ERROR] LogOutputStream:75 - [STDERR_REDIRECT] [Fatal Error] :1:1: Premature end of file.
2026-03-30 22:42:35,327 [ERROR] LogOutputStream:75 - [STDERR_REDIRECT] 
2026-03-30 22:42:36,329 [ERROR] LogOutputStream:75 - [STDERR_REDIRECT] [Fatal Error] :1:1: Premature end of file.
2026-03-30 22:42:36,329 [ERROR] LogOutputStream:75 - [STDERR_REDIRECT] 
2026-03-30 22:42:37,329 [ERROR] LogOutputStream:75 - [STDERR_REDIRECT] [Fatal Error] :1:1: Premature end of file.
2026-03-30 22:42:37,329 [ERROR] LogOutputStream:75 - [STDERR_REDIRECT] 
2026-03-30 22:42:38,334 [ERROR] LogOutputStream:75 - [STDERR_REDIRECT] [Fatal Error] :1:1: Premature end of file.
2026-03-30 22:42:38,334 [ERROR] LogOutputStream:75 - [STDERR_REDIRECT] 
2026-03-30 22:42:39,336 [ERROR] LogOutputStream:75 - [STDERR_REDIRECT] [Fatal Error] :1:1: Premature end of file.
2026-03-30 22:42:39,336 [ERROR] LogOutputStream:75 - [STDERR_REDIRECT] 
2026-03-30 22:42:40,323 [ERROR] LogOutputStream:75 - [STDERR_REDIRECT] [Fatal Error] :1:1: Premature end of file.
2026-03-30 22:42:40,323 [ERROR] LogOutputStream:75 - [STDERR_REDIRECT] 
2026-03-30 22:42:41,325 [ERROR] LogOutputStream:75 - [STDERR_REDIRECT] [Fatal Error] :1:1: Premature end of file.
2026-03-30 22:42:41,325 [ERROR] LogOutputStream:75 - [STDERR_REDIRECT] 
2026-03-30 22:42:42,329 [ERROR] LogOutputStream:75 - [STDERR_REDIRECT] [Fatal Error] :1:1: Premature end of file.
2026-03-30 22:42:42,329 [ERROR] LogOutputStream:75 - [STDERR_REDIRECT] 
2026-03-30 22:42:43,331 [ERROR] LogOutputStream:75 - [STDERR_REDIRECT] [Fatal Error] :1:1: Premature end of file.
2026-03-30 22:42:43,331 [ERROR] LogOutputStream:75 - [STDERR_REDIRECT] 
2026-03-30 22:42:44,328 [ERROR] LogOutputStream:75 - [STDERR_REDIRECT] [Fatal Error] :1:1: Premature end of file.
2026-03-30 22:42:44,328 [ERROR] LogOutputStream:75 - [STDERR_REDIRECT] 
2026-03-30 22:42:45,329 [ERROR] LogOutputStream:75 - [STDERR_REDIRECT] [Fatal Error] :1:1: Premature end of file.
2026-03-30 22:42:45,329 [ERROR] LogOutputStream:75 - [STDERR_REDIRECT] 
2026-03-30 22:42:46,332 [ERROR] LogOutputStream:75 - [STDERR_REDIRECT] [Fatal Error] :1:1: Premature end of file.
2026-03-30 22:42:46,332 [ERROR] LogOutputStream:75 - [STDERR_REDIRECT] 
2026-03-30 22:42:47,331 [ERROR] LogOutputStream:75 - [STDERR_REDIRECT] [Fatal Error] :1:1: Premature end of file.
2026-03-30 22:42:47,331 [ERROR] LogOutputStream:75 - [STDERR_REDIRECT] 
2026-03-30 22:42:48,333 [ERROR] LogOutputStream:75 - [STDERR_REDIRECT] [Fatal Error] :1:1: Premature end of file.
2026-03-30 22:42:48,333 [ERROR] LogOutputStream:75 - [STDERR_REDIRECT] 
2026-03-30 22:42:49,323 [ERROR] LogOutputStream:75 - [STDERR_REDIRECT] [Fatal Error] :1:1: Premature end of file.
2026-03-30 22:42:49,323 [ERROR] LogOutputStream:75 - [STDERR_REDIRECT] 
2026-03-30 22:42:50,333 [ERROR] LogOutputStream:75 - [STDERR_REDIRECT] [Fatal Error] :1:1: Premature end of file.
2026-03-30 22:42:50,333 [ERROR] LogOutputStream:75 - [STDERR_REDIRECT] 
2026-03-30 22:42:51,332 [ERROR] LogOutputStream:75 - [STDERR_REDIRECT] [Fatal Error] :1:1: Premature end of file.
2026-03-30 22:42:51,332 [ERROR] LogOutputStream:75 - [STDERR_REDIRECT] 
2026-03-30 22:42:52,331 [ERROR] LogOutputStream:75 - [STDERR_REDIRECT] [Fatal Error] :1:1: Premature end of file.
2026-03-30 22:42:52,331 [ERROR] LogOutputStream:75 - [STDERR_REDIRECT] 
2026-03-30 22:42:53,330 [ERROR] LogOutputStream:75 - [STDERR_REDIRECT] [Fatal Error] :1:1: Premature end of file.
2026-03-30 22:42:53,330 [ERROR] LogOutputStream:75 - [STDERR_REDIRECT] 
2026-03-30 22:42:54,323 [ERROR] LogOutputStream:75 - [STDERR_REDIRECT] [Fatal Error] :1:1: Premature end of file.
2026-03-30 22:42:54,323 [ERROR] LogOutputStream:75 - [STDERR_REDIRECT] 
2026-03-30 22:42:55,322 [ERROR] LogOutputStream:75 - [STDERR_REDIRECT] [Fatal Error] :1:1: Premature end of file.
2026-03-30 22:42:55,322 [ERROR] LogOutputStream:75 - [STDERR_REDIRECT] 
2026-03-30 22:42:56,323 [ERROR] LogOutputStream:75 - [STDERR_REDIRECT] [Fatal Error] :1:1: Premature end of file.
2026-03-30 22:42:56,323 [ERROR] LogOutputStream:75 - [STDERR_REDIRECT] 
2026-03-30 22:42:57,330 [ERROR] LogOutputStream:75 - [STDERR_REDIRECT] [Fatal Error] :1:1: Premature end of file.
2026-03-30 22:42:57,330 [ERROR] LogOutputStream:75 - [STDERR_REDIRECT] 
2026-03-30 22:42:58,330 [ERROR] LogOutputStream:75 - [STDERR_REDIRECT] [Fatal Error] :1:1: Premature end of file.
2026-03-30 22:42:58,330 [ERROR] LogOutputStream:75 - [STDERR_REDIRECT] 
2026-03-30 22:42:59,336 [ERROR] LogOutputStream:75 - [STDERR_REDIRECT] [Fatal Error] :1:1: Premature end of file.
2026-03-30 22:42:59,336 [ERROR] LogOutputStream:75 - [STDERR_REDIRECT] 
2026-03-30 22:43:00,327 [ERROR] LogOutputStream:75 - [STDERR_REDIRECT] [Fatal Error] :1:1: Premature end of file.
2026-03-30 22:43:00,327 [ERROR] LogOutputStream:75 - [STDERR_REDIRECT] 
2026-03-30 22:43:01,323 [ERROR] LogOutputStream:75 - [STDERR_REDIRECT] [Fatal Error] :1:1: Premature end of file.
2026-03-30 22:43:01,323 [ERROR] LogOutputStream:75 - [STDERR_REDIRECT] 
2026-03-30 22:43:02,328 [ERROR] LogOutputStream:75 - [STDERR_REDIRECT] [Fatal Error] :1:1: Premature end of file.
2026-03-30 22:43:02,328 [ERROR] LogOutputStream:75 - [STDERR_REDIRECT] 
2026-03-30 22:43:03,315 [ERROR] LogOutputStream:75 - [STDERR_REDIRECT] [Fatal Error] :1:1: Premature end of file.
2026-03-30 22:43:03,315 [ERROR] LogOutputStream:75 - [STDERR_REDIRECT] 
2026-03-30 22:43:04,334 [ERROR] LogOutputStream:75 - [STDERR_REDIRECT] [Fatal Error] :1:1: Premature end of file.
2026-03-30 22:43:04,334 [ERROR] LogOutputStream:75 - [STDERR_REDIRECT] 
2026-03-30 22:43:05,325 [ERROR] LogOutputStream:75 - [STDERR_REDIRECT] [Fatal Error] :1:1: Premature end of file.
2026-03-30 22:43:05,325 [ERROR] LogOutputStream:75 - [STDERR_REDIRECT] 
2026-03-30 22:43:06,330 [ERROR] LogOutputStream:75 - [STDERR_REDIRECT] [Fatal Error] :1:1: Premature end of file.
2026-03-30 22:43:06,330 [ERROR] LogOutputStream:75 - [STDERR_REDIRECT] 
2026-03-30 22:43:07,317 [ERROR] LogOutputStream:75 - [STDERR_REDIRECT] [Fatal Error] :1:1: Premature end of file.
2026-03-30 22:43:07,317 [ERROR] LogOutputStream:75 - [STDERR_REDIRECT] 
2026-03-30 22:43:08,333 [ERROR] LogOutputStream:75 - [STDERR_REDIRECT] [Fatal Error] :1:1: Premature end of file.
2026-03-30 22:43:08,333 [ERROR] LogOutputStream:75 - [STDERR_REDIRECT] 
2026-03-30 22:43:09,336 [ERROR] LogOutputStream:75 - [STDERR_REDIRECT] [Fatal Error] :1:1: Premature end of file.
2026-03-30 22:43:09,336 [ERROR] LogOutputStream:75 - [STDERR_REDIRECT] 
2026-03-30 22:43:10,331 [ERROR] LogOutputStream:75 - [STDERR_REDIRECT] [Fatal Error] :1:1: Premature end of file.
2026-03-30 22:43:10,331 [ERROR] LogOutputStream:75 - [STDERR_REDIRECT] 
2026-03-30 22:43:11,330 [ERROR] LogOutputStream:75 - [STDERR_REDIRECT] [Fatal Error] :1:1: Premature end of file.
2026-03-30 22:43:11,335 [ERROR] LogOutputStream:75 - [STDERR_REDIRECT] 
2026-03-30 22:43:12,334 [ERROR] LogOutputStream:75 - [STDERR_REDIRECT] [Fatal Error] :1:1: Premature end of file.
2026-03-30 22:43:12,334 [ERROR] LogOutputStream:75 - [STDERR_REDIRECT] 
2026-03-30 22:43:13,332 [ERROR] LogOutputStream:75 - [STDERR_REDIRECT] [Fatal Error] :1:1: Premature end of file.
2026-03-30 22:43:13,332 [ERROR] LogOutputStream:75 - [STDERR_REDIRECT] 
2026-03-30 22:43:14,333 [ERROR] LogOutputStream:75 - [STDERR_REDIRECT] [Fatal Error] :1:1: Premature end of file.
2026-03-30 22:43:14,333 [ERROR] LogOutputStream:75 - [STDERR_REDIRECT] 
2026-03-30 22:43:15,324 [ERROR] LogOutputStream:75 - [STDERR_REDIRECT] [Fatal Error] :1:1: Premature end of file.
2026-03-30 22:43:15,324 [ERROR] LogOutputStream:75 - [STDERR_REDIRECT] 
2026-03-30 22:43:16,328 [ERROR] LogOutputStream:75 - [STDERR_REDIRECT] [Fatal Error] :1:1: Premature end of file.
2026-03-30 22:43:16,328 [ERROR] LogOutputStream:75 - [STDERR_REDIRECT] 
2026-03-30 22:43:17,331 [ERROR] LogOutputStream:75 - [STDERR_REDIRECT] [Fatal Error] :1:1: Premature end of file.
2026-03-30 22:43:17,331 [ERROR] LogOutputStream:75 - [STDERR_REDIRECT] 
2026-03-30 22:43:18,324 [ERROR] LogOutputStream:75 - [STDERR_REDIRECT] [Fatal Error] :1:1: Premature end of file.
2026-03-30 22:43:18,324 [ERROR] LogOutputStream:75 - [STDERR_REDIRECT] 
2026-03-30 22:43:19,337 [ERROR] LogOutputStream:75 - [STDERR_REDIRECT] [Fatal Error] :1:1: Premature end of file.
2026-03-30 22:43:19,337 [ERROR] LogOutputStream:75 - [STDERR_REDIRECT] 
2026-03-30 22:43:20,335 [ERROR] LogOutputStream:75 - [STDERR_REDIRECT] [Fatal Error] :1:1: Premature end of file.
2026-03-30 22:43:20,335 [ERROR] LogOutputStream:75 - [STDERR_REDIRECT] 
2026-03-30 22:43:21,333 [ERROR] LogOutputStream:75 - [STDERR_REDIRECT] [Fatal Error] :1:1: Premature end of file.
2026-03-30 22:43:21,333 [ERROR] LogOutputStream:75 - [STDERR_REDIRECT] 
2026-03-30 22:43:22,322 [ERROR] LogOutputStream:75 - [STDERR_REDIRECT] [Fatal Error] :1:1: Premature end of file.
2026-03-30 22:43:22,322 [ERROR] LogOutputStream:75 - [STDERR_REDIRECT] 
2026-03-30 22:43:23,324 [ERROR] LogOutputStream:75 - [STDERR_REDIRECT] [Fatal Error] :1:1: Premature end of file.
2026-03-30 22:43:23,324 [ERROR] LogOutputStream:75 - [STDERR_REDIRECT] 
2026-03-30 22:43:24,330 [ERROR] LogOutputStream:75 - [STDERR_REDIRECT] [Fatal Error] :1:1: Premature end of file.
2026-03-30 22:43:24,330 [ERROR] LogOutputStream:75 - [STDERR_REDIRECT] 
2026-03-30 22:43:25,329 [ERROR] LogOutputStream:75 - [STDERR_REDIRECT] [Fatal Error] :1:1: Premature end of file.
2026-03-30 22:43:25,329 [ERROR] LogOutputStream:75 - [STDERR_REDIRECT] 
2026-03-30 22:43:26,323 [ERROR] LogOutputStream:75 - [STDERR_REDIRECT] [Fatal Error] :1:1: Premature end of file.
2026-03-30 22:43:26,324 [ERROR] LogOutputStream:75 - [STDERR_REDIRECT] 
2026-03-30 22:43:27,327 [ERROR] LogOutputStream:75 - [STDERR_REDIRECT] [Fatal Error] :1:1: Premature end of file.
2026-03-30 22:43:27,327 [ERROR] LogOutputStream:75 - [STDERR_REDIRECT] 
2026-03-30 22:43:28,332 [ERROR] LogOutputStream:75 - [STDERR_REDIRECT] [Fatal Error] :1:1: Premature end of file.
2026-03-30 22:43:28,333 [ERROR] LogOutputStream:75 - [STDERR_REDIRECT] 
2026-03-30 22:43:29,324 [ERROR] LogOutputStream:75 - [STDERR_REDIRECT] [Fatal Error] :1:1: Premature end of file.
2026-03-30 22:43:29,324 [ERROR] LogOutputStream:75 - [STDERR_REDIRECT] 
2026-03-30 22:43:30,317 [ERROR] LogOutputStream:75 - [STDERR_REDIRECT] [Fatal Error] :1:1: Premature end of file.
2026-03-30 22:43:30,317 [ERROR] LogOutputStream:75 - [STDERR_REDIRECT] 
2026-03-30 22:43:31,329 [ERROR] LogOutputStream:75 - [STDERR_REDIRECT] [Fatal Error] :1:1: Premature end of file.
2026-03-30 22:43:31,329 [ERROR] LogOutputStream:75 - [STDERR_REDIRECT] 
2026-03-30 22:43:32,332 [ERROR] LogOutputStream:75 - [STDERR_REDIRECT] [Fatal Error] :1:1: Premature end of file.
2026-03-30 22:43:32,332 [ERROR] LogOutputStream:75 - [STDERR_REDIRECT] 
2026-03-30 22:43:33,325 [ERROR] LogOutputStream:75 - [STDERR_REDIRECT] [Fatal Error] :1:1: Premature end of file.
2026-03-30 22:43:33,325 [ERROR] LogOutputStream:75 - [STDERR_REDIRECT] 
2026-03-30 22:43:34,332 [ERROR] LogOutputStream:75 - [STDERR_REDIRECT] [Fatal Error] :1:1: Premature end of file.
2026-03-30 22:43:34,332 [ERROR] LogOutputStream:75 - [STDERR_REDIRECT] 
2026-03-30 22:43:35,323 [ERROR] LogOutputStream:75 - [STDERR_REDIRECT] [Fatal Error] :1:1: Premature end of file.
2026-03-30 22:43:35,323 [ERROR] LogOutputStream:75 - [STDERR_REDIRECT] 
2026-03-30 22:43:36,328 [ERROR] LogOutputStream:75 - [STDERR_REDIRECT] [Fatal Error] :1:1: Premature end of file.
2026-03-30 22:43:36,328 [ERROR] LogOutputStream:75 - [STDERR_REDIRECT] 
2026-03-30 22:43:37,317 [ERROR] LogOutputStream:75 - [STDERR_REDIRECT] [Fatal Error] :1:1: Premature end of file.
2026-03-30 22:43:37,317 [ERROR] LogOutputStream:75 - [STDERR_REDIRECT] 
2026-03-30 22:43:38,331 [ERROR] LogOutputStream:75 - [STDERR_REDIRECT] [Fatal Error] :1:1: Premature end of file.
2026-03-30 22:43:38,331 [ERROR] LogOutputStream:75 - [STDERR_REDIRECT] 
2026-03-30 22:43:39,334 [ERROR] LogOutputStream:75 - [STDERR_REDIRECT] [Fatal Error] :1:1: Premature end of file.
2026-03-30 22:43:39,334 [ERROR] LogOutputStream:75 - [STDERR_REDIRECT] 
2026-03-30 22:43:40,323 [ERROR] LogOutputStream:75 - [STDERR_REDIRECT] [Fatal Error] :1:1: Premature end of file.
2026-03-30 22:43:40,323 [ERROR] LogOutputStream:75 - [STDERR_REDIRECT] 
2026-03-30 22:43:41,330 [ERROR] LogOutputStream:75 - [STDERR_REDIRECT] [Fatal Error] :1:1: Premature end of file.
2026-03-30 22:43:41,330 [ERROR] LogOutputStream:75 - [STDERR_REDIRECT] 
2026-03-30 22:43:42,316 [ERROR] LogOutputStream:75 - [STDERR_REDIRECT] [Fatal Error] :1:1: Premature end of file.
2026-03-30 22:43:42,316 [ERROR] LogOutputStream:75 - [STDERR_REDIRECT] 
2026-03-30 22:43:43,325 [ERROR] LogOutputStream:75 - [STDERR_REDIRECT] [Fatal Error] :1:1: Premature end of file.
2026-03-30 22:43:43,325 [ERROR] LogOutputStream:75 - [STDERR_REDIRECT] 
2026-03-30 22:43:44,333 [ERROR] LogOutputStream:75 - [STDERR_REDIRECT] [Fatal Error] :1:1: Premature end of file.
2026-03-30 22:43:44,333 [ERROR] LogOutputStream:75 - [STDERR_REDIRECT] 
2026-03-30 22:43:45,334 [ERROR] LogOutputStream:75 - [STDERR_REDIRECT] [Fatal Error] :1:1: Premature end of file.
2026-03-30 22:43:45,334 [ERROR] LogOutputStream:75 - [STDERR_REDIRECT] 
2026-03-30 22:43:46,332 [ERROR] LogOutputStream:75 - [STDERR_REDIRECT] [Fatal Error] :1:1: Premature end of file.
2026-03-30 22:43:46,332 [ERROR] LogOutputStream:75 - [STDERR_REDIRECT] 
2026-03-30 22:43:47,325 [ERROR] LogOutputStream:75 - [STDERR_REDIRECT] [Fatal Error] :1:1: Premature end of file.
2026-03-30 22:43:47,325 [ERROR] LogOutputStream:75 - [STDERR_REDIRECT] 
2026-03-30 22:43:48,320 [ERROR] LogOutputStream:75 - [STDERR_REDIRECT] [Fatal Error] :1:1: Premature end of file.
2026-03-30 22:43:48,320 [ERROR] LogOutputStream:75 - [STDERR_REDIRECT] 
2026-03-30 22:43:49,323 [ERROR] LogOutputStream:75 - [STDERR_REDIRECT] [Fatal Error] :1:1: Premature end of file.
2026-03-30 22:43:49,323 [ERROR] LogOutputStream:75 - [STDERR_REDIRECT] 
2026-03-30 22:43:50,324 [ERROR] LogOutputStream:75 - [STDERR_REDIRECT] [Fatal Error] :1:1: Premature end of file.
2026-03-30 22:43:50,324 [ERROR] LogOutputStream:75 - [STDERR_REDIRECT] 
2026-03-30 22:43:51,332 [ERROR] LogOutputStream:75 - [STDERR_REDIRECT] [Fatal Error] :1:1: Premature end of file.
2026-03-30 22:43:51,332 [ERROR] LogOutputStream:75 - [STDERR_REDIRECT] 
2026-03-30 22:43:52,333 [ERROR] LogOutputStream:75 - [STDERR_REDIRECT] [Fatal Error] :1:1: Premature end of file.
2026-03-30 22:43:52,334 [ERROR] LogOutputStream:75 - [STDERR_REDIRECT] 
2026-03-30 22:43:53,328 [ERROR] LogOutputStream:75 - [STDERR_REDIRECT] [Fatal Error] :1:1: Premature end of file.
2026-03-30 22:43:53,328 [ERROR] LogOutputStream:75 - [STDERR_REDIRECT] 
2026-03-30 22:43:54,330 [ERROR] LogOutputStream:75 - [STDERR_REDIRECT] [Fatal Error] :1:1: Premature end of file.
2026-03-30 22:43:54,330 [ERROR] LogOutputStream:75 - [STDERR_REDIRECT] 
2026-03-30 22:43:55,334 [ERROR] LogOutputStream:75 - [STDERR_REDIRECT] [Fatal Error] :1:1: Premature end of file.
2026-03-30 22:43:55,334 [ERROR] LogOutputStream:75 - [STDERR_REDIRECT] 
2026-03-30 22:43:56,323 [ERROR] LogOutputStream:75 - [STDERR_REDIRECT] [Fatal Error] :1:1: Premature end of file.
2026-03-30 22:43:56,323 [ERROR] LogOutputStream:75 - [STDERR_REDIRECT] 
2026-03-30 22:43:57,319 [ERROR] LogOutputStream:75 - [STDERR_REDIRECT] [Fatal Error] :1:1: Premature end of file.
2026-03-30 22:43:57,319 [ERROR] LogOutputStream:75 - [STDERR_REDIRECT] 
2026-03-30 22:43:58,325 [ERROR] LogOutputStream:75 - [STDERR_REDIRECT] [Fatal Error] :1:1: Premature end of file.
2026-03-30 22:43:58,325 [ERROR] LogOutputStream:75 - [STDERR_REDIRECT] 
2026-03-30 22:43:59,325 [ERROR] LogOutputStream:75 - [STDERR_REDIRECT] [Fatal Error] :1:1: Premature end of file.
2026-03-30 22:43:59,325 [ERROR] LogOutputStream:75 - [STDERR_REDIRECT] 
2026-03-30 22:44:00,331 [ERROR] LogOutputStream:75 - [STDERR_REDIRECT] [Fatal Error] :1:1: Premature end of file.
2026-03-30 22:44:00,331 [ERROR] LogOutputStream:75 - [STDERR_REDIRECT] 
2026-03-30 22:44:01,323 [ERROR] LogOutputStream:75 - [STDERR_REDIRECT] [Fatal Error] :1:1: Premature end of file.
2026-03-30 22:44:01,323 [ERROR] LogOutputStream:75 - [STDERR_REDIRECT] 
2026-03-30 22:44:02,321 [ERROR] LogOutputStream:75 - [STDERR_REDIRECT] [Fatal Error] :1:1: Premature end of file.
2026-03-30 22:44:02,321 [ERROR] LogOutputStream:75 - [STDERR_REDIRECT] 
2026-03-30 22:44:03,323 [ERROR] LogOutputStream:75 - [STDERR_REDIRECT] [Fatal Error] :1:1: Premature end of file.
2026-03-30 22:44:03,323 [ERROR] LogOutputStream:75 - [STDERR_REDIRECT] 
2026-03-30 22:44:04,331 [ERROR] LogOutputStream:75 - [STDERR_REDIRECT] [Fatal Error] :1:1: Premature end of file.
2026-03-30 22:44:04,331 [ERROR] LogOutputStream:75 - [STDERR_REDIRECT] 
2026-03-30 22:44:05,333 [ERROR] LogOutputStream:75 - [STDERR_REDIRECT] [Fatal Error] :1:1: Premature end of file.
2026-03-30 22:44:05,333 [ERROR] LogOutputStream:75 - [STDERR_REDIRECT] 
2026-03-30 22:44:06,330 [ERROR] LogOutputStream:75 - [STDERR_REDIRECT] [Fatal Error] :1:1: Premature end of file.
2026-03-30 22:44:06,330 [ERROR] LogOutputStream:75 - [STDERR_REDIRECT] 
2026-03-30 22:44:07,317 [ERROR] LogOutputStream:75 - [STDERR_REDIRECT] [Fatal Error] :1:1: Premature end of file.
2026-03-30 22:44:07,317 [ERROR] LogOutputStream:75 - [STDERR_REDIRECT] 
2026-03-30 22:44:08,333 [ERROR] LogOutputStream:75 - [STDERR_REDIRECT] [Fatal Error] :1:1: Premature end of file.
2026-03-30 22:44:08,333 [ERROR] LogOutputStream:75 - [STDERR_REDIRECT] 
2026-03-30 22:44:09,332 [ERROR] LogOutputStream:75 - [STDERR_REDIRECT] [Fatal Error] :1:1: Premature end of file.
2026-03-30 22:44:09,332 [ERROR] LogOutputStream:75 - [STDERR_REDIRECT] 
2026-03-30 22:44:10,329 [ERROR] LogOutputStream:75 - [STDERR_REDIRECT] [Fatal Error] :1:1: Premature end of file.
2026-03-30 22:44:10,329 [ERROR] LogOutputStream:75 - [STDERR_REDIRECT] 
2026-03-30 22:44:11,332 [ERROR] LogOutputStream:75 - [STDERR_REDIRECT] [Fatal Error] :1:1: Premature end of file.
2026-03-30 22:44:11,332 [ERROR] LogOutputStream:75 - [STDERR_REDIRECT] 
2026-03-30 22:44:12,333 [ERROR] LogOutputStream:75 - [STDERR_REDIRECT] [Fatal Error] :1:1: Premature end of file.
2026-03-30 22:44:12,333 [ERROR] LogOutputStream:75 - [STDERR_REDIRECT] 
2026-03-30 22:44:13,318 [ERROR] LogOutputStream:75 - [STDERR_REDIRECT] [Fatal Error] :1:1: Premature end of file.
2026-03-30 22:44:13,318 [ERROR] LogOutputStream:75 - [STDERR_REDIRECT] 
2026-03-30 22:44:14,333 [ERROR] LogOutputStream:75 - [STDERR_REDIRECT] [Fatal Error] :1:1: Premature end of file.
2026-03-30 22:44:14,333 [ERROR] LogOutputStream:75 - [STDERR_REDIRECT] 
2026-03-30 22:44:15,333 [ERROR] LogOutputStream:75 - [STDERR_REDIRECT] [Fatal Error] :1:1: Premature end of file.
2026-03-30 22:44:15,333 [ERROR] LogOutputStream:75 - [STDERR_REDIRECT] 
2026-03-30 22:44:16,335 [ERROR] LogOutputStream:75 - [STDERR_REDIRECT] [Fatal Error] :1:1: Premature end of file.
2026-03-30 22:44:16,335 [ERROR] LogOutputStream:75 - [STDERR_REDIRECT] 
2026-03-30 22:44:17,334 [ERROR] LogOutputStream:75 - [STDERR_REDIRECT] [Fatal Error] :1:1: Premature end of file.
2026-03-30 22:44:17,334 [ERROR] LogOutputStream:75 - [STDERR_REDIRECT] 
2026-03-30 22:44:18,333 [ERROR] LogOutputStream:75 - [STDERR_REDIRECT] [Fatal Error] :1:1: Premature end of file.
2026-03-30 22:44:18,334 [ERROR] LogOutputStream:75 - [STDERR_REDIRECT] 
2026-03-30 22:44:19,333 [ERROR] LogOutputStream:75 - [STDERR_REDIRECT] [Fatal Error] :1:1: Premature end of file.
2026-03-30 22:44:19,334 [ERROR] LogOutputStream:75 - [STDERR_REDIRECT] 
2026-03-30 22:44:20,318 [ERROR] LogOutputStream:75 - [STDERR_REDIRECT] [Fatal Error] :1:1: Premature end of file.
2026-03-30 22:44:20,318 [ERROR] LogOutputStream:75 - [STDERR_REDIRECT] 
2026-03-30 22:44:21,335 [ERROR] LogOutputStream:75 - [STDERR_REDIRECT] [Fatal Error] :1:1: Premature end of file.
2026-03-30 22:44:21,335 [ERROR] LogOutputStream:75 - [STDERR_REDIRECT] 
2026-03-30 22:44:22,332 [ERROR] LogOutputStream:75 - [STDERR_REDIRECT] [Fatal Error] :1:1: Premature end of file.
2026-03-30 22:44:22,332 [ERROR] LogOutputStream:75 - [STDERR_REDIRECT] 
2026-03-30 22:44:23,334 [ERROR] LogOutputStream:75 - [STDERR_REDIRECT] [Fatal Error] :1:1: Premature end of file.
2026-03-30 22:44:23,335 [ERROR] LogOutputStream:75 - [STDERR_REDIRECT] 
2026-03-30 22:44:24,317 [ERROR] LogOutputStream:75 - [STDERR_REDIRECT] [Fatal Error] :1:1: Premature end of file.
2026-03-30 22:44:24,317 [ERROR] LogOutputStream:75 - [STDERR_REDIRECT] 
2026-03-30 22:44:25,330 [ERROR] LogOutputStream:75 - [STDERR_REDIRECT] [Fatal Error] :1:1: Premature end of file.
2026-03-30 22:44:25,330 [ERROR] LogOutputStream:75 - [STDERR_REDIRECT] 
2026-03-30 22:44:26,333 [ERROR] LogOutputStream:75 - [STDERR_REDIRECT] [Fatal Error] :1:1: Premature end of file.
2026-03-30 22:44:26,333 [ERROR] LogOutputStream:75 - [STDERR_REDIRECT] 
2026-03-30 22:44:27,318 [ERROR] LogOutputStream:75 - [STDERR_REDIRECT] [Fatal Error] :1:1: Premature end of file.
2026-03-30 22:44:27,318 [ERROR] LogOutputStream:75 - [STDERR_REDIRECT] 
2026-03-30 22:44:28,335 [ERROR] LogOutputStream:75 - [STDERR_REDIRECT] [Fatal Error] :1:1: Premature end of file.
2026-03-30 22:44:28,335 [ERROR] LogOutputStream:75 - [STDERR_REDIRECT] 
2026-03-30 22:44:29,332 [ERROR] LogOutputStream:75 - [STDERR_REDIRECT] [Fatal Error] :1:1: Premature end of file.
2026-03-30 22:44:29,332 [ERROR] LogOutputStream:75 - [STDERR_REDIRECT] 
2026-03-30 22:44:30,331 [ERROR] LogOutputStream:75 - [STDERR_REDIRECT] [Fatal Error] :1:1: Premature end of file.
2026-03-30 22:44:30,331 [ERROR] LogOutputStream:75 - [STDERR_REDIRECT] 
2026-03-30 22:44:31,339 [ERROR] LogOutputStream:75 - [STDERR_REDIRECT] [Fatal Error] :1:1: Premature end of file.
2026-03-30 22:44:31,339 [ERROR] LogOutputStream:75 - [STDERR_REDIRECT] 
2026-03-30 22:44:32,334 [ERROR] LogOutputStream:75 - [STDERR_REDIRECT] [Fatal Error] :1:1: Premature end of file.
2026-03-30 22:44:32,334 [ERROR] LogOutputStream:75 - [STDERR_REDIRECT] 
2026-03-30 22:44:33,335 [ERROR] LogOutputStream:75 - [STDERR_REDIRECT] [Fatal Error] :1:1: Premature end of file.
2026-03-30 22:44:33,335 [ERROR] LogOutputStream:75 - [STDERR_REDIRECT] 
2026-03-30 22:44:34,335 [ERROR] LogOutputStream:75 - [STDERR_REDIRECT] [Fatal Error] :1:1: Premature end of file.
2026-03-30 22:44:34,335 [ERROR] LogOutputStream:75 - [STDERR_REDIRECT] 
2026-03-30 22:44:35,334 [ERROR] LogOutputStream:75 - [STDERR_REDIRECT] [Fatal Error] :1:1: Premature end of file.
2026-03-30 22:44:35,334 [ERROR] LogOutputStream:75 - [STDERR_REDIRECT] 
2026-03-30 22:44:36,319 [ERROR] LogOutputStream:75 - [STDERR_REDIRECT] [Fatal Error] :1:1: Premature end of file.
2026-03-30 22:44:36,319 [ERROR] LogOutputStream:75 - [STDERR_REDIRECT] 
2026-03-30 22:44:37,335 [ERROR] LogOutputStream:75 - [STDERR_REDIRECT] [Fatal Error] :1:1: Premature end of file.
2026-03-30 22:44:37,335 [ERROR] LogOutputStream:75 - [STDERR_REDIRECT] 
2026-03-30 22:44:38,331 [ERROR] LogOutputStream:75 - [STDERR_REDIRECT] [Fatal Error] :1:1: Premature end of file.
2026-03-30 22:44:38,331 [ERROR] LogOutputStream:75 - [STDERR_REDIRECT] 
2026-03-30 22:44:39,334 [ERROR] LogOutputStream:75 - [STDERR_REDIRECT] [Fatal Error] :1:1: Premature end of file.
2026-03-30 22:44:39,334 [ERROR] LogOutputStream:75 - [STDERR_REDIRECT] 
2026-03-30 22:44:40,334 [ERROR] LogOutputStream:75 - [STDERR_REDIRECT] [Fatal Error] :1:1: Premature end of file.
2026-03-30 22:44:40,334 [ERROR] LogOutputStream:75 - [STDERR_REDIRECT] 
2026-03-30 22:44:41,330 [ERROR] LogOutputStream:75 - [STDERR_REDIRECT] [Fatal Error] :1:1: Premature end of file.
2026-03-30 22:44:41,330 [ERROR] LogOutputStream:75 - [STDERR_REDIRECT] 
2026-03-30 22:44:42,334 [ERROR] LogOutputStream:75 - [STDERR_REDIRECT] [Fatal Error] :1:1: Premature end of file.
2026-03-30 22:44:42,334 [ERROR] LogOutputStream:75 - [STDERR_REDIRECT] 
2026-03-30 22:44:43,334 [ERROR] LogOutputStream:75 - [STDERR_REDIRECT] [Fatal Error] :1:1: Premature end of file.
2026-03-30 22:44:43,334 [ERROR] LogOutputStream:75 - [STDERR_REDIRECT] 
2026-03-30 22:44:44,332 [ERROR] LogOutputStream:75 - [STDERR_REDIRECT] [Fatal Error] :1:1: Premature end of file.
2026-03-30 22:44:44,332 [ERROR] LogOutputStream:75 - [STDERR_REDIRECT] 
2026-03-30 22:44:45,333 [ERROR] LogOutputStream:75 - [STDERR_REDIRECT] [Fatal Error] :1:1: Premature end of file.
2026-03-30 22:44:45,333 [ERROR] LogOutputStream:75 - [STDERR_REDIRECT] 
2026-03-30 22:44:46,335 [ERROR] LogOutputStream:75 - [STDERR_REDIRECT] [Fatal Error] :1:1: Premature end of file.
2026-03-30 22:44:46,335 [ERROR] LogOutputStream:75 - [STDERR_REDIRECT] 
2026-03-30 22:44:47,337 [ERROR] LogOutputStream:75 - [STDERR_REDIRECT] [Fatal Error] :1:1: Premature end of file.
2026-03-30 22:44:47,337 [ERROR] LogOutputStream:75 - [STDERR_REDIRECT] 
2026-03-30 22:44:48,334 [ERROR] LogOutputStream:75 - [STDERR_REDIRECT] [Fatal Error] :1:1: Premature end of file.
2026-03-30 22:44:48,334 [ERROR] LogOutputStream:75 - [STDERR_REDIRECT] 
2026-03-30 22:44:49,345 [ERROR] LogOutputStream:75 - [STDERR_REDIRECT] [Fatal Error] :1:1: Premature end of file.
2026-03-30 22:44:49,345 [ERROR] LogOutputStream:75 - [STDERR_REDIRECT] 
2026-03-30 22:44:50,333 [ERROR] LogOutputStream:75 - [STDERR_REDIRECT] [Fatal Error] :1:1: Premature end of file.
2026-03-30 22:44:50,333 [ERROR] LogOutputStream:75 - [STDERR_REDIRECT] 
2026-03-30 22:44:51,331 [ERROR] LogOutputStream:75 - [STDERR_REDIRECT] [Fatal Error] :1:1: Premature end of file.
2026-03-30 22:44:51,331 [ERROR] LogOutputStream:75 - [STDERR_REDIRECT] 
2026-03-30 22:44:52,333 [ERROR] LogOutputStream:75 - [STDERR_REDIRECT] [Fatal Error] :1:1: Premature end of file.
2026-03-30 22:44:52,333 [ERROR] LogOutputStream:75 - [STDERR_REDIRECT] 
2026-03-30 22:44:53,336 [ERROR] LogOutputStream:75 - [STDERR_REDIRECT] [Fatal Error] :1:1: Premature end of file.
2026-03-30 22:44:53,337 [ERROR] LogOutputStream:75 - [STDERR_REDIRECT] 
2026-03-30 22:44:54,333 [ERROR] LogOutputStream:75 - [STDERR_REDIRECT] [Fatal Error] :1:1: Premature end of file.
2026-03-30 22:44:54,333 [ERROR] LogOutputStream:75 - [STDERR_REDIRECT] 
2026-03-30 22:44:55,336 [ERROR] LogOutputStream:75 - [STDERR_REDIRECT] [Fatal Error] :1:1: Premature end of file.
2026-03-30 22:44:55,336 [ERROR] LogOutputStream:75 - [STDERR_REDIRECT] 
2026-03-30 22:44:56,318 [ERROR] LogOutputStream:75 - [STDERR_REDIRECT] [Fatal Error] :1:1: Premature end of file.
2026-03-30 22:44:56,318 [ERROR] LogOutputStream:75 - [STDERR_REDIRECT] 
2026-03-30 22:44:57,331 [ERROR] LogOutputStream:75 - [STDERR_REDIRECT] [Fatal Error] :1:1: Premature end of file.
2026-03-30 22:44:57,331 [ERROR] LogOutputStream:75 - [STDERR_REDIRECT] 
2026-03-30 22:44:58,333 [ERROR] LogOutputStream:75 - [STDERR_REDIRECT] [Fatal Error] :1:1: Premature end of file.
2026-03-30 22:44:58,333 [ERROR] LogOutputStream:75 - [STDERR_REDIRECT] 
2026-03-30 22:44:59,336 [ERROR] LogOutputStream:75 - [STDERR_REDIRECT] [Fatal Error] :1:1: Premature end of file.
2026-03-30 22:44:59,336 [ERROR] LogOutputStream:75 - [STDERR_REDIRECT] 
2026-03-30 22:45:00,323 [ERROR] LogOutputStream:75 - [STDERR_REDIRECT] [Fatal Error] :1:1: Premature end of file.
2026-03-30 22:45:00,323 [ERROR] LogOutputStream:75 - [STDERR_REDIRECT] 
2026-03-30 22:45:01,326 [ERROR] LogOutputStream:75 - [STDERR_REDIRECT] [Fatal Error] :1:1: Premature end of file.
2026-03-30 22:45:01,326 [ERROR] LogOutputStream:75 - [STDERR_REDIRECT] 
2026-03-30 22:45:02,328 [ERROR] LogOutputStream:75 - [STDERR_REDIRECT] [Fatal Error] :1:1: Premature end of file.
2026-03-30 22:45:02,328 [ERROR] LogOutputStream:75 - [STDERR_REDIRECT] 
2026-03-30 22:45:03,331 [ERROR] LogOutputStream:75 - [STDERR_REDIRECT] [Fatal Error] :1:1: Premature end of file.
2026-03-30 22:45:03,331 [ERROR] LogOutputStream:75 - [STDERR_REDIRECT] 
2026-03-30 22:45:04,333 [ERROR] LogOutputStream:75 - [STDERR_REDIRECT] [Fatal Error] :1:1: Premature end of file.
2026-03-30 22:45:04,333 [ERROR] LogOutputStream:75 - [STDERR_REDIRECT] 
2026-03-30 22:45:05,329 [ERROR] LogOutputStream:75 - [STDERR_REDIRECT] [Fatal Error] :1:1: Premature end of file.
2026-03-30 22:45:05,330 [ERROR] LogOutputStream:75 - [STDERR_REDIRECT] 
2026-03-30 22:45:06,378 [ERROR] LogOutputStream:75 - [STDERR_REDIRECT] [Fatal Error] :1:1: Premature end of file.
2026-03-30 22:45:06,378 [ERROR] LogOutputStream:75 - [STDERR_REDIRECT] 
2026-03-30 22:45:07,332 [ERROR] LogOutputStream:75 - [STDERR_REDIRECT] [Fatal Error] :1:1: Premature end of file.
2026-03-30 22:45:07,332 [ERROR] LogOutputStream:75 - [STDERR_REDIRECT] 
2026-03-30 22:45:08,325 [ERROR] LogOutputStream:75 - [STDERR_REDIRECT] [Fatal Error] :1:1: Premature end of file.
2026-03-30 22:45:08,325 [ERROR] LogOutputStream:75 - [STDERR_REDIRECT] 
2026-03-30 22:45:09,322 [ERROR] LogOutputStream:75 - [STDERR_REDIRECT] [Fatal Error] :1:1: Premature end of file.
2026-03-30 22:45:09,322 [ERROR] LogOutputStream:75 - [STDERR_REDIRECT] 
2026-03-30 22:45:10,328 [ERROR] LogOutputStream:75 - [STDERR_REDIRECT] [Fatal Error] :1:1: Premature end of file.
2026-03-30 22:45:10,328 [ERROR] LogOutputStream:75 - [STDERR_REDIRECT] 
2026-03-30 22:45:11,330 [ERROR] LogOutputStream:75 - [STDERR_REDIRECT] [Fatal Error] :1:1: Premature end of file.
2026-03-30 22:45:11,330 [ERROR] LogOutputStream:75 - [STDERR_REDIRECT] 
2026-03-30 22:45:12,346 [ERROR] LogOutputStream:75 - [STDERR_REDIRECT] [Fatal Error] :1:1: Premature end of file.
2026-03-30 22:45:12,346 [ERROR] LogOutputStream:75 - [STDERR_REDIRECT] 
2026-03-30 22:45:13,334 [ERROR] LogOutputStream:75 - [STDERR_REDIRECT] [Fatal Error] :1:1: Premature end of file.
2026-03-30 22:45:13,334 [ERROR] LogOutputStream:75 - [STDERR_REDIRECT] 
2026-03-30 22:45:14,331 [ERROR] LogOutputStream:75 - [STDERR_REDIRECT] [Fatal Error] :1:1: Premature end of file.
2026-03-30 22:45:14,332 [ERROR] LogOutputStream:75 - [STDERR_REDIRECT] 
2026-03-30 22:45:15,332 [ERROR] LogOutputStream:75 - [STDERR_REDIRECT] [Fatal Error] :1:1: Premature end of file.
2026-03-30 22:45:15,332 [ERROR] LogOutputStream:75 - [STDERR_REDIRECT] 
2026-03-30 22:45:16,333 [ERROR] LogOutputStream:75 - [STDERR_REDIRECT] [Fatal Error] :1:1: Premature end of file.
2026-03-30 22:45:16,333 [ERROR] LogOutputStream:75 - [STDERR_REDIRECT] 
2026-03-30 22:45:17,322 [ERROR] LogOutputStream:75 - [STDERR_REDIRECT] [Fatal Error] :1:1: Premature end of file.
2026-03-30 22:45:17,322 [ERROR] LogOutputStream:75 - [STDERR_REDIRECT] 
2026-03-30 22:45:18,323 [ERROR] LogOutputStream:75 - [STDERR_REDIRECT] [Fatal Error] :1:1: Premature end of file.
2026-03-30 22:45:18,324 [ERROR] LogOutputStream:75 - [STDERR_REDIRECT] 
2026-03-30 22:45:19,336 [ERROR] LogOutputStream:75 - [STDERR_REDIRECT] [Fatal Error] :1:1: Premature end of file.
2026-03-30 22:45:19,336 [ERROR] LogOutputStream:75 - [STDERR_REDIRECT] 
2026-03-30 22:45:20,331 [ERROR] LogOutputStream:75 - [STDERR_REDIRECT] [Fatal Error] :1:1: Premature end of file.
2026-03-30 22:45:20,331 [ERROR] LogOutputStream:75 - [STDERR_REDIRECT] 
2026-03-30 22:45:21,333 [ERROR] LogOutputStream:75 - [STDERR_REDIRECT] [Fatal Error] :1:1: Premature end of file.
2026-03-30 22:45:21,333 [ERROR] LogOutputStream:75 - [STDERR_REDIRECT] 
2026-03-30 22:45:22,324 [ERROR] LogOutputStream:75 - [STDERR_REDIRECT] [Fatal Error] :1:1: Premature end of file.
2026-03-30 22:45:22,324 [ERROR] LogOutputStream:75 - [STDERR_REDIRECT] 
2026-03-30 22:45:23,331 [ERROR] LogOutputStream:75 - [STDERR_REDIRECT] [Fatal Error] :1:1: Premature end of file.
2026-03-30 22:45:23,331 [ERROR] LogOutputStream:75 - [STDERR_REDIRECT] 
2026-03-30 22:45:24,332 [ERROR] LogOutputStream:75 - [STDERR_REDIRECT] [Fatal Error] :1:1: Premature end of file.
2026-03-30 22:45:24,332 [ERROR] LogOutputStream:75 - [STDERR_REDIRECT] 
2026-03-30 22:45:25,326 [ERROR] LogOutputStream:75 - [STDERR_REDIRECT] [Fatal Error] :1:1: Premature end of file.
2026-03-30 22:45:25,326 [ERROR] LogOutputStream:75 - [STDERR_REDIRECT] 
2026-03-30 22:45:26,336 [ERROR] LogOutputStream:75 - [STDERR_REDIRECT] [Fatal Error] :1:1: Premature end of file.
2026-03-30 22:45:26,336 [ERROR] LogOutputStream:75 - [STDERR_REDIRECT] 
2026-03-30 22:45:27,319 [ERROR] LogOutputStream:75 - [STDERR_REDIRECT] [Fatal Error] :1:1: Premature end of file.
2026-03-30 22:45:27,319 [ERROR] LogOutputStream:75 - [STDERR_REDIRECT] 
2026-03-30 22:45:28,332 [ERROR] LogOutputStream:75 - [STDERR_REDIRECT] [Fatal Error] :1:1: Premature end of file.
2026-03-30 22:45:28,332 [ERROR] LogOutputStream:75 - [STDERR_REDIRECT] 
2026-03-30 22:45:29,330 [ERROR] LogOutputStream:75 - [STDERR_REDIRECT] [Fatal Error] :1:1: Premature end of file.
2026-03-30 22:45:29,330 [ERROR] LogOutputStream:75 - [STDERR_REDIRECT] 
2026-03-30 22:45:30,336 [ERROR] LogOutputStream:75 - [STDERR_REDIRECT] [Fatal Error] :1:1: Premature end of file.
2026-03-30 22:45:30,336 [ERROR] LogOutputStream:75 - [STDERR_REDIRECT] 
2026-03-30 22:45:31,323 [ERROR] LogOutputStream:75 - [STDERR_REDIRECT] [Fatal Error] :1:1: Premature end of file.
2026-03-30 22:45:31,323 [ERROR] LogOutputStream:75 - [STDERR_REDIRECT] 
2026-03-30 22:45:32,333 [ERROR] LogOutputStream:75 - [STDERR_REDIRECT] [Fatal Error] :1:1: Premature end of file.
2026-03-30 22:45:32,333 [ERROR] LogOutputStream:75 - [STDERR_REDIRECT] 
2026-03-30 22:45:33,334 [ERROR] LogOutputStream:75 - [STDERR_REDIRECT] [Fatal Error] :1:1: Premature end of file.
2026-03-30 22:45:33,334 [ERROR] LogOutputStream:75 - [STDERR_REDIRECT] 
2026-03-30 22:45:34,336 [ERROR] LogOutputStream:75 - [STDERR_REDIRECT] [Fatal Error] :1:1: Premature end of file.
2026-03-30 22:45:34,336 [ERROR] LogOutputStream:75 - [STDERR_REDIRECT] 
2026-03-30 22:45:35,333 [ERROR] LogOutputStream:75 - [STDERR_REDIRECT] [Fatal Error] :1:1: Premature end of file.
2026-03-30 22:45:35,333 [ERROR] LogOutputStream:75 - [STDERR_REDIRECT] 
2026-03-30 22:45:36,331 [ERROR] LogOutputStream:75 - [STDERR_REDIRECT] [Fatal Error] :1:1: Premature end of file.
2026-03-30 22:45:36,331 [ERROR] LogOutputStream:75 - [STDERR_REDIRECT] 
2026-03-30 22:45:37,334 [ERROR] LogOutputStream:75 - [STDERR_REDIRECT] [Fatal Error] :1:1: Premature end of file.
2026-03-30 22:45:37,334 [ERROR] LogOutputStream:75 - [STDERR_REDIRECT] 
2026-03-30 22:45:38,319 [ERROR] LogOutputStream:75 - [STDERR_REDIRECT] [Fatal Error] :1:1: Premature end of file.
2026-03-30 22:45:38,319 [ERROR] LogOutputStream:75 - [STDERR_REDIRECT] 
2026-03-30 22:45:39,323 [ERROR] LogOutputStream:75 - [STDERR_REDIRECT] [Fatal Error] :1:1: Premature end of file.
2026-03-30 22:45:39,323 [ERROR] LogOutputStream:75 - [STDERR_REDIRECT] 
2026-03-30 22:45:40,334 [ERROR] LogOutputStream:75 - [STDERR_REDIRECT] [Fatal Error] :1:1: Premature end of file.
2026-03-30 22:45:40,334 [ERROR] LogOutputStream:75 - [STDERR_REDIRECT] 
2026-03-30 22:45:41,332 [ERROR] LogOutputStream:75 - [STDERR_REDIRECT] [Fatal Error] :1:1: Premature end of file.
2026-03-30 22:45:41,332 [ERROR] LogOutputStream:75 - [STDERR_REDIRECT] 
2026-03-30 22:45:42,334 [ERROR] LogOutputStream:75 - [STDERR_REDIRECT] [Fatal Error] :1:1: Premature end of file.
2026-03-30 22:45:42,334 [ERROR] LogOutputStream:75 - [STDERR_REDIRECT] 
2026-03-30 22:45:43,320 [ERROR] LogOutputStream:75 - [STDERR_REDIRECT] [Fatal Error] :1:1: Premature end of file.
2026-03-30 22:45:43,320 [ERROR] LogOutputStream:75 - [STDERR_REDIRECT] 
2026-03-30 22:45:44,332 [ERROR] LogOutputStream:75 - [STDERR_REDIRECT] [Fatal Error] :1:1: Premature end of file.
2026-03-30 22:45:44,333 [ERROR] LogOutputStream:75 - [STDERR_REDIRECT] 
2026-03-30 22:45:45,322 [ERROR] LogOutputStream:75 - [STDERR_REDIRECT] [Fatal Error] :1:1: Premature end of file.
2026-03-30 22:45:45,322 [ERROR] LogOutputStream:75 - [STDERR_REDIRECT] 
2026-03-30 22:45:46,336 [ERROR] LogOutputStream:75 - [STDERR_REDIRECT] [Fatal Error] :1:1: Premature end of file.
2026-03-30 22:45:46,336 [ERROR] LogOutputStream:75 - [STDERR_REDIRECT] 
2026-03-30 22:45:47,324 [ERROR] LogOutputStream:75 - [STDERR_REDIRECT] [Fatal Error] :1:1: Premature end of file.
2026-03-30 22:45:47,324 [ERROR] LogOutputStream:75 - [STDERR_REDIRECT] 
2026-03-30 22:45:48,327 [ERROR] LogOutputStream:75 - [STDERR_REDIRECT] [Fatal Error] :1:1: Premature end of file.
2026-03-30 22:45:48,327 [ERROR] LogOutputStream:75 - [STDERR_REDIRECT] 
2026-03-30 22:45:49,328 [ERROR] LogOutputStream:75 - [STDERR_REDIRECT] [Fatal Error] :1:1: Premature end of file.
2026-03-30 22:45:49,328 [ERROR] LogOutputStream:75 - [STDERR_REDIRECT] 
2026-03-30 22:45:50,337 [ERROR] LogOutputStream:75 - [STDERR_REDIRECT] [Fatal Error] :1:1: Premature end of file.
2026-03-30 22:45:50,337 [ERROR] LogOutputStream:75 - [STDERR_REDIRECT] 
2026-03-30 22:45:51,334 [ERROR] LogOutputStream:75 - [STDERR_REDIRECT] [Fatal Error] :1:1: Premature end of file.
2026-03-30 22:45:51,334 [ERROR] LogOutputStream:75 - [STDERR_REDIRECT] 
2026-03-30 22:45:52,335 [ERROR] LogOutputStream:75 - [STDERR_REDIRECT] [Fatal Error] :1:1: Premature end of file.
2026-03-30 22:45:52,335 [ERROR] LogOutputStream:75 - [STDERR_REDIRECT] 
2026-03-30 22:45:53,333 [ERROR] LogOutputStream:75 - [STDERR_REDIRECT] [Fatal Error] :1:1: Premature end of file.
2026-03-30 22:45:53,333 [ERROR] LogOutputStream:75 - [STDERR_REDIRECT] 
2026-03-30 22:45:54,333 [ERROR] LogOutputStream:75 - [STDERR_REDIRECT] [Fatal Error] :1:1: Premature end of file.
2026-03-30 22:45:54,333 [ERROR] LogOutputStream:75 - [STDERR_REDIRECT] 
2026-03-30 22:45:55,324 [ERROR] LogOutputStream:75 - [STDERR_REDIRECT] [Fatal Error] :1:1: Premature end of file.
2026-03-30 22:45:55,324 [ERROR] LogOutputStream:75 - [STDERR_REDIRECT] 
2026-03-30 22:45:56,337 [ERROR] LogOutputStream:75 - [STDERR_REDIRECT] [Fatal Error] :1:1: Premature end of file.
2026-03-30 22:45:56,337 [ERROR] LogOutputStream:75 - [STDERR_REDIRECT] 
2026-03-30 22:45:57,332 [ERROR] LogOutputStream:75 - [STDERR_REDIRECT] [Fatal Error] :1:1: Premature end of file.
2026-03-30 22:45:57,332 [ERROR] LogOutputStream:75 - [STDERR_REDIRECT] 
2026-03-30 22:45:58,326 [ERROR] LogOutputStream:75 - [STDERR_REDIRECT] [Fatal Error] :1:1: Premature end of file.
2026-03-30 22:45:58,326 [ERROR] LogOutputStream:75 - [STDERR_REDIRECT] 
2026-03-30 22:45:59,322 [ERROR] LogOutputStream:75 - [STDERR_REDIRECT] [Fatal Error] :1:1: Premature end of file.
2026-03-30 22:45:59,322 [ERROR] LogOutputStream:75 - [STDERR_REDIRECT] 
2026-03-30 22:46:00,330 [ERROR] LogOutputStream:75 - [STDERR_REDIRECT] [Fatal Error] :1:1: Premature end of file.
2026-03-30 22:46:00,330 [ERROR] LogOutputStream:75 - [STDERR_REDIRECT] 
2026-03-30 22:46:01,335 [ERROR] LogOutputStream:75 - [STDERR_REDIRECT] [Fatal Error] :1:1: Premature end of file.
2026-03-30 22:46:01,335 [ERROR] LogOutputStream:75 - [STDERR_REDIRECT] 
2026-03-30 22:46:02,336 [ERROR] LogOutputStream:75 - [STDERR_REDIRECT] [Fatal Error] :1:1: Premature end of file.
2026-03-30 22:46:02,336 [ERROR] LogOutputStream:75 - [STDERR_REDIRECT] 
2026-03-30 22:46:03,335 [ERROR] LogOutputStream:75 - [STDERR_REDIRECT] [Fatal Error] :1:1: Premature end of file.
2026-03-30 22:46:03,335 [ERROR] LogOutputStream:75 - [STDERR_REDIRECT] 
2026-03-30 22:46:04,308 [ERROR] LogOutputStream:75 - [STDERR_REDIRECT] [Fatal Error] :1:1: Premature end of file.
2026-03-30 22:46:04,308 [ERROR] LogOutputStream:75 - [STDERR_REDIRECT] 
2026-03-30 22:46:05,320 [ERROR] LogOutputStream:75 - [STDERR_REDIRECT] [Fatal Error] :1:1: Premature end of file.
2026-03-30 22:46:05,320 [ERROR] LogOutputStream:75 - [STDERR_REDIRECT] 
2026-03-30 22:46:06,321 [ERROR] LogOutputStream:75 - [STDERR_REDIRECT] [Fatal Error] :1:1: Premature end of file.
2026-03-30 22:46:06,337 [ERROR] LogOutputStream:75 - [STDERR_REDIRECT] 
2026-03-30 22:46:07,331 [ERROR] LogOutputStream:75 - [STDERR_REDIRECT] [Fatal Error] :1:1: Premature end of file.
2026-03-30 22:46:07,331 [ERROR] LogOutputStream:75 - [STDERR_REDIRECT] 
2026-03-30 22:46:08,323 [ERROR] LogOutputStream:75 - [STDERR_REDIRECT] [Fatal Error] :1:1: Premature end of file.
2026-03-30 22:46:08,323 [ERROR] LogOutputStream:75 - [STDERR_REDIRECT] 
2026-03-30 22:46:09,338 [ERROR] LogOutputStream:75 - [STDERR_REDIRECT] [Fatal Error] :1:1: Premature end of file.
2026-03-30 22:46:09,338 [ERROR] LogOutputStream:75 - [STDERR_REDIRECT] 
2026-03-30 22:46:10,332 [ERROR] LogOutputStream:75 - [STDERR_REDIRECT] [Fatal Error] :1:1: Premature end of file.
2026-03-30 22:46:10,332 [ERROR] LogOutputStream:75 - [STDERR_REDIRECT] 
2026-03-30 22:46:11,333 [ERROR] LogOutputStream:75 - [STDERR_REDIRECT] [Fatal Error] :1:1: Premature end of file.
2026-03-30 22:46:11,333 [ERROR] LogOutputStream:75 - [STDERR_REDIRECT] 
2026-03-30 22:46:12,336 [ERROR] LogOutputStream:75 - [STDERR_REDIRECT] [Fatal Error] :1:1: Premature end of file.
2026-03-30 22:46:12,336 [ERROR] LogOutputStream:75 - [STDERR_REDIRECT] 
2026-03-30 22:46:13,333 [ERROR] LogOutputStream:75 - [STDERR_REDIRECT] [Fatal Error] :1:1: Premature end of file.
2026-03-30 22:46:13,333 [ERROR] LogOutputStream:75 - [STDERR_REDIRECT] 
2026-03-30 22:46:14,335 [ERROR] LogOutputStream:75 - [STDERR_REDIRECT] [Fatal Error] :1:1: Premature end of file.
2026-03-30 22:46:14,335 [ERROR] LogOutputStream:75 - [STDERR_REDIRECT] 
2026-03-30 22:46:15,327 [ERROR] LogOutputStream:75 - [STDERR_REDIRECT] [Fatal Error] :1:1: Premature end of file.
2026-03-30 22:46:15,327 [ERROR] LogOutputStream:75 - [STDERR_REDIRECT] 
2026-03-30 22:46:16,331 [ERROR] LogOutputStream:75 - [STDERR_REDIRECT] [Fatal Error] :1:1: Premature end of file.
2026-03-30 22:46:16,331 [ERROR] LogOutputStream:75 - [STDERR_REDIRECT] 
2026-03-30 22:46:17,334 [ERROR] LogOutputStream:75 - [STDERR_REDIRECT] [Fatal Error] :1:1: Premature end of file.
2026-03-30 22:46:17,334 [ERROR] LogOutputStream:75 - [STDERR_REDIRECT] 
2026-03-30 22:46:18,336 [ERROR] LogOutputStream:75 - [STDERR_REDIRECT] [Fatal Error] :1:1: Premature end of file.
2026-03-30 22:46:18,336 [ERROR] LogOutputStream:75 - [STDERR_REDIRECT] 
2026-03-30 22:46:19,336 [ERROR] LogOutputStream:75 - [STDERR_REDIRECT] [Fatal Error] :1:1: Premature end of file.
2026-03-30 22:46:19,338 [ERROR] LogOutputStream:75 - [STDERR_REDIRECT] 
2026-03-30 22:46:20,330 [ERROR] LogOutputStream:75 - [STDERR_REDIRECT] [Fatal Error] :1:1: Premature end of file.
2026-03-30 22:46:20,330 [ERROR] LogOutputStream:75 - [STDERR_REDIRECT] 
2026-03-30 22:46:21,335 [ERROR] LogOutputStream:75 - [STDERR_REDIRECT] [Fatal Error] :1:1: Premature end of file.
2026-03-30 22:46:21,335 [ERROR] LogOutputStream:75 - [STDERR_REDIRECT] 
2026-03-30 22:46:22,335 [ERROR] LogOutputStream:75 - [STDERR_REDIRECT] [Fatal Error] :1:1: Premature end of file.
2026-03-30 22:46:22,335 [ERROR] LogOutputStream:75 - [STDERR_REDIRECT] 
2026-03-30 22:46:23,337 [ERROR] LogOutputStream:75 - [STDERR_REDIRECT] [Fatal Error] :1:1: Premature end of file.
2026-03-30 22:46:23,337 [ERROR] LogOutputStream:75 - [STDERR_REDIRECT] 
2026-03-30 22:46:24,321 [ERROR] LogOutputStream:75 - [STDERR_REDIRECT] [Fatal Error] :1:1: Premature end of file.
2026-03-30 22:46:24,321 [ERROR] LogOutputStream:75 - [STDERR_REDIRECT] 
2026-03-30 22:46:25,334 [ERROR] LogOutputStream:75 - [STDERR_REDIRECT] [Fatal Error] :1:1: Premature end of file.
2026-03-30 22:46:25,334 [ERROR] LogOutputStream:75 - [STDERR_REDIRECT] 
2026-03-30 22:46:26,336 [ERROR] LogOutputStream:75 - [STDERR_REDIRECT] [Fatal Error] :1:1: Premature end of file.
2026-03-30 22:46:26,336 [ERROR] LogOutputStream:75 - [STDERR_REDIRECT] 
2026-03-30 22:46:27,338 [ERROR] LogOutputStream:75 - [STDERR_REDIRECT] [Fatal Error] :1:1: Premature end of file.
2026-03-30 22:46:27,338 [ERROR] LogOutputStream:75 - [STDERR_REDIRECT] 
2026-03-30 22:46:28,331 [ERROR] LogOutputStream:75 - [STDERR_REDIRECT] [Fatal Error] :1:1: Premature end of file.
2026-03-30 22:46:28,331 [ERROR] LogOutputStream:75 - [STDERR_REDIRECT] 
2026-03-30 22:46:29,337 [ERROR] LogOutputStream:75 - [STDERR_REDIRECT] [Fatal Error] :1:1: Premature end of file.
2026-03-30 22:46:29,337 [ERROR] LogOutputStream:75 - [STDERR_REDIRECT] 
2026-03-30 22:46:30,333 [ERROR] LogOutputStream:75 - [STDERR_REDIRECT] [Fatal Error] :1:1: Premature end of file.
2026-03-30 22:46:30,333 [ERROR] LogOutputStream:75 - [STDERR_REDIRECT] 
2026-03-30 22:46:31,331 [ERROR] LogOutputStream:75 - [STDERR_REDIRECT] [Fatal Error] :1:1: Premature end of file.
2026-03-30 22:46:31,331 [ERROR] LogOutputStream:75 - [STDERR_REDIRECT] 
2026-03-30 22:46:32,321 [ERROR] LogOutputStream:75 - [STDERR_REDIRECT] [Fatal Error] :1:1: Premature end of file.
2026-03-30 22:46:32,321 [ERROR] LogOutputStream:75 - [STDERR_REDIRECT] 
2026-03-30 22:46:33,328 [ERROR] LogOutputStream:75 - [STDERR_REDIRECT] [Fatal Error] :1:1: Premature end of file.
2026-03-30 22:46:33,328 [ERROR] LogOutputStream:75 - [STDERR_REDIRECT] 
2026-03-30 22:46:34,331 [ERROR] LogOutputStream:75 - [STDERR_REDIRECT] [Fatal Error] :1:1: Premature end of file.
2026-03-30 22:46:34,331 [ERROR] LogOutputStream:75 - [STDERR_REDIRECT] 
2026-03-30 22:46:35,335 [ERROR] LogOutputStream:75 - [STDERR_REDIRECT] [Fatal Error] :1:1: Premature end of file.
2026-03-30 22:46:35,335 [ERROR] LogOutputStream:75 - [STDERR_REDIRECT] 
2026-03-30 22:46:36,337 [ERROR] LogOutputStream:75 - [STDERR_REDIRECT] [Fatal Error] :1:1: Premature end of file.
2026-03-30 22:46:36,337 [ERROR] LogOutputStream:75 - [STDERR_REDIRECT] 
2026-03-30 22:46:37,338 [ERROR] LogOutputStream:75 - [STDERR_REDIRECT] [Fatal Error] :1:1: Premature end of file.
2026-03-30 22:46:37,338 [ERROR] LogOutputStream:75 - [STDERR_REDIRECT] 
2026-03-30 22:46:38,332 [ERROR] LogOutputStream:75 - [STDERR_REDIRECT] [Fatal Error] :1:1: Premature end of file.
2026-03-30 22:46:38,332 [ERROR] LogOutputStream:75 - [STDERR_REDIRECT] 
2026-03-30 22:46:39,321 [ERROR] LogOutputStream:75 - [STDERR_REDIRECT] [Fatal Error] :1:1: Premature end of file.
2026-03-30 22:46:39,321 [ERROR] LogOutputStream:75 - [STDERR_REDIRECT] 
2026-03-30 22:46:40,330 [ERROR] LogOutputStream:75 - [STDERR_REDIRECT] [Fatal Error] :1:1: Premature end of file.
2026-03-30 22:46:40,330 [ERROR] LogOutputStream:75 - [STDERR_REDIRECT] 
2026-03-30 22:46:41,335 [ERROR] LogOutputStream:75 - [STDERR_REDIRECT] [Fatal Error] :1:1: Premature end of file.
2026-03-30 22:46:41,336 [ERROR] LogOutputStream:75 - [STDERR_REDIRECT] 
2026-03-30 22:46:42,338 [ERROR] LogOutputStream:75 - [STDERR_REDIRECT] [Fatal Error] :1:1: Premature end of file.
2026-03-30 22:46:42,338 [ERROR] LogOutputStream:75 - [STDERR_REDIRECT] 
2026-03-30 22:46:43,333 [ERROR] LogOutputStream:75 - [STDERR_REDIRECT] [Fatal Error] :1:1: Premature end of file.
2026-03-30 22:46:43,333 [ERROR] LogOutputStream:75 - [STDERR_REDIRECT] 
2026-03-30 22:46:44,337 [ERROR] LogOutputStream:75 - [STDERR_REDIRECT] [Fatal Error] :1:1: Premature end of file.
2026-03-30 22:46:44,337 [ERROR] LogOutputStream:75 - [STDERR_REDIRECT] 
2026-03-30 22:46:45,335 [ERROR] LogOutputStream:75 - [STDERR_REDIRECT] [Fatal Error] :1:1: Premature end of file.
2026-03-30 22:46:45,343 [ERROR] LogOutputStream:75 - [STDERR_REDIRECT] 
2026-03-30 22:46:46,336 [ERROR] LogOutputStream:75 - [STDERR_REDIRECT] [Fatal Error] :1:1: Premature end of file.
2026-03-30 22:46:46,336 [ERROR] LogOutputStream:75 - [STDERR_REDIRECT] 
2026-03-30 22:46:47,336 [ERROR] LogOutputStream:75 - [STDERR_REDIRECT] [Fatal Error] :1:1: Premature end of file.
2026-03-30 22:46:47,336 [ERROR] LogOutputStream:75 - [STDERR_REDIRECT] 
2026-03-30 22:46:48,334 [ERROR] LogOutputStream:75 - [STDERR_REDIRECT] [Fatal Error] :1:1: Premature end of file.
2026-03-30 22:46:48,334 [ERROR] LogOutputStream:75 - [STDERR_REDIRECT] 
2026-03-30 22:46:49,337 [ERROR] LogOutputStream:75 - [STDERR_REDIRECT] [Fatal Error] :1:1: Premature end of file.
2026-03-30 22:46:49,337 [ERROR] LogOutputStream:75 - [STDERR_REDIRECT] 
2026-03-30 22:46:50,337 [ERROR] LogOutputStream:75 - [STDERR_REDIRECT] [Fatal Error] :1:1: Premature end of file.
2026-03-30 22:46:50,337 [ERROR] LogOutputStream:75 - [STDERR_REDIRECT] 
2026-03-30 22:46:51,330 [ERROR] LogOutputStream:75 - [STDERR_REDIRECT] [Fatal Error] :1:1: Premature end of file.
2026-03-30 22:46:51,330 [ERROR] LogOutputStream:75 - [STDERR_REDIRECT] 
2026-03-30 22:46:52,338 [ERROR] LogOutputStream:75 - [STDERR_REDIRECT] [Fatal Error] :1:1: Premature end of file.
2026-03-30 22:46:52,338 [ERROR] LogOutputStream:75 - [STDERR_REDIRECT] 
2026-03-30 22:46:53,335 [ERROR] LogOutputStream:75 - [STDERR_REDIRECT] [Fatal Error] :1:1: Premature end of file.
2026-03-30 22:46:53,335 [ERROR] LogOutputStream:75 - [STDERR_REDIRECT] 
2026-03-30 22:46:54,338 [ERROR] LogOutputStream:75 - [STDERR_REDIRECT] [Fatal Error] :1:1: Premature end of file.
2026-03-30 22:46:54,338 [ERROR] LogOutputStream:75 - [STDERR_REDIRECT] 
2026-03-30 22:46:55,321 [ERROR] LogOutputStream:75 - [STDERR_REDIRECT] [Fatal Error] :1:1: Premature end of file.
2026-03-30 22:46:55,321 [ERROR] LogOutputStream:75 - [STDERR_REDIRECT] 
2026-03-30 22:46:56,332 [ERROR] LogOutputStream:75 - [STDERR_REDIRECT] [Fatal Error] :1:1: Premature end of file.
2026-03-30 22:46:56,332 [ERROR] LogOutputStream:75 - [STDERR_REDIRECT] 
2026-03-30 22:46:57,322 [ERROR] LogOutputStream:75 - [STDERR_REDIRECT] [Fatal Error] :1:1: Premature end of file.
2026-03-30 22:46:57,322 [ERROR] LogOutputStream:75 - [STDERR_REDIRECT] 
2026-03-30 22:46:58,322 [ERROR] LogOutputStream:75 - [STDERR_REDIRECT] [Fatal Error] :1:1: Premature end of file.
2026-03-30 22:46:58,322 [ERROR] LogOutputStream:75 - [STDERR_REDIRECT] 
2026-03-30 22:46:59,338 [ERROR] LogOutputStream:75 - [STDERR_REDIRECT] [Fatal Error] :1:1: Premature end of file.
2026-03-30 22:46:59,338 [ERROR] LogOutputStream:75 - [STDERR_REDIRECT] 
2026-03-30 22:47:00,335 [ERROR] LogOutputStream:75 - [STDERR_REDIRECT] [Fatal Error] :1:1: Premature end of file.
2026-03-30 22:47:00,335 [ERROR] LogOutputStream:75 - [STDERR_REDIRECT] 
2026-03-30 22:47:01,332 [ERROR] LogOutputStream:75 - [STDERR_REDIRECT] [Fatal Error] :1:1: Premature end of file.
2026-03-30 22:47:01,332 [ERROR] LogOutputStream:75 - [STDERR_REDIRECT] 
2026-03-30 22:47:02,338 [ERROR] LogOutputStream:75 - [STDERR_REDIRECT] [Fatal Error] :1:1: Premature end of file.
2026-03-30 22:47:02,338 [ERROR] LogOutputStream:75 - [STDERR_REDIRECT] 
2026-03-30 22:47:03,323 [ERROR] LogOutputStream:75 - [STDERR_REDIRECT] [Fatal Error] :1:1: Premature end of file.
2026-03-30 22:47:03,323 [ERROR] LogOutputStream:75 - [STDERR_REDIRECT] 
2026-03-30 22:47:04,337 [ERROR] LogOutputStream:75 - [STDERR_REDIRECT] [Fatal Error] :1:1: Premature end of file.
2026-03-30 22:47:04,338 [ERROR] LogOutputStream:75 - [STDERR_REDIRECT] 
2026-03-30 22:47:05,338 [ERROR] LogOutputStream:75 - [STDERR_REDIRECT] [Fatal Error] :1:1: Premature end of file.
2026-03-30 22:47:05,338 [ERROR] LogOutputStream:75 - [STDERR_REDIRECT] 
2026-03-30 22:47:06,335 [ERROR] LogOutputStream:75 - [STDERR_REDIRECT] [Fatal Error] :1:1: Premature end of file.
2026-03-30 22:47:06,335 [ERROR] LogOutputStream:75 - [STDERR_REDIRECT] 
2026-03-30 22:47:07,325 [ERROR] LogOutputStream:75 - [STDERR_REDIRECT] [Fatal Error] :1:1: Premature end of file.
2026-03-30 22:47:07,325 [ERROR] LogOutputStream:75 - [STDERR_REDIRECT] 
2026-03-30 22:47:08,335 [ERROR] LogOutputStream:75 - [STDERR_REDIRECT] [Fatal Error] :1:1: Premature end of file.
2026-03-30 22:47:08,335 [ERROR] LogOutputStream:75 - [STDERR_REDIRECT] 
2026-03-30 22:47:09,335 [ERROR] LogOutputStream:75 - [STDERR_REDIRECT] [Fatal Error] :1:1: Premature end of file.
2026-03-30 22:47:09,335 [ERROR] LogOutputStream:75 - [STDERR_REDIRECT] 
2026-03-30 22:47:10,332 [ERROR] LogOutputStream:75 - [STDERR_REDIRECT] [Fatal Error] :1:1: Premature end of file.
2026-03-30 22:47:10,332 [ERROR] LogOutputStream:75 - [STDERR_REDIRECT] 
2026-03-30 22:47:11,336 [ERROR] LogOutputStream:75 - [STDERR_REDIRECT] [Fatal Error] :1:1: Premature end of file.
2026-03-30 22:47:11,336 [ERROR] LogOutputStream:75 - [STDERR_REDIRECT] 
2026-03-30 22:47:12,337 [ERROR] LogOutputStream:75 - [STDERR_REDIRECT] [Fatal Error] :1:1: Premature end of file.
2026-03-30 22:47:12,337 [ERROR] LogOutputStream:75 - [STDERR_REDIRECT] 
2026-03-30 22:47:13,337 [ERROR] LogOutputStream:75 - [STDERR_REDIRECT] [Fatal Error] :1:1: Premature end of file.
2026-03-30 22:47:13,337 [ERROR] LogOutputStream:75 - [STDERR_REDIRECT] 
2026-03-30 22:47:14,332 [ERROR] LogOutputStream:75 - [STDERR_REDIRECT] [Fatal Error] :1:1: Premature end of file.
2026-03-30 22:47:14,332 [ERROR] LogOutputStream:75 - [STDERR_REDIRECT] 
2026-03-30 22:47:15,336 [ERROR] LogOutputStream:75 - [STDERR_REDIRECT] [Fatal Error] :1:1: Premature end of file.
2026-03-30 22:47:15,343 [ERROR] LogOutputStream:75 - [STDERR_REDIRECT] 
2026-03-30 22:47:16,322 [ERROR] LogOutputStream:75 - [STDERR_REDIRECT] [Fatal Error] :1:1: Premature end of file.
2026-03-30 22:47:16,322 [ERROR] LogOutputStream:75 - [STDERR_REDIRECT] 
2026-03-30 22:47:17,328 [ERROR] LogOutputStream:75 - [STDERR_REDIRECT] [Fatal Error] :1:1: Premature end of file.
2026-03-30 22:47:17,328 [ERROR] LogOutputStream:75 - [STDERR_REDIRECT] 
2026-03-30 22:47:18,330 [ERROR] LogOutputStream:75 - [STDERR_REDIRECT] [Fatal Error] :1:1: Premature end of file.
2026-03-30 22:47:18,330 [ERROR] LogOutputStream:75 - [STDERR_REDIRECT] 
2026-03-30 22:47:19,334 [ERROR] LogOutputStream:75 - [STDERR_REDIRECT] [Fatal Error] :1:1: Premature end of file.
2026-03-30 22:47:19,334 [ERROR] LogOutputStream:75 - [STDERR_REDIRECT] 
2026-03-30 22:47:20,338 [ERROR] LogOutputStream:75 - [STDERR_REDIRECT] [Fatal Error] :1:1: Premature end of file.
2026-03-30 22:47:20,338 [ERROR] LogOutputStream:75 - [STDERR_REDIRECT] 
2026-03-30 22:47:21,322 [ERROR] LogOutputStream:75 - [STDERR_REDIRECT] [Fatal Error] :1:1: Premature end of file.
2026-03-30 22:47:21,322 [ERROR] LogOutputStream:75 - [STDERR_REDIRECT] 
2026-03-30 22:47:22,319 [ERROR] LogOutputStream:75 - [STDERR_REDIRECT] [Fatal Error] :1:1: Premature end of file.
2026-03-30 22:47:22,335 [ERROR] LogOutputStream:75 - [STDERR_REDIRECT] 
2026-03-30 22:47:23,335 [ERROR] LogOutputStream:75 - [STDERR_REDIRECT] [Fatal Error] :1:1: Premature end of file.
2026-03-30 22:47:23,335 [ERROR] LogOutputStream:75 - [STDERR_REDIRECT] 
2026-03-30 22:47:24,323 [ERROR] LogOutputStream:75 - [STDERR_REDIRECT] [Fatal Error] :1:1: Premature end of file.
2026-03-30 22:47:24,323 [ERROR] LogOutputStream:75 - [STDERR_REDIRECT] 
2026-03-30 22:47:25,325 [ERROR] LogOutputStream:75 - [STDERR_REDIRECT] [Fatal Error] :1:1: Premature end of file.
2026-03-30 22:47:25,325 [ERROR] LogOutputStream:75 - [STDERR_REDIRECT] 
2026-03-30 22:47:26,328 [ERROR] LogOutputStream:75 - [STDERR_REDIRECT] [Fatal Error] :1:1: Premature end of file.
2026-03-30 22:47:26,328 [ERROR] LogOutputStream:75 - [STDERR_REDIRECT] 
2026-03-30 22:47:27,331 [ERROR] LogOutputStream:75 - [STDERR_REDIRECT] [Fatal Error] :1:1: Premature end of file.
2026-03-30 22:47:27,331 [ERROR] LogOutputStream:75 - [STDERR_REDIRECT] 
2026-03-30 22:47:28,334 [ERROR] LogOutputStream:75 - [STDERR_REDIRECT] [Fatal Error] :1:1: Premature end of file.
2026-03-30 22:47:28,334 [ERROR] LogOutputStream:75 - [STDERR_REDIRECT] 
2026-03-30 22:47:29,336 [ERROR] LogOutputStream:75 - [STDERR_REDIRECT] [Fatal Error] :1:1: Premature end of file.
2026-03-30 22:47:29,336 [ERROR] LogOutputStream:75 - [STDERR_REDIRECT] 
2026-03-30 22:47:30,332 [ERROR] LogOutputStream:75 - [STDERR_REDIRECT] [Fatal Error] :1:1: Premature end of file.
2026-03-30 22:47:30,332 [ERROR] LogOutputStream:75 - [STDERR_REDIRECT] 
2026-03-30 22:47:31,332 [ERROR] LogOutputStream:75 - [STDERR_REDIRECT] [Fatal Error] :1:1: Premature end of file.
2026-03-30 22:47:31,332 [ERROR] LogOutputStream:75 - [STDERR_REDIRECT] 
2026-03-30 22:47:32,336 [ERROR] LogOutputStream:75 - [STDERR_REDIRECT] [Fatal Error] :1:1: Premature end of file.
2026-03-30 22:47:32,336 [ERROR] LogOutputStream:75 - [STDERR_REDIRECT] 
2026-03-30 22:47:33,323 [ERROR] LogOutputStream:75 - [STDERR_REDIRECT] [Fatal Error] :1:1: Premature end of file.
2026-03-30 22:47:33,323 [ERROR] LogOutputStream:75 - [STDERR_REDIRECT] 
2026-03-30 22:47:34,327 [ERROR] LogOutputStream:75 - [STDERR_REDIRECT] [Fatal Error] :1:1: Premature end of file.
2026-03-30 22:47:34,327 [ERROR] LogOutputStream:75 - [STDERR_REDIRECT] 
2026-03-30 22:47:35,327 [ERROR] LogOutputStream:75 - [STDERR_REDIRECT] [Fatal Error] :1:1: Premature end of file.
2026-03-30 22:47:35,327 [ERROR] LogOutputStream:75 - [STDERR_REDIRECT] 
2026-03-30 22:47:36,331 [ERROR] LogOutputStream:75 - [STDERR_REDIRECT] [Fatal Error] :1:1: Premature end of file.
2026-03-30 22:47:36,331 [ERROR] LogOutputStream:75 - [STDERR_REDIRECT] 
2026-03-30 22:47:37,334 [ERROR] LogOutputStream:75 - [STDERR_REDIRECT] [Fatal Error] :1:1: Premature end of file.
2026-03-30 22:47:37,334 [ERROR] LogOutputStream:75 - [STDERR_REDIRECT] 
2026-03-30 22:47:38,337 [ERROR] LogOutputStream:75 - [STDERR_REDIRECT] [Fatal Error] :1:1: Premature end of file.
2026-03-30 22:47:38,337 [ERROR] LogOutputStream:75 - [STDERR_REDIRECT] 
2026-03-30 22:47:39,333 [ERROR] LogOutputStream:75 - [STDERR_REDIRECT] [Fatal Error] :1:1: Premature end of file.
2026-03-30 22:47:39,333 [ERROR] LogOutputStream:75 - [STDERR_REDIRECT] 
2026-03-30 22:47:40,335 [ERROR] LogOutputStream:75 - [STDERR_REDIRECT] [Fatal Error] :1:1: Premature end of file.
2026-03-30 22:47:40,335 [ERROR] LogOutputStream:75 - [STDERR_REDIRECT] 
2026-03-30 22:47:41,328 [ERROR] LogOutputStream:75 - [STDERR_REDIRECT] [Fatal Error] :1:1: Premature end of file.
2026-03-30 22:47:41,328 [ERROR] LogOutputStream:75 - [STDERR_REDIRECT] 
2026-03-30 22:47:42,334 [ERROR] LogOutputStream:75 - [STDERR_REDIRECT] [Fatal Error] :1:1: Premature end of file.
2026-03-30 22:47:42,334 [ERROR] LogOutputStream:75 - [STDERR_REDIRECT] 
2026-03-30 22:47:43,328 [ERROR] LogOutputStream:75 - [STDERR_REDIRECT] [Fatal Error] :1:1: Premature end of file.
2026-03-30 22:47:43,328 [ERROR] LogOutputStream:75 - [STDERR_REDIRECT] 
2026-03-30 22:47:44,329 [ERROR] LogOutputStream:75 - [STDERR_REDIRECT] [Fatal Error] :1:1: Premature end of file.
2026-03-30 22:47:44,329 [ERROR] LogOutputStream:75 - [STDERR_REDIRECT] 
2026-03-30 22:47:45,334 [ERROR] LogOutputStream:75 - [STDERR_REDIRECT] [Fatal Error] :1:1: Premature end of file.
2026-03-30 22:47:45,334 [ERROR] LogOutputStream:75 - [STDERR_REDIRECT] 
2026-03-30 22:47:46,329 [ERROR] LogOutputStream:75 - [STDERR_REDIRECT] [Fatal Error] :1:1: Premature end of file.
2026-03-30 22:47:46,329 [ERROR] LogOutputStream:75 - [STDERR_REDIRECT] 
2026-03-30 22:47:47,326 [ERROR] LogOutputStream:75 - [STDERR_REDIRECT] [Fatal Error] :1:1: Premature end of file.
2026-03-30 22:47:47,326 [ERROR] LogOutputStream:75 - [STDERR_REDIRECT] 
2026-03-30 22:47:48,330 [ERROR] LogOutputStream:75 - [STDERR_REDIRECT] [Fatal Error] :1:1: Premature end of file.
2026-03-30 22:47:48,330 [ERROR] LogOutputStream:75 - [STDERR_REDIRECT] 
2026-03-30 22:47:49,332 [ERROR] LogOutputStream:75 - [STDERR_REDIRECT] [Fatal Error] :1:1: Premature end of file.
2026-03-30 22:47:49,332 [ERROR] LogOutputStream:75 - [STDERR_REDIRECT] 
2026-03-30 22:47:50,332 [ERROR] LogOutputStream:75 - [STDERR_REDIRECT] [Fatal Error] :1:1: Premature end of file.
2026-03-30 22:47:50,332 [ERROR] LogOutputStream:75 - [STDERR_REDIRECT] 
2026-03-30 22:47:51,332 [ERROR] LogOutputStream:75 - [STDERR_REDIRECT] [Fatal Error] :1:1: Premature end of file.
2026-03-30 22:47:51,333 [ERROR] LogOutputStream:75 - [STDERR_REDIRECT] 
2026-03-30 22:47:52,328 [ERROR] LogOutputStream:75 - [STDERR_REDIRECT] [Fatal Error] :1:1: Premature end of file.
2026-03-30 22:47:52,328 [ERROR] LogOutputStream:75 - [STDERR_REDIRECT] 
2026-03-30 22:47:53,334 [ERROR] LogOutputStream:75 - [STDERR_REDIRECT] [Fatal Error] :1:1: Premature end of file.
2026-03-30 22:47:53,334 [ERROR] LogOutputStream:75 - [STDERR_REDIRECT] 
2026-03-30 22:47:54,335 [ERROR] LogOutputStream:75 - [STDERR_REDIRECT] [Fatal Error] :1:1: Premature end of file.
2026-03-30 22:47:54,335 [ERROR] LogOutputStream:75 - [STDERR_REDIRECT] 
2026-03-30 22:47:55,328 [ERROR] LogOutputStream:75 - [STDERR_REDIRECT] [Fatal Error] :1:1: Premature end of file.
2026-03-30 22:47:55,328 [ERROR] LogOutputStream:75 - [STDERR_REDIRECT] 
2026-03-30 22:47:56,324 [ERROR] LogOutputStream:75 - [STDERR_REDIRECT] [Fatal Error] :1:1: Premature end of file.
2026-03-30 22:47:56,324 [ERROR] LogOutputStream:75 - [STDERR_REDIRECT] 
2026-03-30 22:47:57,324 [ERROR] LogOutputStream:75 - [STDERR_REDIRECT] [Fatal Error] :1:1: Premature end of file.
2026-03-30 22:47:57,324 [ERROR] LogOutputStream:75 - [STDERR_REDIRECT] 
2026-03-30 22:47:58,331 [ERROR] LogOutputStream:75 - [STDERR_REDIRECT] [Fatal Error] :1:1: Premature end of file.
2026-03-30 22:47:58,331 [ERROR] LogOutputStream:75 - [STDERR_REDIRECT] 
2026-03-30 22:47:59,333 [ERROR] LogOutputStream:75 - [STDERR_REDIRECT] [Fatal Error] :1:1: Premature end of file.
2026-03-30 22:47:59,333 [ERROR] LogOutputStream:75 - [STDERR_REDIRECT] 
2026-03-30 22:48:00,322 [ERROR] LogOutputStream:75 - [STDERR_REDIRECT] [Fatal Error] :1:1: Premature end of file.
2026-03-30 22:48:00,327 [ERROR] LogOutputStream:75 - [STDERR_REDIRECT] 
2026-03-30 22:48:01,336 [ERROR] LogOutputStream:75 - [STDERR_REDIRECT] [Fatal Error] :1:1: Premature end of file.
2026-03-30 22:48:01,336 [ERROR] LogOutputStream:75 - [STDERR_REDIRECT] 
2026-03-30 22:48:02,334 [ERROR] LogOutputStream:75 - [STDERR_REDIRECT] [Fatal Error] :1:1: Premature end of file.
2026-03-30 22:48:02,334 [ERROR] LogOutputStream:75 - [STDERR_REDIRECT] 
2026-03-30 22:48:03,336 [ERROR] LogOutputStream:75 - [STDERR_REDIRECT] [Fatal Error] :1:1: Premature end of file.
2026-03-30 22:48:03,336 [ERROR] LogOutputStream:75 - [STDERR_REDIRECT] 
2026-03-30 22:48:04,325 [ERROR] LogOutputStream:75 - [STDERR_REDIRECT] [Fatal Error] :1:1: Premature end of file.
2026-03-30 22:48:04,325 [ERROR] LogOutputStream:75 - [STDERR_REDIRECT] 
2026-03-30 22:48:05,325 [ERROR] LogOutputStream:75 - [STDERR_REDIRECT] [Fatal Error] :1:1: Premature end of file.
2026-03-30 22:48:05,325 [ERROR] LogOutputStream:75 - [STDERR_REDIRECT] 
2026-03-30 22:48:06,323 [ERROR] LogOutputStream:75 - [STDERR_REDIRECT] [Fatal Error] :1:1: Premature end of file.
2026-03-30 22:48:06,323 [ERROR] LogOutputStream:75 - [STDERR_REDIRECT] 
2026-03-30 22:48:07,332 [ERROR] LogOutputStream:75 - [STDERR_REDIRECT] [Fatal Error] :1:1: Premature end of file.
2026-03-30 22:48:07,332 [ERROR] LogOutputStream:75 - [STDERR_REDIRECT] 
2026-03-30 22:48:08,335 [ERROR] LogOutputStream:75 - [STDERR_REDIRECT] [Fatal Error] :1:1: Premature end of file.
2026-03-30 22:48:08,335 [ERROR] LogOutputStream:75 - [STDERR_REDIRECT] 
2026-03-30 22:48:09,324 [ERROR] LogOutputStream:75 - [STDERR_REDIRECT] [Fatal Error] :1:1: Premature end of file.
2026-03-30 22:48:09,324 [ERROR] LogOutputStream:75 - [STDERR_REDIRECT] 
2026-03-30 22:48:10,323 [ERROR] LogOutputStream:75 - [STDERR_REDIRECT] [Fatal Error] :1:1: Premature end of file.
2026-03-30 22:48:10,323 [ERROR] LogOutputStream:75 - [STDERR_REDIRECT] 
2026-03-30 22:48:11,339 [ERROR] LogOutputStream:75 - [STDERR_REDIRECT] [Fatal Error] :1:1: Premature end of file.
2026-03-30 22:48:11,339 [ERROR] LogOutputStream:75 - [STDERR_REDIRECT] 
2026-03-30 22:48:12,332 [ERROR] LogOutputStream:75 - [STDERR_REDIRECT] [Fatal Error] :1:1: Premature end of file.
2026-03-30 22:48:12,332 [ERROR] LogOutputStream:75 - [STDERR_REDIRECT] 
2026-03-30 22:48:13,335 [ERROR] LogOutputStream:75 - [STDERR_REDIRECT] [Fatal Error] :1:1: Premature end of file.
2026-03-30 22:48:13,335 [ERROR] LogOutputStream:75 - [STDERR_REDIRECT] 
2026-03-30 22:48:14,333 [ERROR] LogOutputStream:75 - [STDERR_REDIRECT] [Fatal Error] :1:1: Premature end of file.
2026-03-30 22:48:14,333 [ERROR] LogOutputStream:75 - [STDERR_REDIRECT] 
2026-03-30 22:48:15,334 [ERROR] LogOutputStream:75 - [STDERR_REDIRECT] [Fatal Error] :1:1: Premature end of file.
2026-03-30 22:48:15,334 [ERROR] LogOutputStream:75 - [STDERR_REDIRECT] 
2026-03-30 22:48:16,323 [ERROR] LogOutputStream:75 - [STDERR_REDIRECT] [Fatal Error] :1:1: Premature end of file.
2026-03-30 22:48:16,323 [ERROR] LogOutputStream:75 - [STDERR_REDIRECT] 
2026-03-30 22:48:17,338 [ERROR] LogOutputStream:75 - [STDERR_REDIRECT] [Fatal Error] :1:1: Premature end of file.
2026-03-30 22:48:17,338 [ERROR] LogOutputStream:75 - [STDERR_REDIRECT] 
2026-03-30 22:48:18,330 [ERROR] LogOutputStream:75 - [STDERR_REDIRECT] [Fatal Error] :1:1: Premature end of file.
2026-03-30 22:48:18,330 [ERROR] LogOutputStream:75 - [STDERR_REDIRECT] 
2026-03-30 22:48:19,340 [ERROR] LogOutputStream:75 - [STDERR_REDIRECT] [Fatal Error] :1:1: Premature end of file.
2026-03-30 22:48:19,340 [ERROR] LogOutputStream:75 - [STDERR_REDIRECT] 
2026-03-30 22:48:20,340 [ERROR] LogOutputStream:75 - [STDERR_REDIRECT] [Fatal Error] :1:1: Premature end of file.
2026-03-30 22:48:20,340 [ERROR] LogOutputStream:75 - [STDERR_REDIRECT] 
2026-03-30 22:48:21,332 [ERROR] LogOutputStream:75 - [STDERR_REDIRECT] [Fatal Error] :1:1: Premature end of file.
2026-03-30 22:48:21,332 [ERROR] LogOutputStream:75 - [STDERR_REDIRECT] 
2026-03-30 22:48:22,324 [ERROR] LogOutputStream:75 - [STDERR_REDIRECT] [Fatal Error] :1:1: Premature end of file.
2026-03-30 22:48:22,324 [ERROR] LogOutputStream:75 - [STDERR_REDIRECT] 
2026-03-30 22:48:23,334 [ERROR] LogOutputStream:75 - [STDERR_REDIRECT] [Fatal Error] :1:1: Premature end of file.
2026-03-30 22:48:23,334 [ERROR] LogOutputStream:75 - [STDERR_REDIRECT] 
2026-03-30 22:48:24,323 [ERROR] LogOutputStream:75 - [STDERR_REDIRECT] [Fatal Error] :1:1: Premature end of file.
2026-03-30 22:48:24,323 [ERROR] LogOutputStream:75 - [STDERR_REDIRECT] 
2026-03-30 22:48:25,322 [ERROR] LogOutputStream:75 - [STDERR_REDIRECT] [Fatal Error] :1:1: Premature end of file.
2026-03-30 22:48:25,322 [ERROR] LogOutputStream:75 - [STDERR_REDIRECT] 
2026-03-30 22:48:26,324 [ERROR] LogOutputStream:75 - [STDERR_REDIRECT] [Fatal Error] :1:1: Premature end of file.
2026-03-30 22:48:26,324 [ERROR] LogOutputStream:75 - [STDERR_REDIRECT] 
2026-03-30 22:48:27,323 [ERROR] LogOutputStream:75 - [STDERR_REDIRECT] [Fatal Error] :1:1: Premature end of file.
2026-03-30 22:48:27,323 [ERROR] LogOutputStream:75 - [STDERR_REDIRECT] 
2026-03-30 22:48:28,322 [ERROR] LogOutputStream:75 - [STDERR_REDIRECT] [Fatal Error] :1:1: Premature end of file.
2026-03-30 22:48:28,322 [ERROR] LogOutputStream:75 - [STDERR_REDIRECT] 
2026-03-30 22:48:29,323 [ERROR] LogOutputStream:75 - [STDERR_REDIRECT] [Fatal Error] :1:1: Premature end of file.
2026-03-30 22:48:29,323 [ERROR] LogOutputStream:75 - [STDERR_REDIRECT] 
2026-03-30 22:48:30,327 [ERROR] LogOutputStream:75 - [STDERR_REDIRECT] [Fatal Error] :1:1: Premature end of file.
2026-03-30 22:48:30,327 [ERROR] LogOutputStream:75 - [STDERR_REDIRECT] 
2026-03-30 22:48:31,321 [ERROR] LogOutputStream:75 - [STDERR_REDIRECT] [Fatal Error] :1:1: Premature end of file.
2026-03-30 22:48:31,321 [ERROR] LogOutputStream:75 - [STDERR_REDIRECT] 
2026-03-30 22:48:32,323 [ERROR] LogOutputStream:75 - [STDERR_REDIRECT] [Fatal Error] :1:1: Premature end of file.
2026-03-30 22:48:32,323 [ERROR] LogOutputStream:75 - [STDERR_REDIRECT] 
2026-03-30 22:48:33,323 [ERROR] LogOutputStream:75 - [STDERR_REDIRECT] [Fatal Error] :1:1: Premature end of file.
2026-03-30 22:48:33,324 [ERROR] LogOutputStream:75 - [STDERR_REDIRECT] 
2026-03-30 22:48:34,323 [ERROR] LogOutputStream:75 - [STDERR_REDIRECT] [Fatal Error] :1:1: Premature end of file.
2026-03-30 22:48:34,323 [ERROR] LogOutputStream:75 - [STDERR_REDIRECT] 
2026-03-30 22:48:35,322 [ERROR] LogOutputStream:75 - [STDERR_REDIRECT] [Fatal Error] :1:1: Premature end of file.
2026-03-30 22:48:35,322 [ERROR] LogOutputStream:75 - [STDERR_REDIRECT] 
2026-03-30 22:48:36,322 [ERROR] LogOutputStream:75 - [STDERR_REDIRECT] [Fatal Error] :1:1: Premature end of file.
2026-03-30 22:48:36,322 [ERROR] LogOutputStream:75 - [STDERR_REDIRECT] 
2026-03-30 22:48:37,321 [ERROR] LogOutputStream:75 - [STDERR_REDIRECT] [Fatal Error] :1:1: Premature end of file.
2026-03-30 22:48:37,321 [ERROR] LogOutputStream:75 - [STDERR_REDIRECT] 
2026-03-30 22:48:38,336 [ERROR] LogOutputStream:75 - [STDERR_REDIRECT] [Fatal Error] :1:1: Premature end of file.
2026-03-30 22:48:38,336 [ERROR] LogOutputStream:75 - [STDERR_REDIRECT] 
2026-03-30 22:48:39,324 [ERROR] LogOutputStream:75 - [STDERR_REDIRECT] [Fatal Error] :1:1: Premature end of file.
2026-03-30 22:48:39,324 [ERROR] LogOutputStream:75 - [STDERR_REDIRECT] 
2026-03-30 22:48:40,337 [ERROR] LogOutputStream:75 - [STDERR_REDIRECT] [Fatal Error] :1:1: Premature end of file.
2026-03-30 22:48:40,338 [ERROR] LogOutputStream:75 - [STDERR_REDIRECT] 
2026-03-30 22:48:41,323 [ERROR] LogOutputStream:75 - [STDERR_REDIRECT] [Fatal Error] :1:1: Premature end of file.
2026-03-30 22:48:41,323 [ERROR] LogOutputStream:75 - [STDERR_REDIRECT] 
2026-03-30 22:48:42,323 [ERROR] LogOutputStream:75 - [STDERR_REDIRECT] [Fatal Error] :1:1: Premature end of file.
2026-03-30 22:48:42,323 [ERROR] LogOutputStream:75 - [STDERR_REDIRECT] 
2026-03-30 22:48:43,322 [ERROR] LogOutputStream:75 - [STDERR_REDIRECT] [Fatal Error] :1:1: Premature end of file.
2026-03-30 22:48:43,322 [ERROR] LogOutputStream:75 - [STDERR_REDIRECT] 
2026-03-30 22:48:44,337 [ERROR] LogOutputStream:75 - [STDERR_REDIRECT] [Fatal Error] :1:1: Premature end of file.
2026-03-30 22:48:44,337 [ERROR] LogOutputStream:75 - [STDERR_REDIRECT] 
2026-03-30 22:48:45,329 [ERROR] LogOutputStream:75 - [STDERR_REDIRECT] [Fatal Error] :1:1: Premature end of file.
2026-03-30 22:48:45,329 [ERROR] LogOutputStream:75 - [STDERR_REDIRECT] 
2026-03-30 22:48:46,339 [ERROR] LogOutputStream:75 - [STDERR_REDIRECT] [Fatal Error] :1:1: Premature end of file.
2026-03-30 22:48:46,339 [ERROR] LogOutputStream:75 - [STDERR_REDIRECT] 
2026-03-30 22:48:47,334 [ERROR] LogOutputStream:75 - [STDERR_REDIRECT] [Fatal Error] :1:1: Premature end of file.
2026-03-30 22:48:47,334 [ERROR] LogOutputStream:75 - [STDERR_REDIRECT] 
2026-03-30 22:48:48,340 [ERROR] LogOutputStream:75 - [STDERR_REDIRECT] [Fatal Error] :1:1: Premature end of file.
2026-03-30 22:48:48,340 [ERROR] LogOutputStream:75 - [STDERR_REDIRECT] 
2026-03-30 22:48:49,325 [ERROR] LogOutputStream:75 - [STDERR_REDIRECT] [Fatal Error] :1:1: Premature end of file.
2026-03-30 22:48:49,325 [ERROR] LogOutputStream:75 - [STDERR_REDIRECT] 
2026-03-30 22:48:50,325 [ERROR] LogOutputStream:75 - [STDERR_REDIRECT] [Fatal Error] :1:1: Premature end of file.
2026-03-30 22:48:50,325 [ERROR] LogOutputStream:75 - [STDERR_REDIRECT] 
2026-03-30 22:48:51,324 [ERROR] LogOutputStream:75 - [STDERR_REDIRECT] [Fatal Error] :1:1: Premature end of file.
2026-03-30 22:48:51,324 [ERROR] LogOutputStream:75 - [STDERR_REDIRECT] 
2026-03-30 22:48:52,323 [ERROR] LogOutputStream:75 - [STDERR_REDIRECT] [Fatal Error] :1:1: Premature end of file.
2026-03-30 22:48:52,323 [ERROR] LogOutputStream:75 - [STDERR_REDIRECT] 
2026-03-30 22:48:53,323 [ERROR] LogOutputStream:75 - [STDERR_REDIRECT] [Fatal Error] :1:1: Premature end of file.
2026-03-30 22:48:53,323 [ERROR] LogOutputStream:75 - [STDERR_REDIRECT] 
2026-03-30 22:48:54,327 [ERROR] LogOutputStream:75 - [STDERR_REDIRECT] [Fatal Error] :1:1: Premature end of file.
2026-03-30 22:48:54,327 [ERROR] LogOutputStream:75 - [STDERR_REDIRECT] 
2026-03-30 22:48:55,324 [ERROR] LogOutputStream:75 - [STDERR_REDIRECT] [Fatal Error] :1:1: Premature end of file.
2026-03-30 22:48:55,324 [ERROR] LogOutputStream:75 - [STDERR_REDIRECT] 
2026-03-30 22:48:56,339 [ERROR] LogOutputStream:75 - [STDERR_REDIRECT] [Fatal Error] :1:1: Premature end of file.
2026-03-30 22:48:56,339 [ERROR] LogOutputStream:75 - [STDERR_REDIRECT] 
2026-03-30 22:48:57,334 [ERROR] LogOutputStream:75 - [STDERR_REDIRECT] [Fatal Error] :1:1: Premature end of file.
2026-03-30 22:48:57,334 [ERROR] LogOutputStream:75 - [STDERR_REDIRECT] 
2026-03-30 22:48:58,323 [ERROR] LogOutputStream:75 - [STDERR_REDIRECT] [Fatal Error] :1:1: Premature end of file.
2026-03-30 22:48:58,323 [ERROR] LogOutputStream:75 - [STDERR_REDIRECT] 
2026-03-30 22:48:59,325 [ERROR] LogOutputStream:75 - [STDERR_REDIRECT] [Fatal Error] :1:1: Premature end of file.
2026-03-30 22:48:59,325 [ERROR] LogOutputStream:75 - [STDERR_REDIRECT] 
2026-03-30 22:49:00,326 [ERROR] LogOutputStream:75 - [STDERR_REDIRECT] [Fatal Error] :1:1: Premature end of file.
2026-03-30 22:49:00,326 [ERROR] LogOutputStream:75 - [STDERR_REDIRECT] 
2026-03-30 22:49:01,323 [ERROR] LogOutputStream:75 - [STDERR_REDIRECT] [Fatal Error] :1:1: Premature end of file.
2026-03-30 22:49:01,324 [ERROR] LogOutputStream:75 - [STDERR_REDIRECT] 
2026-03-30 22:49:02,324 [ERROR] LogOutputStream:75 - [STDERR_REDIRECT] [Fatal Error] :1:1: Premature end of file.
2026-03-30 22:49:02,324 [ERROR] LogOutputStream:75 - [STDERR_REDIRECT] 
2026-03-30 22:49:03,340 [ERROR] LogOutputStream:75 - [STDERR_REDIRECT] [Fatal Error] :1:1: Premature end of file.
2026-03-30 22:49:03,340 [ERROR] LogOutputStream:75 - [STDERR_REDIRECT] 
2026-03-30 22:49:04,325 [ERROR] LogOutputStream:75 - [STDERR_REDIRECT] [Fatal Error] :1:1: Premature end of file.
2026-03-30 22:49:04,325 [ERROR] LogOutputStream:75 - [STDERR_REDIRECT] 
2026-03-30 22:49:05,323 [ERROR] LogOutputStream:75 - [STDERR_REDIRECT] [Fatal Error] :1:1: Premature end of file.
2026-03-30 22:49:05,323 [ERROR] LogOutputStream:75 - [STDERR_REDIRECT] 
2026-03-30 22:49:06,331 [ERROR] LogOutputStream:75 - [STDERR_REDIRECT] [Fatal Error] :1:1: Premature end of file.
2026-03-30 22:49:06,331 [ERROR] LogOutputStream:75 - [STDERR_REDIRECT] 
2026-03-30 22:49:07,334 [ERROR] LogOutputStream:75 - [STDERR_REDIRECT] [Fatal Error] :1:1: Premature end of file.
2026-03-30 22:49:07,334 [ERROR] LogOutputStream:75 - [STDERR_REDIRECT] 
2026-03-30 22:49:08,336 [ERROR] LogOutputStream:75 - [STDERR_REDIRECT] [Fatal Error] :1:1: Premature end of file.
2026-03-30 22:49:08,336 [ERROR] LogOutputStream:75 - [STDERR_REDIRECT] 
2026-03-30 22:49:09,321 [ERROR] LogOutputStream:75 - [STDERR_REDIRECT] [Fatal Error] :1:1: Premature end of file.
2026-03-30 22:49:09,321 [ERROR] LogOutputStream:75 - [STDERR_REDIRECT] 
2026-03-30 22:49:10,338 [ERROR] LogOutputStream:75 - [STDERR_REDIRECT] [Fatal Error] :1:1: Premature end of file.
2026-03-30 22:49:10,338 [ERROR] LogOutputStream:75 - [STDERR_REDIRECT] 
2026-03-30 22:49:11,321 [ERROR] LogOutputStream:75 - [STDERR_REDIRECT] [Fatal Error] :1:1: Premature end of file.
2026-03-30 22:49:11,321 [ERROR] LogOutputStream:75 - [STDERR_REDIRECT] 
2026-03-30 22:49:12,321 [ERROR] LogOutputStream:75 - [STDERR_REDIRECT] [Fatal Error] :1:1: Premature end of file.
2026-03-30 22:49:12,321 [ERROR] LogOutputStream:75 - [STDERR_REDIRECT] 
2026-03-30 22:49:13,328 [ERROR] LogOutputStream:75 - [STDERR_REDIRECT] [Fatal Error] :1:1: Premature end of file.
2026-03-30 22:49:13,328 [ERROR] LogOutputStream:75 - [STDERR_REDIRECT] 
2026-03-30 22:49:14,330 [ERROR] LogOutputStream:75 - [STDERR_REDIRECT] [Fatal Error] :1:1: Premature end of file.
2026-03-30 22:49:14,330 [ERROR] LogOutputStream:75 - [STDERR_REDIRECT] 
2026-03-30 22:49:15,331 [ERROR] LogOutputStream:75 - [STDERR_REDIRECT] [Fatal Error] :1:1: Premature end of file.
2026-03-30 22:49:15,331 [ERROR] LogOutputStream:75 - [STDERR_REDIRECT] 
2026-03-30 22:49:16,334 [ERROR] LogOutputStream:75 - [STDERR_REDIRECT] [Fatal Error] :1:1: Premature end of file.
2026-03-30 22:49:16,334 [ERROR] LogOutputStream:75 - [STDERR_REDIRECT] 
2026-03-30 22:49:17,336 [ERROR] LogOutputStream:75 - [STDERR_REDIRECT] [Fatal Error] :1:1: Premature end of file.
2026-03-30 22:49:17,336 [ERROR] LogOutputStream:75 - [STDERR_REDIRECT] 
2026-03-30 22:49:18,339 [ERROR] LogOutputStream:75 - [STDERR_REDIRECT] [Fatal Error] :1:1: Premature end of file.
2026-03-30 22:49:18,339 [ERROR] LogOutputStream:75 - [STDERR_REDIRECT] 
2026-03-30 22:49:19,340 [ERROR] LogOutputStream:75 - [STDERR_REDIRECT] [Fatal Error] :1:1: Premature end of file.
2026-03-30 22:49:19,340 [ERROR] LogOutputStream:75 - [STDERR_REDIRECT] 
2026-03-30 22:49:20,336 [ERROR] LogOutputStream:75 - [STDERR_REDIRECT] [Fatal Error] :1:1: Premature end of file.
2026-03-30 22:49:20,336 [ERROR] LogOutputStream:75 - [STDERR_REDIRECT] 
2026-03-30 22:49:21,323 [ERROR] LogOutputStream:75 - [STDERR_REDIRECT] [Fatal Error] :1:1: Premature end of file.
2026-03-30 22:49:21,323 [ERROR] LogOutputStream:75 - [STDERR_REDIRECT] 
2026-03-30 22:49:22,328 [ERROR] LogOutputStream:75 - [STDERR_REDIRECT] [Fatal Error] :1:1: Premature end of file.
2026-03-30 22:49:22,328 [ERROR] LogOutputStream:75 - [STDERR_REDIRECT] 
2026-03-30 22:49:23,329 [ERROR] LogOutputStream:75 - [STDERR_REDIRECT] [Fatal Error] :1:1: Premature end of file.
2026-03-30 22:49:23,329 [ERROR] LogOutputStream:75 - [STDERR_REDIRECT] 
2026-03-30 22:49:24,332 [ERROR] LogOutputStream:75 - [STDERR_REDIRECT] [Fatal Error] :1:1: Premature end of file.
2026-03-30 22:49:24,332 [ERROR] LogOutputStream:75 - [STDERR_REDIRECT] 
2026-03-30 22:49:25,334 [ERROR] LogOutputStream:75 - [STDERR_REDIRECT] [Fatal Error] :1:1: Premature end of file.
2026-03-30 22:49:25,334 [ERROR] LogOutputStream:75 - [STDERR_REDIRECT] 
2026-03-30 22:49:26,321 [ERROR] LogOutputStream:75 - [STDERR_REDIRECT] [Fatal Error] :1:1: Premature end of file.
2026-03-30 22:49:26,321 [ERROR] LogOutputStream:75 - [STDERR_REDIRECT] 
2026-03-30 22:49:27,323 [ERROR] LogOutputStream:75 - [STDERR_REDIRECT] [Fatal Error] :1:1: Premature end of file.
2026-03-30 22:49:27,323 [ERROR] LogOutputStream:75 - [STDERR_REDIRECT] 
2026-03-30 22:49:28,337 [ERROR] LogOutputStream:75 - [STDERR_REDIRECT] [Fatal Error] :1:1: Premature end of file.
2026-03-30 22:49:28,337 [ERROR] LogOutputStream:75 - [STDERR_REDIRECT] 
2026-03-30 22:49:29,322 [ERROR] LogOutputStream:75 - [STDERR_REDIRECT] [Fatal Error] :1:1: Premature end of file.
2026-03-30 22:49:29,322 [ERROR] LogOutputStream:75 - [STDERR_REDIRECT] 
2026-03-30 22:49:30,326 [ERROR] LogOutputStream:75 - [STDERR_REDIRECT] [Fatal Error] :1:1: Premature end of file.
2026-03-30 22:49:30,326 [ERROR] LogOutputStream:75 - [STDERR_REDIRECT] 
2026-03-30 22:49:31,326 [ERROR] LogOutputStream:75 - [STDERR_REDIRECT] [Fatal Error] :1:1: Premature end of file.
2026-03-30 22:49:31,326 [ERROR] LogOutputStream:75 - [STDERR_REDIRECT] 
2026-03-30 22:49:32,331 [ERROR] LogOutputStream:75 - [STDERR_REDIRECT] [Fatal Error] :1:1: Premature end of file.
2026-03-30 22:49:32,331 [ERROR] LogOutputStream:75 - [STDERR_REDIRECT] 
2026-03-30 22:49:33,332 [ERROR] LogOutputStream:75 - [STDERR_REDIRECT] [Fatal Error] :1:1: Premature end of file.
2026-03-30 22:49:33,332 [ERROR] LogOutputStream:75 - [STDERR_REDIRECT] 
2026-03-30 22:49:34,335 [ERROR] LogOutputStream:75 - [STDERR_REDIRECT] [Fatal Error] :1:1: Premature end of file.
2026-03-30 22:49:34,335 [ERROR] LogOutputStream:75 - [STDERR_REDIRECT] 
2026-03-30 22:49:35,321 [ERROR] LogOutputStream:75 - [STDERR_REDIRECT] [Fatal Error] :1:1: Premature end of file.
2026-03-30 22:49:35,321 [ERROR] LogOutputStream:75 - [STDERR_REDIRECT] 
2026-03-30 22:49:36,324 [ERROR] LogOutputStream:75 - [STDERR_REDIRECT] [Fatal Error] :1:1: Premature end of file.
2026-03-30 22:49:36,324 [ERROR] LogOutputStream:75 - [STDERR_REDIRECT] 
2026-03-30 22:49:37,336 [ERROR] LogOutputStream:75 - [STDERR_REDIRECT] [Fatal Error] :1:1: Premature end of file.
2026-03-30 22:49:37,336 [ERROR] LogOutputStream:75 - [STDERR_REDIRECT] 
2026-03-30 22:49:38,323 [ERROR] LogOutputStream:75 - [STDERR_REDIRECT] [Fatal Error] :1:1: Premature end of file.
2026-03-30 22:49:38,323 [ERROR] LogOutputStream:75 - [STDERR_REDIRECT] 
2026-03-30 22:49:39,325 [ERROR] LogOutputStream:75 - [STDERR_REDIRECT] [Fatal Error] :1:1: Premature end of file.
2026-03-30 22:49:39,325 [ERROR] LogOutputStream:75 - [STDERR_REDIRECT] 
2026-03-30 22:49:40,329 [ERROR] LogOutputStream:75 - [STDERR_REDIRECT] [Fatal Error] :1:1: Premature end of file.
2026-03-30 22:49:40,329 [ERROR] LogOutputStream:75 - [STDERR_REDIRECT] 
2026-03-30 22:49:41,329 [ERROR] LogOutputStream:75 - [STDERR_REDIRECT] [Fatal Error] :1:1: Premature end of file.
2026-03-30 22:49:41,329 [ERROR] LogOutputStream:75 - [STDERR_REDIRECT] 
2026-03-30 22:49:42,334 [ERROR] LogOutputStream:75 - [STDERR_REDIRECT] [Fatal Error] :1:1: Premature end of file.
2026-03-30 22:49:42,334 [ERROR] LogOutputStream:75 - [STDERR_REDIRECT] 
2026-03-30 22:49:43,325 [ERROR] LogOutputStream:75 - [STDERR_REDIRECT] [Fatal Error] :1:1: Premature end of file.
2026-03-30 22:49:43,325 [ERROR] LogOutputStream:75 - [STDERR_REDIRECT] 
2026-03-30 22:49:44,324 [ERROR] LogOutputStream:75 - [STDERR_REDIRECT] [Fatal Error] :1:1: Premature end of file.
2026-03-30 22:49:44,324 [ERROR] LogOutputStream:75 - [STDERR_REDIRECT] 
2026-03-30 22:49:45,331 [ERROR] LogOutputStream:75 - [STDERR_REDIRECT] [Fatal Error] :1:1: Premature end of file.
2026-03-30 22:49:45,331 [ERROR] LogOutputStream:75 - [STDERR_REDIRECT] 
2026-03-30 22:49:46,334 [ERROR] LogOutputStream:75 - [STDERR_REDIRECT] [Fatal Error] :1:1: Premature end of file.
2026-03-30 22:49:46,334 [ERROR] LogOutputStream:75 - [STDERR_REDIRECT] 
2026-03-30 22:49:47,340 [ERROR] LogOutputStream:75 - [STDERR_REDIRECT] [Fatal Error] :1:1: Premature end of file.
2026-03-30 22:49:47,340 [ERROR] LogOutputStream:75 - [STDERR_REDIRECT] 
2026-03-30 22:49:48,321 [ERROR] LogOutputStream:75 - [STDERR_REDIRECT] [Fatal Error] :1:1: Premature end of file.
2026-03-30 22:49:48,321 [ERROR] LogOutputStream:75 - [STDERR_REDIRECT] 
2026-03-30 22:49:49,323 [ERROR] LogOutputStream:75 - [STDERR_REDIRECT] [Fatal Error] :1:1: Premature end of file.
2026-03-30 22:49:49,323 [ERROR] LogOutputStream:75 - [STDERR_REDIRECT] 
2026-03-30 22:49:50,328 [ERROR] LogOutputStream:75 - [STDERR_REDIRECT] [Fatal Error] :1:1: Premature end of file.
2026-03-30 22:49:50,328 [ERROR] LogOutputStream:75 - [STDERR_REDIRECT] 
2026-03-30 22:49:51,329 [ERROR] LogOutputStream:75 - [STDERR_REDIRECT] [Fatal Error] :1:1: Premature end of file.
2026-03-30 22:49:51,329 [ERROR] LogOutputStream:75 - [STDERR_REDIRECT] 
2026-03-30 22:49:52,333 [ERROR] LogOutputStream:75 - [STDERR_REDIRECT] [Fatal Error] :1:1: Premature end of file.
2026-03-30 22:49:52,333 [ERROR] LogOutputStream:75 - [STDERR_REDIRECT] 
2026-03-30 22:49:53,337 [ERROR] LogOutputStream:75 - [STDERR_REDIRECT] [Fatal Error] :1:1: Premature end of file.
2026-03-30 22:49:53,337 [ERROR] LogOutputStream:75 - [STDERR_REDIRECT] 
2026-03-30 22:49:54,327 [ERROR] LogOutputStream:75 - [STDERR_REDIRECT] [Fatal Error] :1:1: Premature end of file.
2026-03-30 22:49:54,327 [ERROR] LogOutputStream:75 - [STDERR_REDIRECT] 
2026-03-30 22:49:55,328 [ERROR] LogOutputStream:75 - [STDERR_REDIRECT] [Fatal Error] :1:1: Premature end of file.
2026-03-30 22:49:55,328 [ERROR] LogOutputStream:75 - [STDERR_REDIRECT] 
2026-03-30 22:49:56,328 [ERROR] LogOutputStream:75 - [STDERR_REDIRECT] [Fatal Error] :1:1: Premature end of file.
2026-03-30 22:49:56,328 [ERROR] LogOutputStream:75 - [STDERR_REDIRECT] 
2026-03-30 22:49:57,328 [ERROR] LogOutputStream:75 - [STDERR_REDIRECT] [Fatal Error] :1:1: Premature end of file.
2026-03-30 22:49:57,328 [ERROR] LogOutputStream:75 - [STDERR_REDIRECT] 
2026-03-30 22:49:58,334 [ERROR] LogOutputStream:75 - [STDERR_REDIRECT] [Fatal Error] :1:1: Premature end of file.
2026-03-30 22:49:58,334 [ERROR] LogOutputStream:75 - [STDERR_REDIRECT] 
2026-03-30 22:49:59,336 [ERROR] LogOutputStream:75 - [STDERR_REDIRECT] [Fatal Error] :1:1: Premature end of file.
2026-03-30 22:49:59,336 [ERROR] LogOutputStream:75 - [STDERR_REDIRECT] 
2026-03-30 22:50:00,323 [ERROR] LogOutputStream:75 - [STDERR_REDIRECT] [Fatal Error] :1:1: Premature end of file.
2026-03-30 22:50:00,323 [ERROR] LogOutputStream:75 - [STDERR_REDIRECT] 
2026-03-30 22:50:01,324 [ERROR] LogOutputStream:75 - [STDERR_REDIRECT] [Fatal Error] :1:1: Premature end of file.
2026-03-30 22:50:01,324 [ERROR] LogOutputStream:75 - [STDERR_REDIRECT] 
2026-03-30 22:50:02,328 [ERROR] LogOutputStream:75 - [STDERR_REDIRECT] [Fatal Error] :1:1: Premature end of file.
2026-03-30 22:50:02,328 [ERROR] LogOutputStream:75 - [STDERR_REDIRECT] 
2026-03-30 22:50:03,333 [ERROR] LogOutputStream:75 - [STDERR_REDIRECT] [Fatal Error] :1:1: Premature end of file.
2026-03-30 22:50:03,333 [ERROR] LogOutputStream:75 - [STDERR_REDIRECT] 
2026-03-30 22:50:04,321 [ERROR] LogOutputStream:75 - [STDERR_REDIRECT] [Fatal Error] :1:1: Premature end of file.
2026-03-30 22:50:04,321 [ERROR] LogOutputStream:75 - [STDERR_REDIRECT] 
2026-03-30 22:50:05,321 [ERROR] LogOutputStream:75 - [STDERR_REDIRECT] [Fatal Error] :1:1: Premature end of file.
2026-03-30 22:50:05,321 [ERROR] LogOutputStream:75 - [STDERR_REDIRECT] 
2026-03-30 22:50:06,326 [ERROR] LogOutputStream:75 - [STDERR_REDIRECT] [Fatal Error] :1:1: Premature end of file.
2026-03-30 22:50:06,326 [ERROR] LogOutputStream:75 - [STDERR_REDIRECT] 
2026-03-30 22:50:07,328 [ERROR] LogOutputStream:75 - [STDERR_REDIRECT] [Fatal Error] :1:1: Premature end of file.
2026-03-30 22:50:07,328 [ERROR] LogOutputStream:75 - [STDERR_REDIRECT] 
2026-03-30 22:50:08,331 [ERROR] LogOutputStream:75 - [STDERR_REDIRECT] [Fatal Error] :1:1: Premature end of file.
2026-03-30 22:50:08,331 [ERROR] LogOutputStream:75 - [STDERR_REDIRECT] 
2026-03-30 22:50:09,335 [ERROR] LogOutputStream:75 - [STDERR_REDIRECT] [Fatal Error] :1:1: Premature end of file.
2026-03-30 22:50:09,335 [ERROR] LogOutputStream:75 - [STDERR_REDIRECT] 
2026-03-30 22:50:10,322 [ERROR] LogOutputStream:75 - [STDERR_REDIRECT] [Fatal Error] :1:1: Premature end of file.
2026-03-30 22:50:10,322 [ERROR] LogOutputStream:75 - [STDERR_REDIRECT] 
2026-03-30 22:50:11,323 [ERROR] LogOutputStream:75 - [STDERR_REDIRECT] [Fatal Error] :1:1: Premature end of file.
2026-03-30 22:50:11,323 [ERROR] LogOutputStream:75 - [STDERR_REDIRECT] 
2026-03-30 22:50:12,330 [ERROR] LogOutputStream:75 - [STDERR_REDIRECT] [Fatal Error] :1:1: Premature end of file.
2026-03-30 22:50:12,330 [ERROR] LogOutputStream:75 - [STDERR_REDIRECT] 
2026-03-30 22:50:13,332 [ERROR] LogOutputStream:75 - [STDERR_REDIRECT] [Fatal Error] :1:1: Premature end of file.
2026-03-30 22:50:13,332 [ERROR] LogOutputStream:75 - [STDERR_REDIRECT] 
2026-03-30 22:50:14,334 [ERROR] LogOutputStream:75 - [STDERR_REDIRECT] [Fatal Error] :1:1: Premature end of file.
2026-03-30 22:50:14,334 [ERROR] LogOutputStream:75 - [STDERR_REDIRECT] 
2026-03-30 22:50:15,321 [ERROR] LogOutputStream:75 - [STDERR_REDIRECT] [Fatal Error] :1:1: Premature end of file.
2026-03-30 22:50:15,321 [ERROR] LogOutputStream:75 - [STDERR_REDIRECT] 
2026-03-30 22:50:16,326 [ERROR] LogOutputStream:75 - [STDERR_REDIRECT] [Fatal Error] :1:1: Premature end of file.
2026-03-30 22:50:16,326 [ERROR] LogOutputStream:75 - [STDERR_REDIRECT] 
2026-03-30 22:50:17,328 [ERROR] LogOutputStream:75 - [STDERR_REDIRECT] [Fatal Error] :1:1: Premature end of file.
2026-03-30 22:50:17,328 [ERROR] LogOutputStream:75 - [STDERR_REDIRECT] 
2026-03-30 22:50:18,332 [ERROR] LogOutputStream:75 - [STDERR_REDIRECT] [Fatal Error] :1:1: Premature end of file.
2026-03-30 22:50:18,332 [ERROR] LogOutputStream:75 - [STDERR_REDIRECT] 
2026-03-30 22:50:19,336 [ERROR] LogOutputStream:75 - [STDERR_REDIRECT] [Fatal Error] :1:1: Premature end of file.
2026-03-30 22:50:19,336 [ERROR] LogOutputStream:75 - [STDERR_REDIRECT] 
2026-03-30 22:50:20,324 [ERROR] LogOutputStream:75 - [STDERR_REDIRECT] [Fatal Error] :1:1: Premature end of file.
2026-03-30 22:50:20,324 [ERROR] LogOutputStream:75 - [STDERR_REDIRECT] 
2026-03-30 22:50:21,327 [ERROR] LogOutputStream:75 - [STDERR_REDIRECT] [Fatal Error] :1:1: Premature end of file.
2026-03-30 22:50:21,327 [ERROR] LogOutputStream:75 - [STDERR_REDIRECT] 
2026-03-30 22:50:22,333 [ERROR] LogOutputStream:75 - [STDERR_REDIRECT] [Fatal Error] :1:1: Premature end of file.
2026-03-30 22:50:22,333 [ERROR] LogOutputStream:75 - [STDERR_REDIRECT] 
2026-03-30 22:50:23,336 [ERROR] LogOutputStream:75 - [STDERR_REDIRECT] [Fatal Error] :1:1: Premature end of file.
2026-03-30 22:50:23,336 [ERROR] LogOutputStream:75 - [STDERR_REDIRECT] 
2026-03-30 22:50:24,322 [ERROR] LogOutputStream:75 - [STDERR_REDIRECT] [Fatal Error] :1:1: Premature end of file.
2026-03-30 22:50:24,322 [ERROR] LogOutputStream:75 - [STDERR_REDIRECT] 
2026-03-30 22:50:25,324 [ERROR] LogOutputStream:75 - [STDERR_REDIRECT] [Fatal Error] :1:1: Premature end of file.
2026-03-30 22:50:25,324 [ERROR] LogOutputStream:75 - [STDERR_REDIRECT] 
2026-03-30 22:50:26,329 [ERROR] LogOutputStream:75 - [STDERR_REDIRECT] [Fatal Error] :1:1: Premature end of file.
2026-03-30 22:50:26,329 [ERROR] LogOutputStream:75 - [STDERR_REDIRECT] 
2026-03-30 22:50:27,334 [ERROR] LogOutputStream:75 - [STDERR_REDIRECT] [Fatal Error] :1:1: Premature end of file.
2026-03-30 22:50:27,334 [ERROR] LogOutputStream:75 - [STDERR_REDIRECT] 
2026-03-30 22:50:28,323 [ERROR] LogOutputStream:75 - [STDERR_REDIRECT] [Fatal Error] :1:1: Premature end of file.
2026-03-30 22:50:28,323 [ERROR] LogOutputStream:75 - [STDERR_REDIRECT] 
2026-03-30 22:50:29,328 [ERROR] LogOutputStream:75 - [STDERR_REDIRECT] [Fatal Error] :1:1: Premature end of file.
2026-03-30 22:50:29,328 [ERROR] LogOutputStream:75 - [STDERR_REDIRECT] 
2026-03-30 22:50:30,324 [ERROR] LogOutputStream:75 - [STDERR_REDIRECT] [Fatal Error] :1:1: Premature end of file.
2026-03-30 22:50:30,324 [ERROR] LogOutputStream:75 - [STDERR_REDIRECT] 
2026-03-30 22:50:31,324 [ERROR] LogOutputStream:75 - [STDERR_REDIRECT] [Fatal Error] :1:1: Premature end of file.
2026-03-30 22:50:31,324 [ERROR] LogOutputStream:75 - [STDERR_REDIRECT] 
2026-03-30 22:50:32,321 [ERROR] LogOutputStream:75 - [STDERR_REDIRECT] [Fatal Error] :1:1: Premature end of file.
2026-03-30 22:50:32,321 [ERROR] LogOutputStream:75 - [STDERR_REDIRECT] 
2026-03-30 22:50:33,323 [ERROR] LogOutputStream:75 - [STDERR_REDIRECT] [Fatal Error] :1:1: Premature end of file.
2026-03-30 22:50:33,323 [ERROR] LogOutputStream:75 - [STDERR_REDIRECT] 
2026-03-30 22:50:34,335 [ERROR] LogOutputStream:75 - [STDERR_REDIRECT] [Fatal Error] :1:1: Premature end of file.
2026-03-30 22:50:34,335 [ERROR] LogOutputStream:75 - [STDERR_REDIRECT] 
2026-03-30 22:50:35,332 [ERROR] LogOutputStream:75 - [STDERR_REDIRECT] [Fatal Error] :1:1: Premature end of file.
2026-03-30 22:50:35,332 [ERROR] LogOutputStream:75 - [STDERR_REDIRECT] 
2026-03-30 22:50:36,336 [ERROR] LogOutputStream:75 - [STDERR_REDIRECT] [Fatal Error] :1:1: Premature end of file.
2026-03-30 22:50:36,336 [ERROR] LogOutputStream:75 - [STDERR_REDIRECT] 
2026-03-30 22:50:37,324 [ERROR] LogOutputStream:75 - [STDERR_REDIRECT] [Fatal Error] :1:1: Premature end of file.
2026-03-30 22:50:37,324 [ERROR] LogOutputStream:75 - [STDERR_REDIRECT] 
2026-03-30 22:50:38,328 [ERROR] LogOutputStream:75 - [STDERR_REDIRECT] [Fatal Error] :1:1: Premature end of file.
2026-03-30 22:50:38,328 [ERROR] LogOutputStream:75 - [STDERR_REDIRECT] 
2026-03-30 22:50:39,339 [ERROR] LogOutputStream:75 - [STDERR_REDIRECT] [Fatal Error] :1:1: Premature end of file.
2026-03-30 22:50:39,339 [ERROR] LogOutputStream:75 - [STDERR_REDIRECT] 
2026-03-30 22:50:40,328 [ERROR] LogOutputStream:75 - [STDERR_REDIRECT] [Fatal Error] :1:1: Premature end of file.
2026-03-30 22:50:40,328 [ERROR] LogOutputStream:75 - [STDERR_REDIRECT] 
2026-03-30 22:50:41,326 [ERROR] LogOutputStream:75 - [STDERR_REDIRECT] [Fatal Error] :1:1: Premature end of file.
2026-03-30 22:50:41,326 [ERROR] LogOutputStream:75 - [STDERR_REDIRECT] 
2026-03-30 22:50:42,326 [ERROR] LogOutputStream:75 - [STDERR_REDIRECT] [Fatal Error] :1:1: Premature end of file.
2026-03-30 22:50:42,326 [ERROR] LogOutputStream:75 - [STDERR_REDIRECT] 
2026-03-30 22:50:43,340 [ERROR] LogOutputStream:75 - [STDERR_REDIRECT] [Fatal Error] :1:1: Premature end of file.
2026-03-30 22:50:43,340 [ERROR] LogOutputStream:75 - [STDERR_REDIRECT] 
2026-03-30 22:50:44,334 [ERROR] LogOutputStream:75 - [STDERR_REDIRECT] [Fatal Error] :1:1: Premature end of file.
2026-03-30 22:50:44,334 [ERROR] LogOutputStream:75 - [STDERR_REDIRECT] 
2026-03-30 22:50:45,331 [ERROR] LogOutputStream:75 - [STDERR_REDIRECT] [Fatal Error] :1:1: Premature end of file.
2026-03-30 22:50:45,331 [ERROR] LogOutputStream:75 - [STDERR_REDIRECT] 
2026-03-30 22:50:46,335 [ERROR] LogOutputStream:75 - [STDERR_REDIRECT] [Fatal Error] :1:1: Premature end of file.
2026-03-30 22:50:46,336 [ERROR] LogOutputStream:75 - [STDERR_REDIRECT] 
2026-03-30 22:50:47,335 [ERROR] LogOutputStream:75 - [STDERR_REDIRECT] [Fatal Error] :1:1: Premature end of file.
2026-03-30 22:50:47,335 [ERROR] LogOutputStream:75 - [STDERR_REDIRECT] 
2026-03-30 22:50:48,334 [ERROR] LogOutputStream:75 - [STDERR_REDIRECT] [Fatal Error] :1:1: Premature end of file.
2026-03-30 22:50:48,334 [ERROR] LogOutputStream:75 - [STDERR_REDIRECT] 
2026-03-30 22:50:49,324 [ERROR] LogOutputStream:75 - [STDERR_REDIRECT] [Fatal Error] :1:1: Premature end of file.
2026-03-30 22:50:49,324 [ERROR] LogOutputStream:75 - [STDERR_REDIRECT] 
2026-03-30 22:50:50,325 [ERROR] LogOutputStream:75 - [STDERR_REDIRECT] [Fatal Error] :1:1: Premature end of file.
2026-03-30 22:50:50,325 [ERROR] LogOutputStream:75 - [STDERR_REDIRECT] 
2026-03-30 22:50:51,326 [ERROR] LogOutputStream:75 - [STDERR_REDIRECT] [Fatal Error] :1:1: Premature end of file.
2026-03-30 22:50:51,326 [ERROR] LogOutputStream:75 - [STDERR_REDIRECT] 
2026-03-30 22:50:52,336 [ERROR] LogOutputStream:75 - [STDERR_REDIRECT] [Fatal Error] :1:1: Premature end of file.
2026-03-30 22:50:52,336 [ERROR] LogOutputStream:75 - [STDERR_REDIRECT] 
2026-03-30 22:50:53,324 [ERROR] LogOutputStream:75 - [STDERR_REDIRECT] [Fatal Error] :1:1: Premature end of file.
2026-03-30 22:50:53,324 [ERROR] LogOutputStream:75 - [STDERR_REDIRECT] 
2026-03-30 22:50:54,340 [ERROR] LogOutputStream:75 - [STDERR_REDIRECT] [Fatal Error] :1:1: Premature end of file.
2026-03-30 22:50:54,340 [ERROR] LogOutputStream:75 - [STDERR_REDIRECT] 
2026-03-30 22:50:55,324 [ERROR] LogOutputStream:75 - [STDERR_REDIRECT] [Fatal Error] :1:1: Premature end of file.
2026-03-30 22:50:55,324 [ERROR] LogOutputStream:75 - [STDERR_REDIRECT] 
2026-03-30 22:50:56,322 [ERROR] LogOutputStream:75 - [STDERR_REDIRECT] [Fatal Error] :1:1: Premature end of file.
2026-03-30 22:50:56,322 [ERROR] LogOutputStream:75 - [STDERR_REDIRECT] 
2026-03-30 22:50:57,336 [ERROR] LogOutputStream:75 - [STDERR_REDIRECT] [Fatal Error] :1:1: Premature end of file.
2026-03-30 22:50:57,336 [ERROR] LogOutputStream:75 - [STDERR_REDIRECT] 
2026-03-30 22:50:58,327 [ERROR] LogOutputStream:75 - [STDERR_REDIRECT] [Fatal Error] :1:1: Premature end of file.
2026-03-30 22:50:58,327 [ERROR] LogOutputStream:75 - [STDERR_REDIRECT] 
2026-03-30 22:50:59,325 [ERROR] LogOutputStream:75 - [STDERR_REDIRECT] [Fatal Error] :1:1: Premature end of file.
2026-03-30 22:50:59,325 [ERROR] LogOutputStream:75 - [STDERR_REDIRECT] 
2026-03-30 22:51:00,322 [ERROR] LogOutputStream:75 - [STDERR_REDIRECT] [Fatal Error] :1:1: Premature end of file.
2026-03-30 22:51:00,322 [ERROR] LogOutputStream:75 - [STDERR_REDIRECT] 
2026-03-30 22:51:01,321 [ERROR] LogOutputStream:75 - [STDERR_REDIRECT] [Fatal Error] :1:1: Premature end of file.
2026-03-30 22:51:01,321 [ERROR] LogOutputStream:75 - [STDERR_REDIRECT] 
2026-03-30 22:51:02,328 [ERROR] LogOutputStream:75 - [STDERR_REDIRECT] [Fatal Error] :1:1: Premature end of file.
2026-03-30 22:51:02,328 [ERROR] LogOutputStream:75 - [STDERR_REDIRECT] 
2026-03-30 22:51:03,322 [ERROR] LogOutputStream:75 - [STDERR_REDIRECT] [Fatal Error] :1:1: Premature end of file.
2026-03-30 22:51:03,322 [ERROR] LogOutputStream:75 - [STDERR_REDIRECT] 
2026-03-30 22:51:04,324 [ERROR] LogOutputStream:75 - [STDERR_REDIRECT] [Fatal Error] :1:1: Premature end of file.
2026-03-30 22:51:04,324 [ERROR] LogOutputStream:75 - [STDERR_REDIRECT] 
2026-03-30 22:51:05,335 [ERROR] LogOutputStream:75 - [STDERR_REDIRECT] [Fatal Error] :1:1: Premature end of file.
2026-03-30 22:51:05,335 [ERROR] LogOutputStream:75 - [STDERR_REDIRECT] 
2026-03-30 22:51:06,326 [ERROR] LogOutputStream:75 - [STDERR_REDIRECT] [Fatal Error] :1:1: Premature end of file.
2026-03-30 22:51:06,326 [ERROR] LogOutputStream:75 - [STDERR_REDIRECT] 
2026-03-30 22:51:07,325 [ERROR] LogOutputStream:75 - [STDERR_REDIRECT] [Fatal Error] :1:1: Premature end of file.
2026-03-30 22:51:07,326 [ERROR] LogOutputStream:75 - [STDERR_REDIRECT] 
2026-03-30 22:51:08,327 [ERROR] LogOutputStream:75 - [STDERR_REDIRECT] [Fatal Error] :1:1: Premature end of file.
2026-03-30 22:51:08,327 [ERROR] LogOutputStream:75 - [STDERR_REDIRECT] 
2026-03-30 22:51:09,334 [ERROR] LogOutputStream:75 - [STDERR_REDIRECT] [Fatal Error] :1:1: Premature end of file.
2026-03-30 22:51:09,334 [ERROR] LogOutputStream:75 - [STDERR_REDIRECT] 
2026-03-30 22:51:10,334 [ERROR] LogOutputStream:75 - [STDERR_REDIRECT] [Fatal Error] :1:1: Premature end of file.
2026-03-30 22:51:10,334 [ERROR] LogOutputStream:75 - [STDERR_REDIRECT] 
2026-03-30 22:51:11,336 [ERROR] LogOutputStream:75 - [STDERR_REDIRECT] [Fatal Error] :1:1: Premature end of file.
2026-03-30 22:51:11,336 [ERROR] LogOutputStream:75 - [STDERR_REDIRECT] 
2026-03-30 22:51:12,324 [ERROR] LogOutputStream:75 - [STDERR_REDIRECT] [Fatal Error] :1:1: Premature end of file.
2026-03-30 22:51:12,324 [ERROR] LogOutputStream:75 - [STDERR_REDIRECT] 
2026-03-30 22:51:13,325 [ERROR] LogOutputStream:75 - [STDERR_REDIRECT] [Fatal Error] :1:1: Premature end of file.
2026-03-30 22:51:13,325 [ERROR] LogOutputStream:75 - [STDERR_REDIRECT] 
2026-03-30 22:51:14,327 [ERROR] LogOutputStream:75 - [STDERR_REDIRECT] [Fatal Error] :1:1: Premature end of file.
2026-03-30 22:51:14,327 [ERROR] LogOutputStream:75 - [STDERR_REDIRECT] 
2026-03-30 22:51:15,326 [ERROR] LogOutputStream:75 - [STDERR_REDIRECT] [Fatal Error] :1:1: Premature end of file.
2026-03-30 22:51:15,326 [ERROR] LogOutputStream:75 - [STDERR_REDIRECT] 
2026-03-30 22:51:16,329 [ERROR] LogOutputStream:75 - [STDERR_REDIRECT] [Fatal Error] :1:1: Premature end of file.
2026-03-30 22:51:16,329 [ERROR] LogOutputStream:75 - [STDERR_REDIRECT] 
2026-03-30 22:51:17,336 [ERROR] LogOutputStream:75 - [STDERR_REDIRECT] [Fatal Error] :1:1: Premature end of file.
2026-03-30 22:51:17,336 [ERROR] LogOutputStream:75 - [STDERR_REDIRECT] 
2026-03-30 22:51:18,324 [ERROR] LogOutputStream:75 - [STDERR_REDIRECT] [Fatal Error] :1:1: Premature end of file.
2026-03-30 22:51:18,324 [ERROR] LogOutputStream:75 - [STDERR_REDIRECT] 
2026-03-30 22:51:19,322 [ERROR] LogOutputStream:75 - [STDERR_REDIRECT] [Fatal Error] :1:1: Premature end of file.
2026-03-30 22:51:19,322 [ERROR] LogOutputStream:75 - [STDERR_REDIRECT] 
2026-03-30 22:51:20,328 [ERROR] LogOutputStream:75 - [STDERR_REDIRECT] [Fatal Error] :1:1: Premature end of file.
2026-03-30 22:51:20,328 [ERROR] LogOutputStream:75 - [STDERR_REDIRECT] 
2026-03-30 22:51:21,332 [ERROR] LogOutputStream:75 - [STDERR_REDIRECT] [Fatal Error] :1:1: Premature end of file.
2026-03-30 22:51:21,332 [ERROR] LogOutputStream:75 - [STDERR_REDIRECT] 
2026-03-30 22:51:22,332 [ERROR] LogOutputStream:75 - [STDERR_REDIRECT] [Fatal Error] :1:1: Premature end of file.
2026-03-30 22:51:22,332 [ERROR] LogOutputStream:75 - [STDERR_REDIRECT] 
2026-03-30 22:51:23,327 [ERROR] LogOutputStream:75 - [STDERR_REDIRECT] [Fatal Error] :1:1: Premature end of file.
2026-03-30 22:51:23,327 [ERROR] LogOutputStream:75 - [STDERR_REDIRECT] 
2026-03-30 22:51:24,311 [ERROR] LogOutputStream:75 - [STDERR_REDIRECT] [Fatal Error] :1:1: Premature end of file.
2026-03-30 22:51:24,311 [ERROR] LogOutputStream:75 - [STDERR_REDIRECT] 
2026-03-30 22:51:25,327 [ERROR] LogOutputStream:75 - [STDERR_REDIRECT] [Fatal Error] :1:1: Premature end of file.
2026-03-30 22:51:25,327 [ERROR] LogOutputStream:75 - [STDERR_REDIRECT] 
2026-03-30 22:51:26,323 [ERROR] LogOutputStream:75 - [STDERR_REDIRECT] [Fatal Error] :1:1: Premature end of file.
2026-03-30 22:51:26,323 [ERROR] LogOutputStream:75 - [STDERR_REDIRECT] 
2026-03-30 22:51:27,327 [ERROR] LogOutputStream:75 - [STDERR_REDIRECT] [Fatal Error] :1:1: Premature end of file.
2026-03-30 22:51:27,327 [ERROR] LogOutputStream:75 - [STDERR_REDIRECT] 
2026-03-30 22:51:28,332 [ERROR] LogOutputStream:75 - [STDERR_REDIRECT] [Fatal Error] :1:1: Premature end of file.
2026-03-30 22:51:28,332 [ERROR] LogOutputStream:75 - [STDERR_REDIRECT] 
2026-03-30 22:51:29,334 [ERROR] LogOutputStream:75 - [STDERR_REDIRECT] [Fatal Error] :1:1: Premature end of file.
2026-03-30 22:51:29,334 [ERROR] LogOutputStream:75 - [STDERR_REDIRECT] 
2026-03-30 22:51:30,335 [ERROR] LogOutputStream:75 - [STDERR_REDIRECT] [Fatal Error] :1:1: Premature end of file.
2026-03-30 22:51:30,335 [ERROR] LogOutputStream:75 - [STDERR_REDIRECT] 
2026-03-30 22:51:31,321 [ERROR] LogOutputStream:75 - [STDERR_REDIRECT] [Fatal Error] :1:1: Premature end of file.
2026-03-30 22:51:31,321 [ERROR] LogOutputStream:75 - [STDERR_REDIRECT] 
2026-03-30 22:51:32,323 [ERROR] LogOutputStream:75 - [STDERR_REDIRECT] [Fatal Error] :1:1: Premature end of file.
2026-03-30 22:51:32,323 [ERROR] LogOutputStream:75 - [STDERR_REDIRECT] 
2026-03-30 22:51:33,312 [ERROR] LogOutputStream:75 - [STDERR_REDIRECT] [Fatal Error] :1:1: Premature end of file.
2026-03-30 22:51:33,312 [ERROR] LogOutputStream:75 - [STDERR_REDIRECT] 
2026-03-30 22:51:34,328 [ERROR] LogOutputStream:75 - [STDERR_REDIRECT] [Fatal Error] :1:1: Premature end of file.
2026-03-30 22:51:34,328 [ERROR] LogOutputStream:75 - [STDERR_REDIRECT] 
2026-03-30 22:51:35,326 [ERROR] LogOutputStream:75 - [STDERR_REDIRECT] [Fatal Error] :1:1: Premature end of file.
2026-03-30 22:51:35,326 [ERROR] LogOutputStream:75 - [STDERR_REDIRECT] 
2026-03-30 22:51:36,327 [ERROR] LogOutputStream:75 - [STDERR_REDIRECT] [Fatal Error] :1:1: Premature end of file.
2026-03-30 22:51:36,327 [ERROR] LogOutputStream:75 - [STDERR_REDIRECT] 
2026-03-30 22:51:37,327 [ERROR] LogOutputStream:75 - [STDERR_REDIRECT] [Fatal Error] :1:1: Premature end of file.
2026-03-30 22:51:37,327 [ERROR] LogOutputStream:75 - [STDERR_REDIRECT] 
2026-03-30 22:51:38,337 [ERROR] LogOutputStream:75 - [STDERR_REDIRECT] [Fatal Error] :1:1: Premature end of file.
2026-03-30 22:51:38,337 [ERROR] LogOutputStream:75 - [STDERR_REDIRECT] 
2026-03-30 22:51:39,336 [ERROR] LogOutputStream:75 - [STDERR_REDIRECT] [Fatal Error] :1:1: Premature end of file.
2026-03-30 22:51:39,336 [ERROR] LogOutputStream:75 - [STDERR_REDIRECT] 
2026-03-30 22:51:40,311 [ERROR] LogOutputStream:75 - [STDERR_REDIRECT] [Fatal Error] :1:1: Premature end of file.
2026-03-30 22:51:40,311 [ERROR] LogOutputStream:75 - [STDERR_REDIRECT] 
2026-03-30 22:51:41,323 [ERROR] LogOutputStream:75 - [STDERR_REDIRECT] [Fatal Error] :1:1: Premature end of file.
2026-03-30 22:51:41,323 [ERROR] LogOutputStream:75 - [STDERR_REDIRECT] 
2026-03-30 22:51:42,332 [ERROR] LogOutputStream:75 - [STDERR_REDIRECT] [Fatal Error] :1:1: Premature end of file.
2026-03-30 22:51:42,332 [ERROR] LogOutputStream:75 - [STDERR_REDIRECT] 
2026-03-30 22:51:43,326 [ERROR] LogOutputStream:75 - [STDERR_REDIRECT] [Fatal Error] :1:1: Premature end of file.
2026-03-30 22:51:43,326 [ERROR] LogOutputStream:75 - [STDERR_REDIRECT] 
2026-03-30 22:51:44,319 [ERROR] LogOutputStream:75 - [STDERR_REDIRECT] [Fatal Error] :1:1: Premature end of file.
2026-03-30 22:51:44,319 [ERROR] LogOutputStream:75 - [STDERR_REDIRECT] 
2026-03-30 22:51:45,323 [ERROR] LogOutputStream:75 - [STDERR_REDIRECT] [Fatal Error] :1:1: Premature end of file.
2026-03-30 22:51:45,323 [ERROR] LogOutputStream:75 - [STDERR_REDIRECT] 
2026-03-30 22:51:46,326 [ERROR] LogOutputStream:75 - [STDERR_REDIRECT] [Fatal Error] :1:1: Premature end of file.
2026-03-30 22:51:46,327 [ERROR] LogOutputStream:75 - [STDERR_REDIRECT] 
2026-03-30 22:51:47,331 [ERROR] LogOutputStream:75 - [STDERR_REDIRECT] [Fatal Error] :1:1: Premature end of file.
2026-03-30 22:51:47,331 [ERROR] LogOutputStream:75 - [STDERR_REDIRECT] 
2026-03-30 22:51:48,337 [ERROR] LogOutputStream:75 - [STDERR_REDIRECT] [Fatal Error] :1:1: Premature end of file.
2026-03-30 22:51:48,337 [ERROR] LogOutputStream:75 - [STDERR_REDIRECT] 
2026-03-30 22:51:49,323 [ERROR] LogOutputStream:75 - [STDERR_REDIRECT] [Fatal Error] :1:1: Premature end of file.
2026-03-30 22:51:49,323 [ERROR] LogOutputStream:75 - [STDERR_REDIRECT] 
2026-03-30 22:51:50,325 [ERROR] LogOutputStream:75 - [STDERR_REDIRECT] [Fatal Error] :1:1: Premature end of file.
2026-03-30 22:51:50,325 [ERROR] LogOutputStream:75 - [STDERR_REDIRECT] 
2026-03-30 22:51:51,339 [ERROR] LogOutputStream:75 - [STDERR_REDIRECT] [Fatal Error] :1:1: Premature end of file.
2026-03-30 22:51:51,339 [ERROR] LogOutputStream:75 - [STDERR_REDIRECT] 
2026-03-30 22:51:52,330 [ERROR] LogOutputStream:75 - [STDERR_REDIRECT] [Fatal Error] :1:1: Premature end of file.
2026-03-30 22:51:52,330 [ERROR] LogOutputStream:75 - [STDERR_REDIRECT] 
2026-03-30 22:51:53,326 [ERROR] LogOutputStream:75 - [STDERR_REDIRECT] [Fatal Error] :1:1: Premature end of file.
2026-03-30 22:51:53,326 [ERROR] LogOutputStream:75 - [STDERR_REDIRECT] 
2026-03-30 22:51:54,330 [ERROR] LogOutputStream:75 - [STDERR_REDIRECT] [Fatal Error] :1:1: Premature end of file.
2026-03-30 22:51:54,330 [ERROR] LogOutputStream:75 - [STDERR_REDIRECT] 
2026-03-30 22:51:55,328 [ERROR] LogOutputStream:75 - [STDERR_REDIRECT] [Fatal Error] :1:1: Premature end of file.
2026-03-30 22:51:55,328 [ERROR] LogOutputStream:75 - [STDERR_REDIRECT] 
2026-03-30 22:51:56,323 [ERROR] LogOutputStream:75 - [STDERR_REDIRECT] [Fatal Error] :1:1: Premature end of file.
2026-03-30 22:51:56,323 [ERROR] LogOutputStream:75 - [STDERR_REDIRECT] 
2026-03-30 22:51:57,328 [ERROR] LogOutputStream:75 - [STDERR_REDIRECT] [Fatal Error] :1:1: Premature end of file.
2026-03-30 22:51:57,328 [ERROR] LogOutputStream:75 - [STDERR_REDIRECT] 
2026-03-30 22:51:58,323 [ERROR] LogOutputStream:75 - [STDERR_REDIRECT] [Fatal Error] :1:1: Premature end of file.
2026-03-30 22:51:58,323 [ERROR] LogOutputStream:75 - [STDERR_REDIRECT] 
2026-03-30 22:51:59,330 [ERROR] LogOutputStream:75 - [STDERR_REDIRECT] [Fatal Error] :1:1: Premature end of file.
2026-03-30 22:51:59,330 [ERROR] LogOutputStream:75 - [STDERR_REDIRECT] 
2026-03-30 22:52:00,324 [ERROR] LogOutputStream:75 - [STDERR_REDIRECT] [Fatal Error] :1:1: Premature end of file.
2026-03-30 22:52:00,324 [ERROR] LogOutputStream:75 - [STDERR_REDIRECT] 
2026-03-30 22:52:01,327 [ERROR] LogOutputStream:75 - [STDERR_REDIRECT] [Fatal Error] :1:1: Premature end of file.
2026-03-30 22:52:01,327 [ERROR] LogOutputStream:75 - [STDERR_REDIRECT] 
2026-03-30 22:52:02,323 [ERROR] LogOutputStream:75 - [STDERR_REDIRECT] [Fatal Error] :1:1: Premature end of file.
2026-03-30 22:52:02,323 [ERROR] LogOutputStream:75 - [STDERR_REDIRECT] 
2026-03-30 22:52:03,323 [ERROR] LogOutputStream:75 - [STDERR_REDIRECT] [Fatal Error] :1:1: Premature end of file.
2026-03-30 22:52:03,323 [ERROR] LogOutputStream:75 - [STDERR_REDIRECT] 
2026-03-30 22:52:04,329 [ERROR] LogOutputStream:75 - [STDERR_REDIRECT] [Fatal Error] :1:1: Premature end of file.
2026-03-30 22:52:04,329 [ERROR] LogOutputStream:75 - [STDERR_REDIRECT] 
2026-03-30 22:52:05,326 [ERROR] LogOutputStream:75 - [STDERR_REDIRECT] [Fatal Error] :1:1: Premature end of file.
2026-03-30 22:52:05,326 [ERROR] LogOutputStream:75 - [STDERR_REDIRECT] 
2026-03-30 22:52:06,311 [ERROR] LogOutputStream:75 - [STDERR_REDIRECT] [Fatal Error] :1:1: Premature end of file.
2026-03-30 22:52:06,311 [ERROR] LogOutputStream:75 - [STDERR_REDIRECT] 
2026-03-30 22:52:07,326 [ERROR] LogOutputStream:75 - [STDERR_REDIRECT] [Fatal Error] :1:1: Premature end of file.
2026-03-30 22:52:07,326 [ERROR] LogOutputStream:75 - [STDERR_REDIRECT] 
2026-03-30 22:52:08,328 [ERROR] LogOutputStream:75 - [STDERR_REDIRECT] [Fatal Error] :1:1: Premature end of file.
2026-03-30 22:52:08,328 [ERROR] LogOutputStream:75 - [STDERR_REDIRECT] 
2026-03-30 22:52:09,312 [ERROR] LogOutputStream:75 - [STDERR_REDIRECT] [Fatal Error] :1:1: Premature end of file.
2026-03-30 22:52:09,312 [ERROR] LogOutputStream:75 - [STDERR_REDIRECT] 
2026-03-30 22:52:10,326 [ERROR] LogOutputStream:75 - [STDERR_REDIRECT] [Fatal Error] :1:1: Premature end of file.
2026-03-30 22:52:10,326 [ERROR] LogOutputStream:75 - [STDERR_REDIRECT] 
2026-03-30 22:52:11,325 [ERROR] LogOutputStream:75 - [STDERR_REDIRECT] [Fatal Error] :1:1: Premature end of file.
2026-03-30 22:52:11,325 [ERROR] LogOutputStream:75 - [STDERR_REDIRECT] 
2026-03-30 22:52:12,329 [ERROR] LogOutputStream:75 - [STDERR_REDIRECT] [Fatal Error] :1:1: Premature end of file.
2026-03-30 22:52:12,329 [ERROR] LogOutputStream:75 - [STDERR_REDIRECT] 
2026-03-30 22:52:13,329 [ERROR] LogOutputStream:75 - [STDERR_REDIRECT] [Fatal Error] :1:1: Premature end of file.
2026-03-30 22:52:13,329 [ERROR] LogOutputStream:75 - [STDERR_REDIRECT] 
2026-03-30 22:52:14,325 [ERROR] LogOutputStream:75 - [STDERR_REDIRECT] [Fatal Error] :1:1: Premature end of file.
2026-03-30 22:52:14,325 [ERROR] LogOutputStream:75 - [STDERR_REDIRECT] 
2026-03-30 22:52:15,324 [ERROR] LogOutputStream:75 - [STDERR_REDIRECT] [Fatal Error] :1:1: Premature end of file.
2026-03-30 22:52:15,324 [ERROR] LogOutputStream:75 - [STDERR_REDIRECT] 
2026-03-30 22:52:16,327 [ERROR] LogOutputStream:75 - [STDERR_REDIRECT] [Fatal Error] :1:1: Premature end of file.
2026-03-30 22:52:16,327 [ERROR] LogOutputStream:75 - [STDERR_REDIRECT] 
2026-03-30 22:52:17,328 [ERROR] LogOutputStream:75 - [STDERR_REDIRECT] [Fatal Error] :1:1: Premature end of file.
2026-03-30 22:52:17,328 [ERROR] LogOutputStream:75 - [STDERR_REDIRECT] 
2026-03-30 22:52:18,328 [ERROR] LogOutputStream:75 - [STDERR_REDIRECT] [Fatal Error] :1:1: Premature end of file.
2026-03-30 22:52:18,328 [ERROR] LogOutputStream:75 - [STDERR_REDIRECT] 
2026-03-30 22:52:19,328 [ERROR] LogOutputStream:75 - [STDERR_REDIRECT] [Fatal Error] :1:1: Premature end of file.
2026-03-30 22:52:19,328 [ERROR] LogOutputStream:75 - [STDERR_REDIRECT] 
2026-03-30 22:52:20,328 [ERROR] LogOutputStream:75 - [STDERR_REDIRECT] [Fatal Error] :1:1: Premature end of file.
2026-03-30 22:52:20,328 [ERROR] LogOutputStream:75 - [STDERR_REDIRECT] 
2026-03-30 22:52:21,312 [ERROR] LogOutputStream:75 - [STDERR_REDIRECT] [Fatal Error] :1:1: Premature end of file.
2026-03-30 22:52:21,312 [ERROR] LogOutputStream:75 - [STDERR_REDIRECT] 
2026-03-30 22:52:22,332 [ERROR] LogOutputStream:75 - [STDERR_REDIRECT] [Fatal Error] :1:1: Premature end of file.
2026-03-30 22:52:22,332 [ERROR] LogOutputStream:75 - [STDERR_REDIRECT] 
2026-03-30 22:52:23,330 [ERROR] LogOutputStream:75 - [STDERR_REDIRECT] [Fatal Error] :1:1: Premature end of file.
2026-03-30 22:52:23,330 [ERROR] LogOutputStream:75 - [STDERR_REDIRECT] 
2026-03-30 22:52:24,327 [ERROR] LogOutputStream:75 - [STDERR_REDIRECT] [Fatal Error] :1:1: Premature end of file.
2026-03-30 22:52:24,327 [ERROR] LogOutputStream:75 - [STDERR_REDIRECT] 
2026-03-30 22:52:25,324 [ERROR] LogOutputStream:75 - [STDERR_REDIRECT] [Fatal Error] :1:1: Premature end of file.
2026-03-30 22:52:25,324 [ERROR] LogOutputStream:75 - [STDERR_REDIRECT] 
2026-03-30 22:52:26,329 [ERROR] LogOutputStream:75 - [STDERR_REDIRECT] [Fatal Error] :1:1: Premature end of file.
2026-03-30 22:52:26,329 [ERROR] LogOutputStream:75 - [STDERR_REDIRECT] 
2026-03-30 22:52:27,334 [ERROR] LogOutputStream:75 - [STDERR_REDIRECT] [Fatal Error] :1:1: Premature end of file.
2026-03-30 22:52:27,334 [ERROR] LogOutputStream:75 - [STDERR_REDIRECT] 
2026-03-30 22:52:28,336 [ERROR] LogOutputStream:75 - [STDERR_REDIRECT] [Fatal Error] :1:1: Premature end of file.
2026-03-30 22:52:28,336 [ERROR] LogOutputStream:75 - [STDERR_REDIRECT] 
2026-03-30 22:52:29,324 [ERROR] LogOutputStream:75 - [STDERR_REDIRECT] [Fatal Error] :1:1: Premature end of file.
2026-03-30 22:52:29,324 [ERROR] LogOutputStream:75 - [STDERR_REDIRECT] 
2026-03-30 22:52:30,314 [ERROR] LogOutputStream:75 - [STDERR_REDIRECT] [Fatal Error] :1:1: Premature end of file.
2026-03-30 22:52:30,328 [ERROR] LogOutputStream:75 - [STDERR_REDIRECT] 
2026-03-30 22:52:31,311 [ERROR] LogOutputStream:75 - [STDERR_REDIRECT] [Fatal Error] :1:1: Premature end of file.
2026-03-30 22:52:31,311 [ERROR] LogOutputStream:75 - [STDERR_REDIRECT] 
2026-03-30 22:52:32,327 [ERROR] LogOutputStream:75 - [STDERR_REDIRECT] [Fatal Error] :1:1: Premature end of file.
2026-03-30 22:52:32,327 [ERROR] LogOutputStream:75 - [STDERR_REDIRECT] 
2026-03-30 22:52:33,326 [ERROR] LogOutputStream:75 - [STDERR_REDIRECT] [Fatal Error] :1:1: Premature end of file.
2026-03-30 22:52:33,326 [ERROR] LogOutputStream:75 - [STDERR_REDIRECT] 
2026-03-30 22:52:34,322 [ERROR] LogOutputStream:75 - [STDERR_REDIRECT] [Fatal Error] :1:1: Premature end of file.
2026-03-30 22:52:34,322 [ERROR] LogOutputStream:75 - [STDERR_REDIRECT] 
2026-03-30 22:52:35,323 [ERROR] LogOutputStream:75 - [STDERR_REDIRECT] [Fatal Error] :1:1: Premature end of file.
2026-03-30 22:52:35,323 [ERROR] LogOutputStream:75 - [STDERR_REDIRECT] 
2026-03-30 22:52:36,324 [ERROR] LogOutputStream:75 - [STDERR_REDIRECT] [Fatal Error] :1:1: Premature end of file.
2026-03-30 22:52:36,324 [ERROR] LogOutputStream:75 - [STDERR_REDIRECT] 
2026-03-30 22:52:37,327 [ERROR] LogOutputStream:75 - [STDERR_REDIRECT] [Fatal Error] :1:1: Premature end of file.
2026-03-30 22:52:37,327 [ERROR] LogOutputStream:75 - [STDERR_REDIRECT] 
2026-03-30 22:52:38,326 [ERROR] LogOutputStream:75 - [STDERR_REDIRECT] [Fatal Error] :1:1: Premature end of file.
2026-03-30 22:52:38,326 [ERROR] LogOutputStream:75 - [STDERR_REDIRECT] 
2026-03-30 22:52:39,325 [ERROR] LogOutputStream:75 - [STDERR_REDIRECT] [Fatal Error] :1:1: Premature end of file.
2026-03-30 22:52:39,325 [ERROR] LogOutputStream:75 - [STDERR_REDIRECT] 
2026-03-30 22:52:40,334 [ERROR] LogOutputStream:75 - [STDERR_REDIRECT] [Fatal Error] :1:1: Premature end of file.
2026-03-30 22:52:40,335 [ERROR] LogOutputStream:75 - [STDERR_REDIRECT] 
2026-03-30 22:52:41,321 [ERROR] LogOutputStream:75 - [STDERR_REDIRECT] [Fatal Error] :1:1: Premature end of file.
2026-03-30 22:52:41,321 [ERROR] LogOutputStream:75 - [STDERR_REDIRECT] 
2026-03-30 22:52:42,323 [ERROR] LogOutputStream:75 - [STDERR_REDIRECT] [Fatal Error] :1:1: Premature end of file.
2026-03-30 22:52:42,323 [ERROR] LogOutputStream:75 - [STDERR_REDIRECT] 
2026-03-30 22:52:43,327 [ERROR] LogOutputStream:75 - [STDERR_REDIRECT] [Fatal Error] :1:1: Premature end of file.
2026-03-30 22:52:43,327 [ERROR] LogOutputStream:75 - [STDERR_REDIRECT] 
2026-03-30 22:52:44,337 [ERROR] LogOutputStream:75 - [STDERR_REDIRECT] [Fatal Error] :1:1: Premature end of file.
2026-03-30 22:52:44,337 [ERROR] LogOutputStream:75 - [STDERR_REDIRECT] 
2026-03-30 22:52:45,334 [ERROR] LogOutputStream:75 - [STDERR_REDIRECT] [Fatal Error] :1:1: Premature end of file.
2026-03-30 22:52:45,334 [ERROR] LogOutputStream:75 - [STDERR_REDIRECT] 
2026-03-30 22:52:46,321 [ERROR] LogOutputStream:75 - [STDERR_REDIRECT] [Fatal Error] :1:1: Premature end of file.
2026-03-30 22:52:46,321 [ERROR] LogOutputStream:75 - [STDERR_REDIRECT] 
2026-03-30 22:52:47,327 [ERROR] LogOutputStream:75 - [STDERR_REDIRECT] [Fatal Error] :1:1: Premature end of file.
2026-03-30 22:52:47,327 [ERROR] LogOutputStream:75 - [STDERR_REDIRECT] 
2026-03-30 22:52:48,329 [ERROR] LogOutputStream:75 - [STDERR_REDIRECT] [Fatal Error] :1:1: Premature end of file.
2026-03-30 22:52:48,329 [ERROR] LogOutputStream:75 - [STDERR_REDIRECT] 
2026-03-30 22:52:49,312 [ERROR] LogOutputStream:75 - [STDERR_REDIRECT] [Fatal Error] :1:1: Premature end of file.
2026-03-30 22:52:49,312 [ERROR] LogOutputStream:75 - [STDERR_REDIRECT] 
2026-03-30 22:52:50,329 [ERROR] LogOutputStream:75 - [STDERR_REDIRECT] [Fatal Error] :1:1: Premature end of file.
2026-03-30 22:52:50,329 [ERROR] LogOutputStream:75 - [STDERR_REDIRECT] 
2026-03-30 22:52:51,328 [ERROR] LogOutputStream:75 - [STDERR_REDIRECT] [Fatal Error] :1:1: Premature end of file.
2026-03-30 22:52:51,328 [ERROR] LogOutputStream:75 - [STDERR_REDIRECT] 
2026-03-30 22:52:52,345 [ERROR] LogOutputStream:75 - [STDERR_REDIRECT] [Fatal Error] :1:1: Premature end of file.
2026-03-30 22:52:52,345 [ERROR] LogOutputStream:75 - [STDERR_REDIRECT] 
2026-03-30 22:52:53,325 [ERROR] LogOutputStream:75 - [STDERR_REDIRECT] [Fatal Error] :1:1: Premature end of file.
2026-03-30 22:52:53,325 [ERROR] LogOutputStream:75 - [STDERR_REDIRECT] 
2026-03-30 22:52:54,329 [ERROR] LogOutputStream:75 - [STDERR_REDIRECT] [Fatal Error] :1:1: Premature end of file.
2026-03-30 22:52:54,329 [ERROR] LogOutputStream:75 - [STDERR_REDIRECT] 
2026-03-30 22:52:55,337 [ERROR] LogOutputStream:75 - [STDERR_REDIRECT] [Fatal Error] :1:1: Premature end of file.
2026-03-30 22:52:55,337 [ERROR] LogOutputStream:75 - [STDERR_REDIRECT] 
2026-03-30 22:52:56,324 [ERROR] LogOutputStream:75 - [STDERR_REDIRECT] [Fatal Error] :1:1: Premature end of file.
2026-03-30 22:52:56,324 [ERROR] LogOutputStream:75 - [STDERR_REDIRECT] 
2026-03-30 22:52:57,332 [ERROR] LogOutputStream:75 - [STDERR_REDIRECT] [Fatal Error] :1:1: Premature end of file.
2026-03-30 22:52:57,332 [ERROR] LogOutputStream:75 - [STDERR_REDIRECT] 
2026-03-30 22:52:58,313 [ERROR] LogOutputStream:75 - [STDERR_REDIRECT] [Fatal Error] :1:1: Premature end of file.
2026-03-30 22:52:58,313 [ERROR] LogOutputStream:75 - [STDERR_REDIRECT] 
2026-03-30 22:52:59,327 [ERROR] LogOutputStream:75 - [STDERR_REDIRECT] [Fatal Error] :1:1: Premature end of file.
2026-03-30 22:52:59,327 [ERROR] LogOutputStream:75 - [STDERR_REDIRECT] 
2026-03-30 22:53:00,329 [ERROR] LogOutputStream:75 - [STDERR_REDIRECT] [Fatal Error] :1:1: Premature end of file.
2026-03-30 22:53:00,329 [ERROR] LogOutputStream:75 - [STDERR_REDIRECT] 
2026-03-30 22:53:01,336 [ERROR] LogOutputStream:75 - [STDERR_REDIRECT] [Fatal Error] :1:1: Premature end of file.
2026-03-30 22:53:01,336 [ERROR] LogOutputStream:75 - [STDERR_REDIRECT] 
2026-03-30 22:53:02,335 [ERROR] LogOutputStream:75 - [STDERR_REDIRECT] [Fatal Error] :1:1: Premature end of file.
2026-03-30 22:53:02,335 [ERROR] LogOutputStream:75 - [STDERR_REDIRECT] 
2026-03-30 22:53:03,321 [ERROR] LogOutputStream:75 - [STDERR_REDIRECT] [Fatal Error] :1:1: Premature end of file.
2026-03-30 22:53:03,321 [ERROR] LogOutputStream:75 - [STDERR_REDIRECT] 
2026-03-30 22:53:04,323 [ERROR] LogOutputStream:75 - [STDERR_REDIRECT] [Fatal Error] :1:1: Premature end of file.
2026-03-30 22:53:04,323 [ERROR] LogOutputStream:75 - [STDERR_REDIRECT] 
2026-03-30 22:53:05,325 [ERROR] LogOutputStream:75 - [STDERR_REDIRECT] [Fatal Error] :1:1: Premature end of file.
2026-03-30 22:53:05,325 [ERROR] LogOutputStream:75 - [STDERR_REDIRECT] 
2026-03-30 22:53:06,332 [ERROR] LogOutputStream:75 - [STDERR_REDIRECT] [Fatal Error] :1:1: Premature end of file.
2026-03-30 22:53:06,332 [ERROR] LogOutputStream:75 - [STDERR_REDIRECT] 
2026-03-30 22:53:07,335 [ERROR] LogOutputStream:75 - [STDERR_REDIRECT] [Fatal Error] :1:1: Premature end of file.
2026-03-30 22:53:07,335 [ERROR] LogOutputStream:75 - [STDERR_REDIRECT] 
2026-03-30 22:53:08,320 [ERROR] LogOutputStream:75 - [STDERR_REDIRECT] [Fatal Error] :1:1: Premature end of file.
2026-03-30 22:53:08,320 [ERROR] LogOutputStream:75 - [STDERR_REDIRECT] 
2026-03-30 22:53:09,323 [ERROR] LogOutputStream:75 - [STDERR_REDIRECT] [Fatal Error] :1:1: Premature end of file.
2026-03-30 22:53:09,323 [ERROR] LogOutputStream:75 - [STDERR_REDIRECT] 
2026-03-30 22:53:10,322 [ERROR] LogOutputStream:75 - [STDERR_REDIRECT] [Fatal Error] :1:1: Premature end of file.
2026-03-30 22:53:10,322 [ERROR] LogOutputStream:75 - [STDERR_REDIRECT] 
2026-03-30 22:53:11,325 [ERROR] LogOutputStream:75 - [STDERR_REDIRECT] [Fatal Error] :1:1: Premature end of file.
2026-03-30 22:53:11,325 [ERROR] LogOutputStream:75 - [STDERR_REDIRECT] 
2026-03-30 22:53:12,330 [ERROR] LogOutputStream:75 - [STDERR_REDIRECT] [Fatal Error] :1:1: Premature end of file.
2026-03-30 22:53:12,330 [ERROR] LogOutputStream:75 - [STDERR_REDIRECT] 
2026-03-30 22:53:13,336 [ERROR] LogOutputStream:75 - [STDERR_REDIRECT] [Fatal Error] :1:1: Premature end of file.
2026-03-30 22:53:13,336 [ERROR] LogOutputStream:75 - [STDERR_REDIRECT] 
2026-03-30 22:53:14,335 [ERROR] LogOutputStream:75 - [STDERR_REDIRECT] [Fatal Error] :1:1: Premature end of file.
2026-03-30 22:53:14,335 [ERROR] LogOutputStream:75 - [STDERR_REDIRECT] 
2026-03-30 22:53:15,323 [ERROR] LogOutputStream:75 - [STDERR_REDIRECT] [Fatal Error] :1:1: Premature end of file.
2026-03-30 22:53:15,323 [ERROR] LogOutputStream:75 - [STDERR_REDIRECT] 
2026-03-30 22:53:16,327 [ERROR] LogOutputStream:75 - [STDERR_REDIRECT] [Fatal Error] :1:1: Premature end of file.
2026-03-30 22:53:16,327 [ERROR] LogOutputStream:75 - [STDERR_REDIRECT] 
2026-03-30 22:53:17,329 [ERROR] LogOutputStream:75 - [STDERR_REDIRECT] [Fatal Error] :1:1: Premature end of file.
2026-03-30 22:53:17,329 [ERROR] LogOutputStream:75 - [STDERR_REDIRECT] 
2026-03-30 22:53:18,331 [ERROR] LogOutputStream:75 - [STDERR_REDIRECT] [Fatal Error] :1:1: Premature end of file.
2026-03-30 22:53:18,331 [ERROR] LogOutputStream:75 - [STDERR_REDIRECT] 
2026-03-30 22:53:19,336 [ERROR] LogOutputStream:75 - [STDERR_REDIRECT] [Fatal Error] :1:1: Premature end of file.
2026-03-30 22:53:19,336 [ERROR] LogOutputStream:75 - [STDERR_REDIRECT] 
2026-03-30 22:53:20,323 [ERROR] LogOutputStream:75 - [STDERR_REDIRECT] [Fatal Error] :1:1: Premature end of file.
2026-03-30 22:53:20,323 [ERROR] LogOutputStream:75 - [STDERR_REDIRECT] 
2026-03-30 22:53:21,323 [ERROR] LogOutputStream:75 - [STDERR_REDIRECT] [Fatal Error] :1:1: Premature end of file.
2026-03-30 22:53:21,323 [ERROR] LogOutputStream:75 - [STDERR_REDIRECT] 
2026-03-30 22:53:22,328 [ERROR] LogOutputStream:75 - [STDERR_REDIRECT] [Fatal Error] :1:1: Premature end of file.
2026-03-30 22:53:22,328 [ERROR] LogOutputStream:75 - [STDERR_REDIRECT] 
2026-03-30 22:53:23,328 [ERROR] LogOutputStream:75 - [STDERR_REDIRECT] [Fatal Error] :1:1: Premature end of file.
2026-03-30 22:53:23,328 [ERROR] LogOutputStream:75 - [STDERR_REDIRECT] 
2026-03-30 22:53:24,332 [ERROR] LogOutputStream:75 - [STDERR_REDIRECT] [Fatal Error] :1:1: Premature end of file.
2026-03-30 22:53:24,332 [ERROR] LogOutputStream:75 - [STDERR_REDIRECT] 
2026-03-30 22:53:25,322 [ERROR] LogOutputStream:75 - [STDERR_REDIRECT] [Fatal Error] :1:1: Premature end of file.
2026-03-30 22:53:25,322 [ERROR] LogOutputStream:75 - [STDERR_REDIRECT] 
2026-03-30 22:53:26,324 [ERROR] LogOutputStream:75 - [STDERR_REDIRECT] [Fatal Error] :1:1: Premature end of file.
2026-03-30 22:53:26,324 [ERROR] LogOutputStream:75 - [STDERR_REDIRECT] 
2026-03-30 22:53:27,326 [ERROR] LogOutputStream:75 - [STDERR_REDIRECT] [Fatal Error] :1:1: Premature end of file.
2026-03-30 22:53:27,326 [ERROR] LogOutputStream:75 - [STDERR_REDIRECT] 
2026-03-30 22:53:28,330 [ERROR] LogOutputStream:75 - [STDERR_REDIRECT] [Fatal Error] :1:1: Premature end of file.
2026-03-30 22:53:28,330 [ERROR] LogOutputStream:75 - [STDERR_REDIRECT] 
2026-03-30 22:53:29,333 [ERROR] LogOutputStream:75 - [STDERR_REDIRECT] [Fatal Error] :1:1: Premature end of file.
2026-03-30 22:53:29,333 [ERROR] LogOutputStream:75 - [STDERR_REDIRECT] 
2026-03-30 22:53:30,334 [ERROR] LogOutputStream:75 - [STDERR_REDIRECT] [Fatal Error] :1:1: Premature end of file.
2026-03-30 22:53:30,334 [ERROR] LogOutputStream:75 - [STDERR_REDIRECT] 
2026-03-30 22:53:31,321 [ERROR] LogOutputStream:75 - [STDERR_REDIRECT] [Fatal Error] :1:1: Premature end of file.
2026-03-30 22:53:31,321 [ERROR] LogOutputStream:75 - [STDERR_REDIRECT] 
2026-03-30 22:53:32,324 [ERROR] LogOutputStream:75 - [STDERR_REDIRECT] [Fatal Error] :1:1: Premature end of file.
2026-03-30 22:53:32,324 [ERROR] LogOutputStream:75 - [STDERR_REDIRECT] 
2026-03-30 22:53:33,326 [ERROR] LogOutputStream:75 - [STDERR_REDIRECT] [Fatal Error] :1:1: Premature end of file.
2026-03-30 22:53:33,326 [ERROR] LogOutputStream:75 - [STDERR_REDIRECT] 
2026-03-30 22:53:34,330 [ERROR] LogOutputStream:75 - [STDERR_REDIRECT] [Fatal Error] :1:1: Premature end of file.
2026-03-30 22:53:34,330 [ERROR] LogOutputStream:75 - [STDERR_REDIRECT] 
2026-03-30 22:53:35,330 [ERROR] LogOutputStream:75 - [STDERR_REDIRECT] [Fatal Error] :1:1: Premature end of file.
2026-03-30 22:53:35,330 [ERROR] LogOutputStream:75 - [STDERR_REDIRECT] 
2026-03-30 22:53:36,321 [ERROR] LogOutputStream:75 - [STDERR_REDIRECT] [Fatal Error] :1:1: Premature end of file.
2026-03-30 22:53:36,321 [ERROR] LogOutputStream:75 - [STDERR_REDIRECT] 
2026-03-30 22:53:37,325 [ERROR] LogOutputStream:75 - [STDERR_REDIRECT] [Fatal Error] :1:1: Premature end of file.
2026-03-30 22:53:37,325 [ERROR] LogOutputStream:75 - [STDERR_REDIRECT] 
2026-03-30 22:53:38,332 [ERROR] LogOutputStream:75 - [STDERR_REDIRECT] [Fatal Error] :1:1: Premature end of file.
2026-03-30 22:53:38,332 [ERROR] LogOutputStream:75 - [STDERR_REDIRECT] 
2026-03-30 22:53:39,322 [ERROR] LogOutputStream:75 - [STDERR_REDIRECT] [Fatal Error] :1:1: Premature end of file.
2026-03-30 22:53:39,322 [ERROR] LogOutputStream:75 - [STDERR_REDIRECT] 
2026-03-30 22:53:40,328 [ERROR] LogOutputStream:75 - [STDERR_REDIRECT] [Fatal Error] :1:1: Premature end of file.
2026-03-30 22:53:40,328 [ERROR] LogOutputStream:75 - [STDERR_REDIRECT] 
2026-03-30 22:53:41,330 [ERROR] LogOutputStream:75 - [STDERR_REDIRECT] [Fatal Error] :1:1: Premature end of file.
2026-03-30 22:53:41,330 [ERROR] LogOutputStream:75 - [STDERR_REDIRECT] 
2026-03-30 22:53:42,333 [ERROR] LogOutputStream:75 - [STDERR_REDIRECT] [Fatal Error] :1:1: Premature end of file.
2026-03-30 22:53:42,333 [ERROR] LogOutputStream:75 - [STDERR_REDIRECT] 
2026-03-30 22:53:43,321 [ERROR] LogOutputStream:75 - [STDERR_REDIRECT] [Fatal Error] :1:1: Premature end of file.
2026-03-30 22:53:43,321 [ERROR] LogOutputStream:75 - [STDERR_REDIRECT] 
2026-03-30 22:53:44,324 [ERROR] LogOutputStream:75 - [STDERR_REDIRECT] [Fatal Error] :1:1: Premature end of file.
2026-03-30 22:53:44,324 [ERROR] LogOutputStream:75 - [STDERR_REDIRECT] 
2026-03-30 22:53:45,326 [ERROR] LogOutputStream:75 - [STDERR_REDIRECT] [Fatal Error] :1:1: Premature end of file.
2026-03-30 22:53:45,326 [ERROR] LogOutputStream:75 - [STDERR_REDIRECT] 
2026-03-30 22:53:46,331 [ERROR] LogOutputStream:75 - [STDERR_REDIRECT] [Fatal Error] :1:1: Premature end of file.
2026-03-30 22:53:46,331 [ERROR] LogOutputStream:75 - [STDERR_REDIRECT] 
2026-03-30 22:53:47,335 [ERROR] LogOutputStream:75 - [STDERR_REDIRECT] [Fatal Error] :1:1: Premature end of file.
2026-03-30 22:53:47,335 [ERROR] LogOutputStream:75 - [STDERR_REDIRECT] 
2026-03-30 22:53:48,323 [ERROR] LogOutputStream:75 - [STDERR_REDIRECT] [Fatal Error] :1:1: Premature end of file.
2026-03-30 22:53:48,323 [ERROR] LogOutputStream:75 - [STDERR_REDIRECT] 
2026-03-30 22:53:49,327 [ERROR] LogOutputStream:75 - [STDERR_REDIRECT] [Fatal Error] :1:1: Premature end of file.
2026-03-30 22:53:49,327 [ERROR] LogOutputStream:75 - [STDERR_REDIRECT] 
2026-03-30 22:53:50,331 [ERROR] LogOutputStream:75 - [STDERR_REDIRECT] [Fatal Error] :1:1: Premature end of file.
2026-03-30 22:53:50,331 [ERROR] LogOutputStream:75 - [STDERR_REDIRECT] 
2026-03-30 22:53:51,335 [ERROR] LogOutputStream:75 - [STDERR_REDIRECT] [Fatal Error] :1:1: Premature end of file.
2026-03-30 22:53:51,335 [ERROR] LogOutputStream:75 - [STDERR_REDIRECT] 
2026-03-30 22:53:52,325 [ERROR] LogOutputStream:75 - [STDERR_REDIRECT] [Fatal Error] :1:1: Premature end of file.
2026-03-30 22:53:52,325 [ERROR] LogOutputStream:75 - [STDERR_REDIRECT] 
2026-03-30 22:53:53,328 [ERROR] LogOutputStream:75 - [STDERR_REDIRECT] [Fatal Error] :1:1: Premature end of file.
2026-03-30 22:53:53,328 [ERROR] LogOutputStream:75 - [STDERR_REDIRECT] 
2026-03-30 22:53:54,330 [ERROR] LogOutputStream:75 - [STDERR_REDIRECT] [Fatal Error] :1:1: Premature end of file.
2026-03-30 22:53:54,330 [ERROR] LogOutputStream:75 - [STDERR_REDIRECT] 
2026-03-30 22:53:55,327 [ERROR] LogOutputStream:75 - [STDERR_REDIRECT] [Fatal Error] :1:1: Premature end of file.
2026-03-30 22:53:55,327 [ERROR] LogOutputStream:75 - [STDERR_REDIRECT] 
2026-03-30 22:53:56,329 [ERROR] LogOutputStream:75 - [STDERR_REDIRECT] [Fatal Error] :1:1: Premature end of file.
2026-03-30 22:53:56,330 [ERROR] LogOutputStream:75 - [STDERR_REDIRECT] 
2026-03-30 22:53:57,331 [ERROR] LogOutputStream:75 - [STDERR_REDIRECT] [Fatal Error] :1:1: Premature end of file.
2026-03-30 22:53:57,331 [ERROR] LogOutputStream:75 - [STDERR_REDIRECT] 
2026-03-30 22:53:58,334 [ERROR] LogOutputStream:75 - [STDERR_REDIRECT] [Fatal Error] :1:1: Premature end of file.
2026-03-30 22:53:58,334 [ERROR] LogOutputStream:75 - [STDERR_REDIRECT] 
2026-03-30 22:53:59,323 [ERROR] LogOutputStream:75 - [STDERR_REDIRECT] [Fatal Error] :1:1: Premature end of file.
2026-03-30 22:53:59,323 [ERROR] LogOutputStream:75 - [STDERR_REDIRECT] 
2026-03-30 22:54:00,326 [ERROR] LogOutputStream:75 - [STDERR_REDIRECT] [Fatal Error] :1:1: Premature end of file.
2026-03-30 22:54:00,326 [ERROR] LogOutputStream:75 - [STDERR_REDIRECT] 
2026-03-30 22:54:01,330 [ERROR] LogOutputStream:75 - [STDERR_REDIRECT] [Fatal Error] :1:1: Premature end of file.
2026-03-30 22:54:01,330 [ERROR] LogOutputStream:75 - [STDERR_REDIRECT] 
2026-03-30 22:54:02,333 [ERROR] LogOutputStream:75 - [STDERR_REDIRECT] [Fatal Error] :1:1: Premature end of file.
2026-03-30 22:54:02,333 [ERROR] LogOutputStream:75 - [STDERR_REDIRECT] 
2026-03-30 22:54:03,326 [ERROR] LogOutputStream:75 - [STDERR_REDIRECT] [Fatal Error] :1:1: Premature end of file.
2026-03-30 22:54:03,326 [ERROR] LogOutputStream:75 - [STDERR_REDIRECT] 
2026-03-30 22:54:04,334 [ERROR] LogOutputStream:75 - [STDERR_REDIRECT] [Fatal Error] :1:1: Premature end of file.
2026-03-30 22:54:04,334 [ERROR] LogOutputStream:75 - [STDERR_REDIRECT] 
2026-03-30 22:54:05,334 [ERROR] LogOutputStream:75 - [STDERR_REDIRECT] [Fatal Error] :1:1: Premature end of file.
2026-03-30 22:54:05,334 [ERROR] LogOutputStream:75 - [STDERR_REDIRECT] 
2026-03-30 22:54:06,327 [ERROR] LogOutputStream:75 - [STDERR_REDIRECT] [Fatal Error] :1:1: Premature end of file.
2026-03-30 22:54:06,327 [ERROR] LogOutputStream:75 - [STDERR_REDIRECT] 
2026-03-30 22:54:07,331 [ERROR] LogOutputStream:75 - [STDERR_REDIRECT] [Fatal Error] :1:1: Premature end of file.
2026-03-30 22:54:07,331 [ERROR] LogOutputStream:75 - [STDERR_REDIRECT] 
2026-03-30 22:54:08,323 [ERROR] LogOutputStream:75 - [STDERR_REDIRECT] [Fatal Error] :1:1: Premature end of file.
2026-03-30 22:54:08,323 [ERROR] LogOutputStream:75 - [STDERR_REDIRECT] 
2026-03-30 22:54:09,325 [ERROR] LogOutputStream:75 - [STDERR_REDIRECT] [Fatal Error] :1:1: Premature end of file.
2026-03-30 22:54:09,325 [ERROR] LogOutputStream:75 - [STDERR_REDIRECT] 
2026-03-30 22:54:10,327 [ERROR] LogOutputStream:75 - [STDERR_REDIRECT] [Fatal Error] :1:1: Premature end of file.
2026-03-30 22:54:10,327 [ERROR] LogOutputStream:75 - [STDERR_REDIRECT] 
2026-03-30 22:54:11,328 [ERROR] LogOutputStream:75 - [STDERR_REDIRECT] [Fatal Error] :1:1: Premature end of file.
2026-03-30 22:54:11,328 [ERROR] LogOutputStream:75 - [STDERR_REDIRECT] 
2026-03-30 22:54:12,332 [ERROR] LogOutputStream:75 - [STDERR_REDIRECT] [Fatal Error] :1:1: Premature end of file.
2026-03-30 22:54:12,332 [ERROR] LogOutputStream:75 - [STDERR_REDIRECT] 
2026-03-30 22:54:13,321 [ERROR] LogOutputStream:75 - [STDERR_REDIRECT] [Fatal Error] :1:1: Premature end of file.
2026-03-30 22:54:13,321 [ERROR] LogOutputStream:75 - [STDERR_REDIRECT] 
2026-03-30 22:54:14,322 [ERROR] LogOutputStream:75 - [STDERR_REDIRECT] [Fatal Error] :1:1: Premature end of file.
2026-03-30 22:54:14,322 [ERROR] LogOutputStream:75 - [STDERR_REDIRECT] 
2026-03-30 22:54:15,322 [ERROR] LogOutputStream:75 - [STDERR_REDIRECT] [Fatal Error] :1:1: Premature end of file.
2026-03-30 22:54:15,322 [ERROR] LogOutputStream:75 - [STDERR_REDIRECT] 
2026-03-30 22:54:16,330 [ERROR] LogOutputStream:75 - [STDERR_REDIRECT] [Fatal Error] :1:1: Premature end of file.
2026-03-30 22:54:16,330 [ERROR] LogOutputStream:75 - [STDERR_REDIRECT] 
2026-03-30 22:54:17,331 [ERROR] LogOutputStream:75 - [STDERR_REDIRECT] [Fatal Error] :1:1: Premature end of file.
2026-03-30 22:54:17,331 [ERROR] LogOutputStream:75 - [STDERR_REDIRECT] 
2026-03-30 22:54:18,329 [ERROR] LogOutputStream:75 - [STDERR_REDIRECT] [Fatal Error] :1:1: Premature end of file.
2026-03-30 22:54:18,329 [ERROR] LogOutputStream:75 - [STDERR_REDIRECT] 
2026-03-30 22:54:19,324 [ERROR] LogOutputStream:75 - [STDERR_REDIRECT] [Fatal Error] :1:1: Premature end of file.
2026-03-30 22:54:19,324 [ERROR] LogOutputStream:75 - [STDERR_REDIRECT] 
2026-03-30 22:54:20,324 [ERROR] LogOutputStream:75 - [STDERR_REDIRECT] [Fatal Error] :1:1: Premature end of file.
2026-03-30 22:54:20,324 [ERROR] LogOutputStream:75 - [STDERR_REDIRECT] 
2026-03-30 22:54:21,326 [ERROR] LogOutputStream:75 - [STDERR_REDIRECT] [Fatal Error] :1:1: Premature end of file.
2026-03-30 22:54:21,326 [ERROR] LogOutputStream:75 - [STDERR_REDIRECT] 
2026-03-30 22:54:22,332 [ERROR] LogOutputStream:75 - [STDERR_REDIRECT] [Fatal Error] :1:1: Premature end of file.
2026-03-30 22:54:22,332 [ERROR] LogOutputStream:75 - [STDERR_REDIRECT] 
2026-03-30 22:54:23,329 [ERROR] LogOutputStream:75 - [STDERR_REDIRECT] [Fatal Error] :1:1: Premature end of file.
2026-03-30 22:54:23,329 [ERROR] LogOutputStream:75 - [STDERR_REDIRECT] 
2026-03-30 22:54:24,326 [ERROR] LogOutputStream:75 - [STDERR_REDIRECT] [Fatal Error] :1:1: Premature end of file.
2026-03-30 22:54:24,326 [ERROR] LogOutputStream:75 - [STDERR_REDIRECT] 
2026-03-30 22:54:25,332 [ERROR] LogOutputStream:75 - [STDERR_REDIRECT] [Fatal Error] :1:1: Premature end of file.
2026-03-30 22:54:25,332 [ERROR] LogOutputStream:75 - [STDERR_REDIRECT] 
2026-03-30 22:54:26,335 [ERROR] LogOutputStream:75 - [STDERR_REDIRECT] [Fatal Error] :1:1: Premature end of file.
2026-03-30 22:54:26,335 [ERROR] LogOutputStream:75 - [STDERR_REDIRECT] 
2026-03-30 22:54:27,326 [ERROR] LogOutputStream:75 - [STDERR_REDIRECT] [Fatal Error] :1:1: Premature end of file.
2026-03-30 22:54:27,326 [ERROR] LogOutputStream:75 - [STDERR_REDIRECT] 
2026-03-30 22:54:28,331 [ERROR] LogOutputStream:75 - [STDERR_REDIRECT] [Fatal Error] :1:1: Premature end of file.
2026-03-30 22:54:28,332 [ERROR] LogOutputStream:75 - [STDERR_REDIRECT] 
2026-03-30 22:54:29,331 [ERROR] LogOutputStream:75 - [STDERR_REDIRECT] [Fatal Error] :1:1: Premature end of file.
2026-03-30 22:54:29,331 [ERROR] LogOutputStream:75 - [STDERR_REDIRECT] 
2026-03-30 22:54:30,324 [ERROR] LogOutputStream:75 - [STDERR_REDIRECT] [Fatal Error] :1:1: Premature end of file.
2026-03-30 22:54:30,324 [ERROR] LogOutputStream:75 - [STDERR_REDIRECT] 
2026-03-30 22:54:31,325 [ERROR] LogOutputStream:75 - [STDERR_REDIRECT] [Fatal Error] :1:1: Premature end of file.
2026-03-30 22:54:31,325 [ERROR] LogOutputStream:75 - [STDERR_REDIRECT] 
2026-03-30 22:54:32,330 [ERROR] LogOutputStream:75 - [STDERR_REDIRECT] [Fatal Error] :1:1: Premature end of file.
2026-03-30 22:54:32,330 [ERROR] LogOutputStream:75 - [STDERR_REDIRECT] 
2026-03-30 22:54:33,329 [ERROR] LogOutputStream:75 - [STDERR_REDIRECT] [Fatal Error] :1:1: Premature end of file.
2026-03-30 22:54:33,329 [ERROR] LogOutputStream:75 - [STDERR_REDIRECT] 
2026-03-30 22:54:34,334 [ERROR] LogOutputStream:75 - [STDERR_REDIRECT] [Fatal Error] :1:1: Premature end of file.
2026-03-30 22:54:34,334 [ERROR] LogOutputStream:75 - [STDERR_REDIRECT] 
2026-03-30 22:54:35,331 [ERROR] LogOutputStream:75 - [STDERR_REDIRECT] [Fatal Error] :1:1: Premature end of file.
2026-03-30 22:54:35,331 [ERROR] LogOutputStream:75 - [STDERR_REDIRECT] 
2026-03-30 22:54:36,315 [ERROR] LogOutputStream:75 - [STDERR_REDIRECT] [Fatal Error] :1:1: Premature end of file.
2026-03-30 22:54:36,315 [ERROR] LogOutputStream:75 - [STDERR_REDIRECT] 
2026-03-30 22:54:37,332 [ERROR] LogOutputStream:75 - [STDERR_REDIRECT] [Fatal Error] :1:1: Premature end of file.
2026-03-30 22:54:37,332 [ERROR] LogOutputStream:75 - [STDERR_REDIRECT] 
2026-03-30 22:54:38,327 [ERROR] LogOutputStream:75 - [STDERR_REDIRECT] [Fatal Error] :1:1: Premature end of file.
2026-03-30 22:54:38,327 [ERROR] LogOutputStream:75 - [STDERR_REDIRECT] 
2026-03-30 22:54:39,330 [ERROR] LogOutputStream:75 - [STDERR_REDIRECT] [Fatal Error] :1:1: Premature end of file.
2026-03-30 22:54:39,330 [ERROR] LogOutputStream:75 - [STDERR_REDIRECT] 
2026-03-30 22:54:40,332 [ERROR] LogOutputStream:75 - [STDERR_REDIRECT] [Fatal Error] :1:1: Premature end of file.
2026-03-30 22:54:40,332 [ERROR] LogOutputStream:75 - [STDERR_REDIRECT] 
2026-03-30 22:54:41,325 [ERROR] LogOutputStream:75 - [STDERR_REDIRECT] [Fatal Error] :1:1: Premature end of file.
2026-03-30 22:54:41,325 [ERROR] LogOutputStream:75 - [STDERR_REDIRECT] 
2026-03-30 22:54:42,333 [ERROR] LogOutputStream:75 - [STDERR_REDIRECT] [Fatal Error] :1:1: Premature end of file.
2026-03-30 22:54:42,333 [ERROR] LogOutputStream:75 - [STDERR_REDIRECT] 
2026-03-30 22:54:43,331 [ERROR] LogOutputStream:75 - [STDERR_REDIRECT] [Fatal Error] :1:1: Premature end of file.
2026-03-30 22:54:43,331 [ERROR] LogOutputStream:75 - [STDERR_REDIRECT] 
2026-03-30 22:54:44,332 [ERROR] LogOutputStream:75 - [STDERR_REDIRECT] [Fatal Error] :1:1: Premature end of file.
2026-03-30 22:54:44,332 [ERROR] LogOutputStream:75 - [STDERR_REDIRECT] 
2026-03-30 22:54:45,332 [ERROR] LogOutputStream:75 - [STDERR_REDIRECT] [Fatal Error] :1:1: Premature end of file.
2026-03-30 22:54:45,332 [ERROR] LogOutputStream:75 - [STDERR_REDIRECT] 
2026-03-30 22:54:46,328 [ERROR] LogOutputStream:75 - [STDERR_REDIRECT] [Fatal Error] :1:1: Premature end of file.
2026-03-30 22:54:46,328 [ERROR] LogOutputStream:75 - [STDERR_REDIRECT] 
2026-03-30 22:54:47,331 [ERROR] LogOutputStream:75 - [STDERR_REDIRECT] [Fatal Error] :1:1: Premature end of file.
2026-03-30 22:54:47,331 [ERROR] LogOutputStream:75 - [STDERR_REDIRECT] 
2026-03-30 22:54:48,336 [ERROR] LogOutputStream:75 - [STDERR_REDIRECT] [Fatal Error] :1:1: Premature end of file.
2026-03-30 22:54:48,336 [ERROR] LogOutputStream:75 - [STDERR_REDIRECT] 
2026-03-30 22:54:49,324 [ERROR] LogOutputStream:75 - [STDERR_REDIRECT] [Fatal Error] :1:1: Premature end of file.
2026-03-30 22:54:49,324 [ERROR] LogOutputStream:75 - [STDERR_REDIRECT] 
2026-03-30 22:54:50,325 [ERROR] LogOutputStream:75 - [STDERR_REDIRECT] [Fatal Error] :1:1: Premature end of file.
2026-03-30 22:54:50,325 [ERROR] LogOutputStream:75 - [STDERR_REDIRECT] 
2026-03-30 22:54:51,329 [ERROR] LogOutputStream:75 - [STDERR_REDIRECT] [Fatal Error] :1:1: Premature end of file.
2026-03-30 22:54:51,329 [ERROR] LogOutputStream:75 - [STDERR_REDIRECT] 
2026-03-30 22:54:52,331 [ERROR] LogOutputStream:75 - [STDERR_REDIRECT] [Fatal Error] :1:1: Premature end of file.
2026-03-30 22:54:52,331 [ERROR] LogOutputStream:75 - [STDERR_REDIRECT] 
2026-03-30 22:54:53,334 [ERROR] LogOutputStream:75 - [STDERR_REDIRECT] [Fatal Error] :1:1: Premature end of file.
2026-03-30 22:54:53,334 [ERROR] LogOutputStream:75 - [STDERR_REDIRECT] 
2026-03-30 22:54:54,322 [ERROR] LogOutputStream:75 - [STDERR_REDIRECT] [Fatal Error] :1:1: Premature end of file.
2026-03-30 22:54:54,322 [ERROR] LogOutputStream:75 - [STDERR_REDIRECT] 
2026-03-30 22:54:55,328 [ERROR] LogOutputStream:75 - [STDERR_REDIRECT] [Fatal Error] :1:1: Premature end of file.
2026-03-30 22:54:55,328 [ERROR] LogOutputStream:75 - [STDERR_REDIRECT] 
2026-03-30 22:54:56,332 [ERROR] LogOutputStream:75 - [STDERR_REDIRECT] [Fatal Error] :1:1: Premature end of file.
2026-03-30 22:54:56,332 [ERROR] LogOutputStream:75 - [STDERR_REDIRECT] 
2026-03-30 22:54:57,325 [ERROR] LogOutputStream:75 - [STDERR_REDIRECT] [Fatal Error] :1:1: Premature end of file.
2026-03-30 22:54:57,325 [ERROR] LogOutputStream:75 - [STDERR_REDIRECT] 
2026-03-30 22:54:58,329 [ERROR] LogOutputStream:75 - [STDERR_REDIRECT] [Fatal Error] :1:1: Premature end of file.
2026-03-30 22:54:58,329 [ERROR] LogOutputStream:75 - [STDERR_REDIRECT] 
2026-03-30 22:54:59,332 [ERROR] LogOutputStream:75 - [STDERR_REDIRECT] [Fatal Error] :1:1: Premature end of file.
2026-03-30 22:54:59,332 [ERROR] LogOutputStream:75 - [STDERR_REDIRECT] 
2026-03-30 22:55:00,336 [ERROR] LogOutputStream:75 - [STDERR_REDIRECT] [Fatal Error] :1:1: Premature end of file.
2026-03-30 22:55:00,336 [ERROR] LogOutputStream:75 - [STDERR_REDIRECT] 
2026-03-30 22:55:01,324 [ERROR] LogOutputStream:75 - [STDERR_REDIRECT] [Fatal Error] :1:1: Premature end of file.
2026-03-30 22:55:01,324 [ERROR] LogOutputStream:75 - [STDERR_REDIRECT] 
2026-03-30 22:55:02,326 [ERROR] LogOutputStream:75 - [STDERR_REDIRECT] [Fatal Error] :1:1: Premature end of file.
2026-03-30 22:55:02,326 [ERROR] LogOutputStream:75 - [STDERR_REDIRECT] 
2026-03-30 22:55:03,326 [ERROR] LogOutputStream:75 - [STDERR_REDIRECT] [Fatal Error] :1:1: Premature end of file.
2026-03-30 22:55:03,326 [ERROR] LogOutputStream:75 - [STDERR_REDIRECT] 
2026-03-30 22:55:04,316 [ERROR] LogOutputStream:75 - [STDERR_REDIRECT] [Fatal Error] :1:1: Premature end of file.
2026-03-30 22:55:04,316 [ERROR] LogOutputStream:75 - [STDERR_REDIRECT] 
2026-03-30 22:55:05,327 [ERROR] LogOutputStream:75 - [STDERR_REDIRECT] [Fatal Error] :1:1: Premature end of file.
2026-03-30 22:55:05,327 [ERROR] LogOutputStream:75 - [STDERR_REDIRECT] 
2026-03-30 22:55:06,327 [ERROR] LogOutputStream:75 - [STDERR_REDIRECT] [Fatal Error] :1:1: Premature end of file.
2026-03-30 22:55:06,327 [ERROR] LogOutputStream:75 - [STDERR_REDIRECT] 
2026-03-30 22:55:07,329 [ERROR] LogOutputStream:75 - [STDERR_REDIRECT] [Fatal Error] :1:1: Premature end of file.
2026-03-30 22:55:07,329 [ERROR] LogOutputStream:75 - [STDERR_REDIRECT] 
2026-03-30 22:55:08,332 [ERROR] LogOutputStream:75 - [STDERR_REDIRECT] [Fatal Error] :1:1: Premature end of file.
2026-03-30 22:55:08,332 [ERROR] LogOutputStream:75 - [STDERR_REDIRECT] 
2026-03-30 22:55:09,322 [ERROR] LogOutputStream:75 - [STDERR_REDIRECT] [Fatal Error] :1:1: Premature end of file.
2026-03-30 22:55:09,322 [ERROR] LogOutputStream:75 - [STDERR_REDIRECT] 
2026-03-30 22:55:10,326 [ERROR] LogOutputStream:75 - [STDERR_REDIRECT] [Fatal Error] :1:1: Premature end of file.
2026-03-30 22:55:10,326 [ERROR] LogOutputStream:75 - [STDERR_REDIRECT] 
2026-03-30 22:55:11,329 [ERROR] LogOutputStream:75 - [STDERR_REDIRECT] [Fatal Error] :1:1: Premature end of file.
2026-03-30 22:55:11,329 [ERROR] LogOutputStream:75 - [STDERR_REDIRECT] 
2026-03-30 22:55:12,333 [ERROR] LogOutputStream:75 - [STDERR_REDIRECT] [Fatal Error] :1:1: Premature end of file.
2026-03-30 22:55:12,333 [ERROR] LogOutputStream:75 - [STDERR_REDIRECT] 
2026-03-30 22:55:13,327 [ERROR] LogOutputStream:75 - [STDERR_REDIRECT] [Fatal Error] :1:1: Premature end of file.
2026-03-30 22:55:13,327 [ERROR] LogOutputStream:75 - [STDERR_REDIRECT] 
2026-03-30 22:55:14,331 [ERROR] LogOutputStream:75 - [STDERR_REDIRECT] [Fatal Error] :1:1: Premature end of file.
2026-03-30 22:55:14,331 [ERROR] LogOutputStream:75 - [STDERR_REDIRECT] 
2026-03-30 22:55:15,336 [ERROR] LogOutputStream:75 - [STDERR_REDIRECT] [Fatal Error] :1:1: Premature end of file.
2026-03-30 22:55:15,336 [ERROR] LogOutputStream:75 - [STDERR_REDIRECT] 
2026-03-30 22:55:16,322 [ERROR] LogOutputStream:75 - [STDERR_REDIRECT] [Fatal Error] :1:1: Premature end of file.
2026-03-30 22:55:16,322 [ERROR] LogOutputStream:75 - [STDERR_REDIRECT] 
2026-03-30 22:55:17,328 [ERROR] LogOutputStream:75 - [STDERR_REDIRECT] [Fatal Error] :1:1: Premature end of file.
2026-03-30 22:55:17,328 [ERROR] LogOutputStream:75 - [STDERR_REDIRECT] 
2026-03-30 22:55:18,333 [ERROR] LogOutputStream:75 - [STDERR_REDIRECT] [Fatal Error] :1:1: Premature end of file.
2026-03-30 22:55:18,333 [ERROR] LogOutputStream:75 - [STDERR_REDIRECT] 
2026-03-30 22:55:19,323 [ERROR] LogOutputStream:75 - [STDERR_REDIRECT] [Fatal Error] :1:1: Premature end of file.
2026-03-30 22:55:19,323 [ERROR] LogOutputStream:75 - [STDERR_REDIRECT] 
2026-03-30 22:55:20,325 [ERROR] LogOutputStream:75 - [STDERR_REDIRECT] [Fatal Error] :1:1: Premature end of file.
2026-03-30 22:55:20,325 [ERROR] LogOutputStream:75 - [STDERR_REDIRECT] 
2026-03-30 22:55:21,328 [ERROR] LogOutputStream:75 - [STDERR_REDIRECT] [Fatal Error] :1:1: Premature end of file.
2026-03-30 22:55:21,328 [ERROR] LogOutputStream:75 - [STDERR_REDIRECT] 
2026-03-30 22:55:22,333 [ERROR] LogOutputStream:75 - [STDERR_REDIRECT] [Fatal Error] :1:1: Premature end of file.
2026-03-30 22:55:22,333 [ERROR] LogOutputStream:75 - [STDERR_REDIRECT] 
2026-03-30 22:55:23,324 [ERROR] LogOutputStream:75 - [STDERR_REDIRECT] [Fatal Error] :1:1: Premature end of file.
2026-03-30 22:55:23,324 [ERROR] LogOutputStream:75 - [STDERR_REDIRECT] 
2026-03-30 22:55:24,330 [ERROR] LogOutputStream:75 - [STDERR_REDIRECT] [Fatal Error] :1:1: Premature end of file.
2026-03-30 22:55:24,330 [ERROR] LogOutputStream:75 - [STDERR_REDIRECT] 
2026-03-30 22:55:25,333 [ERROR] LogOutputStream:75 - [STDERR_REDIRECT] [Fatal Error] :1:1: Premature end of file.
2026-03-30 22:55:25,333 [ERROR] LogOutputStream:75 - [STDERR_REDIRECT] 
2026-03-30 22:55:26,324 [ERROR] LogOutputStream:75 - [STDERR_REDIRECT] [Fatal Error] :1:1: Premature end of file.
2026-03-30 22:55:26,324 [ERROR] LogOutputStream:75 - [STDERR_REDIRECT] 
2026-03-30 22:55:27,332 [ERROR] LogOutputStream:75 - [STDERR_REDIRECT] [Fatal Error] :1:1: Premature end of file.
2026-03-30 22:55:27,332 [ERROR] LogOutputStream:75 - [STDERR_REDIRECT] 
2026-03-30 22:55:28,333 [ERROR] LogOutputStream:75 - [STDERR_REDIRECT] [Fatal Error] :1:1: Premature end of file.
2026-03-30 22:55:28,333 [ERROR] LogOutputStream:75 - [STDERR_REDIRECT] 
2026-03-30 22:55:29,363 [ERROR] LogOutputStream:75 - [STDERR_REDIRECT] [Fatal Error] :1:1: Premature end of file.
2026-03-30 22:55:29,364 [ERROR] LogOutputStream:75 - [STDERR_REDIRECT] 
2026-03-30 22:55:30,331 [ERROR] LogOutputStream:75 - [STDERR_REDIRECT] [Fatal Error] :1:1: Premature end of file.
2026-03-30 22:55:30,332 [ERROR] LogOutputStream:75 - [STDERR_REDIRECT] 
2026-03-30 22:55:31,317 [ERROR] LogOutputStream:75 - [STDERR_REDIRECT] [Fatal Error] :1:1: Premature end of file.
2026-03-30 22:55:31,317 [ERROR] LogOutputStream:75 - [STDERR_REDIRECT] 
2026-03-30 22:55:32,328 [ERROR] LogOutputStream:75 - [STDERR_REDIRECT] [Fatal Error] :1:1: Premature end of file.
2026-03-30 22:55:32,328 [ERROR] LogOutputStream:75 - [STDERR_REDIRECT] 
2026-03-30 22:55:33,330 [ERROR] LogOutputStream:75 - [STDERR_REDIRECT] [Fatal Error] :1:1: Premature end of file.
2026-03-30 22:55:33,330 [ERROR] LogOutputStream:75 - [STDERR_REDIRECT] 
2026-03-30 22:55:34,333 [ERROR] LogOutputStream:75 - [STDERR_REDIRECT] [Fatal Error] :1:1: Premature end of file.
2026-03-30 22:55:34,333 [ERROR] LogOutputStream:75 - [STDERR_REDIRECT] 
2026-03-30 22:55:35,335 [ERROR] LogOutputStream:75 - [STDERR_REDIRECT] [Fatal Error] :1:1: Premature end of file.
2026-03-30 22:55:35,335 [ERROR] LogOutputStream:75 - [STDERR_REDIRECT] 
2026-03-30 22:55:36,325 [ERROR] LogOutputStream:75 - [STDERR_REDIRECT] [Fatal Error] :1:1: Premature end of file.
2026-03-30 22:55:36,325 [ERROR] LogOutputStream:75 - [STDERR_REDIRECT] 
2026-03-30 22:55:37,336 [ERROR] LogOutputStream:75 - [STDERR_REDIRECT] [Fatal Error] :1:1: Premature end of file.
2026-03-30 22:55:37,336 [ERROR] LogOutputStream:75 - [STDERR_REDIRECT] 
2026-03-30 22:55:38,331 [ERROR] LogOutputStream:75 - [STDERR_REDIRECT] [Fatal Error] :1:1: Premature end of file.
2026-03-30 22:55:38,333 [ERROR] LogOutputStream:75 - [STDERR_REDIRECT] 
2026-03-30 22:55:39,332 [ERROR] LogOutputStream:75 - [STDERR_REDIRECT] [Fatal Error] :1:1: Premature end of file.
2026-03-30 22:55:39,332 [ERROR] LogOutputStream:75 - [STDERR_REDIRECT] 
2026-03-30 22:55:40,330 [ERROR] LogOutputStream:75 - [STDERR_REDIRECT] [Fatal Error] :1:1: Premature end of file.
2026-03-30 22:55:40,330 [ERROR] LogOutputStream:75 - [STDERR_REDIRECT] 
2026-03-30 22:55:41,340 [ERROR] LogOutputStream:75 - [STDERR_REDIRECT] [Fatal Error] :1:1: Premature end of file.
2026-03-30 22:55:41,340 [ERROR] LogOutputStream:75 - [STDERR_REDIRECT] 
2026-03-30 22:55:42,335 [ERROR] LogOutputStream:75 - [STDERR_REDIRECT] [Fatal Error] :1:1: Premature end of file.
2026-03-30 22:55:42,335 [ERROR] LogOutputStream:75 - [STDERR_REDIRECT] 
2026-03-30 22:55:43,324 [ERROR] LogOutputStream:75 - [STDERR_REDIRECT] [Fatal Error] :1:1: Premature end of file.
2026-03-30 22:55:43,324 [ERROR] LogOutputStream:75 - [STDERR_REDIRECT] 
2026-03-30 22:55:44,328 [ERROR] LogOutputStream:75 - [STDERR_REDIRECT] [Fatal Error] :1:1: Premature end of file.
2026-03-30 22:55:44,328 [ERROR] LogOutputStream:75 - [STDERR_REDIRECT] 
2026-03-30 22:55:45,328 [ERROR] LogOutputStream:75 - [STDERR_REDIRECT] [Fatal Error] :1:1: Premature end of file.
2026-03-30 22:55:45,328 [ERROR] LogOutputStream:75 - [STDERR_REDIRECT] 
2026-03-30 22:55:46,331 [ERROR] LogOutputStream:75 - [STDERR_REDIRECT] [Fatal Error] :1:1: Premature end of file.
2026-03-30 22:55:46,331 [ERROR] LogOutputStream:75 - [STDERR_REDIRECT] 
2026-03-30 22:55:47,341 [ERROR] LogOutputStream:75 - [STDERR_REDIRECT] [Fatal Error] :1:1: Premature end of file.
2026-03-30 22:55:47,341 [ERROR] LogOutputStream:75 - [STDERR_REDIRECT] 
2026-03-30 22:55:48,329 [ERROR] LogOutputStream:75 - [STDERR_REDIRECT] [Fatal Error] :1:1: Premature end of file.
2026-03-30 22:55:48,329 [ERROR] LogOutputStream:75 - [STDERR_REDIRECT] 
2026-03-30 22:55:49,329 [ERROR] LogOutputStream:75 - [STDERR_REDIRECT] [Fatal Error] :1:1: Premature end of file.
2026-03-30 22:55:49,329 [ERROR] LogOutputStream:75 - [STDERR_REDIRECT] 
2026-03-30 22:55:50,318 [ERROR] LogOutputStream:75 - [STDERR_REDIRECT] [Fatal Error] :1:1: Premature end of file.
2026-03-30 22:55:50,333 [ERROR] LogOutputStream:75 - [STDERR_REDIRECT] 
2026-03-30 22:55:51,330 [ERROR] LogOutputStream:75 - [STDERR_REDIRECT] [Fatal Error] :1:1: Premature end of file.
2026-03-30 22:55:51,330 [ERROR] LogOutputStream:75 - [STDERR_REDIRECT] 
2026-03-30 22:55:52,333 [ERROR] LogOutputStream:75 - [STDERR_REDIRECT] [Fatal Error] :1:1: Premature end of file.
2026-03-30 22:55:52,333 [ERROR] LogOutputStream:75 - [STDERR_REDIRECT] 
2026-03-30 22:55:53,335 [ERROR] LogOutputStream:75 - [STDERR_REDIRECT] [Fatal Error] :1:1: Premature end of file.
2026-03-30 22:55:53,335 [ERROR] LogOutputStream:75 - [STDERR_REDIRECT] 
2026-03-30 22:55:54,336 [ERROR] LogOutputStream:75 - [STDERR_REDIRECT] [Fatal Error] :1:1: Premature end of file.
2026-03-30 22:55:54,336 [ERROR] LogOutputStream:75 - [STDERR_REDIRECT] 
2026-03-30 22:55:55,326 [ERROR] LogOutputStream:75 - [STDERR_REDIRECT] [Fatal Error] :1:1: Premature end of file.
2026-03-30 22:55:55,326 [ERROR] LogOutputStream:75 - [STDERR_REDIRECT] 
2026-03-30 22:55:56,335 [ERROR] LogOutputStream:75 - [STDERR_REDIRECT] [Fatal Error] :1:1: Premature end of file.
2026-03-30 22:55:56,335 [ERROR] LogOutputStream:75 - [STDERR_REDIRECT] 
2026-03-30 22:55:57,324 [ERROR] LogOutputStream:75 - [STDERR_REDIRECT] [Fatal Error] :1:1: Premature end of file.
2026-03-30 22:55:57,324 [ERROR] LogOutputStream:75 - [STDERR_REDIRECT] 
2026-03-30 22:55:58,334 [ERROR] LogOutputStream:75 - [STDERR_REDIRECT] [Fatal Error] :1:1: Premature end of file.
2026-03-30 22:55:58,334 [ERROR] LogOutputStream:75 - [STDERR_REDIRECT] 
2026-03-30 22:55:59,327 [ERROR] LogOutputStream:75 - [STDERR_REDIRECT] [Fatal Error] :1:1: Premature end of file.
2026-03-30 22:55:59,328 [ERROR] LogOutputStream:75 - [STDERR_REDIRECT] 
2026-03-30 22:56:00,331 [ERROR] LogOutputStream:75 - [STDERR_REDIRECT] [Fatal Error] :1:1: Premature end of file.
2026-03-30 22:56:00,331 [ERROR] LogOutputStream:75 - [STDERR_REDIRECT] 
2026-03-30 22:56:01,331 [ERROR] LogOutputStream:75 - [STDERR_REDIRECT] [Fatal Error] :1:1: Premature end of file.
2026-03-30 22:56:01,331 [ERROR] LogOutputStream:75 - [STDERR_REDIRECT] 
2026-03-30 22:56:02,332 [ERROR] LogOutputStream:75 - [STDERR_REDIRECT] [Fatal Error] :1:1: Premature end of file.
2026-03-30 22:56:02,332 [ERROR] LogOutputStream:75 - [STDERR_REDIRECT] 
2026-03-30 22:56:03,334 [ERROR] LogOutputStream:75 - [STDERR_REDIRECT] [Fatal Error] :1:1: Premature end of file.
2026-03-30 22:56:03,334 [ERROR] LogOutputStream:75 - [STDERR_REDIRECT] 
2026-03-30 22:56:04,330 [ERROR] LogOutputStream:75 - [STDERR_REDIRECT] [Fatal Error] :1:1: Premature end of file.
2026-03-30 22:56:04,332 [ERROR] LogOutputStream:75 - [STDERR_REDIRECT] 
2026-03-30 22:56:05,315 [ERROR] LogOutputStream:75 - [STDERR_REDIRECT] [Fatal Error] :1:1: Premature end of file.
2026-03-30 22:56:05,330 [ERROR] LogOutputStream:75 - [STDERR_REDIRECT] 
2026-03-30 22:56:06,333 [ERROR] LogOutputStream:75 - [STDERR_REDIRECT] [Fatal Error] :1:1: Premature end of file.
2026-03-30 22:56:06,333 [ERROR] LogOutputStream:75 - [STDERR_REDIRECT] 
2026-03-30 22:56:07,325 [ERROR] LogOutputStream:75 - [STDERR_REDIRECT] [Fatal Error] :1:1: Premature end of file.
2026-03-30 22:56:07,325 [ERROR] LogOutputStream:75 - [STDERR_REDIRECT] 
2026-03-30 22:56:08,317 [ERROR] LogOutputStream:75 - [STDERR_REDIRECT] [Fatal Error] :1:1: Premature end of file.
2026-03-30 22:56:08,317 [ERROR] LogOutputStream:75 - [STDERR_REDIRECT] 
2026-03-30 22:56:09,332 [ERROR] LogOutputStream:75 - [STDERR_REDIRECT] [Fatal Error] :1:1: Premature end of file.
2026-03-30 22:56:09,333 [ERROR] LogOutputStream:75 - [STDERR_REDIRECT] 
2026-03-30 22:56:10,326 [ERROR] LogOutputStream:75 - [STDERR_REDIRECT] [Fatal Error] :1:1: Premature end of file.
2026-03-30 22:56:10,326 [ERROR] LogOutputStream:75 - [STDERR_REDIRECT] 
2026-03-30 22:56:11,333 [ERROR] LogOutputStream:75 - [STDERR_REDIRECT] [Fatal Error] :1:1: Premature end of file.
2026-03-30 22:56:11,333 [ERROR] LogOutputStream:75 - [STDERR_REDIRECT] 
2026-03-30 22:56:12,336 [ERROR] LogOutputStream:75 - [STDERR_REDIRECT] [Fatal Error] :1:1: Premature end of file.
2026-03-30 22:56:12,336 [ERROR] LogOutputStream:75 - [STDERR_REDIRECT] 
2026-03-30 22:56:13,335 [ERROR] LogOutputStream:75 - [STDERR_REDIRECT] [Fatal Error] :1:1: Premature end of file.
2026-03-30 22:56:13,335 [ERROR] LogOutputStream:75 - [STDERR_REDIRECT] 
2026-03-30 22:56:14,333 [ERROR] LogOutputStream:75 - [STDERR_REDIRECT] [Fatal Error] :1:1: Premature end of file.
2026-03-30 22:56:14,333 [ERROR] LogOutputStream:75 - [STDERR_REDIRECT] 
2026-03-30 22:56:15,327 [ERROR] LogOutputStream:75 - [STDERR_REDIRECT] [Fatal Error] :1:1: Premature end of file.
2026-03-30 22:56:15,327 [ERROR] LogOutputStream:75 - [STDERR_REDIRECT] 
2026-03-30 22:56:16,332 [ERROR] LogOutputStream:75 - [STDERR_REDIRECT] [Fatal Error] :1:1: Premature end of file.
2026-03-30 22:56:16,332 [ERROR] LogOutputStream:75 - [STDERR_REDIRECT] 
2026-03-30 22:56:17,317 [ERROR] LogOutputStream:75 - [STDERR_REDIRECT] [Fatal Error] :1:1: Premature end of file.
2026-03-30 22:56:17,317 [ERROR] LogOutputStream:75 - [STDERR_REDIRECT] 
2026-03-30 22:56:18,334 [ERROR] LogOutputStream:75 - [STDERR_REDIRECT] [Fatal Error] :1:1: Premature end of file.
2026-03-30 22:56:18,334 [ERROR] LogOutputStream:75 - [STDERR_REDIRECT] 
2026-03-30 22:56:19,329 [ERROR] LogOutputStream:75 - [STDERR_REDIRECT] [Fatal Error] :1:1: Premature end of file.
2026-03-30 22:56:19,329 [ERROR] LogOutputStream:75 - [STDERR_REDIRECT] 
2026-03-30 22:56:20,335 [ERROR] LogOutputStream:75 - [STDERR_REDIRECT] [Fatal Error] :1:1: Premature end of file.
2026-03-30 22:56:20,335 [ERROR] LogOutputStream:75 - [STDERR_REDIRECT] 
2026-03-30 22:56:21,326 [ERROR] LogOutputStream:75 - [STDERR_REDIRECT] [Fatal Error] :1:1: Premature end of file.
2026-03-30 22:56:21,326 [ERROR] LogOutputStream:75 - [STDERR_REDIRECT] 
2026-03-30 22:56:22,333 [ERROR] LogOutputStream:75 - [STDERR_REDIRECT] [Fatal Error] :1:1: Premature end of file.
2026-03-30 22:56:22,333 [ERROR] LogOutputStream:75 - [STDERR_REDIRECT] 
2026-03-30 22:56:23,333 [ERROR] LogOutputStream:75 - [STDERR_REDIRECT] [Fatal Error] :1:1: Premature end of file.
2026-03-30 22:56:23,333 [ERROR] LogOutputStream:75 - [STDERR_REDIRECT] 
2026-03-30 22:56:24,335 [ERROR] LogOutputStream:75 - [STDERR_REDIRECT] [Fatal Error] :1:1: Premature end of file.
2026-03-30 22:56:24,335 [ERROR] LogOutputStream:75 - [STDERR_REDIRECT] 
2026-03-30 22:56:25,332 [ERROR] LogOutputStream:75 - [STDERR_REDIRECT] [Fatal Error] :1:1: Premature end of file.
2026-03-30 22:56:25,332 [ERROR] LogOutputStream:75 - [STDERR_REDIRECT] 
2026-03-30 22:56:26,325 [ERROR] LogOutputStream:75 - [STDERR_REDIRECT] [Fatal Error] :1:1: Premature end of file.
2026-03-30 22:56:26,325 [ERROR] LogOutputStream:75 - [STDERR_REDIRECT] 
2026-03-30 22:56:27,333 [ERROR] LogOutputStream:75 - [STDERR_REDIRECT] [Fatal Error] :1:1: Premature end of file.
2026-03-30 22:56:27,333 [ERROR] LogOutputStream:75 - [STDERR_REDIRECT] 
2026-03-30 22:56:28,332 [ERROR] LogOutputStream:75 - [STDERR_REDIRECT] [Fatal Error] :1:1: Premature end of file.
2026-03-30 22:56:28,332 [ERROR] LogOutputStream:75 - [STDERR_REDIRECT] 
2026-03-30 22:56:29,318 [ERROR] LogOutputStream:75 - [STDERR_REDIRECT] [Fatal Error] :1:1: Premature end of file.
2026-03-30 22:56:29,334 [ERROR] LogOutputStream:75 - [STDERR_REDIRECT] 
2026-03-30 22:56:30,331 [ERROR] LogOutputStream:75 - [STDERR_REDIRECT] [Fatal Error] :1:1: Premature end of file.
2026-03-30 22:56:30,331 [ERROR] LogOutputStream:75 - [STDERR_REDIRECT] 
2026-03-30 22:56:31,334 [ERROR] LogOutputStream:75 - [STDERR_REDIRECT] [Fatal Error] :1:1: Premature end of file.
2026-03-30 22:56:31,334 [ERROR] LogOutputStream:75 - [STDERR_REDIRECT] 
2026-03-30 22:56:32,334 [ERROR] LogOutputStream:75 - [STDERR_REDIRECT] [Fatal Error] :1:1: Premature end of file.
2026-03-30 22:56:32,334 [ERROR] LogOutputStream:75 - [STDERR_REDIRECT] 
2026-03-30 22:56:33,338 [ERROR] LogOutputStream:75 - [STDERR_REDIRECT] [Fatal Error] :1:1: Premature end of file.
2026-03-30 22:56:33,338 [ERROR] LogOutputStream:75 - [STDERR_REDIRECT] 
2026-03-30 22:56:34,332 [ERROR] LogOutputStream:75 - [STDERR_REDIRECT] [Fatal Error] :1:1: Premature end of file.
2026-03-30 22:56:34,332 [ERROR] LogOutputStream:75 - [STDERR_REDIRECT] 
2026-03-30 22:56:35,333 [ERROR] LogOutputStream:75 - [STDERR_REDIRECT] [Fatal Error] :1:1: Premature end of file.
2026-03-30 22:56:35,333 [ERROR] LogOutputStream:75 - [STDERR_REDIRECT] 
2026-03-30 22:56:36,332 [ERROR] LogOutputStream:75 - [STDERR_REDIRECT] [Fatal Error] :1:1: Premature end of file.
2026-03-30 22:56:36,332 [ERROR] LogOutputStream:75 - [STDERR_REDIRECT] 
2026-03-30 22:56:37,331 [ERROR] LogOutputStream:75 - [STDERR_REDIRECT] [Fatal Error] :1:1: Premature end of file.
2026-03-30 22:56:37,331 [ERROR] LogOutputStream:75 - [STDERR_REDIRECT] 
2026-03-30 22:56:38,335 [ERROR] LogOutputStream:75 - [STDERR_REDIRECT] [Fatal Error] :1:1: Premature end of file.
2026-03-30 22:56:38,335 [ERROR] LogOutputStream:75 - [STDERR_REDIRECT] 
2026-03-30 22:56:39,334 [ERROR] LogOutputStream:75 - [STDERR_REDIRECT] [Fatal Error] :1:1: Premature end of file.
2026-03-30 22:56:39,334 [ERROR] LogOutputStream:75 - [STDERR_REDIRECT] 
2026-03-30 22:56:40,327 [ERROR] LogOutputStream:75 - [STDERR_REDIRECT] [Fatal Error] :1:1: Premature end of file.
2026-03-30 22:56:40,327 [ERROR] LogOutputStream:75 - [STDERR_REDIRECT] 
2026-03-30 22:56:41,333 [ERROR] LogOutputStream:75 - [STDERR_REDIRECT] [Fatal Error] :1:1: Premature end of file.
2026-03-30 22:56:41,333 [ERROR] LogOutputStream:75 - [STDERR_REDIRECT] 
2026-03-30 22:56:42,331 [ERROR] LogOutputStream:75 - [STDERR_REDIRECT] [Fatal Error] :1:1: Premature end of file.
2026-03-30 22:56:42,331 [ERROR] LogOutputStream:75 - [STDERR_REDIRECT] 
2026-03-30 22:56:43,318 [ERROR] LogOutputStream:75 - [STDERR_REDIRECT] [Fatal Error] :1:1: Premature end of file.
2026-03-30 22:56:43,318 [ERROR] LogOutputStream:75 - [STDERR_REDIRECT] 
2026-03-30 22:56:44,333 [ERROR] LogOutputStream:75 - [STDERR_REDIRECT] [Fatal Error] :1:1: Premature end of file.
2026-03-30 22:56:44,333 [ERROR] LogOutputStream:75 - [STDERR_REDIRECT] 
2026-03-30 22:56:45,328 [ERROR] LogOutputStream:75 - [STDERR_REDIRECT] [Fatal Error] :1:1: Premature end of file.
2026-03-30 22:56:45,328 [ERROR] LogOutputStream:75 - [STDERR_REDIRECT] 
2026-03-30 22:56:46,334 [ERROR] LogOutputStream:75 - [STDERR_REDIRECT] [Fatal Error] :1:1: Premature end of file.
2026-03-30 22:56:46,334 [ERROR] LogOutputStream:75 - [STDERR_REDIRECT] 
2026-03-30 22:56:47,334 [ERROR] LogOutputStream:75 - [STDERR_REDIRECT] [Fatal Error] :1:1: Premature end of file.
2026-03-30 22:56:47,334 [ERROR] LogOutputStream:75 - [STDERR_REDIRECT] 
2026-03-30 22:56:48,332 [ERROR] LogOutputStream:75 - [STDERR_REDIRECT] [Fatal Error] :1:1: Premature end of file.
2026-03-30 22:56:48,332 [ERROR] LogOutputStream:75 - [STDERR_REDIRECT] 
2026-03-30 22:56:49,328 [ERROR] LogOutputStream:75 - [STDERR_REDIRECT] [Fatal Error] :1:1: Premature end of file.
2026-03-30 22:56:49,328 [ERROR] LogOutputStream:75 - [STDERR_REDIRECT] 
2026-03-30 22:56:50,324 [ERROR] LogOutputStream:75 - [STDERR_REDIRECT] [Fatal Error] :1:1: Premature end of file.
2026-03-30 22:56:50,324 [ERROR] LogOutputStream:75 - [STDERR_REDIRECT] 
2026-03-30 22:56:51,323 [ERROR] LogOutputStream:75 - [STDERR_REDIRECT] [Fatal Error] :1:1: Premature end of file.
2026-03-30 22:56:51,323 [ERROR] LogOutputStream:75 - [STDERR_REDIRECT] 
2026-03-30 22:56:52,361 [ERROR] LogOutputStream:75 - [STDERR_REDIRECT] [Fatal Error] :1:1: Premature end of file.
2026-03-30 22:56:52,362 [ERROR] LogOutputStream:75 - [STDERR_REDIRECT] 
2026-03-30 22:56:53,322 [ERROR] LogOutputStream:75 - [STDERR_REDIRECT] [Fatal Error] :1:1: Premature end of file.
2026-03-30 22:56:53,322 [ERROR] LogOutputStream:75 - [STDERR_REDIRECT] 
2026-03-30 22:56:54,328 [ERROR] LogOutputStream:75 - [STDERR_REDIRECT] [Fatal Error] :1:1: Premature end of file.
2026-03-30 22:56:54,328 [ERROR] LogOutputStream:75 - [STDERR_REDIRECT] 
2026-03-30 22:56:55,323 [ERROR] LogOutputStream:75 - [STDERR_REDIRECT] [Fatal Error] :1:1: Premature end of file.
2026-03-30 22:56:55,323 [ERROR] LogOutputStream:75 - [STDERR_REDIRECT] 
2026-03-30 22:56:56,323 [ERROR] LogOutputStream:75 - [STDERR_REDIRECT] [Fatal Error] :1:1: Premature end of file.
2026-03-30 22:56:56,323 [ERROR] LogOutputStream:75 - [STDERR_REDIRECT] 
2026-03-30 22:56:57,323 [ERROR] LogOutputStream:75 - [STDERR_REDIRECT] [Fatal Error] :1:1: Premature end of file.
2026-03-30 22:56:57,323 [ERROR] LogOutputStream:75 - [STDERR_REDIRECT] 
2026-03-30 22:56:58,324 [ERROR] LogOutputStream:75 - [STDERR_REDIRECT] [Fatal Error] :1:1: Premature end of file.
2026-03-30 22:56:58,324 [ERROR] LogOutputStream:75 - [STDERR_REDIRECT] 
2026-03-30 22:56:59,326 [ERROR] LogOutputStream:75 - [STDERR_REDIRECT] [Fatal Error] :1:1: Premature end of file.
2026-03-30 22:56:59,326 [ERROR] LogOutputStream:75 - [STDERR_REDIRECT] 
2026-03-30 22:57:00,322 [ERROR] LogOutputStream:75 - [STDERR_REDIRECT] [Fatal Error] :1:1: Premature end of file.
2026-03-30 22:57:00,322 [ERROR] LogOutputStream:75 - [STDERR_REDIRECT] 
2026-03-30 22:57:01,322 [ERROR] LogOutputStream:75 - [STDERR_REDIRECT] [Fatal Error] :1:1: Premature end of file.
2026-03-30 22:57:01,323 [ERROR] LogOutputStream:75 - [STDERR_REDIRECT] 
2026-03-30 22:57:02,324 [ERROR] LogOutputStream:75 - [STDERR_REDIRECT] [Fatal Error] :1:1: Premature end of file.
2026-03-30 22:57:02,324 [ERROR] LogOutputStream:75 - [STDERR_REDIRECT] 
2026-03-30 22:57:03,324 [ERROR] LogOutputStream:75 - [STDERR_REDIRECT] [Fatal Error] :1:1: Premature end of file.
2026-03-30 22:57:03,324 [ERROR] LogOutputStream:75 - [STDERR_REDIRECT] 
2026-03-30 22:57:04,322 [ERROR] LogOutputStream:75 - [STDERR_REDIRECT] [Fatal Error] :1:1: Premature end of file.
2026-03-30 22:57:04,322 [ERROR] LogOutputStream:75 - [STDERR_REDIRECT] 
2026-03-30 22:57:05,321 [ERROR] LogOutputStream:75 - [STDERR_REDIRECT] [Fatal Error] :1:1: Premature end of file.
2026-03-30 22:57:05,321 [ERROR] LogOutputStream:75 - [STDERR_REDIRECT] 
2026-03-30 22:57:06,323 [ERROR] LogOutputStream:75 - [STDERR_REDIRECT] [Fatal Error] :1:1: Premature end of file.
2026-03-30 22:57:06,323 [ERROR] LogOutputStream:75 - [STDERR_REDIRECT] 
2026-03-30 22:57:07,323 [ERROR] LogOutputStream:75 - [STDERR_REDIRECT] [Fatal Error] :1:1: Premature end of file.
2026-03-30 22:57:07,323 [ERROR] LogOutputStream:75 - [STDERR_REDIRECT] 
2026-03-30 22:57:08,334 [ERROR] LogOutputStream:75 - [STDERR_REDIRECT] [Fatal Error] :1:1: Premature end of file.
2026-03-30 22:57:08,334 [ERROR] LogOutputStream:75 - [STDERR_REDIRECT] 
2026-03-30 22:57:09,325 [ERROR] LogOutputStream:75 - [STDERR_REDIRECT] [Fatal Error] :1:1: Premature end of file.
2026-03-30 22:57:09,325 [ERROR] LogOutputStream:75 - [STDERR_REDIRECT] 
2026-03-30 22:57:10,323 [ERROR] LogOutputStream:75 - [STDERR_REDIRECT] [Fatal Error] :1:1: Premature end of file.
2026-03-30 22:57:10,323 [ERROR] LogOutputStream:75 - [STDERR_REDIRECT] 
2026-03-30 22:57:11,323 [ERROR] LogOutputStream:75 - [STDERR_REDIRECT] [Fatal Error] :1:1: Premature end of file.
2026-03-30 22:57:11,323 [ERROR] LogOutputStream:75 - [STDERR_REDIRECT] 
2026-03-30 22:57:12,323 [ERROR] LogOutputStream:75 - [STDERR_REDIRECT] [Fatal Error] :1:1: Premature end of file.
2026-03-30 22:57:12,323 [ERROR] LogOutputStream:75 - [STDERR_REDIRECT] 
2026-03-30 22:57:13,323 [ERROR] LogOutputStream:75 - [STDERR_REDIRECT] [Fatal Error] :1:1: Premature end of file.
2026-03-30 22:57:13,324 [ERROR] LogOutputStream:75 - [STDERR_REDIRECT] 
2026-03-30 22:57:14,323 [ERROR] LogOutputStream:75 - [STDERR_REDIRECT] [Fatal Error] :1:1: Premature end of file.
2026-03-30 22:57:14,323 [ERROR] LogOutputStream:75 - [STDERR_REDIRECT] 
2026-03-30 22:57:15,324 [ERROR] LogOutputStream:75 - [STDERR_REDIRECT] [Fatal Error] :1:1: Premature end of file.
2026-03-30 22:57:15,324 [ERROR] LogOutputStream:75 - [STDERR_REDIRECT] 
2026-03-30 22:57:16,322 [ERROR] LogOutputStream:75 - [STDERR_REDIRECT] [Fatal Error] :1:1: Premature end of file.
2026-03-30 22:57:16,323 [ERROR] LogOutputStream:75 - [STDERR_REDIRECT] 
2026-03-30 22:57:17,324 [ERROR] LogOutputStream:75 - [STDERR_REDIRECT] [Fatal Error] :1:1: Premature end of file.
2026-03-30 22:57:17,325 [ERROR] LogOutputStream:75 - [STDERR_REDIRECT] 
2026-03-30 22:57:18,324 [ERROR] LogOutputStream:75 - [STDERR_REDIRECT] [Fatal Error] :1:1: Premature end of file.
2026-03-30 22:57:18,324 [ERROR] LogOutputStream:75 - [STDERR_REDIRECT] 
2026-03-30 22:57:19,324 [ERROR] LogOutputStream:75 - [STDERR_REDIRECT] [Fatal Error] :1:1: Premature end of file.
2026-03-30 22:57:19,324 [ERROR] LogOutputStream:75 - [STDERR_REDIRECT] 
2026-03-30 22:57:20,323 [ERROR] LogOutputStream:75 - [STDERR_REDIRECT] [Fatal Error] :1:1: Premature end of file.
2026-03-30 22:57:20,323 [ERROR] LogOutputStream:75 - [STDERR_REDIRECT] 
2026-03-30 22:57:21,324 [ERROR] LogOutputStream:75 - [STDERR_REDIRECT] [Fatal Error] :1:1: Premature end of file.
2026-03-30 22:57:21,324 [ERROR] LogOutputStream:75 - [STDERR_REDIRECT] 
2026-03-30 22:57:22,324 [ERROR] LogOutputStream:75 - [STDERR_REDIRECT] [Fatal Error] :1:1: Premature end of file.
2026-03-30 22:57:22,324 [ERROR] LogOutputStream:75 - [STDERR_REDIRECT] 
2026-03-30 22:57:23,322 [ERROR] LogOutputStream:75 - [STDERR_REDIRECT] [Fatal Error] :1:1: Premature end of file.
2026-03-30 22:57:23,322 [ERROR] LogOutputStream:75 - [STDERR_REDIRECT] 
2026-03-30 22:57:24,322 [ERROR] LogOutputStream:75 - [STDERR_REDIRECT] [Fatal Error] :1:1: Premature end of file.
2026-03-30 22:57:24,323 [ERROR] LogOutputStream:75 - [STDERR_REDIRECT] 
2026-03-30 22:57:25,323 [ERROR] LogOutputStream:75 - [STDERR_REDIRECT] [Fatal Error] :1:1: Premature end of file.
2026-03-30 22:57:25,323 [ERROR] LogOutputStream:75 - [STDERR_REDIRECT] 
2026-03-30 22:57:26,322 [ERROR] LogOutputStream:75 - [STDERR_REDIRECT] [Fatal Error] :1:1: Premature end of file.
2026-03-30 22:57:26,322 [ERROR] LogOutputStream:75 - [STDERR_REDIRECT] 
2026-03-30 22:57:27,324 [ERROR] LogOutputStream:75 - [STDERR_REDIRECT] [Fatal Error] :1:1: Premature end of file.
2026-03-30 22:57:27,324 [ERROR] LogOutputStream:75 - [STDERR_REDIRECT] 
2026-03-30 22:57:28,323 [ERROR] LogOutputStream:75 - [STDERR_REDIRECT] [Fatal Error] :1:1: Premature end of file.
2026-03-30 22:57:28,323 [ERROR] LogOutputStream:75 - [STDERR_REDIRECT] 
2026-03-30 22:57:29,336 [ERROR] LogOutputStream:75 - [STDERR_REDIRECT] [Fatal Error] :1:1: Premature end of file.
2026-03-30 22:57:29,336 [ERROR] LogOutputStream:75 - [STDERR_REDIRECT] 
2026-03-30 22:57:30,335 [ERROR] LogOutputStream:75 - [STDERR_REDIRECT] [Fatal Error] :1:1: Premature end of file.
2026-03-30 22:57:30,335 [ERROR] LogOutputStream:75 - [STDERR_REDIRECT] 
2026-03-30 22:57:31,327 [ERROR] LogOutputStream:75 - [STDERR_REDIRECT] [Fatal Error] :1:1: Premature end of file.
2026-03-30 22:57:31,327 [ERROR] LogOutputStream:75 - [STDERR_REDIRECT] 
2026-03-30 22:57:32,324 [ERROR] LogOutputStream:75 - [STDERR_REDIRECT] [Fatal Error] :1:1: Premature end of file.
2026-03-30 22:57:32,324 [ERROR] LogOutputStream:75 - [STDERR_REDIRECT] 
2026-03-30 22:57:33,324 [ERROR] LogOutputStream:75 - [STDERR_REDIRECT] [Fatal Error] :1:1: Premature end of file.
2026-03-30 22:57:33,324 [ERROR] LogOutputStream:75 - [STDERR_REDIRECT] 
2026-03-30 22:57:34,323 [ERROR] LogOutputStream:75 - [STDERR_REDIRECT] [Fatal Error] :1:1: Premature end of file.
2026-03-30 22:57:34,324 [ERROR] LogOutputStream:75 - [STDERR_REDIRECT] 
2026-03-30 22:57:35,324 [ERROR] LogOutputStream:75 - [STDERR_REDIRECT] [Fatal Error] :1:1: Premature end of file.
2026-03-30 22:57:35,324 [ERROR] LogOutputStream:75 - [STDERR_REDIRECT] 
2026-03-30 22:57:36,322 [ERROR] LogOutputStream:75 - [STDERR_REDIRECT] [Fatal Error] :1:1: Premature end of file.
2026-03-30 22:57:36,322 [ERROR] LogOutputStream:75 - [STDERR_REDIRECT] 
2026-03-30 22:57:37,322 [ERROR] LogOutputStream:75 - [STDERR_REDIRECT] [Fatal Error] :1:1: Premature end of file.
2026-03-30 22:57:37,322 [ERROR] LogOutputStream:75 - [STDERR_REDIRECT] 
2026-03-30 22:57:38,324 [ERROR] LogOutputStream:75 - [STDERR_REDIRECT] [Fatal Error] :1:1: Premature end of file.
2026-03-30 22:57:38,324 [ERROR] LogOutputStream:75 - [STDERR_REDIRECT] 
2026-03-30 22:57:39,323 [ERROR] LogOutputStream:75 - [STDERR_REDIRECT] [Fatal Error] :1:1: Premature end of file.
2026-03-30 22:57:39,323 [ERROR] LogOutputStream:75 - [STDERR_REDIRECT] 
2026-03-30 22:57:40,329 [ERROR] LogOutputStream:75 - [STDERR_REDIRECT] [Fatal Error] :1:1: Premature end of file.
2026-03-30 22:57:40,329 [ERROR] LogOutputStream:75 - [STDERR_REDIRECT] 
2026-03-30 22:57:41,323 [ERROR] LogOutputStream:75 - [STDERR_REDIRECT] [Fatal Error] :1:1: Premature end of file.
2026-03-30 22:57:41,323 [ERROR] LogOutputStream:75 - [STDERR_REDIRECT] 
2026-03-30 22:57:42,325 [ERROR] LogOutputStream:75 - [STDERR_REDIRECT] [Fatal Error] :1:1: Premature end of file.
2026-03-30 22:57:42,325 [ERROR] LogOutputStream:75 - [STDERR_REDIRECT] 
2026-03-30 22:57:43,324 [ERROR] LogOutputStream:75 - [STDERR_REDIRECT] [Fatal Error] :1:1: Premature end of file.
2026-03-30 22:57:43,324 [ERROR] LogOutputStream:75 - [STDERR_REDIRECT] 
2026-03-30 22:57:44,327 [ERROR] LogOutputStream:75 - [STDERR_REDIRECT] [Fatal Error] :1:1: Premature end of file.
2026-03-30 22:57:44,327 [ERROR] LogOutputStream:75 - [STDERR_REDIRECT] 
2026-03-30 22:57:45,324 [ERROR] LogOutputStream:75 - [STDERR_REDIRECT] [Fatal Error] :1:1: Premature end of file.
2026-03-30 22:57:45,324 [ERROR] LogOutputStream:75 - [STDERR_REDIRECT] 
2026-03-30 22:57:46,324 [ERROR] LogOutputStream:75 - [STDERR_REDIRECT] [Fatal Error] :1:1: Premature end of file.
2026-03-30 22:57:46,324 [ERROR] LogOutputStream:75 - [STDERR_REDIRECT] 
2026-03-30 22:57:47,323 [ERROR] LogOutputStream:75 - [STDERR_REDIRECT] [Fatal Error] :1:1: Premature end of file.
2026-03-30 22:57:47,323 [ERROR] LogOutputStream:75 - [STDERR_REDIRECT] 
2026-03-30 22:57:48,323 [ERROR] LogOutputStream:75 - [STDERR_REDIRECT] [Fatal Error] :1:1: Premature end of file.
2026-03-30 22:57:48,323 [ERROR] LogOutputStream:75 - [STDERR_REDIRECT] 
2026-03-30 22:57:49,324 [ERROR] LogOutputStream:75 - [STDERR_REDIRECT] [Fatal Error] :1:1: Premature end of file.
2026-03-30 22:57:49,324 [ERROR] LogOutputStream:75 - [STDERR_REDIRECT] 
2026-03-30 22:57:50,322 [ERROR] LogOutputStream:75 - [STDERR_REDIRECT] [Fatal Error] :1:1: Premature end of file.
2026-03-30 22:57:50,322 [ERROR] LogOutputStream:75 - [STDERR_REDIRECT] 
2026-03-30 22:57:51,323 [ERROR] LogOutputStream:75 - [STDERR_REDIRECT] [Fatal Error] :1:1: Premature end of file.
2026-03-30 22:57:51,323 [ERROR] LogOutputStream:75 - [STDERR_REDIRECT] 
2026-03-30 22:57:52,325 [ERROR] LogOutputStream:75 - [STDERR_REDIRECT] [Fatal Error] :1:1: Premature end of file.
2026-03-30 22:57:52,325 [ERROR] LogOutputStream:75 - [STDERR_REDIRECT] 
2026-03-30 22:57:53,324 [ERROR] LogOutputStream:75 - [STDERR_REDIRECT] [Fatal Error] :1:1: Premature end of file.
2026-03-30 22:57:53,324 [ERROR] LogOutputStream:75 - [STDERR_REDIRECT] 
2026-03-30 22:57:54,324 [ERROR] LogOutputStream:75 - [STDERR_REDIRECT] [Fatal Error] :1:1: Premature end of file.
2026-03-30 22:57:54,324 [ERROR] LogOutputStream:75 - [STDERR_REDIRECT] 
2026-03-30 22:57:55,321 [ERROR] LogOutputStream:75 - [STDERR_REDIRECT] [Fatal Error] :1:1: Premature end of file.
2026-03-30 22:57:55,322 [ERROR] LogOutputStream:75 - [STDERR_REDIRECT] 
2026-03-30 22:57:56,324 [ERROR] LogOutputStream:75 - [STDERR_REDIRECT] [Fatal Error] :1:1: Premature end of file.
2026-03-30 22:57:56,324 [ERROR] LogOutputStream:75 - [STDERR_REDIRECT] 
2026-03-30 22:57:57,325 [ERROR] LogOutputStream:75 - [STDERR_REDIRECT] [Fatal Error] :1:1: Premature end of file.
2026-03-30 22:57:57,325 [ERROR] LogOutputStream:75 - [STDERR_REDIRECT] 
2026-03-30 22:57:58,323 [ERROR] LogOutputStream:75 - [STDERR_REDIRECT] [Fatal Error] :1:1: Premature end of file.
2026-03-30 22:57:58,323 [ERROR] LogOutputStream:75 - [STDERR_REDIRECT] 
2026-03-30 22:57:59,321 [ERROR] LogOutputStream:75 - [STDERR_REDIRECT] [Fatal Error] :1:1: Premature end of file.
2026-03-30 22:57:59,321 [ERROR] LogOutputStream:75 - [STDERR_REDIRECT] 
2026-03-30 22:58:00,324 [ERROR] LogOutputStream:75 - [STDERR_REDIRECT] [Fatal Error] :1:1: Premature end of file.
2026-03-30 22:58:00,324 [ERROR] LogOutputStream:75 - [STDERR_REDIRECT] 
2026-03-30 22:58:01,324 [ERROR] LogOutputStream:75 - [STDERR_REDIRECT] [Fatal Error] :1:1: Premature end of file.
2026-03-30 22:58:01,324 [ERROR] LogOutputStream:75 - [STDERR_REDIRECT] 
2026-03-30 22:58:02,324 [ERROR] LogOutputStream:75 - [STDERR_REDIRECT] [Fatal Error] :1:1: Premature end of file.
2026-03-30 22:58:02,324 [ERROR] LogOutputStream:75 - [STDERR_REDIRECT] 
2026-03-30 22:58:03,323 [ERROR] LogOutputStream:75 - [STDERR_REDIRECT] [Fatal Error] :1:1: Premature end of file.
2026-03-30 22:58:03,323 [ERROR] LogOutputStream:75 - [STDERR_REDIRECT] 
2026-03-30 22:58:04,325 [ERROR] LogOutputStream:75 - [STDERR_REDIRECT] [Fatal Error] :1:1: Premature end of file.
2026-03-30 22:58:04,325 [ERROR] LogOutputStream:75 - [STDERR_REDIRECT] 
2026-03-30 22:58:05,321 [ERROR] LogOutputStream:75 - [STDERR_REDIRECT] [Fatal Error] :1:1: Premature end of file.
2026-03-30 22:58:05,321 [ERROR] LogOutputStream:75 - [STDERR_REDIRECT] 
2026-03-30 22:58:06,322 [ERROR] LogOutputStream:75 - [STDERR_REDIRECT] [Fatal Error] :1:1: Premature end of file.
2026-03-30 22:58:06,322 [ERROR] LogOutputStream:75 - [STDERR_REDIRECT] 
2026-03-30 22:58:07,323 [ERROR] LogOutputStream:75 - [STDERR_REDIRECT] [Fatal Error] :1:1: Premature end of file.
2026-03-30 22:58:07,323 [ERROR] LogOutputStream:75 - [STDERR_REDIRECT] 
2026-03-30 22:58:08,322 [ERROR] LogOutputStream:75 - [STDERR_REDIRECT] [Fatal Error] :1:1: Premature end of file.
2026-03-30 22:58:08,322 [ERROR] LogOutputStream:75 - [STDERR_REDIRECT] 
2026-03-30 22:58:09,321 [ERROR] LogOutputStream:75 - [STDERR_REDIRECT] [Fatal Error] :1:1: Premature end of file.
2026-03-30 22:58:09,321 [ERROR] LogOutputStream:75 - [STDERR_REDIRECT] 
2026-03-30 22:58:10,325 [ERROR] LogOutputStream:75 - [STDERR_REDIRECT] [Fatal Error] :1:1: Premature end of file.
2026-03-30 22:58:10,325 [ERROR] LogOutputStream:75 - [STDERR_REDIRECT] 
2026-03-30 22:58:11,323 [ERROR] LogOutputStream:75 - [STDERR_REDIRECT] [Fatal Error] :1:1: Premature end of file.
2026-03-30 22:58:11,323 [ERROR] LogOutputStream:75 - [STDERR_REDIRECT] 
2026-03-30 22:58:12,324 [ERROR] LogOutputStream:75 - [STDERR_REDIRECT] [Fatal Error] :1:1: Premature end of file.
2026-03-30 22:58:12,324 [ERROR] LogOutputStream:75 - [STDERR_REDIRECT] 
2026-03-30 22:58:13,323 [ERROR] LogOutputStream:75 - [STDERR_REDIRECT] [Fatal Error] :1:1: Premature end of file.
2026-03-30 22:58:13,323 [ERROR] LogOutputStream:75 - [STDERR_REDIRECT] 
2026-03-30 22:58:14,323 [ERROR] LogOutputStream:75 - [STDERR_REDIRECT] [Fatal Error] :1:1: Premature end of file.
2026-03-30 22:58:14,323 [ERROR] LogOutputStream:75 - [STDERR_REDIRECT] 
2026-03-30 22:58:15,323 [ERROR] LogOutputStream:75 - [STDERR_REDIRECT] [Fatal Error] :1:1: Premature end of file.
2026-03-30 22:58:15,323 [ERROR] LogOutputStream:75 - [STDERR_REDIRECT] 
2026-03-30 22:58:16,324 [ERROR] LogOutputStream:75 - [STDERR_REDIRECT] [Fatal Error] :1:1: Premature end of file.
2026-03-30 22:58:16,325 [ERROR] LogOutputStream:75 - [STDERR_REDIRECT] 
2026-03-30 22:58:17,323 [ERROR] LogOutputStream:75 - [STDERR_REDIRECT] [Fatal Error] :1:1: Premature end of file.
2026-03-30 22:58:17,324 [ERROR] LogOutputStream:75 - [STDERR_REDIRECT] 
2026-03-30 22:58:18,333 [ERROR] LogOutputStream:75 - [STDERR_REDIRECT] [Fatal Error] :1:1: Premature end of file.
2026-03-30 22:58:18,333 [ERROR] LogOutputStream:75 - [STDERR_REDIRECT] 
2026-03-30 22:58:19,335 [ERROR] LogOutputStream:75 - [STDERR_REDIRECT] [Fatal Error] :1:1: Premature end of file.
2026-03-30 22:58:19,335 [ERROR] LogOutputStream:75 - [STDERR_REDIRECT] 
2026-03-30 22:58:20,338 [ERROR] LogOutputStream:75 - [STDERR_REDIRECT] [Fatal Error] :1:1: Premature end of file.
2026-03-30 22:58:20,338 [ERROR] LogOutputStream:75 - [STDERR_REDIRECT] 
2026-03-30 22:58:21,334 [ERROR] LogOutputStream:75 - [STDERR_REDIRECT] [Fatal Error] :1:1: Premature end of file.
2026-03-30 22:58:21,334 [ERROR] LogOutputStream:75 - [STDERR_REDIRECT] 
2026-03-30 22:58:22,336 [ERROR] LogOutputStream:75 - [STDERR_REDIRECT] [Fatal Error] :1:1: Premature end of file.
2026-03-30 22:58:22,336 [ERROR] LogOutputStream:75 - [STDERR_REDIRECT] 
2026-03-30 22:58:23,324 [ERROR] LogOutputStream:75 - [STDERR_REDIRECT] [Fatal Error] :1:1: Premature end of file.
2026-03-30 22:58:23,324 [ERROR] LogOutputStream:75 - [STDERR_REDIRECT] 
2026-03-30 22:58:24,329 [ERROR] LogOutputStream:75 - [STDERR_REDIRECT] [Fatal Error] :1:1: Premature end of file.
2026-03-30 22:58:24,329 [ERROR] LogOutputStream:75 - [STDERR_REDIRECT] 
2026-03-30 22:58:25,330 [ERROR] LogOutputStream:75 - [STDERR_REDIRECT] [Fatal Error] :1:1: Premature end of file.
2026-03-30 22:58:25,330 [ERROR] LogOutputStream:75 - [STDERR_REDIRECT] 
2026-03-30 22:58:26,331 [ERROR] LogOutputStream:75 - [STDERR_REDIRECT] [Fatal Error] :1:1: Premature end of file.
2026-03-30 22:58:26,331 [ERROR] LogOutputStream:75 - [STDERR_REDIRECT] 
2026-03-30 22:58:27,334 [ERROR] LogOutputStream:75 - [STDERR_REDIRECT] [Fatal Error] :1:1: Premature end of file.
2026-03-30 22:58:27,334 [ERROR] LogOutputStream:75 - [STDERR_REDIRECT] 
2026-03-30 22:58:28,321 [ERROR] LogOutputStream:75 - [STDERR_REDIRECT] [Fatal Error] :1:1: Premature end of file.
2026-03-30 22:58:28,321 [ERROR] LogOutputStream:75 - [STDERR_REDIRECT] 
2026-03-30 22:58:29,334 [ERROR] LogOutputStream:75 - [STDERR_REDIRECT] [Fatal Error] :1:1: Premature end of file.
2026-03-30 22:58:29,334 [ERROR] LogOutputStream:75 - [STDERR_REDIRECT] 
2026-03-30 22:58:30,335 [ERROR] LogOutputStream:75 - [STDERR_REDIRECT] [Fatal Error] :1:1: Premature end of file.
2026-03-30 22:58:30,335 [ERROR] LogOutputStream:75 - [STDERR_REDIRECT] 
2026-03-30 22:58:31,336 [ERROR] LogOutputStream:75 - [STDERR_REDIRECT] [Fatal Error] :1:1: Premature end of file.
2026-03-30 22:58:31,336 [ERROR] LogOutputStream:75 - [STDERR_REDIRECT] 
2026-03-30 22:58:32,322 [ERROR] LogOutputStream:75 - [STDERR_REDIRECT] [Fatal Error] :1:1: Premature end of file.
2026-03-30 22:58:32,322 [ERROR] LogOutputStream:75 - [STDERR_REDIRECT] 
2026-03-30 22:58:33,327 [ERROR] LogOutputStream:75 - [STDERR_REDIRECT] [Fatal Error] :1:1: Premature end of file.
2026-03-30 22:58:33,327 [ERROR] LogOutputStream:75 - [STDERR_REDIRECT] 
2026-03-30 22:58:34,330 [ERROR] LogOutputStream:75 - [STDERR_REDIRECT] [Fatal Error] :1:1: Premature end of file.
2026-03-30 22:58:34,330 [ERROR] LogOutputStream:75 - [STDERR_REDIRECT] 
2026-03-30 22:58:35,332 [ERROR] LogOutputStream:75 - [STDERR_REDIRECT] [Fatal Error] :1:1: Premature end of file.
2026-03-30 22:58:35,332 [ERROR] LogOutputStream:75 - [STDERR_REDIRECT] 
2026-03-30 22:58:36,335 [ERROR] LogOutputStream:75 - [STDERR_REDIRECT] [Fatal Error] :1:1: Premature end of file.
2026-03-30 22:58:36,335 [ERROR] LogOutputStream:75 - [STDERR_REDIRECT] 
2026-03-30 22:58:37,320 [ERROR] LogOutputStream:75 - [STDERR_REDIRECT] [Fatal Error] :1:1: Premature end of file.
2026-03-30 22:58:37,320 [ERROR] LogOutputStream:75 - [STDERR_REDIRECT] 
2026-03-30 22:58:38,334 [ERROR] LogOutputStream:75 - [STDERR_REDIRECT] [Fatal Error] :1:1: Premature end of file.
2026-03-30 22:58:38,334 [ERROR] LogOutputStream:75 - [STDERR_REDIRECT] 
2026-03-30 22:58:39,337 [ERROR] LogOutputStream:75 - [STDERR_REDIRECT] [Fatal Error] :1:1: Premature end of file.
2026-03-30 22:58:39,337 [ERROR] LogOutputStream:75 - [STDERR_REDIRECT] 
2026-03-30 22:58:40,325 [ERROR] LogOutputStream:75 - [STDERR_REDIRECT] [Fatal Error] :1:1: Premature end of file.
2026-03-30 22:58:40,325 [ERROR] LogOutputStream:75 - [STDERR_REDIRECT] 
2026-03-30 22:58:41,328 [ERROR] LogOutputStream:75 - [STDERR_REDIRECT] [Fatal Error] :1:1: Premature end of file.
2026-03-30 22:58:41,328 [ERROR] LogOutputStream:75 - [STDERR_REDIRECT] 
2026-03-30 22:58:42,328 [ERROR] LogOutputStream:75 - [STDERR_REDIRECT] [Fatal Error] :1:1: Premature end of file.
2026-03-30 22:58:42,328 [ERROR] LogOutputStream:75 - [STDERR_REDIRECT] 
2026-03-30 22:58:43,330 [ERROR] LogOutputStream:75 - [STDERR_REDIRECT] [Fatal Error] :1:1: Premature end of file.
2026-03-30 22:58:43,330 [ERROR] LogOutputStream:75 - [STDERR_REDIRECT] 
2026-03-30 22:58:44,331 [ERROR] LogOutputStream:75 - [STDERR_REDIRECT] [Fatal Error] :1:1: Premature end of file.
2026-03-30 22:58:44,331 [ERROR] LogOutputStream:75 - [STDERR_REDIRECT] 
2026-03-30 22:58:45,334 [ERROR] LogOutputStream:75 - [STDERR_REDIRECT] [Fatal Error] :1:1: Premature end of file.
2026-03-30 22:58:45,334 [ERROR] LogOutputStream:75 - [STDERR_REDIRECT] 
2026-03-30 22:58:46,334 [ERROR] LogOutputStream:75 - [STDERR_REDIRECT] [Fatal Error] :1:1: Premature end of file.
2026-03-30 22:58:46,334 [ERROR] LogOutputStream:75 - [STDERR_REDIRECT] 
2026-03-30 22:58:47,336 [ERROR] LogOutputStream:75 - [STDERR_REDIRECT] [Fatal Error] :1:1: Premature end of file.
2026-03-30 22:58:47,336 [ERROR] LogOutputStream:75 - [STDERR_REDIRECT] 
2026-03-30 22:58:48,323 [ERROR] LogOutputStream:75 - [STDERR_REDIRECT] [Fatal Error] :1:1: Premature end of file.
2026-03-30 22:58:48,323 [ERROR] LogOutputStream:75 - [STDERR_REDIRECT] 
2026-03-30 22:58:49,321 [ERROR] LogOutputStream:75 - [STDERR_REDIRECT] [Fatal Error] :1:1: Premature end of file.
2026-03-30 22:58:49,321 [ERROR] LogOutputStream:75 - [STDERR_REDIRECT] 
2026-03-30 22:58:50,325 [ERROR] LogOutputStream:75 - [STDERR_REDIRECT] [Fatal Error] :1:1: Premature end of file.
2026-03-30 22:58:50,325 [ERROR] LogOutputStream:75 - [STDERR_REDIRECT] 
2026-03-30 22:58:51,329 [ERROR] LogOutputStream:75 - [STDERR_REDIRECT] [Fatal Error] :1:1: Premature end of file.
2026-03-30 22:58:51,329 [ERROR] LogOutputStream:75 - [STDERR_REDIRECT] 
2026-03-30 22:58:52,333 [ERROR] LogOutputStream:75 - [STDERR_REDIRECT] [Fatal Error] :1:1: Premature end of file.
2026-03-30 22:58:52,333 [ERROR] LogOutputStream:75 - [STDERR_REDIRECT] 
2026-03-30 22:58:53,334 [ERROR] LogOutputStream:75 - [STDERR_REDIRECT] [Fatal Error] :1:1: Premature end of file.
2026-03-30 22:58:53,334 [ERROR] LogOutputStream:75 - [STDERR_REDIRECT] 
2026-03-30 22:58:54,336 [ERROR] LogOutputStream:75 - [STDERR_REDIRECT] [Fatal Error] :1:1: Premature end of file.
2026-03-30 22:58:54,336 [ERROR] LogOutputStream:75 - [STDERR_REDIRECT] 
2026-03-30 22:58:55,332 [ERROR] LogOutputStream:75 - [STDERR_REDIRECT] [Fatal Error] :1:1: Premature end of file.
2026-03-30 22:58:55,332 [ERROR] LogOutputStream:75 - [STDERR_REDIRECT] 
2026-03-30 22:58:56,334 [ERROR] LogOutputStream:75 - [STDERR_REDIRECT] [Fatal Error] :1:1: Premature end of file.
2026-03-30 22:58:56,334 [ERROR] LogOutputStream:75 - [STDERR_REDIRECT] 
2026-03-30 22:58:57,336 [ERROR] LogOutputStream:75 - [STDERR_REDIRECT] [Fatal Error] :1:1: Premature end of file.
2026-03-30 22:58:57,336 [ERROR] LogOutputStream:75 - [STDERR_REDIRECT] 
2026-03-30 22:58:58,322 [ERROR] LogOutputStream:75 - [STDERR_REDIRECT] [Fatal Error] :1:1: Premature end of file.
2026-03-30 22:58:58,322 [ERROR] LogOutputStream:75 - [STDERR_REDIRECT] 
2026-03-30 22:58:59,326 [ERROR] LogOutputStream:75 - [STDERR_REDIRECT] [Fatal Error] :1:1: Premature end of file.
2026-03-30 22:58:59,326 [ERROR] LogOutputStream:75 - [STDERR_REDIRECT] 
2026-03-30 22:59:00,331 [ERROR] LogOutputStream:75 - [STDERR_REDIRECT] [Fatal Error] :1:1: Premature end of file.
2026-03-30 22:59:00,331 [ERROR] LogOutputStream:75 - [STDERR_REDIRECT] 
2026-03-30 22:59:01,331 [ERROR] LogOutputStream:75 - [STDERR_REDIRECT] [Fatal Error] :1:1: Premature end of file.
2026-03-30 22:59:01,331 [ERROR] LogOutputStream:75 - [STDERR_REDIRECT] 
2026-03-30 22:59:02,334 [ERROR] LogOutputStream:75 - [STDERR_REDIRECT] [Fatal Error] :1:1: Premature end of file.
2026-03-30 22:59:02,334 [ERROR] LogOutputStream:75 - [STDERR_REDIRECT] 
2026-03-30 22:59:03,336 [ERROR] LogOutputStream:75 - [STDERR_REDIRECT] [Fatal Error] :1:1: Premature end of file.
2026-03-30 22:59:03,336 [ERROR] LogOutputStream:75 - [STDERR_REDIRECT] 
2026-03-30 22:59:04,325 [ERROR] LogOutputStream:75 - [STDERR_REDIRECT] [Fatal Error] :1:1: Premature end of file.
2026-03-30 22:59:04,325 [ERROR] LogOutputStream:75 - [STDERR_REDIRECT] 
2026-03-30 22:59:05,333 [ERROR] LogOutputStream:75 - [STDERR_REDIRECT] [Fatal Error] :1:1: Premature end of file.
2026-03-30 22:59:05,333 [ERROR] LogOutputStream:75 - [STDERR_REDIRECT] 
2026-03-30 22:59:06,322 [ERROR] LogOutputStream:75 - [STDERR_REDIRECT] [Fatal Error] :1:1: Premature end of file.
2026-03-30 22:59:06,322 [ERROR] LogOutputStream:75 - [STDERR_REDIRECT] 
2026-03-30 22:59:07,322 [ERROR] LogOutputStream:75 - [STDERR_REDIRECT] [Fatal Error] :1:1: Premature end of file.
2026-03-30 22:59:07,322 [ERROR] LogOutputStream:75 - [STDERR_REDIRECT] 
2026-03-30 22:59:08,327 [ERROR] LogOutputStream:75 - [STDERR_REDIRECT] [Fatal Error] :1:1: Premature end of file.
2026-03-30 22:59:08,327 [ERROR] LogOutputStream:75 - [STDERR_REDIRECT] 
2026-03-30 22:59:09,330 [ERROR] LogOutputStream:75 - [STDERR_REDIRECT] [Fatal Error] :1:1: Premature end of file.
2026-03-30 22:59:09,330 [ERROR] LogOutputStream:75 - [STDERR_REDIRECT] 
2026-03-30 22:59:10,331 [ERROR] LogOutputStream:75 - [STDERR_REDIRECT] [Fatal Error] :1:1: Premature end of file.
2026-03-30 22:59:10,331 [ERROR] LogOutputStream:75 - [STDERR_REDIRECT] 
2026-03-30 22:59:11,335 [ERROR] LogOutputStream:75 - [STDERR_REDIRECT] [Fatal Error] :1:1: Premature end of file.
2026-03-30 22:59:11,335 [ERROR] LogOutputStream:75 - [STDERR_REDIRECT] 
2026-03-30 22:59:12,321 [ERROR] LogOutputStream:75 - [STDERR_REDIRECT] [Fatal Error] :1:1: Premature end of file.
2026-03-30 22:59:12,321 [ERROR] LogOutputStream:75 - [STDERR_REDIRECT] 
2026-03-30 22:59:13,332 [ERROR] LogOutputStream:75 - [STDERR_REDIRECT] [Fatal Error] :1:1: Premature end of file.
2026-03-30 22:59:13,332 [ERROR] LogOutputStream:75 - [STDERR_REDIRECT] 
2026-03-30 22:59:14,337 [ERROR] LogOutputStream:75 - [STDERR_REDIRECT] [Fatal Error] :1:1: Premature end of file.
2026-03-30 22:59:14,337 [ERROR] LogOutputStream:75 - [STDERR_REDIRECT] 
2026-03-30 22:59:15,336 [ERROR] LogOutputStream:75 - [STDERR_REDIRECT] [Fatal Error] :1:1: Premature end of file.
2026-03-30 22:59:15,336 [ERROR] LogOutputStream:75 - [STDERR_REDIRECT] 
2026-03-30 22:59:16,335 [ERROR] LogOutputStream:75 - [STDERR_REDIRECT] [Fatal Error] :1:1: Premature end of file.
2026-03-30 22:59:16,335 [ERROR] LogOutputStream:75 - [STDERR_REDIRECT] 
2026-03-30 22:59:17,327 [ERROR] LogOutputStream:75 - [STDERR_REDIRECT] [Fatal Error] :1:1: Premature end of file.
2026-03-30 22:59:17,327 [ERROR] LogOutputStream:75 - [STDERR_REDIRECT] 
2026-03-30 22:59:18,331 [ERROR] LogOutputStream:75 - [STDERR_REDIRECT] [Fatal Error] :1:1: Premature end of file.
2026-03-30 22:59:18,331 [ERROR] LogOutputStream:75 - [STDERR_REDIRECT] 
2026-03-30 22:59:19,333 [ERROR] LogOutputStream:75 - [STDERR_REDIRECT] [Fatal Error] :1:1: Premature end of file.
2026-03-30 22:59:19,333 [ERROR] LogOutputStream:75 - [STDERR_REDIRECT] 
2026-03-30 22:59:20,335 [ERROR] LogOutputStream:75 - [STDERR_REDIRECT] [Fatal Error] :1:1: Premature end of file.
2026-03-30 22:59:20,335 [ERROR] LogOutputStream:75 - [STDERR_REDIRECT] 
2026-03-30 22:59:21,322 [ERROR] LogOutputStream:75 - [STDERR_REDIRECT] [Fatal Error] :1:1: Premature end of file.
2026-03-30 22:59:21,322 [ERROR] LogOutputStream:75 - [STDERR_REDIRECT] 
2026-03-30 22:59:22,335 [ERROR] LogOutputStream:75 - [STDERR_REDIRECT] [Fatal Error] :1:1: Premature end of file.
2026-03-30 22:59:22,335 [ERROR] LogOutputStream:75 - [STDERR_REDIRECT] 
2026-03-30 22:59:23,336 [ERROR] LogOutputStream:75 - [STDERR_REDIRECT] [Fatal Error] :1:1: Premature end of file.
2026-03-30 22:59:23,336 [ERROR] LogOutputStream:75 - [STDERR_REDIRECT] 
2026-03-30 22:59:24,322 [ERROR] LogOutputStream:75 - [STDERR_REDIRECT] [Fatal Error] :1:1: Premature end of file.
2026-03-30 22:59:24,322 [ERROR] LogOutputStream:75 - [STDERR_REDIRECT] 
2026-03-30 22:59:25,324 [ERROR] LogOutputStream:75 - [STDERR_REDIRECT] [Fatal Error] :1:1: Premature end of file.
2026-03-30 22:59:25,324 [ERROR] LogOutputStream:75 - [STDERR_REDIRECT] 
2026-03-30 22:59:26,328 [ERROR] LogOutputStream:75 - [STDERR_REDIRECT] [Fatal Error] :1:1: Premature end of file.
2026-03-30 22:59:26,328 [ERROR] LogOutputStream:75 - [STDERR_REDIRECT] 
2026-03-30 22:59:27,321 [ERROR] LogOutputStream:75 - [STDERR_REDIRECT] [Fatal Error] :1:1: Premature end of file.
2026-03-30 22:59:27,321 [ERROR] LogOutputStream:75 - [STDERR_REDIRECT] 
2026-03-30 22:59:28,336 [ERROR] LogOutputStream:75 - [STDERR_REDIRECT] [Fatal Error] :1:1: Premature end of file.
2026-03-30 22:59:28,336 [ERROR] LogOutputStream:75 - [STDERR_REDIRECT] 
2026-03-30 22:59:29,335 [ERROR] LogOutputStream:75 - [STDERR_REDIRECT] [Fatal Error] :1:1: Premature end of file.
2026-03-30 22:59:29,335 [ERROR] LogOutputStream:75 - [STDERR_REDIRECT] 
2026-03-30 22:59:30,332 [ERROR] LogOutputStream:75 - [STDERR_REDIRECT] [Fatal Error] :1:1: Premature end of file.
2026-03-30 22:59:30,332 [ERROR] LogOutputStream:75 - [STDERR_REDIRECT] 
2026-03-30 22:59:31,333 [ERROR] LogOutputStream:75 - [STDERR_REDIRECT] [Fatal Error] :1:1: Premature end of file.
2026-03-30 22:59:31,333 [ERROR] LogOutputStream:75 - [STDERR_REDIRECT] 
2026-03-30 22:59:32,332 [ERROR] LogOutputStream:75 - [STDERR_REDIRECT] [Fatal Error] :1:1: Premature end of file.
2026-03-30 22:59:32,332 [ERROR] LogOutputStream:75 - [STDERR_REDIRECT] 
2026-03-30 22:59:33,335 [ERROR] LogOutputStream:75 - [STDERR_REDIRECT] [Fatal Error] :1:1: Premature end of file.
2026-03-30 22:59:33,336 [ERROR] LogOutputStream:75 - [STDERR_REDIRECT] 
2026-03-30 22:59:34,337 [ERROR] LogOutputStream:75 - [STDERR_REDIRECT] [Fatal Error] :1:1: Premature end of file.
2026-03-30 22:59:34,337 [ERROR] LogOutputStream:75 - [STDERR_REDIRECT] 
2026-03-30 22:59:35,329 [ERROR] LogOutputStream:75 - [STDERR_REDIRECT] [Fatal Error] :1:1: Premature end of file.
2026-03-30 22:59:35,329 [ERROR] LogOutputStream:75 - [STDERR_REDIRECT] 
2026-03-30 22:59:36,331 [ERROR] LogOutputStream:75 - [STDERR_REDIRECT] [Fatal Error] :1:1: Premature end of file.
2026-03-30 22:59:36,331 [ERROR] LogOutputStream:75 - [STDERR_REDIRECT] 
2026-03-30 22:59:37,333 [ERROR] LogOutputStream:75 - [STDERR_REDIRECT] [Fatal Error] :1:1: Premature end of file.
2026-03-30 22:59:37,333 [ERROR] LogOutputStream:75 - [STDERR_REDIRECT] 
2026-03-30 22:59:38,328 [ERROR] LogOutputStream:75 - [STDERR_REDIRECT] [Fatal Error] :1:1: Premature end of file.
2026-03-30 22:59:38,328 [ERROR] LogOutputStream:75 - [STDERR_REDIRECT] 
2026-03-30 22:59:39,336 [ERROR] LogOutputStream:75 - [STDERR_REDIRECT] [Fatal Error] :1:1: Premature end of file.
2026-03-30 22:59:39,336 [ERROR] LogOutputStream:75 - [STDERR_REDIRECT] 
2026-03-30 22:59:40,335 [ERROR] LogOutputStream:75 - [STDERR_REDIRECT] [Fatal Error] :1:1: Premature end of file.
2026-03-30 22:59:40,335 [ERROR] LogOutputStream:75 - [STDERR_REDIRECT] 
2026-03-30 22:59:41,334 [ERROR] LogOutputStream:75 - [STDERR_REDIRECT] [Fatal Error] :1:1: Premature end of file.
2026-03-30 22:59:41,334 [ERROR] LogOutputStream:75 - [STDERR_REDIRECT] 
2026-03-30 22:59:42,330 [ERROR] LogOutputStream:75 - [STDERR_REDIRECT] [Fatal Error] :1:1: Premature end of file.
2026-03-30 22:59:42,330 [ERROR] LogOutputStream:75 - [STDERR_REDIRECT] 
2026-03-30 22:59:43,335 [ERROR] LogOutputStream:75 - [STDERR_REDIRECT] [Fatal Error] :1:1: Premature end of file.
2026-03-30 22:59:43,335 [ERROR] LogOutputStream:75 - [STDERR_REDIRECT] 
2026-03-30 22:59:44,327 [ERROR] LogOutputStream:75 - [STDERR_REDIRECT] [Fatal Error] :1:1: Premature end of file.
2026-03-30 22:59:44,327 [ERROR] LogOutputStream:75 - [STDERR_REDIRECT] 
2026-03-30 22:59:45,335 [ERROR] LogOutputStream:75 - [STDERR_REDIRECT] [Fatal Error] :1:1: Premature end of file.
2026-03-30 22:59:45,335 [ERROR] LogOutputStream:75 - [STDERR_REDIRECT] 
2026-03-30 22:59:46,336 [ERROR] LogOutputStream:75 - [STDERR_REDIRECT] [Fatal Error] :1:1: Premature end of file.
2026-03-30 22:59:46,336 [ERROR] LogOutputStream:75 - [STDERR_REDIRECT] 
2026-03-30 22:59:47,336 [ERROR] LogOutputStream:75 - [STDERR_REDIRECT] [Fatal Error] :1:1: Premature end of file.
2026-03-30 22:59:47,336 [ERROR] LogOutputStream:75 - [STDERR_REDIRECT] 
2026-03-30 22:59:48,335 [ERROR] LogOutputStream:75 - [STDERR_REDIRECT] [Fatal Error] :1:1: Premature end of file.
2026-03-30 22:59:48,335 [ERROR] LogOutputStream:75 - [STDERR_REDIRECT] 
2026-03-30 22:59:49,337 [ERROR] LogOutputStream:75 - [STDERR_REDIRECT] [Fatal Error] :1:1: Premature end of file.
2026-03-30 22:59:49,337 [ERROR] LogOutputStream:75 - [STDERR_REDIRECT] 
2026-03-30 22:59:50,335 [ERROR] LogOutputStream:75 - [STDERR_REDIRECT] [Fatal Error] :1:1: Premature end of file.
2026-03-30 22:59:50,335 [ERROR] LogOutputStream:75 - [STDERR_REDIRECT] 
2026-03-30 22:59:51,331 [ERROR] LogOutputStream:75 - [STDERR_REDIRECT] [Fatal Error] :1:1: Premature end of file.
2026-03-30 22:59:51,331 [ERROR] LogOutputStream:75 - [STDERR_REDIRECT] 
2026-03-30 22:59:52,326 [ERROR] LogOutputStream:75 - [STDERR_REDIRECT] [Fatal Error] :1:1: Premature end of file.
2026-03-30 22:59:52,326 [ERROR] LogOutputStream:75 - [STDERR_REDIRECT] 
2026-03-30 22:59:53,331 [ERROR] LogOutputStream:75 - [STDERR_REDIRECT] [Fatal Error] :1:1: Premature end of file.
2026-03-30 22:59:53,331 [ERROR] LogOutputStream:75 - [STDERR_REDIRECT] 
2026-03-30 22:59:54,336 [ERROR] LogOutputStream:75 - [STDERR_REDIRECT] [Fatal Error] :1:1: Premature end of file.
2026-03-30 22:59:54,336 [ERROR] LogOutputStream:75 - [STDERR_REDIRECT] 
2026-03-30 22:59:55,334 [ERROR] LogOutputStream:75 - [STDERR_REDIRECT] [Fatal Error] :1:1: Premature end of file.
2026-03-30 22:59:55,334 [ERROR] LogOutputStream:75 - [STDERR_REDIRECT] 
2026-03-30 22:59:56,338 [ERROR] LogOutputStream:75 - [STDERR_REDIRECT] [Fatal Error] :1:1: Premature end of file.
2026-03-30 22:59:56,338 [ERROR] LogOutputStream:75 - [STDERR_REDIRECT] 
2026-03-30 22:59:57,322 [ERROR] LogOutputStream:75 - [STDERR_REDIRECT] [Fatal Error] :1:1: Premature end of file.
2026-03-30 22:59:57,322 [ERROR] LogOutputStream:75 - [STDERR_REDIRECT] 
2026-03-30 22:59:58,323 [ERROR] LogOutputStream:75 - [STDERR_REDIRECT] [Fatal Error] :1:1: Premature end of file.
2026-03-30 22:59:58,323 [ERROR] LogOutputStream:75 - [STDERR_REDIRECT] 
2026-03-30 22:59:59,338 [ERROR] LogOutputStream:75 - [STDERR_REDIRECT] [Fatal Error] :1:1: Premature end of file.
2026-03-30 22:59:59,338 [ERROR] LogOutputStream:75 - [STDERR_REDIRECT] 
2026-03-30 23:00:00,334 [ERROR] LogOutputStream:75 - [STDERR_REDIRECT] [Fatal Error] :1:1: Premature end of file.
2026-03-30 23:00:00,334 [ERROR] LogOutputStream:75 - [STDERR_REDIRECT] 
2026-03-30 23:00:01,333 [ERROR] LogOutputStream:75 - [STDERR_REDIRECT] [Fatal Error] :1:1: Premature end of file.
2026-03-30 23:00:01,333 [ERROR] LogOutputStream:75 - [STDERR_REDIRECT] 
2026-03-30 23:00:02,322 [ERROR] LogOutputStream:75 - [STDERR_REDIRECT] [Fatal Error] :1:1: Premature end of file.
2026-03-30 23:00:02,323 [ERROR] LogOutputStream:75 - [STDERR_REDIRECT] 
2026-03-30 23:00:03,338 [ERROR] LogOutputStream:75 - [STDERR_REDIRECT] [Fatal Error] :1:1: Premature end of file.
2026-03-30 23:00:03,339 [ERROR] LogOutputStream:75 - [STDERR_REDIRECT] 
2026-03-30 23:00:04,337 [ERROR] LogOutputStream:75 - [STDERR_REDIRECT] [Fatal Error] :1:1: Premature end of file.
2026-03-30 23:00:04,337 [ERROR] LogOutputStream:75 - [STDERR_REDIRECT] 
2026-03-30 23:00:05,339 [ERROR] LogOutputStream:75 - [STDERR_REDIRECT] [Fatal Error] :1:1: Premature end of file.
2026-03-30 23:00:05,339 [ERROR] LogOutputStream:75 - [STDERR_REDIRECT] 
2026-03-30 23:00:06,338 [ERROR] LogOutputStream:75 - [STDERR_REDIRECT] [Fatal Error] :1:1: Premature end of file.
2026-03-30 23:00:06,338 [ERROR] LogOutputStream:75 - [STDERR_REDIRECT] 
2026-03-30 23:00:07,335 [ERROR] LogOutputStream:75 - [STDERR_REDIRECT] [Fatal Error] :1:1: Premature end of file.
2026-03-30 23:00:07,335 [ERROR] LogOutputStream:75 - [STDERR_REDIRECT] 
2026-03-30 23:00:08,338 [ERROR] LogOutputStream:75 - [STDERR_REDIRECT] [Fatal Error] :1:1: Premature end of file.
2026-03-30 23:00:08,338 [ERROR] LogOutputStream:75 - [STDERR_REDIRECT] 
2026-03-30 23:00:09,325 [ERROR] LogOutputStream:75 - [STDERR_REDIRECT] [Fatal Error] :1:1: Premature end of file.
2026-03-30 23:00:09,325 [ERROR] LogOutputStream:75 - [STDERR_REDIRECT] 
2026-03-30 23:00:10,341 [ERROR] LogOutputStream:75 - [STDERR_REDIRECT] [Fatal Error] :1:1: Premature end of file.
2026-03-30 23:00:10,341 [ERROR] LogOutputStream:75 - [STDERR_REDIRECT] 
2026-03-30 23:00:11,334 [ERROR] LogOutputStream:75 - [STDERR_REDIRECT] [Fatal Error] :1:1: Premature end of file.
2026-03-30 23:00:11,334 [ERROR] LogOutputStream:75 - [STDERR_REDIRECT] 
2026-03-30 23:00:12,338 [ERROR] LogOutputStream:75 - [STDERR_REDIRECT] [Fatal Error] :1:1: Premature end of file.
2026-03-30 23:00:12,339 [ERROR] LogOutputStream:75 - [STDERR_REDIRECT] 
2026-03-30 23:00:13,335 [ERROR] LogOutputStream:75 - [STDERR_REDIRECT] [Fatal Error] :1:1: Premature end of file.
2026-03-30 23:00:13,335 [ERROR] LogOutputStream:75 - [STDERR_REDIRECT] 
2026-03-30 23:00:14,322 [ERROR] LogOutputStream:75 - [STDERR_REDIRECT] [Fatal Error] :1:1: Premature end of file.
2026-03-30 23:00:14,322 [ERROR] LogOutputStream:75 - [STDERR_REDIRECT] 
2026-03-30 23:00:15,322 [ERROR] LogOutputStream:75 - [STDERR_REDIRECT] [Fatal Error] :1:1: Premature end of file.
2026-03-30 23:00:15,322 [ERROR] LogOutputStream:75 - [STDERR_REDIRECT] 
2026-03-30 23:00:16,336 [ERROR] LogOutputStream:75 - [STDERR_REDIRECT] [Fatal Error] :1:1: Premature end of file.
2026-03-30 23:00:16,336 [ERROR] LogOutputStream:75 - [STDERR_REDIRECT] 
2026-03-30 23:00:17,338 [ERROR] LogOutputStream:75 - [STDERR_REDIRECT] [Fatal Error] :1:1: Premature end of file.
2026-03-30 23:00:17,338 [ERROR] LogOutputStream:75 - [STDERR_REDIRECT] 
2026-03-30 23:00:18,338 [ERROR] LogOutputStream:75 - [STDERR_REDIRECT] [Fatal Error] :1:1: Premature end of file.
2026-03-30 23:00:18,338 [ERROR] LogOutputStream:75 - [STDERR_REDIRECT] 
2026-03-30 23:00:19,336 [ERROR] LogOutputStream:75 - [STDERR_REDIRECT] [Fatal Error] :1:1: Premature end of file.
2026-03-30 23:00:19,336 [ERROR] LogOutputStream:75 - [STDERR_REDIRECT] 
2026-03-30 23:00:20,326 [ERROR] LogOutputStream:75 - [STDERR_REDIRECT] [Fatal Error] :1:1: Premature end of file.
2026-03-30 23:00:20,326 [ERROR] LogOutputStream:75 - [STDERR_REDIRECT] 
2026-03-30 23:00:21,337 [ERROR] LogOutputStream:75 - [STDERR_REDIRECT] [Fatal Error] :1:1: Premature end of file.
2026-03-30 23:00:21,337 [ERROR] LogOutputStream:75 - [STDERR_REDIRECT] 
2026-03-30 23:00:22,335 [ERROR] LogOutputStream:75 - [STDERR_REDIRECT] [Fatal Error] :1:1: Premature end of file.
2026-03-30 23:00:22,335 [ERROR] LogOutputStream:75 - [STDERR_REDIRECT] 
2026-03-30 23:00:23,323 [ERROR] LogOutputStream:75 - [STDERR_REDIRECT] [Fatal Error] :1:1: Premature end of file.
2026-03-30 23:00:23,323 [ERROR] LogOutputStream:75 - [STDERR_REDIRECT] 
2026-03-30 23:00:24,336 [ERROR] LogOutputStream:75 - [STDERR_REDIRECT] [Fatal Error] :1:1: Premature end of file.
2026-03-30 23:00:24,336 [ERROR] LogOutputStream:75 - [STDERR_REDIRECT] 
2026-03-30 23:00:25,353 [ERROR] LogOutputStream:75 - [STDERR_REDIRECT] [Fatal Error] :1:1: Premature end of file.
2026-03-30 23:00:25,353 [ERROR] LogOutputStream:75 - [STDERR_REDIRECT] 
2026-03-30 23:00:26,335 [ERROR] LogOutputStream:75 - [STDERR_REDIRECT] [Fatal Error] :1:1: Premature end of file.
2026-03-30 23:00:26,335 [ERROR] LogOutputStream:75 - [STDERR_REDIRECT] 
2026-03-30 23:00:27,344 [ERROR] LogOutputStream:75 - [STDERR_REDIRECT] [Fatal Error] :1:1: Premature end of file.
2026-03-30 23:00:27,344 [ERROR] LogOutputStream:75 - [STDERR_REDIRECT] 
2026-03-30 23:00:28,322 [ERROR] LogOutputStream:75 - [STDERR_REDIRECT] [Fatal Error] :1:1: Premature end of file.
2026-03-30 23:00:28,322 [ERROR] LogOutputStream:75 - [STDERR_REDIRECT] 
2026-03-30 23:00:29,334 [ERROR] LogOutputStream:75 - [STDERR_REDIRECT] [Fatal Error] :1:1: Premature end of file.
2026-03-30 23:00:29,334 [ERROR] LogOutputStream:75 - [STDERR_REDIRECT] 
2026-03-30 23:00:30,348 [ERROR] LogOutputStream:75 - [STDERR_REDIRECT] [Fatal Error] :1:1: Premature end of file.
2026-03-30 23:00:30,348 [ERROR] LogOutputStream:75 - [STDERR_REDIRECT] 
2026-03-30 23:00:31,339 [ERROR] LogOutputStream:75 - [STDERR_REDIRECT] [Fatal Error] :1:1: Premature end of file.
2026-03-30 23:00:31,339 [ERROR] LogOutputStream:75 - [STDERR_REDIRECT] 
2026-03-30 23:00:32,324 [ERROR] LogOutputStream:75 - [STDERR_REDIRECT] [Fatal Error] :1:1: Premature end of file.
2026-03-30 23:00:32,324 [ERROR] LogOutputStream:75 - [STDERR_REDIRECT] 
2026-03-30 23:00:33,323 [ERROR] LogOutputStream:75 - [STDERR_REDIRECT] [Fatal Error] :1:1: Premature end of file.
2026-03-30 23:00:33,323 [ERROR] LogOutputStream:75 - [STDERR_REDIRECT] 
2026-03-30 23:00:34,324 [ERROR] LogOutputStream:75 - [STDERR_REDIRECT] [Fatal Error] :1:1: Premature end of file.
2026-03-30 23:00:34,324 [ERROR] LogOutputStream:75 - [STDERR_REDIRECT] 
2026-03-30 23:00:35,338 [ERROR] LogOutputStream:75 - [STDERR_REDIRECT] [Fatal Error] :1:1: Premature end of file.
2026-03-30 23:00:35,338 [ERROR] LogOutputStream:75 - [STDERR_REDIRECT] 
2026-03-30 23:00:36,323 [ERROR] LogOutputStream:75 - [STDERR_REDIRECT] [Fatal Error] :1:1: Premature end of file.
2026-03-30 23:00:36,323 [ERROR] LogOutputStream:75 - [STDERR_REDIRECT] 
2026-03-30 23:00:37,337 [ERROR] LogOutputStream:75 - [STDERR_REDIRECT] [Fatal Error] :1:1: Premature end of file.
2026-03-30 23:00:37,337 [ERROR] LogOutputStream:75 - [STDERR_REDIRECT] 
2026-03-30 23:00:38,330 [ERROR] LogOutputStream:75 - [STDERR_REDIRECT] [Fatal Error] :1:1: Premature end of file.
2026-03-30 23:00:38,331 [ERROR] LogOutputStream:75 - [STDERR_REDIRECT] 
2026-03-30 23:00:39,322 [ERROR] LogOutputStream:75 - [STDERR_REDIRECT] [Fatal Error] :1:1: Premature end of file.
2026-03-30 23:00:39,323 [ERROR] LogOutputStream:75 - [STDERR_REDIRECT] 
2026-03-30 23:00:40,337 [ERROR] LogOutputStream:75 - [STDERR_REDIRECT] [Fatal Error] :1:1: Premature end of file.
2026-03-30 23:00:40,337 [ERROR] LogOutputStream:75 - [STDERR_REDIRECT] 
2026-03-30 23:00:41,338 [ERROR] LogOutputStream:75 - [STDERR_REDIRECT] [Fatal Error] :1:1: Premature end of file.
2026-03-30 23:00:41,338 [ERROR] LogOutputStream:75 - [STDERR_REDIRECT] 
2026-03-30 23:00:42,334 [ERROR] LogOutputStream:75 - [STDERR_REDIRECT] [Fatal Error] :1:1: Premature end of file.
2026-03-30 23:00:42,334 [ERROR] LogOutputStream:75 - [STDERR_REDIRECT] 
2026-03-30 23:00:43,338 [ERROR] LogOutputStream:75 - [STDERR_REDIRECT] [Fatal Error] :1:1: Premature end of file.
2026-03-30 23:00:43,339 [ERROR] LogOutputStream:75 - [STDERR_REDIRECT] 
2026-03-30 23:00:44,323 [ERROR] LogOutputStream:75 - [STDERR_REDIRECT] [Fatal Error] :1:1: Premature end of file.
2026-03-30 23:00:44,323 [ERROR] LogOutputStream:75 - [STDERR_REDIRECT] 
2026-03-30 23:00:45,323 [ERROR] LogOutputStream:75 - [STDERR_REDIRECT] [Fatal Error] :1:1: Premature end of file.
2026-03-30 23:00:45,323 [ERROR] LogOutputStream:75 - [STDERR_REDIRECT] 
2026-03-30 23:00:46,323 [ERROR] LogOutputStream:75 - [STDERR_REDIRECT] [Fatal Error] :1:1: Premature end of file.
2026-03-30 23:00:46,323 [ERROR] LogOutputStream:75 - [STDERR_REDIRECT] 
2026-03-30 23:00:47,324 [ERROR] LogOutputStream:75 - [STDERR_REDIRECT] [Fatal Error] :1:1: Premature end of file.
2026-03-30 23:00:47,324 [ERROR] LogOutputStream:75 - [STDERR_REDIRECT] 
2026-03-30 23:00:48,324 [ERROR] LogOutputStream:75 - [STDERR_REDIRECT] [Fatal Error] :1:1: Premature end of file.
2026-03-30 23:00:48,324 [ERROR] LogOutputStream:75 - [STDERR_REDIRECT] 
2026-03-30 23:00:49,321 [ERROR] LogOutputStream:75 - [STDERR_REDIRECT] [Fatal Error] :1:1: Premature end of file.
2026-03-30 23:00:49,321 [ERROR] LogOutputStream:75 - [STDERR_REDIRECT] 
2026-03-30 23:00:50,322 [ERROR] LogOutputStream:75 - [STDERR_REDIRECT] [Fatal Error] :1:1: Premature end of file.
2026-03-30 23:00:50,322 [ERROR] LogOutputStream:75 - [STDERR_REDIRECT] 
2026-03-30 23:00:51,334 [ERROR] LogOutputStream:75 - [STDERR_REDIRECT] [Fatal Error] :1:1: Premature end of file.
2026-03-30 23:00:51,334 [ERROR] LogOutputStream:75 - [STDERR_REDIRECT] 
2026-03-30 23:00:52,322 [ERROR] LogOutputStream:75 - [STDERR_REDIRECT] [Fatal Error] :1:1: Premature end of file.
2026-03-30 23:00:52,322 [ERROR] LogOutputStream:75 - [STDERR_REDIRECT] 
2026-03-30 23:00:53,323 [ERROR] LogOutputStream:75 - [STDERR_REDIRECT] [Fatal Error] :1:1: Premature end of file.
2026-03-30 23:00:53,323 [ERROR] LogOutputStream:75 - [STDERR_REDIRECT] 
2026-03-30 23:00:54,329 [ERROR] LogOutputStream:75 - [STDERR_REDIRECT] [Fatal Error] :1:1: Premature end of file.
2026-03-30 23:00:54,329 [ERROR] LogOutputStream:75 - [STDERR_REDIRECT] 
2026-03-30 23:00:55,321 [ERROR] LogOutputStream:75 - [STDERR_REDIRECT] [Fatal Error] :1:1: Premature end of file.
2026-03-30 23:00:55,321 [ERROR] LogOutputStream:75 - [STDERR_REDIRECT] 
2026-03-30 23:00:56,323 [ERROR] LogOutputStream:75 - [STDERR_REDIRECT] [Fatal Error] :1:1: Premature end of file.
2026-03-30 23:00:56,323 [ERROR] LogOutputStream:75 - [STDERR_REDIRECT] 
2026-03-30 23:00:57,326 [ERROR] LogOutputStream:75 - [STDERR_REDIRECT] [Fatal Error] :1:1: Premature end of file.
2026-03-30 23:00:57,326 [ERROR] LogOutputStream:75 - [STDERR_REDIRECT] 
2026-03-30 23:00:58,328 [ERROR] LogOutputStream:75 - [STDERR_REDIRECT] [Fatal Error] :1:1: Premature end of file.
2026-03-30 23:00:58,328 [ERROR] LogOutputStream:75 - [STDERR_REDIRECT] 
2026-03-30 23:00:59,331 [ERROR] LogOutputStream:75 - [STDERR_REDIRECT] [Fatal Error] :1:1: Premature end of file.
2026-03-30 23:00:59,331 [ERROR] LogOutputStream:75 - [STDERR_REDIRECT] 
2026-03-30 23:01:00,334 [ERROR] LogOutputStream:75 - [STDERR_REDIRECT] [Fatal Error] :1:1: Premature end of file.
2026-03-30 23:01:00,334 [ERROR] LogOutputStream:75 - [STDERR_REDIRECT] 
2026-03-30 23:01:01,337 [ERROR] LogOutputStream:75 - [STDERR_REDIRECT] [Fatal Error] :1:1: Premature end of file.
2026-03-30 23:01:01,337 [ERROR] LogOutputStream:75 - [STDERR_REDIRECT] 
2026-03-30 23:01:02,329 [ERROR] LogOutputStream:75 - [STDERR_REDIRECT] [Fatal Error] :1:1: Premature end of file.
2026-03-30 23:01:02,329 [ERROR] LogOutputStream:75 - [STDERR_REDIRECT] 
2026-03-30 23:01:03,334 [ERROR] LogOutputStream:75 - [STDERR_REDIRECT] [Fatal Error] :1:1: Premature end of file.
2026-03-30 23:01:03,334 [ERROR] LogOutputStream:75 - [STDERR_REDIRECT] 
2026-03-30 23:01:04,336 [ERROR] LogOutputStream:75 - [STDERR_REDIRECT] [Fatal Error] :1:1: Premature end of file.
2026-03-30 23:01:04,336 [ERROR] LogOutputStream:75 - [STDERR_REDIRECT] 
2026-03-30 23:01:05,334 [ERROR] LogOutputStream:75 - [STDERR_REDIRECT] [Fatal Error] :1:1: Premature end of file.
2026-03-30 23:01:05,334 [ERROR] LogOutputStream:75 - [STDERR_REDIRECT] 
2026-03-30 23:01:06,330 [ERROR] LogOutputStream:75 - [STDERR_REDIRECT] [Fatal Error] :1:1: Premature end of file.
2026-03-30 23:01:06,330 [ERROR] LogOutputStream:75 - [STDERR_REDIRECT] 
2026-03-30 23:01:07,333 [ERROR] LogOutputStream:75 - [STDERR_REDIRECT] [Fatal Error] :1:1: Premature end of file.
2026-03-30 23:01:07,333 [ERROR] LogOutputStream:75 - [STDERR_REDIRECT] 
2026-03-30 23:01:08,323 [ERROR] LogOutputStream:75 - [STDERR_REDIRECT] [Fatal Error] :1:1: Premature end of file.
2026-03-30 23:01:08,323 [ERROR] LogOutputStream:75 - [STDERR_REDIRECT] 
2026-03-30 23:01:09,335 [ERROR] LogOutputStream:75 - [STDERR_REDIRECT] [Fatal Error] :1:1: Premature end of file.
2026-03-30 23:01:09,335 [ERROR] LogOutputStream:75 - [STDERR_REDIRECT] 
2026-03-30 23:01:10,321 [ERROR] LogOutputStream:75 - [STDERR_REDIRECT] [Fatal Error] :1:1: Premature end of file.
2026-03-30 23:01:10,321 [ERROR] LogOutputStream:75 - [STDERR_REDIRECT] 
2026-03-30 23:01:11,322 [ERROR] LogOutputStream:75 - [STDERR_REDIRECT] [Fatal Error] :1:1: Premature end of file.
2026-03-30 23:01:11,322 [ERROR] LogOutputStream:75 - [STDERR_REDIRECT] 
2026-03-30 23:01:12,335 [ERROR] LogOutputStream:75 - [STDERR_REDIRECT] [Fatal Error] :1:1: Premature end of file.
2026-03-30 23:01:12,335 [ERROR] LogOutputStream:75 - [STDERR_REDIRECT] 
2026-03-30 23:01:13,322 [ERROR] LogOutputStream:75 - [STDERR_REDIRECT] [Fatal Error] :1:1: Premature end of file.
2026-03-30 23:01:13,322 [ERROR] LogOutputStream:75 - [STDERR_REDIRECT] 
2026-03-30 23:01:14,324 [ERROR] LogOutputStream:75 - [STDERR_REDIRECT] [Fatal Error] :1:1: Premature end of file.
2026-03-30 23:01:14,324 [ERROR] LogOutputStream:75 - [STDERR_REDIRECT] 
2026-03-30 23:01:15,328 [ERROR] LogOutputStream:75 - [STDERR_REDIRECT] [Fatal Error] :1:1: Premature end of file.
2026-03-30 23:01:15,328 [ERROR] LogOutputStream:75 - [STDERR_REDIRECT] 
2026-03-30 23:01:16,332 [ERROR] LogOutputStream:75 - [STDERR_REDIRECT] [Fatal Error] :1:1: Premature end of file.
2026-03-30 23:01:16,332 [ERROR] LogOutputStream:75 - [STDERR_REDIRECT] 
2026-03-30 23:01:17,326 [ERROR] LogOutputStream:75 - [STDERR_REDIRECT] [Fatal Error] :1:1: Premature end of file.
2026-03-30 23:01:17,326 [ERROR] LogOutputStream:75 - [STDERR_REDIRECT] 
2026-03-30 23:01:18,319 [ERROR] LogOutputStream:75 - [STDERR_REDIRECT] [Fatal Error] :1:1: Premature end of file.
2026-03-30 23:01:18,319 [ERROR] LogOutputStream:75 - [STDERR_REDIRECT] 
2026-03-30 23:01:19,324 [ERROR] LogOutputStream:75 - [STDERR_REDIRECT] [Fatal Error] :1:1: Premature end of file.
2026-03-30 23:01:19,324 [ERROR] LogOutputStream:75 - [STDERR_REDIRECT] 
2026-03-30 23:01:20,322 [ERROR] LogOutputStream:75 - [STDERR_REDIRECT] [Fatal Error] :1:1: Premature end of file.
2026-03-30 23:01:20,322 [ERROR] LogOutputStream:75 - [STDERR_REDIRECT] 
2026-03-30 23:01:21,323 [ERROR] LogOutputStream:75 - [STDERR_REDIRECT] [Fatal Error] :1:1: Premature end of file.
2026-03-30 23:01:21,324 [ERROR] LogOutputStream:75 - [STDERR_REDIRECT] 
2026-03-30 23:01:22,324 [ERROR] LogOutputStream:75 - [STDERR_REDIRECT] [Fatal Error] :1:1: Premature end of file.
2026-03-30 23:01:22,324 [ERROR] LogOutputStream:75 - [STDERR_REDIRECT] 
2026-03-30 23:01:23,323 [ERROR] LogOutputStream:75 - [STDERR_REDIRECT] [Fatal Error] :1:1: Premature end of file.
2026-03-30 23:01:23,323 [ERROR] LogOutputStream:75 - [STDERR_REDIRECT] 
2026-03-30 23:01:24,322 [ERROR] LogOutputStream:75 - [STDERR_REDIRECT] [Fatal Error] :1:1: Premature end of file.
2026-03-30 23:01:24,322 [ERROR] LogOutputStream:75 - [STDERR_REDIRECT] 
2026-03-30 23:01:25,324 [ERROR] LogOutputStream:75 - [STDERR_REDIRECT] [Fatal Error] :1:1: Premature end of file.
2026-03-30 23:01:25,324 [ERROR] LogOutputStream:75 - [STDERR_REDIRECT] 
2026-03-30 23:01:25,800 [ERROR] LogOutputStream:75 - [STDERR_REDIRECT] 
2026-03-30 23:01:25,801 [ERROR] LogOutputStream:75 - [STDERR_REDIRECT] 
